{
  "data":[
    {
      "attribution":null,
      "creator":{
        "url":"https:\/\/www.pinterest.com\/georgetakei\/",
        "first_name":"George Takei",
        "last_name":"",
        "id":"182888572276183278"
      },
      "url":"https:\/\/www.pinterest.com\/pin\/182888434839153691\/",
      "media":{
        "type":"image"
      },
      "created_at":"2012-10-19T03:41:57",
      "original_link":"http:\/\/www.facebook.com\/photo.php?fbid=539933776036080&set=a.223098324386295.105971.205344452828349&type=1&relevant_count=1",
      "note":"Surprise! Friends, I'll be guest starring on Hawaii-Five-0 as Chin's Uncle this season. I'd be so honored if you tuned in to watch.",
      "color":"#241914",
      "link":"https:\/\/www.pinterest.com\/r\/pin\/182888434839153691\/4779055074072594921\/292d8e7e737a8978d64a9127c3355fe47ab27abdcc6ce6cc7d123104abf57b17",
      "board":{
        "url":"https:\/\/www.pinterest.com\/georgetakei\/celebrities\/",
        "id":"182888503556739382",
        "name":"Celebrities"
      },
      "image":{
        "original":{
          "url":"https:\/\/s-media-cache-ak0.pinimg.com\/originals\/aa\/f2\/73\/aaf273bde00f03d21da864824c2c9e49.jpg",
          "width":400,
          "height":501
        }
      },
      "counts":{
        "likes":160,
        "comments":8,
        "repins":34
      },
      "id":"182888434839153691",
      "metadata":{
      }
    },
    {
      "attribution":null,
      "creator":{
        "url":"https:\/\/www.pinterest.com\/georgetakei\/",
        "first_name":"George Takei",
        "last_name":"",
        "id":"182888572276183278"
      },
      "url":"https:\/\/www.pinterest.com\/pin\/182888434839153690\/",
      "media":{
        "type":"image"
      },
      "created_at":"2012-10-19T03:41:36",
      "original_link":"http:\/\/www.facebook.com\/photo.php?fbid=540288979333893&set=a.223098324386295.105971.205344452828349&type=1&relevant_count=1",
      "note":"A bit NSFW, but curious product placement with the UK Diving Team. Oh myyy...    (For fans who cry...",
      "color":"#3e428d",
      "link":"https:\/\/www.pinterest.com\/r\/pin\/182888434839153690\/4779055074072594921\/665d3ea315b5513e666ac04c31106463a03773e0dc91de9a166ced97c7b9659d",
      "board":{
        "url":"https:\/\/www.pinterest.com\/georgetakei\/celebrities\/",
        "id":"182888503556739382",
        "name":"Celebrities"
      },
      "image":{
        "original":{
          "url":"https:\/\/s-media-cache-ak0.pinimg.com\/originals\/7a\/d5\/16\/7ad51680520b1e28a1fc2a81929393a8.jpg",
          "width":630,
          "height":913
        }
      },
      "counts":{
        "likes":75,
        "comments":1,
        "repins":52
      },
      "id":"182888434839153690",
      "metadata":{
      }
    },
    {
      "attribution":null,
      "creator":{
        "url":"https:\/\/www.pinterest.com\/georgetakei\/",
        "first_name":"George Takei",
        "last_name":"",
        "id":"182888572276183278"
      },
      "url":"https:\/\/www.pinterest.com\/pin\/182888434839062584\/",
      "media":{
        "type":"image"
      },
      "created_at":"2012-10-06T21:21:13",
      "original_link":"http:\/\/www.facebook.com\/photo.php?fbid=532966293399495&set=a.223098324386295.105971.205344452828349&type=1&relevant_count=1",
      "note":"Give 'em Elmo.",
      "color":"#3e2320",
      "link":"https:\/\/www.pinterest.com\/r\/pin\/182888434839062584\/4779055074072594921\/d8832f979190f1c831392111bd20e3371b44fae940b133f890c7e56e12932688",
      "board":{
        "url":"https:\/\/www.pinterest.com\/georgetakei\/celebrities\/",
        "id":"182888503556739382",
        "name":"Celebrities"
      },
      "image":{
        "original":{
          "url":"https:\/\/s-media-cache-ak0.pinimg.com\/originals\/cd\/c3\/7c\/cdc37c6330595b87560edec8011eddb1.jpg",
          "width":395,
          "height":306
        }
      },
      "counts":{
        "likes":338,
        "comments":9,
        "repins":507
      },
      "id":"182888434839062584",
      "metadata":{
      }
    },
    {
      "attribution":null,
      "creator":{
        "url":"https:\/\/www.pinterest.com\/georgetakei\/",
        "first_name":"George Takei",
        "last_name":"",
        "id":"182888572276183278"
      },
      "url":"https:\/\/www.pinterest.com\/pin\/182888434839024242\/",
      "media":{
        "type":"image"
      },
      "created_at":"2012-10-01T15:02:33",
      "original_link":"http:\/\/9gag.com\/gag\/1694426",
      "note":"Say hello to my caffeinated little friend.",
      "color":"#a37b67",
      "link":"https:\/\/www.pinterest.com\/r\/pin\/182888434839024242\/4779055074072594921\/c16cacb76d66e836c7b9743a66b240e8e8a298ba1b96ce2f19f67ed4ce1d0f49",
      "board":{
        "url":"https:\/\/www.pinterest.com\/georgetakei\/celebrities\/",
        "id":"182888503556739382",
        "name":"Celebrities"
      },
      "image":{
        "original":{
          "url":"https:\/\/s-media-cache-ak0.pinimg.com\/originals\/d4\/7a\/6f\/d47a6fd80a25a2c056e6e5bd968fc40b.jpg",
          "width":319,
          "height":1030
        }
      },
      "counts":{
        "likes":347,
        "comments":8,
        "repins":624
      },
      "id":"182888434839024242",
      "metadata":{
        "article":{
          "published_at":null,
          "description":"Click to see the pic and write a comment...",
          "name":"Al Pacino",
          "authors":[]
        },
        "link":{
          "locale":"en",
          "title":"Al Pacino",
          "site_name":"9GAG",
          "description":"Al Pacino - 9GAG has the best funny pics, GIFs, videos, memes, cute, wtf, geeky, cosplay photos on the web. We are your best source of happiness and awesomeness.",
          "favicon":"https:\/\/s-media-cache-ak0.pinimg.com\/favicons\/9e16776fc4aad27060b38ef901dd552e82282902dffb548000b76b0c.png?0e0863004ab976573ab4ff530a186be5"
        }
      }
    },
    {
      "attribution":null,
      "creator":{
        "url":"https:\/\/www.pinterest.com\/georgetakei\/",
        "first_name":"George Takei",
        "last_name":"",
        "id":"182888572276183278"
      },
      "url":"https:\/\/www.pinterest.com\/pin\/182888434839024235\/",
      "media":{
        "type":"image"
      },
      "created_at":"2012-10-01T15:01:30",
      "original_link":"http:\/\/imgur.com\/gallery\/9GM67",
      "note":"Still L7 Weenies.",
      "color":"#8a6553",
      "link":"https:\/\/www.pinterest.com\/r\/pin\/182888434839024235\/4779055074072594921\/252d81c8f9a4b9774d0d011aeb625afee4b70c3a7e5dc27c344dfcba67099f9a",
      "board":{
        "url":"https:\/\/www.pinterest.com\/georgetakei\/celebrities\/",
        "id":"182888503556739382",
        "name":"Celebrities"
      },
      "image":{
        "original":{
          "url":"https:\/\/s-media-cache-ak0.pinimg.com\/originals\/22\/7f\/52\/227f521d881911c1c077ad1ba751b611.jpg",
          "width":600,
          "height":399
        }
      },
      "counts":{
        "likes":106,
        "comments":8,
        "repins":114
      },
      "id":"182888434839024235",
      "metadata":{
      }
    },
    {
      "attribution":null,
      "creator":{
        "url":"https:\/\/www.pinterest.com\/georgetakei\/",
        "first_name":"George Takei",
        "last_name":"",
        "id":"182888572276183278"
      },
      "url":"https:\/\/www.pinterest.com\/pin\/182888434838971895\/",
      "media":{
        "type":"image"
      },
      "created_at":"2012-09-24T15:07:27",
      "original_link":"http:\/\/theberry.com\/2012\/06\/15\/morning-coffee-39-photos-197\/?utm_source=feedburner&utm_medium=feed&utm_campaign=Feed%3A+feedburner%2FtheBERRY+%28theBERRY%29",
      "note":"May I choose option C: All of the Above?",
      "color":"#bcbcbc",
      "link":"https:\/\/www.pinterest.com\/r\/pin\/182888434838971895\/4779055074072594921\/bbcd906f250d275a782c6fbdf36f8e22f9b7972f31c04b1739a41747404c1f43",
      "board":{
        "url":"https:\/\/www.pinterest.com\/georgetakei\/celebrities\/",
        "id":"182888503556739382",
        "name":"Celebrities"
      },
      "image":{
        "original":{
          "url":"https:\/\/s-media-cache-ak0.pinimg.com\/originals\/84\/ec\/09\/84ec092d28aca4f6627824d001990636.jpg",
          "width":500,
          "height":1326
        }
      },
      "counts":{
        "likes":184,
        "comments":20,
        "repins":199
      },
      "id":"182888434838971895",
      "metadata":{
        "article":{
          "published_at":"2012-06-15T00:00:00",
          "description":"Thanks for submitting original awesome\/hilarious photos! Click HERE to upload your images or send to theBERRYsubmit[at]gmail[dot]com.",
          "name":"Morning coffee (39 photos)",
          "authors":[]
        },
        "link":{
          "locale":"en_US",
          "title":"Morning coffee (39 photos)",
          "site_name":"theBERRY",
          "description":"Thanks for submitting original awesome\/hilarious photos! Click HERE to upload your images or send to theBERRYsubmit[at]gmail[dot]com....",
          "favicon":"https:\/\/s-media-cache-ak0.pinimg.com\/favicons\/a9ac1dd864adc3536e55a4f9529c2a20c606740b54dd5cf57cb7aca6.png?cffab8f27e0ddb50ffe93048abda8ba0"
        }
      }
    },
    {
      "attribution":null,
      "creator":{
        "url":"https:\/\/www.pinterest.com\/georgetakei\/",
        "first_name":"George Takei",
        "last_name":"",
        "id":"182888572276183278"
      },
      "url":"https:\/\/www.pinterest.com\/pin\/182888434838959340\/",
      "media":{
        "type":"image"
      },
      "created_at":"2012-09-22T18:06:48",
      "original_link":"http:\/\/www.fugly.com\/pictures\/37962\/let_them_eat_cake.html",
      "note":"Just queening her way into the workplace.",
      "color":"#3c1a1a",
      "link":"https:\/\/www.pinterest.com\/r\/pin\/182888434838959340\/4779055074072594921\/835c178c48ce82b58e124e9c57cca98ae44909fe44d8fca926c72b59e462ccc7",
      "board":{
        "url":"https:\/\/www.pinterest.com\/georgetakei\/celebrities\/",
        "id":"182888503556739382",
        "name":"Celebrities"
      },
      "image":{
        "original":{
          "url":"https:\/\/s-media-cache-ak0.pinimg.com\/originals\/73\/33\/5a\/73335ab47e63fb17db0bd3c19614e97c.jpg",
          "width":365,
          "height":600
        }
      },
      "counts":{
        "likes":617,
        "comments":11,
        "repins":698
      },
      "id":"182888434838959340",
      "metadata":{
      }
    },
    {
      "attribution":null,
      "creator":{
        "url":"https:\/\/www.pinterest.com\/georgetakei\/",
        "first_name":"George Takei",
        "last_name":"",
        "id":"182888572276183278"
      },
      "url":"https:\/\/www.pinterest.com\/pin\/182888434838850132\/",
      "media":{
        "type":"image"
      },
      "created_at":"2012-09-06T03:51:58",
      "original_link":"http:\/\/imgur.com\/gallery\/lf5bZ",
      "note":"Make it Rain on them Flo's.",
      "color":"#80807f",
      "link":"https:\/\/www.pinterest.com\/r\/pin\/182888434838850132\/4779055074072594921\/387e2a1ecc679100da0f90706feac60d1bbe82cb889bf37a93f1eda26316846a",
      "board":{
        "url":"https:\/\/www.pinterest.com\/georgetakei\/celebrities\/",
        "id":"182888503556739382",
        "name":"Celebrities"
      },
      "image":{
        "original":{
          "url":"https:\/\/s-media-cache-ak0.pinimg.com\/originals\/12\/f2\/a2\/12f2a2d11577f2e1f00fd4899142bab4.jpg",
          "width":500,
          "height":666
        }
      },
      "counts":{
        "likes":239,
        "comments":2,
        "repins":283
      },
      "id":"182888434838850132",
      "metadata":{
      }
    },
    {
      "attribution":null,
      "creator":{
        "url":"https:\/\/www.pinterest.com\/georgetakei\/",
        "first_name":"George Takei",
        "last_name":"",
        "id":"182888572276183278"
      },
      "url":"https:\/\/www.pinterest.com\/pin\/182888434838843678\/",
      "media":{
        "type":"image"
      },
      "created_at":"2012-09-05T04:40:11",
      "original_link":"http:\/\/imgfave.com\/popular\/today\/page:5",
      "note":"Kardashians family photo. No, I am not kidding.",
      "color":"#8a7774",
      "link":"https:\/\/www.pinterest.com\/r\/pin\/182888434838843678\/4779055074072594921\/65e7057ce894ea0b569d6b266a0497b334660e49ef2d92c422099482f1144754",
      "board":{
        "url":"https:\/\/www.pinterest.com\/georgetakei\/celebrities\/",
        "id":"182888503556739382",
        "name":"Celebrities"
      },
      "image":{
        "original":{
          "url":"https:\/\/s-media-cache-ak0.pinimg.com\/originals\/9d\/50\/34\/9d5034e761197e15cf71f0c90994267e.jpg",
          "width":455,
          "height":700
        }
      },
      "counts":{
        "likes":140,
        "comments":36,
        "repins":185
      },
      "id":"182888434838843678",
      "metadata":{
      }
    },
    {
      "attribution":null,
      "creator":{
        "url":"https:\/\/www.pinterest.com\/georgetakei\/",
        "first_name":"George Takei",
        "last_name":"",
        "id":"182888572276183278"
      },
      "url":"https:\/\/www.pinterest.com\/pin\/182888434838843657\/",
      "media":{
        "type":"image"
      },
      "created_at":"2012-09-05T04:37:52",
      "original_link":"",
      "note":"This is just about perfect.",
      "color":"#ffffff",
      "link":"",
      "board":{
        "url":"https:\/\/www.pinterest.com\/georgetakei\/celebrities\/",
        "id":"182888503556739382",
        "name":"Celebrities"
      },
      "image":{
        "original":{
          "url":"https:\/\/s-media-cache-ak0.pinimg.com\/originals\/7b\/a3\/cf\/7ba3cf1145167cee2c8f3b69298aa39c.jpg",
          "width":476,
          "height":322
        }
      },
      "counts":{
        "likes":161,
        "comments":0,
        "repins":214
      },
      "id":"182888434838843657",
      "metadata":{
      }
    },
    {
      "attribution":null,
      "creator":{
        "url":"https:\/\/www.pinterest.com\/georgetakei\/",
        "first_name":"George Takei",
        "last_name":"",
        "id":"182888572276183278"
      },
      "url":"https:\/\/www.pinterest.com\/pin\/182888434838567835\/",
      "media":{
        "type":"image"
      },
      "created_at":"2012-07-26T21:23:30",
      "original_link":"",
      "note":"Not quite as hot as his sister, but still funny.    (Too soon? Well, he led a full life, and would probably smile at this. Thanks to the fan who made this specially for me.)",
      "color":"#b88c83",
      "link":"",
      "board":{
        "url":"https:\/\/www.pinterest.com\/georgetakei\/celebrities\/",
        "id":"182888503556739382",
        "name":"Celebrities"
      },
      "image":{
        "original":{
          "url":"https:\/\/s-media-cache-ak0.pinimg.com\/originals\/fe\/8e\/04\/fe8e04d3756369beeb9587018f6cf0f2.jpg",
          "width":929,
          "height":640
        }
      },
      "counts":{
        "likes":117,
        "comments":3,
        "repins":79
      },
      "id":"182888434838567835",
      "metadata":{
      }
    },
    {
      "attribution":null,
      "creator":{
        "url":"https:\/\/www.pinterest.com\/georgetakei\/",
        "first_name":"George Takei",
        "last_name":"",
        "id":"182888572276183278"
      },
      "url":"https:\/\/www.pinterest.com\/pin\/182888434838491288\/",
      "media":{
        "type":"image"
      },
      "created_at":"2012-07-16T17:12:46",
      "original_link":"",
      "note":"Spouting off.",
      "color":"#f5f4f6",
      "link":"",
      "board":{
        "url":"https:\/\/www.pinterest.com\/georgetakei\/celebrities\/",
        "id":"182888503556739382",
        "name":"Celebrities"
      },
      "image":{
        "original":{
          "url":"https:\/\/s-media-cache-ak0.pinimg.com\/originals\/84\/c4\/85\/84c4856dce2db36b07b74b4fb138c3e1.jpg",
          "width":570,
          "height":484
        }
      },
      "counts":{
        "likes":191,
        "comments":6,
        "repins":360
      },
      "id":"182888434838491288",
      "metadata":{
      }
    },
    {
      "attribution":null,
      "creator":{
        "url":"https:\/\/www.pinterest.com\/georgetakei\/",
        "first_name":"George Takei",
        "last_name":"",
        "id":"182888572276183278"
      },
      "url":"https:\/\/www.pinterest.com\/pin\/182888434838457893\/",
      "media":{
        "type":"image"
      },
      "created_at":"2012-07-12T03:30:46",
      "original_link":"http:\/\/simplyblogging969.blogspot.com\/",
      "note":"What a wonderful image.",
      "color":"#a1997a",
      "link":"https:\/\/www.pinterest.com\/r\/pin\/182888434838457893\/4779055074072594921\/3e65815d394ddebac2a366063698cd45d880159adee364e6bd9a408779cff5fe",
      "board":{
        "url":"https:\/\/www.pinterest.com\/georgetakei\/celebrities\/",
        "id":"182888503556739382",
        "name":"Celebrities"
      },
      "image":{
        "original":{
          "url":"https:\/\/s-media-cache-ak0.pinimg.com\/originals\/36\/2e\/b8\/362eb8baeedb04123df1d2a5c2ad249d.jpg",
          "width":387,
          "height":880
        }
      },
      "counts":{
        "likes":556,
        "comments":22,
        "repins":857
      },
      "id":"182888434838457893",
      "metadata":{
      }
    },
    {
      "attribution":null,
      "creator":{
        "url":"https:\/\/www.pinterest.com\/georgetakei\/",
        "first_name":"George Takei",
        "last_name":"",
        "id":"182888572276183278"
      },
      "url":"https:\/\/www.pinterest.com\/pin\/182888434838444889\/",
      "media":{
        "type":"image"
      },
      "created_at":"2012-07-10T14:54:11",
      "original_link":"",
      "note":"From a fan. In fairness, I think this is also a \"director\" issue, but the many faces of Emma are well done.",
      "color":"#8f6b5c",
      "link":"",
      "board":{
        "url":"https:\/\/www.pinterest.com\/georgetakei\/celebrities\/",
        "id":"182888503556739382",
        "name":"Celebrities"
      },
      "image":{
        "original":{
          "url":"https:\/\/s-media-cache-ak0.pinimg.com\/originals\/43\/71\/05\/4371058731470ce2f06cd42f2ac192ed.jpg",
          "width":500,
          "height":694
        }
      },
      "counts":{
        "likes":209,
        "comments":28,
        "repins":279
      },
      "id":"182888434838444889",
      "metadata":{
      }
    },
    {
      "attribution":null,
      "creator":{
        "url":"https:\/\/www.pinterest.com\/georgetakei\/",
        "first_name":"George Takei",
        "last_name":"",
        "id":"182888572276183278"
      },
      "url":"https:\/\/www.pinterest.com\/pin\/182888434838439873\/",
      "media":{
        "type":"image"
      },
      "created_at":"2012-07-09T19:51:02",
      "original_link":"http:\/\/memebase.com\/tag\/harry-potter\/",
      "note":"Flying Dirty",
      "color":"#10182d",
      "link":"https:\/\/www.pinterest.com\/r\/pin\/182888434838439873\/4779055074072594921\/c21043b7373613d4d70df43ad2906ec0c5c08210751105656f2f12d623676808",
      "board":{
        "url":"https:\/\/www.pinterest.com\/georgetakei\/celebrities\/",
        "id":"182888503556739382",
        "name":"Celebrities"
      },
      "image":{
        "original":{
          "url":"https:\/\/s-media-cache-ak0.pinimg.com\/originals\/41\/5b\/6d\/415b6dcca089bee4450c1c3d0691482f.jpg",
          "width":431,
          "height":435
        }
      },
      "counts":{
        "likes":268,
        "comments":0,
        "repins":458
      },
      "id":"182888434838439873",
      "metadata":{
      }
    },
    {
      "attribution":null,
      "creator":{
        "url":"https:\/\/www.pinterest.com\/georgetakei\/",
        "first_name":"George Takei",
        "last_name":"",
        "id":"182888572276183278"
      },
      "url":"https:\/\/www.pinterest.com\/pin\/182888434838392082\/",
      "media":{
        "type":"image"
      },
      "created_at":"2012-07-02T14:20:54",
      "original_link":"http:\/\/www.facebook.com\/photo.php?fbid=485898541439604&set=a.223098324386295.105971.205344452828349&type=1&relevant_count=1",
      "note":"Katie, we need to chat.",
      "color":"#3d3e2a",
      "link":"https:\/\/www.pinterest.com\/r\/pin\/182888434838392082\/4779055074072594921\/3641b8438fb275b1539d02a7350b6fcf52c08168cae6862d264864cdf7edb988",
      "board":{
        "url":"https:\/\/www.pinterest.com\/georgetakei\/celebrities\/",
        "id":"182888503556739382",
        "name":"Celebrities"
      },
      "image":{
        "original":{
          "url":"https:\/\/s-media-cache-ak0.pinimg.com\/originals\/7a\/ff\/61\/7aff61f948210d6beb8a71f62e9fbb11.jpg",
          "width":480,
          "height":720
        }
      },
      "counts":{
        "likes":97,
        "comments":5,
        "repins":72
      },
      "id":"182888434838392082",
      "metadata":{
      }
    },
    {
      "attribution":null,
      "creator":{
        "url":"https:\/\/www.pinterest.com\/georgetakei\/",
        "first_name":"George Takei",
        "last_name":"",
        "id":"182888572276183278"
      },
      "url":"https:\/\/www.pinterest.com\/pin\/182888434838386272\/",
      "media":{
        "type":"image"
      },
      "created_at":"2012-07-01T18:48:30",
      "original_link":"http:\/\/www.slackernetwork.com\/Monday-Morning-Dump-celeb825-img1.html",
      "note":"He's definitely worth it.",
      "color":"#ce9a6a",
      "link":"https:\/\/www.pinterest.com\/r\/pin\/182888434838386272\/4779055074072594921\/e3dada71c6bd28fa6979d19ff1a84c467acfc1dbe9ed21a1e69d8f869a2d251d",
      "board":{
        "url":"https:\/\/www.pinterest.com\/georgetakei\/celebrities\/",
        "id":"182888503556739382",
        "name":"Celebrities"
      },
      "image":{
        "original":{
          "url":"https:\/\/s-media-cache-ak0.pinimg.com\/originals\/ba\/40\/6e\/ba406e4390dcef7e867e78f55d759852.jpg",
          "width":579,
          "height":404
        }
      },
      "counts":{
        "likes":685,
        "comments":18,
        "repins":919
      },
      "id":"182888434838386272",
      "metadata":{
      }
    },
    {
      "attribution":null,
      "creator":{
        "url":"https:\/\/www.pinterest.com\/georgetakei\/",
        "first_name":"George Takei",
        "last_name":"",
        "id":"182888572276183278"
      },
      "url":"https:\/\/www.pinterest.com\/pin\/182888434838349938\/",
      "media":{
        "type":"image"
      },
      "created_at":"2012-06-25T18:12:25",
      "original_link":"http:\/\/www.facebook.com\/photo.php?fbid=482492351780223&set=a.223098324386295.105971.205344452828349&type=1",
      "note":"Some random humor from a fan.",
      "color":"#231f1d",
      "link":"https:\/\/www.pinterest.com\/r\/pin\/182888434838349938\/4779055074072594921\/7dd686e0373c92350d21251a0d98ba80af7c6c144c0ee746dac49eaac9e56dbc",
      "board":{
        "url":"https:\/\/www.pinterest.com\/georgetakei\/celebrities\/",
        "id":"182888503556739382",
        "name":"Celebrities"
      },
      "image":{
        "original":{
          "url":"https:\/\/s-media-cache-ak0.pinimg.com\/originals\/a2\/f3\/36\/a2f3363a1171262c9a8ab07f06219229.jpg",
          "width":720,
          "height":484
        }
      },
      "counts":{
        "likes":330,
        "comments":8,
        "repins":581
      },
      "id":"182888434838349938",
      "metadata":{
      }
    },
    {
      "attribution":null,
      "creator":{
        "url":"https:\/\/www.pinterest.com\/georgetakei\/",
        "first_name":"George Takei",
        "last_name":"",
        "id":"182888572276183278"
      },
      "url":"https:\/\/www.pinterest.com\/pin\/182888434838261329\/",
      "media":{
        "type":"image"
      },
      "created_at":"2012-06-12T02:27:20",
      "original_link":"http:\/\/pinvolve.apphb.com\/\/link?url=http%3A%2F%2Fwww.facebook.com%2Fphoto.php%3Ffbid%3D473810565981735%26set%3Da.223098324386295.105971.205344452828349%26type%3D1",
      "note":"From a fan. The body electric?",
      "color":"#263032",
      "link":"https:\/\/www.pinterest.com\/r\/pin\/182888434838261329\/4779055074072594921\/d1734f60f3a3fe682832f62c0164042dae205aef03d5008e2911576ed9e0980a",
      "board":{
        "url":"https:\/\/www.pinterest.com\/georgetakei\/celebrities\/",
        "id":"182888503556739382",
        "name":"Celebrities"
      },
      "image":{
        "original":{
          "url":"https:\/\/s-media-cache-ak0.pinimg.com\/originals\/b7\/ed\/49\/b7ed49cc8e3e4dc69296c2fa149b2f86.jpg",
          "width":273,
          "height":320
        }
      },
      "counts":{
        "likes":230,
        "comments":6,
        "repins":323
      },
      "id":"182888434838261329",
      "metadata":{
      }
    },
    {
      "attribution":null,
      "creator":{
        "url":"https:\/\/www.pinterest.com\/georgetakei\/",
        "first_name":"George Takei",
        "last_name":"",
        "id":"182888572276183278"
      },
      "url":"https:\/\/www.pinterest.com\/pin\/182888434838198029\/",
      "media":{
        "type":"image"
      },
      "created_at":"2012-05-30T16:11:55",
      "original_link":"http:\/\/pinvolve.apphb.com\/\/link?url=http%3A%2F%2Fwww.facebook.com%2Fphoto.php%3Ffbid%3D464092903620168%26set%3Da.223098324386295.105971.205344452828349%26type%3D1",
      "note":"Just a whit of difference.",
      "color":"#726459",
      "link":"https:\/\/www.pinterest.com\/r\/pin\/182888434838198029\/4779055074072594921\/21379f0c586a9d38939a51b6c7f418fe997a482e94154f8274b8f42138a9da96",
      "board":{
        "url":"https:\/\/www.pinterest.com\/georgetakei\/celebrities\/",
        "id":"182888503556739382",
        "name":"Celebrities"
      },
      "image":{
        "original":{
          "url":"https:\/\/s-media-cache-ak0.pinimg.com\/originals\/af\/2e\/56\/af2e562d296b25e5192ce124c9ab2957.jpg",
          "width":401,
          "height":271
        }
      },
      "counts":{
        "likes":118,
        "comments":1,
        "repins":88
      },
      "id":"182888434838198029",
      "metadata":{
      }
    },
    {
      "attribution":null,
      "creator":{
        "url":"https:\/\/www.pinterest.com\/georgetakei\/",
        "first_name":"George Takei",
        "last_name":"",
        "id":"182888572276183278"
      },
      "url":"https:\/\/www.pinterest.com\/pin\/182888434838193644\/",
      "media":{
        "type":"image"
      },
      "created_at":"2012-05-29T20:10:34",
      "original_link":"http:\/\/thechive.com\/2012\/05\/29\/its-tuesday-you-could-use-some-motivation-23-photos\/",
      "note":"Shuffled, not stirred.",
      "color":"#353b3b",
      "link":"https:\/\/www.pinterest.com\/r\/pin\/182888434838193644\/4779055074072594921\/fcf4d9ef313760bbdc309ce6f7181c37dfeb76ad94c92afb132816166471ba22",
      "board":{
        "url":"https:\/\/www.pinterest.com\/georgetakei\/celebrities\/",
        "id":"182888503556739382",
        "name":"Celebrities"
      },
      "image":{
        "original":{
          "url":"https:\/\/s-media-cache-ak0.pinimg.com\/originals\/ea\/e4\/7e\/eae47ecb4e7831d8e4196e3b680fc3c9.jpg",
          "width":500,
          "height":631
        }
      },
      "counts":{
        "likes":184,
        "comments":38,
        "repins":236
      },
      "id":"182888434838193644",
      "metadata":{
        "article":{
          "published_at":"2012-05-29T00:00:00",
          "description":"Visit the post for more.",
          "name":"It's Tuesday, you could use some motivation (23 Photos)",
          "authors":[]
        },
        "link":{
          "locale":"en_US",
          "title":"It's Tuesday, you could use some motivation (23 Photos)",
          "site_name":"theCHIVE",
          "description":"...",
          "favicon":"https:\/\/s-media-cache-ak0.pinimg.com\/favicons\/2b9bd732b210bfeda9782526872dfbcf01f247231450b7651c35ed45.png?9c77278b172af51ebe9c17e1a3463625"
        }
      }
    },
    {
      "attribution":null,
      "creator":{
        "url":"https:\/\/www.pinterest.com\/georgetakei\/",
        "first_name":"George Takei",
        "last_name":"",
        "id":"182888572276183278"
      },
      "url":"https:\/\/www.pinterest.com\/pin\/182888434838192964\/",
      "media":{
        "type":"image"
      },
      "created_at":"2012-05-29T17:32:11",
      "original_link":"http:\/\/iwastesomuchtime.com\/on\/?i=38126",
      "note":"I'd say that's about right.",
      "color":"#564c46",
      "link":"https:\/\/www.pinterest.com\/r\/pin\/182888434838192964\/4779055074072594921\/d70f15e53b665ce56527c9d12ed03b86baf8b1bfe659f72d401125b9764ea06d",
      "board":{
        "url":"https:\/\/www.pinterest.com\/georgetakei\/celebrities\/",
        "id":"182888503556739382",
        "name":"Celebrities"
      },
      "image":{
        "original":{
          "url":"https:\/\/s-media-cache-ak0.pinimg.com\/originals\/3e\/a0\/a2\/3ea0a23b8e9c715586c38c79e378bb18.jpg",
          "width":600,
          "height":4170
        }
      },
      "counts":{
        "likes":433,
        "comments":32,
        "repins":477
      },
      "id":"182888434838192964",
      "metadata":{
      }
    },
    {
      "attribution":null,
      "creator":{
        "url":"https:\/\/www.pinterest.com\/georgetakei\/",
        "first_name":"George Takei",
        "last_name":"",
        "id":"182888572276183278"
      },
      "url":"https:\/\/www.pinterest.com\/pin\/182888434838176505\/",
      "media":{
        "type":"image"
      },
      "created_at":"2012-05-26T14:53:53",
      "original_link":"http:\/\/imgflip.com\/i\/oc9s",
      "note":"Oh myyy",
      "color":"#423c36",
      "link":"https:\/\/www.pinterest.com\/r\/pin\/182888434838176505\/4779055074072594921\/1d4a5d302ee378e5ff9ca39d412f67161809687ac2fc4d9a17cf88a48c8612d9",
      "board":{
        "url":"https:\/\/www.pinterest.com\/georgetakei\/celebrities\/",
        "id":"182888503556739382",
        "name":"Celebrities"
      },
      "image":{
        "original":{
          "url":"https:\/\/s-media-cache-ak0.pinimg.com\/originals\/e5\/1e\/98\/e51e982b7e599432ce085cdd9ceffdcd.jpg",
          "width":353,
          "height":400
        }
      },
      "counts":{
        "likes":425,
        "comments":15,
        "repins":373
      },
      "id":"182888434838176505",
      "metadata":{
      }
    },
    {
      "attribution":null,
      "creator":{
        "url":"https:\/\/www.pinterest.com\/georgetakei\/",
        "first_name":"George Takei",
        "last_name":"",
        "id":"182888572276183278"
      },
      "url":"https:\/\/www.pinterest.com\/pin\/182888434838160251\/",
      "media":{
        "type":"image"
      },
      "created_at":"2012-05-23T14:21:50",
      "original_link":"http:\/\/pinvolve.apphb.com\/\/link?url=http%3A%2F%2Fwww.facebook.com%2Fphoto.php%3Ffbid%3D458017960894329%26set%3Da.223098324386295.105971.205344452828349%26type%3D1",
      "note":"There is something to this.",
      "color":"#ad8970",
      "link":"https:\/\/www.pinterest.com\/r\/pin\/182888434838160251\/4779055074072594921\/3fe95debe76db453f9655d297afccc31ee3d6245778719bc1517cf3a5ae79868",
      "board":{
        "url":"https:\/\/www.pinterest.com\/georgetakei\/celebrities\/",
        "id":"182888503556739382",
        "name":"Celebrities"
      },
      "image":{
        "original":{
          "url":"https:\/\/s-media-cache-ak0.pinimg.com\/originals\/ab\/ec\/7c\/abec7c50b94d98fa765e7f546f3626c5.jpg",
          "width":320,
          "height":202
        }
      },
      "counts":{
        "likes":181,
        "comments":12,
        "repins":141
      },
      "id":"182888434838160251",
      "metadata":{
      }
    },
    {
      "attribution":null,
      "creator":{
        "url":"https:\/\/www.pinterest.com\/georgetakei\/",
        "first_name":"George Takei",
        "last_name":"",
        "id":"182888572276183278"
      },
      "url":"https:\/\/www.pinterest.com\/pin\/182888434838150426\/",
      "media":{
        "type":"image"
      },
      "created_at":"2012-05-21T15:04:54",
      "original_link":"http:\/\/pinvolve.apphb.com\/\/link?url=http%3A%2F%2Fwww.facebook.com%2Fphoto.php%3Ffbid%3D456279844401474%26set%3Da.223098324386295.105971.205344452828349%26type%3D1",
      "note":"Autocorrect win, from a fan. I just \"shat\" myself.",
      "color":"#dce2e8",
      "link":"https:\/\/www.pinterest.com\/r\/pin\/182888434838150426\/4779055074072594921\/73518ba613a3407a25c2c3cad92ed3f3d494f72eed55d20e6710472423cc192b",
      "board":{
        "url":"https:\/\/www.pinterest.com\/georgetakei\/celebrities\/",
        "id":"182888503556739382",
        "name":"Celebrities"
      },
      "image":{
        "original":{
          "url":"https:\/\/s-media-cache-ak0.pinimg.com\/originals\/cd\/91\/39\/cd913960c61db23b10b91830a731fc27.jpg",
          "width":320,
          "height":536
        }
      },
      "counts":{
        "likes":238,
        "comments":5,
        "repins":230
      },
      "id":"182888434838150426",
      "metadata":{
      }
    }
  ],
  "page":{
    "cursor":"LT4xODI4ODg0MzQ4MzgxNTA0MjY6NDU3fDI1YTczMTAxZmJhMzM5YTIxMjZkNWY5ZDIwMmI4NDA5MDE3OWEzOTFmYjhmNjdlNTU1OThlODRkNDk1NjhlY2U=",
    "next":"https:\/\/api.pinterest.com\/v1\/boards\/georgetakei\/celebrities\/pins\/?access_token=AZlZE-HOK-Y4205yRft75KyYVaauFCBIs8jxSxdCtrJcomAqbQAAAAA&fields=id%2Clink%2Cnote%2Curl%2Cattribution%2Cmedia%2Cmetadata%2Cboard%2Ccolor%2Ccounts%2Ccreated_at%2Ccreator%2Cimage%2Coriginal_link&cursor=LT4xODI4ODg0MzQ4MzgxNTA0MjY6NDU3fDI1YTczMTAxZmJhMzM5YTIxMjZkNWY5ZDIwMmI4NDA5MDE3OWEzOTFmYjhmNjdlNTU1OThlODRkNDk1NjhlY2U%3D"
  }
}
