{
  "data":[
    {
      "attribution":null,
      "creator":{
        "url":"https:\/\/www.pinterest.com\/artemismarrero\/",
        "first_name":"Artemis",
        "last_name":"Marrero",
        "id":"80642786986035707"
      },
      "url":"https:\/\/www.pinterest.com\/pin\/80642649553347020\/",
      "media":{
        "type":"image"
      },
      "created_at":"2014-09-21T19:22:38",
      "original_link":"http:\/\/lab-hiro.tumblr.com\/post\/66955316150\/elisebrown-leica-ladies",
      "note":"Leica Ladies. Julia Roberts (Celebrity Camera Club). #Camera #Photographer #Photography",
      "color":"#494949",
      "link":"https:\/\/www.pinterest.com\/r\/pin\/80642649553347020\/4779055074072594921\/e2925bf5faad37502f3b84f5be825328a349cddb607b8890b5a3fd7296b80956",
      "board":{
        "url":"https:\/\/www.pinterest.com\/artemismarrero\/celebrities\/",
        "id":"80642718266676144",
        "name":"celebrities"
      },
      "image":{
        "original":{
          "url":"https:\/\/s-media-cache-ak0.pinimg.com\/originals\/e0\/46\/1b\/e0461bda8d636298ebe1f6198e279285.jpg",
          "width":400,
          "height":600
        }
      },
      "counts":{
        "likes":1,
        "comments":0,
        "repins":0
      },
      "id":"80642649553347020",
      "metadata":{
        "link":{
          "locale":"ja",
          "title":"lab-hiro",
          "site_name":"lab-hiro.tumblr.com",
          "description":"elisebrown: \u201c Leica Ladies \u201d",
          "favicon":"https:\/\/s-media-cache-ak0.pinimg.com\/favicons\/887536ffea804868ba47d52aefba206f21d2314646a2c1f897937d6d.png?de10de97e02460e075ca1dea9be786ff"
        }
      }
    },
    {
      "attribution":null,
      "creator":{
        "url":"https:\/\/www.pinterest.com\/artemismarrero\/",
        "first_name":"Artemis",
        "last_name":"Marrero",
        "id":"80642786986035707"
      },
      "url":"https:\/\/www.pinterest.com\/pin\/80642649553347015\/",
      "media":{
        "type":"image"
      },
      "created_at":"2014-09-21T19:21:15",
      "original_link":"http:\/\/www.bing.com\/images\/search?q=woopie+goldberg&view=detail&id=C02C7D959E9279BAF118E44893F1101E02F31618&first=0&FORM=IDFRIR",
      "note":"Woopie Goldberg - I've always liked this pic.  She's so cute.",
      "color":"#6c6c6c",
      "link":"https:\/\/www.pinterest.com\/r\/pin\/80642649553347015\/4779055074072594921\/193429354147f94349d038678d3faac271fc945e61b0999bc5cb4b9eacefee2c",
      "board":{
        "url":"https:\/\/www.pinterest.com\/artemismarrero\/celebrities\/",
        "id":"80642718266676144",
        "name":"celebrities"
      },
      "image":{
        "original":{
          "url":"https:\/\/s-media-cache-ak0.pinimg.com\/originals\/6e\/05\/d8\/6e05d835b3faf8e0c6ffde55ae0710a1.jpg",
          "width":335,
          "height":417
        }
      },
      "counts":{
        "likes":0,
        "comments":0,
        "repins":8
      },
      "id":"80642649553347015",
      "metadata":{
      }
    },
    {
      "attribution":null,
      "creator":{
        "url":"https:\/\/www.pinterest.com\/artemismarrero\/",
        "first_name":"Artemis",
        "last_name":"Marrero",
        "id":"80642786986035707"
      },
      "url":"https:\/\/www.pinterest.com\/pin\/80642649553346934\/",
      "media":{
        "type":"image"
      },
      "created_at":"2014-09-21T19:11:57",
      "original_link":"http:\/\/thesuperserious.com\/post\/42716258433",
      "note":"Malcovich By Karina Taira",
      "color":"#3d383e",
      "link":"https:\/\/www.pinterest.com\/r\/pin\/80642649553346934\/4779055074072594921\/6627c184b00b3fc22cb33899a0b8061d4809124c4787b13088e8cefe046a0a3c",
      "board":{
        "url":"https:\/\/www.pinterest.com\/artemismarrero\/celebrities\/",
        "id":"80642718266676144",
        "name":"celebrities"
      },
      "image":{
        "original":{
          "url":"https:\/\/s-media-cache-ak0.pinimg.com\/originals\/00\/90\/03\/0090039ea233f404ae81fb9813cd41d1.png",
          "width":385,
          "height":513
        }
      },
      "counts":{
        "likes":1,
        "comments":0,
        "repins":3
      },
      "id":"80642649553346934",
      "metadata":{
      }
    },
    {
      "attribution":null,
      "creator":{
        "url":"https:\/\/www.pinterest.com\/artemismarrero\/",
        "first_name":"Artemis",
        "last_name":"Marrero",
        "id":"80642786986035707"
      },
      "url":"https:\/\/www.pinterest.com\/pin\/80642649553346894\/",
      "media":{
        "type":"image"
      },
      "created_at":"2014-09-21T19:05:27",
      "original_link":"http:\/\/crossingilandmono.tumblr.com\/post\/62426041085\/blackandwhiteactors-will-smith",
      "note":"Will Smith",
      "color":"#595959",
      "link":"https:\/\/www.pinterest.com\/r\/pin\/80642649553346894\/4779055074072594921\/484f519d1d6a5e4789ab869330befc14aa6501c0633a1779a0780be7eddb2e06",
      "board":{
        "url":"https:\/\/www.pinterest.com\/artemismarrero\/celebrities\/",
        "id":"80642718266676144",
        "name":"celebrities"
      },
      "image":{
        "original":{
          "url":"https:\/\/s-media-cache-ak0.pinimg.com\/originals\/6b\/44\/4d\/6b444db2f906947437511e8a8f0e1fba.jpg",
          "width":324,
          "height":400
        }
      },
      "counts":{
        "likes":1,
        "comments":0,
        "repins":10
      },
      "id":"80642649553346894",
      "metadata":{
        "link":{
          "locale":"en",
          "title":"crossingilandmono",
          "site_name":"crossingilandmono.tumblr.com",
          "description":"blackandwhiteactors:\n\u201cWill Smith\n\u201d",
          "favicon":"https:\/\/s-media-cache-ak0.pinimg.com\/favicons\/f0cf10b5552e4dbd8b989d162f01b4c5307e1474871d3c958fc45f81.png?8fe546e20ef273da2eaa04435bc52c29"
        }
      }
    },
    {
      "attribution":null,
      "creator":{
        "url":"https:\/\/www.pinterest.com\/artemismarrero\/",
        "first_name":"Artemis",
        "last_name":"Marrero",
        "id":"80642786986035707"
      },
      "url":"https:\/\/www.pinterest.com\/pin\/80642649553346892\/",
      "media":{
        "type":"image"
      },
      "created_at":"2014-09-21T19:05:22",
      "original_link":"http:\/\/crossingilandmono.tumblr.com\/post\/65236693389\/algemesii1-daniel-craig",
      "note":"Daniel Craig",
      "color":"#cdcdcd",
      "link":"https:\/\/www.pinterest.com\/r\/pin\/80642649553346892\/4779055074072594921\/8db561e2574ef4e17aeff423b24b264a0d84aea71e1a47d1b26112c86ed9ed2c",
      "board":{
        "url":"https:\/\/www.pinterest.com\/artemismarrero\/celebrities\/",
        "id":"80642718266676144",
        "name":"celebrities"
      },
      "image":{
        "original":{
          "url":"https:\/\/s-media-cache-ak0.pinimg.com\/originals\/90\/99\/19\/909919c4da35f8686f61d7dfd6543f54.jpg",
          "width":736,
          "height":917
        }
      },
      "counts":{
        "likes":0,
        "comments":0,
        "repins":6
      },
      "id":"80642649553346892",
      "metadata":{
        "link":{
          "locale":"en",
          "title":"crossingilandmono",
          "site_name":"crossingilandmono.tumblr.com",
          "description":"algemesii1:\n\u201cDaniel Craig\n\u201d",
          "favicon":"https:\/\/s-media-cache-ak0.pinimg.com\/favicons\/f0cf10b5552e4dbd8b989d162f01b4c5307e1474871d3c958fc45f81.png?8fe546e20ef273da2eaa04435bc52c29"
        }
      }
    },
    {
      "attribution":null,
      "creator":{
        "url":"https:\/\/www.pinterest.com\/artemismarrero\/",
        "first_name":"Artemis",
        "last_name":"Marrero",
        "id":"80642786986035707"
      },
      "url":"https:\/\/www.pinterest.com\/pin\/80642649553346890\/",
      "media":{
        "type":"image"
      },
      "created_at":"2014-09-21T19:05:13",
      "original_link":"http:\/\/crossingilandmono.tumblr.com\/post\/59428769936\/beauty-of-fame-keanu-reeves",
      "note":"Keanu Reeves",
      "color":"#060606",
      "link":"https:\/\/www.pinterest.com\/r\/pin\/80642649553346890\/4779055074072594921\/23296344a829ed42173ddb69074af5e913046353dea3ff87591ff9cc86efd363",
      "board":{
        "url":"https:\/\/www.pinterest.com\/artemismarrero\/celebrities\/",
        "id":"80642718266676144",
        "name":"celebrities"
      },
      "image":{
        "original":{
          "url":"https:\/\/s-media-cache-ak0.pinimg.com\/originals\/0f\/0f\/06\/0f0f067ab87f484445d021ac6898736c.jpg",
          "width":670,
          "height":854
        }
      },
      "counts":{
        "likes":1,
        "comments":0,
        "repins":6
      },
      "id":"80642649553346890",
      "metadata":{
        "link":{
          "locale":"en",
          "title":"crossingilandmono",
          "site_name":"crossingilandmono.tumblr.com",
          "description":"beauty-of-fame:\n\u201cKeanu Reeves\n\u201d",
          "favicon":"https:\/\/s-media-cache-ak0.pinimg.com\/favicons\/f0cf10b5552e4dbd8b989d162f01b4c5307e1474871d3c958fc45f81.png?8fe546e20ef273da2eaa04435bc52c29"
        }
      }
    },
    {
      "attribution":null,
      "creator":{
        "url":"https:\/\/www.pinterest.com\/artemismarrero\/",
        "first_name":"Artemis",
        "last_name":"Marrero",
        "id":"80642786986035707"
      },
      "url":"https:\/\/www.pinterest.com\/pin\/80642649553339655\/",
      "media":{
        "type":"image"
      },
      "created_at":"2014-09-20T15:19:48",
      "original_link":"http:\/\/lushlight.tumblr.com\/post\/11559468650",
      "note":"Sophia Loren",
      "color":"#9e9c9a",
      "link":"https:\/\/www.pinterest.com\/r\/pin\/80642649553339655\/4779055074072594921\/5479c3c5cffa7b2e1fee2d413e60cd6648f3612d14ccb758c8c4b59dd873b8ca",
      "board":{
        "url":"https:\/\/www.pinterest.com\/artemismarrero\/celebrities\/",
        "id":"80642718266676144",
        "name":"celebrities"
      },
      "image":{
        "original":{
          "url":"https:\/\/s-media-cache-ak0.pinimg.com\/originals\/ad\/3a\/84\/ad3a84babbe9c4249f20d883e16227b2.jpg",
          "width":847,
          "height":1100
        }
      },
      "counts":{
        "likes":2,
        "comments":0,
        "repins":8
      },
      "id":"80642649553339655",
      "metadata":{
        "link":{
          "locale":"en",
          "title":"lushlight",
          "site_name":"lushlight.tumblr.com",
          "description":"The experience of \"beauty\" often involves the interpretation of some entity as being in balance and harmony with nature, which may lead to feelings of attraction and emotional well-being. Because this is a subjective experience, it is often said that \"beauty is in the eye of the beholder.\" In its...",
          "favicon":"https:\/\/s-media-cache-ak0.pinimg.com\/favicons\/dcd9aa6b1664d1ea3a1582d4bf6834de78828e458b203c5af49ab67d.png?f9528120c609e414508f4420c20614ea"
        }
      }
    },
    {
      "attribution":null,
      "creator":{
        "url":"https:\/\/www.pinterest.com\/artemismarrero\/",
        "first_name":"Artemis",
        "last_name":"Marrero",
        "id":"80642786986035707"
      },
      "url":"https:\/\/www.pinterest.com\/pin\/80642649553338613\/",
      "media":{
        "type":"image"
      },
      "created_at":"2014-09-20T11:39:34",
      "original_link":"http:\/\/www.listal.com\/viewimage\/3189871",
      "note":"Gary Oldman.",
      "color":"#1e1e1e",
      "link":"https:\/\/www.pinterest.com\/r\/pin\/80642649553338613\/4779055074072594921\/6366f413e8d179e899644bd1f538f56b6bde90fe3a9d015b5d12ddaddef7de25",
      "board":{
        "url":"https:\/\/www.pinterest.com\/artemismarrero\/celebrities\/",
        "id":"80642718266676144",
        "name":"celebrities"
      },
      "image":{
        "original":{
          "url":"https:\/\/s-media-cache-ak0.pinimg.com\/originals\/02\/63\/db\/0263dbe87a7b2c8d21dc4092ef2ddaea.jpg",
          "width":399,
          "height":600
        }
      },
      "counts":{
        "likes":2,
        "comments":0,
        "repins":15
      },
      "id":"80642649553338613",
      "metadata":{
      }
    },
    {
      "attribution":null,
      "creator":{
        "url":"https:\/\/www.pinterest.com\/artemismarrero\/",
        "first_name":"Artemis",
        "last_name":"Marrero",
        "id":"80642786986035707"
      },
      "url":"https:\/\/www.pinterest.com\/pin\/80642649553338601\/",
      "media":{
        "type":"image"
      },
      "created_at":"2014-09-20T11:35:56",
      "original_link":"http:\/\/twitpic.com\/4ozs1t",
      "note":"Monica Bellucci",
      "color":"#0e0e0e",
      "link":"https:\/\/www.pinterest.com\/r\/pin\/80642649553338601\/4779055074072594921\/a89240f05c1752a7decdd77be8e14f93341378476ca7e8d8c5ae8ac543541daf",
      "board":{
        "url":"https:\/\/www.pinterest.com\/artemismarrero\/celebrities\/",
        "id":"80642718266676144",
        "name":"celebrities"
      },
      "image":{
        "original":{
          "url":"https:\/\/s-media-cache-ak0.pinimg.com\/originals\/8d\/9e\/9d\/8d9e9dd77dc40c262f6a11a136a096c1.jpg",
          "width":354,
          "height":538
        }
      },
      "counts":{
        "likes":2,
        "comments":0,
        "repins":11
      },
      "id":"80642649553338601",
      "metadata":{
      }
    },
    {
      "attribution":null,
      "creator":{
        "url":"https:\/\/www.pinterest.com\/artemismarrero\/",
        "first_name":"Artemis",
        "last_name":"Marrero",
        "id":"80642786986035707"
      },
      "url":"https:\/\/www.pinterest.com\/pin\/80642649553338599\/",
      "media":{
        "type":"image"
      },
      "created_at":"2014-09-20T11:35:31",
      "original_link":"http:\/\/kellycomarketing.tumblr.com\/",
      "note":" ",
      "color":"#f5f5f5",
      "link":"https:\/\/www.pinterest.com\/r\/pin\/80642649553338599\/4779055074072594921\/aaa0401bd6415fa8808f19fb8b413b5403b4a784b96ba99ca22a150e2679ad66",
      "board":{
        "url":"https:\/\/www.pinterest.com\/artemismarrero\/celebrities\/",
        "id":"80642718266676144",
        "name":"celebrities"
      },
      "image":{
        "original":{
          "url":"https:\/\/s-media-cache-ak0.pinimg.com\/originals\/a1\/2a\/44\/a12a44cc81f9981b0aa68ef173db91df.jpg",
          "width":500,
          "height":641
        }
      },
      "counts":{
        "likes":3,
        "comments":0,
        "repins":5
      },
      "id":"80642649553338599",
      "metadata":{
        "link":{
          "locale":"en",
          "title":"kellycomarketing",
          "site_name":"kellycomarketing.tumblr.com",
          "description":"Inspiration. Observation. Exploration. Perspective. Commentary. Random Musing. Distraction. News. Fun. Kellyco brings together diverse branding, marketing and creative expertise to provide smart and...",
          "favicon":"https:\/\/s-media-cache-ak0.pinimg.com\/favicons\/3beff9aa43d67137015efbfd581214bd9d1476576cb72858a0a10e6e.png?bc01dae6773e22cf2818810334358f4d"
        }
      }
    },
    {
      "attribution":null,
      "creator":{
        "url":"https:\/\/www.pinterest.com\/artemismarrero\/",
        "first_name":"Artemis",
        "last_name":"Marrero",
        "id":"80642786986035707"
      },
      "url":"https:\/\/www.pinterest.com\/pin\/80642649553334591\/",
      "media":{
        "type":"image"
      },
      "created_at":"2014-09-19T18:34:08",
      "original_link":"http:\/\/cottagedoor.tumblr.com\/post\/4921915113",
      "note":"jim morrison.",
      "color":"#797979",
      "link":"https:\/\/www.pinterest.com\/r\/pin\/80642649553334591\/4779055074072594921\/26d5faae5e95b00402f4348d7b133b31f81caa933c529c1e1fb6e20b46cb2999",
      "board":{
        "url":"https:\/\/www.pinterest.com\/artemismarrero\/celebrities\/",
        "id":"80642718266676144",
        "name":"celebrities"
      },
      "image":{
        "original":{
          "url":"https:\/\/s-media-cache-ak0.pinimg.com\/originals\/da\/f4\/b0\/daf4b02a02d20e88b2b723011f58975e.jpg",
          "width":256,
          "height":384
        }
      },
      "counts":{
        "likes":1,
        "comments":0,
        "repins":10
      },
      "id":"80642649553334591",
      "metadata":{
        "link":{
          "locale":"en",
          "title":"cottagedoor",
          "site_name":"cottagedoor.tumblr.com",
          "description":"Tumblr Blog",
          "favicon":"https:\/\/s-media-cache-ak0.pinimg.com\/favicons\/aa42c4bc5e9b2ffeacb325f303bfc84a446bd22d0a1f92e1782ad662.png?0f4bc8851cfef854beb964dcce9f3f8c"
        }
      }
    },
    {
      "attribution":null,
      "creator":{
        "url":"https:\/\/www.pinterest.com\/artemismarrero\/",
        "first_name":"Artemis",
        "last_name":"Marrero",
        "id":"80642786986035707"
      },
      "url":"https:\/\/www.pinterest.com\/pin\/80642649553334590\/",
      "media":{
        "type":"image"
      },
      "created_at":"2014-09-19T18:33:53",
      "original_link":"http:\/\/slufoot.tumblr.com\/post\/97488017445",
      "note":"Jacqueline Bisset",
      "color":"#636362",
      "link":"https:\/\/www.pinterest.com\/r\/pin\/80642649553334590\/4779055074072594921\/03708028064defb804c361705adf62033a1291eed5e15b7db72f4ed510db2686",
      "board":{
        "url":"https:\/\/www.pinterest.com\/artemismarrero\/celebrities\/",
        "id":"80642718266676144",
        "name":"celebrities"
      },
      "image":{
        "original":{
          "url":"https:\/\/s-media-cache-ak0.pinimg.com\/originals\/18\/5e\/88\/185e88e8e87c55799d01abb232b3315a.jpg",
          "width":1280,
          "height":1745
        }
      },
      "counts":{
        "likes":1,
        "comments":0,
        "repins":2
      },
      "id":"80642649553334590",
      "metadata":{
        "link":{
          "locale":"en",
          "title":"slufoot",
          "site_name":"slufoot.tumblr.com",
          "description":"made in c a l i f o r n i a \n \nhttp:\/\/www.pinterest.com\/slufoot\/\n\nhttp:\/\/slufoot.polyvore.com\/\n\nInstagram: @slufoot",
          "favicon":"https:\/\/s-media-cache-ak0.pinimg.com\/favicons\/4a50df9d193a633f1b2176a927b29476a2d8ffb9ef4a991d7ab9b66e.png?b1aca0e9516ce7f3ceaa9feba7550410"
        }
      }
    },
    {
      "attribution":null,
      "creator":{
        "url":"https:\/\/www.pinterest.com\/artemismarrero\/",
        "first_name":"Artemis",
        "last_name":"Marrero",
        "id":"80642786986035707"
      },
      "url":"https:\/\/www.pinterest.com\/pin\/80642649553334577\/",
      "media":{
        "type":"image"
      },
      "created_at":"2014-09-19T18:31:46",
      "original_link":"http:\/\/crossingilandmono.tumblr.com\/post\/82075089746",
      "note":"Marion Cotillard",
      "color":"#ffffff",
      "link":"https:\/\/www.pinterest.com\/r\/pin\/80642649553334577\/4779055074072594921\/6ebd39b844f9935682233ce5f50492dd63fa0373942d392de1a2478ca389349d",
      "board":{
        "url":"https:\/\/www.pinterest.com\/artemismarrero\/celebrities\/",
        "id":"80642718266676144",
        "name":"celebrities"
      },
      "image":{
        "original":{
          "url":"https:\/\/s-media-cache-ak0.pinimg.com\/originals\/f3\/c8\/7b\/f3c87b9df04a49c35759c58118026272.jpg",
          "width":1188,
          "height":1560
        }
      },
      "counts":{
        "likes":2,
        "comments":0,
        "repins":6
      },
      "id":"80642649553334577",
      "metadata":{
        "link":{
          "locale":"en",
          "title":"crossingilandmono",
          "site_name":"crossingilandmono.tumblr.com",
          "description":"Tumblr Blog",
          "favicon":"https:\/\/s-media-cache-ak0.pinimg.com\/favicons\/f0cf10b5552e4dbd8b989d162f01b4c5307e1474871d3c958fc45f81.png?8fe546e20ef273da2eaa04435bc52c29"
        }
      }
    },
    {
      "attribution":null,
      "creator":{
        "url":"https:\/\/www.pinterest.com\/artemismarrero\/",
        "first_name":"Artemis",
        "last_name":"Marrero",
        "id":"80642786986035707"
      },
      "url":"https:\/\/www.pinterest.com\/pin\/80642649553334574\/",
      "media":{
        "type":"image"
      },
      "created_at":"2014-09-19T18:30:49",
      "original_link":"http:\/\/merde-petit-maitre.tumblr.com\/post\/74964046832\/photography-stevie-wonder",
      "note":"Stevie Wonder",
      "color":"#000000",
      "link":"https:\/\/www.pinterest.com\/r\/pin\/80642649553334574\/4779055074072594921\/16779a513ee936061af8974f0e698968c06b726e3ad11f84c283e2d56c39c3f9",
      "board":{
        "url":"https:\/\/www.pinterest.com\/artemismarrero\/celebrities\/",
        "id":"80642718266676144",
        "name":"celebrities"
      },
      "image":{
        "original":{
          "url":"https:\/\/s-media-cache-ak0.pinimg.com\/originals\/ac\/08\/c0\/ac08c0af6d052ed1a94c5d6289316dbc.jpg",
          "width":500,
          "height":500
        }
      },
      "counts":{
        "likes":1,
        "comments":0,
        "repins":5
      },
      "id":"80642649553334574",
      "metadata":{
        "link":{
          "locale":"en",
          "title":"merde-petit-maitre",
          "site_name":"merde-petit-maitre.tumblr.com",
          "description":"Photography (Stevie Wonder, via lifestyleoftheunemployed)",
          "favicon":"https:\/\/s-media-cache-ak0.pinimg.com\/favicons\/a13bac17b38e6dd2dbef93a3357c1bd5f638161baf92278da2e68191.png?b75b82bab4f22a3ae64270132adb9f9f"
        }
      }
    },
    {
      "attribution":null,
      "creator":{
        "url":"https:\/\/www.pinterest.com\/artemismarrero\/",
        "first_name":"Artemis",
        "last_name":"Marrero",
        "id":"80642786986035707"
      },
      "url":"https:\/\/www.pinterest.com\/pin\/80642649553334571\/",
      "media":{
        "type":"image"
      },
      "created_at":"2014-09-19T18:30:27",
      "original_link":"http:\/\/crossingilandmono.tumblr.com\/post\/86063243083\/halle-berry",
      "note":"Halle Berry",
      "color":"#090808",
      "link":"https:\/\/www.pinterest.com\/r\/pin\/80642649553334571\/4779055074072594921\/76ab4ce56e47330065def94c6e9747f278183c46ba8b68d1f7b1438d51f51ad2",
      "board":{
        "url":"https:\/\/www.pinterest.com\/artemismarrero\/celebrities\/",
        "id":"80642718266676144",
        "name":"celebrities"
      },
      "image":{
        "original":{
          "url":"https:\/\/s-media-cache-ak0.pinimg.com\/originals\/75\/da\/8f\/75da8fb9c5c66960fbaac4559ce89d3c.jpg",
          "width":1280,
          "height":1863
        }
      },
      "counts":{
        "likes":1,
        "comments":0,
        "repins":29
      },
      "id":"80642649553334571",
      "metadata":{
        "link":{
          "locale":"en",
          "title":"crossingilandmono",
          "site_name":"crossingilandmono.tumblr.com",
          "description":"beauty-of-fame:\n\u201c Halle Berry\n\u201d",
          "favicon":"https:\/\/s-media-cache-ak0.pinimg.com\/favicons\/f0cf10b5552e4dbd8b989d162f01b4c5307e1474871d3c958fc45f81.png?8fe546e20ef273da2eaa04435bc52c29"
        }
      }
    },
    {
      "attribution":null,
      "creator":{
        "url":"https:\/\/www.pinterest.com\/artemismarrero\/",
        "first_name":"Artemis",
        "last_name":"Marrero",
        "id":"80642786986035707"
      },
      "url":"https:\/\/www.pinterest.com\/pin\/80642649553334536\/",
      "media":{
        "type":"image"
      },
      "created_at":"2014-09-19T18:20:26",
      "original_link":"http:\/\/ximeberu.tumblr.com\/post\/93901610950",
      "note":"Jack Nicholson",
      "color":"#6f6f6f",
      "link":"https:\/\/www.pinterest.com\/r\/pin\/80642649553334536\/4779055074072594921\/5d41a079b20bbcc5c135a21cbd51d8a0e3e0dda7f0c57fb13cbaccd00a53cf8d",
      "board":{
        "url":"https:\/\/www.pinterest.com\/artemismarrero\/celebrities\/",
        "id":"80642718266676144",
        "name":"celebrities"
      },
      "image":{
        "original":{
          "url":"https:\/\/s-media-cache-ak0.pinimg.com\/originals\/4a\/37\/25\/4a37255fe5aabcfb02d6bc37aaee5c1a.jpg",
          "width":616,
          "height":959
        }
      },
      "counts":{
        "likes":4,
        "comments":0,
        "repins":38
      },
      "id":"80642649553334536",
      "metadata":{
        "link":{
          "locale":"en",
          "title":"ximeberu",
          "site_name":"ximeberu.tumblr.com",
          "description":"Jack Nicholson",
          "favicon":"https:\/\/s-media-cache-ak0.pinimg.com\/favicons\/c36686537027862557cd601273526ed25292120862e76f0965215c71.png?707fa4701088d90ec768112fc61460e9"
        }
      }
    },
    {
      "attribution":null,
      "creator":{
        "url":"https:\/\/www.pinterest.com\/artemismarrero\/",
        "first_name":"Artemis",
        "last_name":"Marrero",
        "id":"80642786986035707"
      },
      "url":"https:\/\/www.pinterest.com\/pin\/80642649553334477\/",
      "media":{
        "type":"image"
      },
      "created_at":"2014-09-19T18:03:41",
      "original_link":"http:\/\/www.listal.com\/viewimage\/746131",
      "note":"Monica Bellucci",
      "color":"#858585",
      "link":"https:\/\/www.pinterest.com\/r\/pin\/80642649553334477\/4779055074072594921\/67be06400b0d5d45fbc6a400d2b04ea1b6cac346a2fe2034d0d885dec698a09d",
      "board":{
        "url":"https:\/\/www.pinterest.com\/artemismarrero\/celebrities\/",
        "id":"80642718266676144",
        "name":"celebrities"
      },
      "image":{
        "original":{
          "url":"https:\/\/s-media-cache-ak0.pinimg.com\/originals\/f4\/08\/43\/f408433608ec1c4534ce4ebe46cd4021.jpg",
          "width":463,
          "height":700
        }
      },
      "counts":{
        "likes":1,
        "comments":0,
        "repins":16
      },
      "id":"80642649553334477",
      "metadata":{
      }
    },
    {
      "attribution":null,
      "creator":{
        "url":"https:\/\/www.pinterest.com\/artemismarrero\/",
        "first_name":"Artemis",
        "last_name":"Marrero",
        "id":"80642786986035707"
      },
      "url":"https:\/\/www.pinterest.com\/pin\/80642649553334475\/",
      "media":{
        "type":"image"
      },
      "created_at":"2014-09-19T18:03:36",
      "original_link":"http:\/\/sexy-blackandwhite.tumblr.com\/image\/58278583040",
      "note":"Leo #smoke",
      "color":"#0b0b0b",
      "link":"https:\/\/www.pinterest.com\/r\/pin\/80642649553334475\/4779055074072594921\/b418647003e9f84b19617b5dda1d6d28552cdc81e513ac990dd8af7a375871df",
      "board":{
        "url":"https:\/\/www.pinterest.com\/artemismarrero\/celebrities\/",
        "id":"80642718266676144",
        "name":"celebrities"
      },
      "image":{
        "original":{
          "url":"https:\/\/s-media-cache-ak0.pinimg.com\/originals\/dd\/9f\/48\/dd9f48871f9dc693555272444e69f429.jpg",
          "width":667,
          "height":1000
        }
      },
      "counts":{
        "likes":4,
        "comments":0,
        "repins":22
      },
      "id":"80642649553334475",
      "metadata":{
      }
    },
    {
      "attribution":null,
      "creator":{
        "url":"https:\/\/www.pinterest.com\/artemismarrero\/",
        "first_name":"Artemis",
        "last_name":"Marrero",
        "id":"80642786986035707"
      },
      "url":"https:\/\/www.pinterest.com\/pin\/80642649553334474\/",
      "media":{
        "type":"image"
      },
      "created_at":"2014-09-19T18:03:29",
      "original_link":"http:\/\/crossingilandmono.tumblr.com\/post\/51154104276",
      "note":"Angelina Jolie",
      "color":"#a8a8a8",
      "link":"https:\/\/www.pinterest.com\/r\/pin\/80642649553334474\/4779055074072594921\/3af8e5334279982a0b69a57c4d8e1130aa30dc73f9593e68b72c936aa936845a",
      "board":{
        "url":"https:\/\/www.pinterest.com\/artemismarrero\/celebrities\/",
        "id":"80642718266676144",
        "name":"celebrities"
      },
      "image":{
        "original":{
          "url":"https:\/\/s-media-cache-ak0.pinimg.com\/originals\/d2\/bd\/74\/d2bd74a9058968759acea921c092502a.jpg",
          "width":438,
          "height":643
        }
      },
      "counts":{
        "likes":1,
        "comments":0,
        "repins":7
      },
      "id":"80642649553334474",
      "metadata":{
        "link":{
          "locale":"en",
          "title":"crossingilandmono",
          "site_name":"crossingilandmono.tumblr.com",
          "description":"Tumblr Blog",
          "favicon":"https:\/\/s-media-cache-ak0.pinimg.com\/favicons\/f0cf10b5552e4dbd8b989d162f01b4c5307e1474871d3c958fc45f81.png?8fe546e20ef273da2eaa04435bc52c29"
        }
      }
    },
    {
      "attribution":null,
      "creator":{
        "url":"https:\/\/www.pinterest.com\/artemismarrero\/",
        "first_name":"Artemis",
        "last_name":"Marrero",
        "id":"80642786986035707"
      },
      "url":"https:\/\/www.pinterest.com\/pin\/80642649553334473\/",
      "media":{
        "type":"image"
      },
      "created_at":"2014-09-19T18:03:24",
      "original_link":"http:\/\/methodrone.tumblr.com\/post\/23068687064",
      "note":"Mr. Donald Sutherland",
      "color":"#6f7070",
      "link":"https:\/\/www.pinterest.com\/r\/pin\/80642649553334473\/4779055074072594921\/63ccf9a59fb6c19a5d33ca44fe697fa5c3603a6578b5031f9b6a28a168922826",
      "board":{
        "url":"https:\/\/www.pinterest.com\/artemismarrero\/celebrities\/",
        "id":"80642718266676144",
        "name":"celebrities"
      },
      "image":{
        "original":{
          "url":"https:\/\/s-media-cache-ak0.pinimg.com\/originals\/ec\/b2\/9a\/ecb29a3ef47ecdfbfeccd3ca5e6a473b.jpg",
          "width":377,
          "height":550
        }
      },
      "counts":{
        "likes":4,
        "comments":0,
        "repins":21
      },
      "id":"80642649553334473",
      "metadata":{
        "link":{
          "locale":"en",
          "title":"methodrone",
          "site_name":"methodrone.tumblr.com",
          "description":"Info alex | bcn \"it's always funny until someone gets hurt. then it's just hilarious.\" last.fm .",
          "favicon":"https:\/\/s-media-cache-ak0.pinimg.com\/favicons\/f1e70074b249eddd656c2c6302ee1d85640c3d9d9d3a053f8c5bebf2.png?020f19d8a4b1a088917daf32f68b759d"
        }
      }
    },
    {
      "attribution":null,
      "creator":{
        "url":"https:\/\/www.pinterest.com\/artemismarrero\/",
        "first_name":"Artemis",
        "last_name":"Marrero",
        "id":"80642786986035707"
      },
      "url":"https:\/\/www.pinterest.com\/pin\/80642649553329157\/",
      "media":{
        "type":"image"
      },
      "created_at":"2014-09-18T19:41:58",
      "original_link":"http:\/\/kalavinka14.tumblr.com\/post\/23494160451\/dual-e-doble-fabforgottennobility-reno",
      "note":"Jean Reno",
      "color":"#0c0c0c",
      "link":"https:\/\/www.pinterest.com\/r\/pin\/80642649553329157\/4779055074072594921\/252e86b10a330b1517f8cd3b25db1f8f39ac5d2d1746595a4dcc93178730be63",
      "board":{
        "url":"https:\/\/www.pinterest.com\/artemismarrero\/celebrities\/",
        "id":"80642718266676144",
        "name":"celebrities"
      },
      "image":{
        "original":{
          "url":"https:\/\/s-media-cache-ak0.pinimg.com\/originals\/26\/82\/ea\/2682eaf48ca46af032a65bed04373693.jpg",
          "width":500,
          "height":750
        }
      },
      "counts":{
        "likes":2,
        "comments":0,
        "repins":10
      },
      "id":"80642649553329157",
      "metadata":{
        "link":{
          "locale":"ja",
          "title":"kalavinka14",
          "site_name":"dual",
          "description":"dual-e-doble: \u201cfabforgottennobility: \u201c Reno \u201d \u201d",
          "favicon":"https:\/\/s-media-cache-ak0.pinimg.com\/favicons\/1c73f8adaed684cc7b6034727fc88bccf7e969f4717c1f55a51aac22.png?17a16e9891f643430b65823f6ce4b8ef"
        }
      }
    },
    {
      "attribution":null,
      "creator":{
        "url":"https:\/\/www.pinterest.com\/artemismarrero\/",
        "first_name":"Artemis",
        "last_name":"Marrero",
        "id":"80642786986035707"
      },
      "url":"https:\/\/www.pinterest.com\/pin\/80642649553318457\/",
      "media":{
        "type":"image"
      },
      "created_at":"2014-09-16T22:50:52",
      "original_link":"http:\/\/www.theconstantbuzz.com\/post\/8200751514\/louis-armstrong",
      "note":"Louis Armstrong",
      "color":"#2e2e2e",
      "link":"https:\/\/www.pinterest.com\/r\/pin\/80642649553318457\/4779055074072594921\/6c4d50025ca874199862b934501293e8d4a347e91846c8a0d3d6ff05b5c3b651",
      "board":{
        "url":"https:\/\/www.pinterest.com\/artemismarrero\/celebrities\/",
        "id":"80642718266676144",
        "name":"celebrities"
      },
      "image":{
        "original":{
          "url":"https:\/\/s-media-cache-ak0.pinimg.com\/originals\/be\/8d\/f6\/be8df6c3bbfa568295f33cb1290474e9.jpg",
          "width":400,
          "height":592
        }
      },
      "counts":{
        "likes":3,
        "comments":0,
        "repins":12
      },
      "id":"80642649553318457",
      "metadata":{
      }
    },
    {
      "attribution":null,
      "creator":{
        "url":"https:\/\/www.pinterest.com\/artemismarrero\/",
        "first_name":"Artemis",
        "last_name":"Marrero",
        "id":"80642786986035707"
      },
      "url":"https:\/\/www.pinterest.com\/pin\/80642649553294954\/",
      "media":{
        "type":"image"
      },
      "created_at":"2014-09-13T08:35:43",
      "original_link":"http:\/\/www.latimesmagazine.com\/2009\/12\/robert-downey-jrthe-games-afoot.html",
      "note":"Robert Downey Jr.",
      "color":"#838385",
      "link":"https:\/\/www.pinterest.com\/r\/pin\/80642649553294954\/4779055074072594921\/c99ab93c7828564b8f866f43415042ac169e46ab46a8b0a3d054f1b597c6be25",
      "board":{
        "url":"https:\/\/www.pinterest.com\/artemismarrero\/celebrities\/",
        "id":"80642718266676144",
        "name":"celebrities"
      },
      "image":{
        "original":{
          "url":"https:\/\/s-media-cache-ak0.pinimg.com\/originals\/31\/88\/34\/3188346f9e3c8f42c40a224ad6fbf3af.jpg",
          "width":364,
          "height":480
        }
      },
      "counts":{
        "likes":4,
        "comments":0,
        "repins":31
      },
      "id":"80642649553294954",
      "metadata":{
      }
    },
    {
      "attribution":null,
      "creator":{
        "url":"https:\/\/www.pinterest.com\/artemismarrero\/",
        "first_name":"Artemis",
        "last_name":"Marrero",
        "id":"80642786986035707"
      },
      "url":"https:\/\/www.pinterest.com\/pin\/80642649553267998\/",
      "media":{
        "type":"image"
      },
      "created_at":"2014-09-08T16:54:23",
      "original_link":"http:\/\/crossingilandmono.tumblr.com\/post\/50408524778\/chamberceiling-clint-eastwood",
      "note":"Clint Eastwood",
      "color":"#1f1f1f",
      "link":"https:\/\/www.pinterest.com\/r\/pin\/80642649553267998\/4779055074072594921\/cc6fa6ee3f760994750196812ccd945e5f93540d8fdcbd4bd2a294d147d0124c",
      "board":{
        "url":"https:\/\/www.pinterest.com\/artemismarrero\/celebrities\/",
        "id":"80642718266676144",
        "name":"celebrities"
      },
      "image":{
        "original":{
          "url":"https:\/\/s-media-cache-ak0.pinimg.com\/originals\/ad\/72\/06\/ad7206bf45db4d92bebaafceb3e0f2f0.jpg",
          "width":853,
          "height":1280
        }
      },
      "counts":{
        "likes":1,
        "comments":1,
        "repins":14
      },
      "id":"80642649553267998",
      "metadata":{
        "link":{
          "locale":"en",
          "title":"crossingilandmono",
          "site_name":"crossingilandmono.tumblr.com",
          "description":"chamberceiling:\n\u201c Clint Eastwood\n\u201d",
          "favicon":"https:\/\/s-media-cache-ak0.pinimg.com\/favicons\/f0cf10b5552e4dbd8b989d162f01b4c5307e1474871d3c958fc45f81.png?8fe546e20ef273da2eaa04435bc52c29"
        }
      }
    },
    {
      "attribution":null,
      "creator":{
        "url":"https:\/\/www.pinterest.com\/artemismarrero\/",
        "first_name":"Artemis",
        "last_name":"Marrero",
        "id":"80642786986035707"
      },
      "url":"https:\/\/www.pinterest.com\/pin\/80642649553267997\/",
      "media":{
        "type":"image"
      },
      "created_at":"2014-09-08T16:54:16",
      "original_link":"http:\/\/anthonylukephotography.blogspot.jp\/2012\/02\/photographer-profile-greg-gorman.html",
      "note":"Richard Gere",
      "color":"#171719",
      "link":"https:\/\/www.pinterest.com\/r\/pin\/80642649553267997\/4779055074072594921\/6af93ed59ea64283aea5e15328d1a0c0b906c3fd6901ff89f21899dec03176fe",
      "board":{
        "url":"https:\/\/www.pinterest.com\/artemismarrero\/celebrities\/",
        "id":"80642718266676144",
        "name":"celebrities"
      },
      "image":{
        "original":{
          "url":"https:\/\/s-media-cache-ak0.pinimg.com\/originals\/33\/80\/69\/338069c972290b253be90500a9bc3aa0.jpg",
          "width":420,
          "height":640
        }
      },
      "counts":{
        "likes":0,
        "comments":0,
        "repins":11
      },
      "id":"80642649553267997",
      "metadata":{
      }
    }
  ],
  "page":{
    "cursor":"LT44MDY0MjY0OTU1MzI2Nzk5NzoxOTN8NTBkZDlhODRiZTMzNmU0MzYyNzAzZTMwMTI0NDI2M2RiZGZhOGUxNTNkMjYxNTk3MzgzZmVmMzFlZTgwM2ZmNg==",
    "next":"https:\/\/api.pinterest.com\/v1\/boards\/artemismarrero\/celebrities\/pins\/?access_token=AZlZE-HOK-Y4205yRft75KyYVaauFCBIs8jxSxdCtrJcomAqbQAAAAA&fields=id%2Clink%2Cnote%2Curl%2Cattribution%2Cmedia%2Cmetadata%2Cboard%2Ccolor%2Ccounts%2Ccreated_at%2Ccreator%2Cimage%2Coriginal_link&cursor=LT44MDY0MjY0OTU1MzI2Nzk5NzoxOTN8NTBkZDlhODRiZTMzNmU0MzYyNzAzZTMwMTI0NDI2M2RiZGZhOGUxNTNkMjYxNTk3MzgzZmVmMzFlZTgwM2ZmNg%3D%3D"
  }
}
