{
  "data":[
    {
      "attribution":null,
      "creator":{
        "url":"https:\/\/www.pinterest.com\/dailymail\/",
        "first_name":"Daily Mail",
        "last_name":"",
        "id":"536561880513118266"
      },
      "url":"https:\/\/www.pinterest.com\/pin\/536561743080737004\/",
      "media":{
        "type":"image"
      },
      "created_at":"2015-03-24T22:28:44",
      "original_link":"http:\/\/www.dailymail.co.uk\/tvshowbiz\/article-3009992\/Hope-didn-t-let-watch-Liz-Hurley-brings-12-year-old-son-Damian-date-premiere-raunchy-Royals.html",
      "note":"The Queen and her prince: Elizabeth Hurley bought her 12-year-old son Damian as her date for the UK premiere of her raunchy new show The Royals",
      "color":"#bf3e3f",
      "link":"https:\/\/www.pinterest.com\/r\/pin\/536561743080737004\/4779055074072594921\/3c8faadef47856a0fa2a6167bd358eb495e01ef6a9e288f823f1a7acf5bb80cb",
      "board":{
        "url":"https:\/\/www.pinterest.com\/dailymail\/celebrities\/",
        "id":"536561811793888186",
        "name":"Celebrities"
      },
      "image":{
        "original":{
          "url":"https:\/\/s-media-cache-ak0.pinimg.com\/originals\/7c\/6a\/b1\/7c6ab1dce5939252580a356d5118e929.jpg",
          "width":634,
          "height":841
        }
      },
      "counts":{
        "likes":1,
        "comments":0,
        "repins":3
      },
      "id":"536561743080737004",
      "metadata":{
        "article":{
          "published_at":null,
          "description":"The 49-year-old actress stole the spotlight on the union jack carpet laid out at London's Mandarin Oriental Hyde Park hotel in the centre of London.",
          "name":"Hope he didn't watch! Liz Hurley brings son to The Royals premiere",
          "authors":[]
        },
        "link":{
          "locale":"en_GB",
          "title":"Hope he didn't watch! Liz Hurley brings son to The Royals premiere",
          "site_name":"Mail Online",
          "description":"The 49-year-old actress stole the spotlight on the union jack carpet laid out at London's Mandarin Oriental Hyde Park hotel in the centre of London.",
          "favicon":"https:\/\/s-media-cache-ak0.pinimg.com\/favicons\/ba8856b627a2bf282a5dab73c40812571f90daf57fe69780aa1096ab.ico?a8690769c53090d08b0560db0144a818"
        }
      }
    },
    {
      "attribution":null,
      "creator":{
        "url":"https:\/\/www.pinterest.com\/dailymail\/",
        "first_name":"Daily Mail",
        "last_name":"",
        "id":"536561880513118266"
      },
      "url":"https:\/\/www.pinterest.com\/pin\/536561743080736994\/",
      "media":{
        "type":"image"
      },
      "created_at":"2015-03-24T22:27:08",
      "original_link":"http:\/\/www.dailymail.co.uk\/tvshowbiz\/article-3009429\/Jessie-J-explains-furious-Twitter-rant-fans-inundate-boyfriend-Luke-James-mean-messages.html",
      "note":"'I hope he's The One': Jessie J admits she has strong feelings for boyfriend Luke James and was furious with fans for inundating him with 'mean messages'",
      "color":"#8f6f70",
      "link":"https:\/\/www.pinterest.com\/r\/pin\/536561743080736994\/4779055074072594921\/adf9464d68a2962b19928e73caff08972c0bbf801df5ca2714c3838fb7778b8a",
      "board":{
        "url":"https:\/\/www.pinterest.com\/dailymail\/celebrities\/",
        "id":"536561811793888186",
        "name":"Celebrities"
      },
      "image":{
        "original":{
          "url":"https:\/\/s-media-cache-ak0.pinimg.com\/originals\/c8\/11\/4e\/c8114e39ab7e95b1474c672a5cc888ae.jpg",
          "width":634,
          "height":638
        }
      },
      "counts":{
        "likes":0,
        "comments":0,
        "repins":1
      },
      "id":"536561743080736994",
      "metadata":{
        "article":{
          "published_at":null,
          "description":"After accusing her followers of 'spreading lies' and 'creating drama Jessie J has explained exclusively to MailOnline what caused her to behave so out of character and rant on Twitter.",
          "name":"Jessie J explains furious Twitter rant at her own fans",
          "authors":[]
        },
        "link":{
          "locale":"en_GB",
          "title":"Jessie J explains furious Twitter rant at her own fans",
          "site_name":"Mail Online",
          "description":"After accusing her followers of 'spreading lies' and 'creating drama Jessie J has explained exclusively to MailOnline what caused her to behave so out of character and rant on Twitter.",
          "favicon":"https:\/\/s-media-cache-ak0.pinimg.com\/favicons\/ba8856b627a2bf282a5dab73c40812571f90daf57fe69780aa1096ab.ico?a8690769c53090d08b0560db0144a818"
        }
      }
    },
    {
      "attribution":null,
      "creator":{
        "url":"https:\/\/www.pinterest.com\/dailymail\/",
        "first_name":"Daily Mail",
        "last_name":"",
        "id":"536561880513118266"
      },
      "url":"https:\/\/www.pinterest.com\/pin\/536561743080736974\/",
      "media":{
        "type":"image"
      },
      "created_at":"2015-03-24T22:25:52",
      "original_link":"http:\/\/www.dailymail.co.uk\/tvshowbiz\/article-3009229\/Michelle-Keegan-catches-eye-stylish-slogan-sweater-dresses-ahead-TV-appearance.html",
      "note":"Golden: Michelle Keegan displayed a deep tan shortly after arriving in a short sleeved top with a scalloped hem shortly after arriving at ITV studios ahead of her interview",
      "color":"#585348",
      "link":"https:\/\/www.pinterest.com\/r\/pin\/536561743080736974\/4779055074072594921\/9189f32b5320f65f46878b32ab429ee88895ca8512d17dbcc9c5e4450332ff98",
      "board":{
        "url":"https:\/\/www.pinterest.com\/dailymail\/celebrities\/",
        "id":"536561811793888186",
        "name":"Celebrities"
      },
      "image":{
        "original":{
          "url":"https:\/\/s-media-cache-ak0.pinimg.com\/originals\/02\/a2\/ec\/02a2ecf718a1e5d718e50e44a990e56a.jpg",
          "width":634,
          "height":1075
        }
      },
      "counts":{
        "likes":4,
        "comments":0,
        "repins":29
      },
      "id":"536561743080736974",
      "metadata":{
        "article":{
          "published_at":null,
          "description":"The 27-year-old actress was up bright and early for a chat with Philip Schofield and Amanda Holden on popular daytime magazine show This Morning.",
          "name":"Michelle Keegan displays her holiday tan in a fun slogan sweater",
          "authors":[]
        },
        "link":{
          "locale":"en_GB",
          "title":"Michelle Keegan displays her holiday tan in a fun slogan sweater",
          "site_name":"Mail Online",
          "description":"The 27-year-old actress was up bright and early for a chat with Philip Schofield and Amanda Holden on popular daytime magazine show This Morning.",
          "favicon":"https:\/\/s-media-cache-ak0.pinimg.com\/favicons\/ba8856b627a2bf282a5dab73c40812571f90daf57fe69780aa1096ab.ico?a8690769c53090d08b0560db0144a818"
        }
      }
    },
    {
      "attribution":null,
      "creator":{
        "url":"https:\/\/www.pinterest.com\/dailymail\/",
        "first_name":"Daily Mail",
        "last_name":"",
        "id":"536561880513118266"
      },
      "url":"https:\/\/www.pinterest.com\/pin\/536561743080736961\/",
      "media":{
        "type":"image"
      },
      "created_at":"2015-03-24T22:24:25",
      "original_link":"http:\/\/www.dailymail.co.uk\/tvshowbiz\/article-3009229\/Michelle-Keegan-catches-eye-stylish-slogan-sweater-dresses-ahead-TV-appearance.html",
      "note":"Revisit the Seventies in some retro wedges like Michelle Keegan's",
      "color":"#60594c",
      "link":"https:\/\/www.pinterest.com\/r\/pin\/536561743080736961\/4779055074072594921\/780f35d84cea9d5688d32e94d5ea86de6121a2929dab373d3d12b69defc55765",
      "board":{
        "url":"https:\/\/www.pinterest.com\/dailymail\/celebrities\/",
        "id":"536561811793888186",
        "name":"Celebrities"
      },
      "image":{
        "original":{
          "url":"https:\/\/s-media-cache-ak0.pinimg.com\/originals\/d5\/a6\/23\/d5a623a5ae0714ad45aa130b37a43ffb.jpg",
          "width":634,
          "height":1027
        }
      },
      "counts":{
        "likes":0,
        "comments":0,
        "repins":2
      },
      "id":"536561743080736961",
      "metadata":{
        "article":{
          "published_at":null,
          "description":"The 27-year-old actress was up bright and early for a chat with Philip Schofield and Amanda Holden on popular daytime magazine show This Morning.",
          "name":"Michelle Keegan displays her holiday tan in a fun slogan sweater",
          "authors":[]
        },
        "link":{
          "locale":"en_GB",
          "title":"Michelle Keegan displays her holiday tan in a fun slogan sweater",
          "site_name":"Mail Online",
          "description":"The 27-year-old actress was up bright and early for a chat with Philip Schofield and Amanda Holden on popular daytime magazine show This Morning.",
          "favicon":"https:\/\/s-media-cache-ak0.pinimg.com\/favicons\/ba8856b627a2bf282a5dab73c40812571f90daf57fe69780aa1096ab.ico?a8690769c53090d08b0560db0144a818"
        }
      }
    },
    {
      "attribution":null,
      "creator":{
        "url":"https:\/\/www.pinterest.com\/dailymail\/",
        "first_name":"Daily Mail",
        "last_name":"",
        "id":"536561880513118266"
      },
      "url":"https:\/\/www.pinterest.com\/pin\/536561743080736946\/",
      "media":{
        "type":"image"
      },
      "created_at":"2015-03-24T22:22:35",
      "original_link":"http:\/\/www.dailymail.co.uk\/tvshowbiz\/article-3009195\/Nicole-Richie-sparks-pregnancy-rumours-steps-mini-dress-showing-slightly-rounded-tum.html",
      "note":"Is she, isn't she? Nicole Richie has sparked speculation among fans that she might be expecting her third child, as she stepped out in Sydney at the weekend sporting a small, rounded bump",
      "color":"#4d4c45",
      "link":"https:\/\/www.pinterest.com\/r\/pin\/536561743080736946\/4779055074072594921\/7443d534237a10123c9e9fc2f82b08c7a993979fedec701be850dfc894d917cb",
      "board":{
        "url":"https:\/\/www.pinterest.com\/dailymail\/celebrities\/",
        "id":"536561811793888186",
        "name":"Celebrities"
      },
      "image":{
        "original":{
          "url":"https:\/\/s-media-cache-ak0.pinimg.com\/originals\/c1\/65\/8a\/c1658a000d5099f067e3734b973cad09.jpg",
          "width":634,
          "height":895
        }
      },
      "counts":{
        "likes":1,
        "comments":0,
        "repins":0
      },
      "id":"536561743080736946",
      "metadata":{
        "article":{
          "published_at":null,
          "description":"Speculation is rife that Nicole Richie is expecting her third child, after stepping out with a slightly rounded-looking bump, causing fans to speculate over her appearance.",
          "name":"Nicole Richie sparks pregnancy rumours in Sydney",
          "authors":[]
        },
        "link":{
          "locale":"en_GB",
          "title":"Nicole Richie sparks pregnancy rumours in Sydney",
          "site_name":"Mail Online",
          "description":"Speculation is rife that Nicole Richie is expecting her third child, after stepping out with a slightly rounded-looking bump, causing fans to speculate over her appearance.",
          "favicon":"https:\/\/s-media-cache-ak0.pinimg.com\/favicons\/ba8856b627a2bf282a5dab73c40812571f90daf57fe69780aa1096ab.ico?a8690769c53090d08b0560db0144a818"
        }
      }
    },
    {
      "attribution":{
        "title":"Celebrities Attend Golden Slipper Day",
        "provider_favicon_url":"https:\/\/s-passets-cache-ak0.pinimg.com\/images\/api\/attrib\/getty images.png",
        "author_name":"Brendon Thorne",
        "url":"http:\/\/www.gettyimages.com\/detail\/467098534",
        "author_url":"http:\/\/www.gettyimages.com\/detail\/467098534",
        "provider_name":"Getty Images"
      },
      "creator":{
        "url":"https:\/\/www.pinterest.com\/dailymail\/",
        "first_name":"Daily Mail",
        "last_name":"",
        "id":"536561880513118266"
      },
      "url":"https:\/\/www.pinterest.com\/pin\/536561743080736942\/",
      "media":{
        "type":"image"
      },
      "created_at":"2015-03-24T22:22:22",
      "original_link":"http:\/\/www.dailymail.co.uk\/tvshowbiz\/article-3009195\/Nicole-Richie-sparks-pregnancy-rumours-steps-mini-dress-showing-slightly-rounded-tum.html",
      "note":"Nicole Richie is famous for her lean and lithe figure, which she showed off in spectacular style in her Balmain LBD at the weekend",
      "color":"#b1b2ac",
      "link":"https:\/\/www.pinterest.com\/r\/pin\/536561743080736942\/4779055074072594921\/b8b369943cfa30bc9ab1417b631123ca03a15ed6327a2802f896db68fdf5227a",
      "board":{
        "url":"https:\/\/www.pinterest.com\/dailymail\/celebrities\/",
        "id":"536561811793888186",
        "name":"Celebrities"
      },
      "image":{
        "original":{
          "url":"https:\/\/s-media-cache-ak0.pinimg.com\/originals\/73\/0f\/d7\/730fd71e3a5d7ce06458b98810651130.jpg",
          "width":634,
          "height":944
        }
      },
      "counts":{
        "likes":0,
        "comments":0,
        "repins":3
      },
      "id":"536561743080736942",
      "metadata":{
        "article":{
          "published_at":null,
          "description":"Speculation is rife that Nicole Richie is expecting her third child, after stepping out with a slightly rounded-looking bump, causing fans to speculate over her appearance.",
          "name":"Nicole Richie sparks pregnancy rumours in Sydney",
          "authors":[]
        },
        "link":{
          "locale":"en_GB",
          "title":"Nicole Richie sparks pregnancy rumours in Sydney",
          "site_name":"Mail Online",
          "description":"Speculation is rife that Nicole Richie is expecting her third child, after stepping out with a slightly rounded-looking bump, causing fans to speculate over her appearance.",
          "favicon":"https:\/\/s-media-cache-ak0.pinimg.com\/favicons\/ba8856b627a2bf282a5dab73c40812571f90daf57fe69780aa1096ab.ico?a8690769c53090d08b0560db0144a818"
        }
      }
    },
    {
      "attribution":null,
      "creator":{
        "url":"https:\/\/www.pinterest.com\/dailymail\/",
        "first_name":"Daily Mail",
        "last_name":"",
        "id":"536561880513118266"
      },
      "url":"https:\/\/www.pinterest.com\/pin\/536561743080736941\/",
      "media":{
        "type":"image"
      },
      "created_at":"2015-03-24T22:21:32",
      "original_link":"http:\/\/www.dailymail.co.uk\/tvshowbiz\/article-3009910\/Vanessa-Hudgens-looks-like-undercover-agent-wraps-scarf-wears-wide-brimmed-hat-heading-Gigi-performance-NYC.html",
      "note":"Leading lady: Vanessa Hudgens heads to a performance of her Broadway show Gigi in NYC",
      "color":"#826852",
      "link":"https:\/\/www.pinterest.com\/r\/pin\/536561743080736941\/4779055074072594921\/d30780688d7f7399255251bbce535d572f0d7b94c770440fa9da99acb3e94926",
      "board":{
        "url":"https:\/\/www.pinterest.com\/dailymail\/celebrities\/",
        "id":"536561811793888186",
        "name":"Celebrities"
      },
      "image":{
        "original":{
          "url":"https:\/\/s-media-cache-ak0.pinimg.com\/originals\/48\/28\/2d\/48282d606de9d7334e5409fd7c19939a.jpg",
          "width":634,
          "height":953
        }
      },
      "counts":{
        "likes":1,
        "comments":0,
        "repins":2
      },
      "id":"536561743080736941",
      "metadata":{
        "article":{
          "published_at":null,
          "description":"The 26-year-old actress wrapped up in an elegant black coat and shawl, while topping her look off with a dramatic broad-brimmed hat.",
          "name":"Vanessa Hudgens heads to her next Broadway performance",
          "authors":[]
        },
        "link":{
          "locale":"en_GB",
          "title":"Vanessa Hudgens heads to her next Broadway performance",
          "site_name":"Mail Online",
          "description":"The 26-year-old actress wrapped up in an elegant black coat and shawl, while topping her look off with a dramatic broad-brimmed hat.",
          "favicon":"https:\/\/s-media-cache-ak0.pinimg.com\/favicons\/ba8856b627a2bf282a5dab73c40812571f90daf57fe69780aa1096ab.ico?a8690769c53090d08b0560db0144a818"
        }
      }
    },
    {
      "attribution":null,
      "creator":{
        "url":"https:\/\/www.pinterest.com\/dailymail\/",
        "first_name":"Daily Mail",
        "last_name":"",
        "id":"536561880513118266"
      },
      "url":"https:\/\/www.pinterest.com\/pin\/536561743080736929\/",
      "media":{
        "type":"image"
      },
      "created_at":"2015-03-24T22:20:28",
      "original_link":"http:\/\/www.dailymail.co.uk\/tvshowbiz\/article-3009883\/Lindsay-Lohan-engrossed-phone-enjoys-leisurely-lunch-upmarket-Mayfair-eatery-Scott-s.html",
      "note":"Waiting for a work call? Lindsay Lohan was engrossed in her phone as she went out for lunch at Scott's restaurant in Mayfair",
      "color":"#bcb8a9",
      "link":"https:\/\/www.pinterest.com\/r\/pin\/536561743080736929\/4779055074072594921\/41a97468c2a4e43a0c5d1dae03b14e3e9cc1834d4299b39b261832b8114e31aa",
      "board":{
        "url":"https:\/\/www.pinterest.com\/dailymail\/celebrities\/",
        "id":"536561811793888186",
        "name":"Celebrities"
      },
      "image":{
        "original":{
          "url":"https:\/\/s-media-cache-ak0.pinimg.com\/originals\/8b\/05\/73\/8b0573e9f3e715766e0a430cc26a1745.jpg",
          "width":634,
          "height":562
        }
      },
      "counts":{
        "likes":0,
        "comments":0,
        "repins":0
      },
      "id":"536561743080736929",
      "metadata":{
        "article":{
          "published_at":null,
          "description":"The 28-year-old actress enjoyed a relaxed lunch at Mayfair eatery Scott's on Tuesday, where despite the chilly London weather, she dined outside.",
          "name":"Lindsay Lohan is engrossed in her phone as she enjoys leisurely lunch",
          "authors":[]
        },
        "link":{
          "locale":"en_GB",
          "title":"Lindsay Lohan is engrossed in her phone as she enjoys leisurely lunch",
          "site_name":"Mail Online",
          "description":"The 28-year-old actress enjoyed a relaxed lunch at Mayfair eatery Scott's on Tuesday, where despite the chilly London weather, she dined outside.",
          "favicon":"https:\/\/s-media-cache-ak0.pinimg.com\/favicons\/ba8856b627a2bf282a5dab73c40812571f90daf57fe69780aa1096ab.ico?a8690769c53090d08b0560db0144a818"
        }
      }
    },
    {
      "attribution":{
        "title":"The Launch Of Ashton Kutcher & Guy Oseary's Sound Ventures At SXSW",
        "provider_favicon_url":"https:\/\/s-passets-cache-ak0.pinimg.com\/images\/api\/attrib\/getty images.png",
        "author_name":"Anna Webber",
        "url":"http:\/\/www.gettyimages.com\/detail\/466381066",
        "author_url":"http:\/\/www.gettyimages.com\/detail\/466381066",
        "provider_name":"Getty Images"
      },
      "creator":{
        "url":"https:\/\/www.pinterest.com\/dailymail\/",
        "first_name":"Daily Mail",
        "last_name":"",
        "id":"536561880513118266"
      },
      "url":"https:\/\/www.pinterest.com\/pin\/536561743080736917\/",
      "media":{
        "type":"image"
      },
      "created_at":"2015-03-24T22:19:26",
      "original_link":"http:\/\/www.dailymail.co.uk\/tvshowbiz\/article-3009520\/Mila-Kunis-admits-distracted-sex-reveals-difficulty-switching-motherhood-date-nights-Ashton-Kutcher.html",
      "note":"Ashton Kutcher and Mila Kunis were seen together at SXSW just last week",
      "color":"#1d181e",
      "link":"https:\/\/www.pinterest.com\/r\/pin\/536561743080736917\/4779055074072594921\/20c832e16740962a42b52de5e23df31a1bce0c47eb7cf0e9b17d9eed8b85bff8",
      "board":{
        "url":"https:\/\/www.pinterest.com\/dailymail\/celebrities\/",
        "id":"536561811793888186",
        "name":"Celebrities"
      },
      "image":{
        "original":{
          "url":"https:\/\/s-media-cache-ak0.pinimg.com\/originals\/8b\/56\/c5\/8b56c5ef700fa7bbe0addf2aa6c4ef95.jpg",
          "width":634,
          "height":562
        }
      },
      "counts":{
        "likes":1,
        "comments":0,
        "repins":0
      },
      "id":"536561743080736917",
      "metadata":{
        "article":{
          "published_at":"2015-03-24T00:00:00",
          "description":"Red-faced Mila made the confession when appearing on James Cordon's The Late Show, recorded on Sunday night.",
          "name":"Mila Kunis admits being distracted during sex",
          "authors":[]
        },
        "link":{
          "locale":"en_GB",
          "title":"New mom Mila Kunis admits being distracted during sex",
          "site_name":"Mail Online",
          "description":"Red-faced Mila made the confession when appearing on James Cordon's The Late Show, recorded on Sunday night.",
          "favicon":"https:\/\/s-media-cache-ak0.pinimg.com\/favicons\/ba8856b627a2bf282a5dab73c40812571f90daf57fe69780aa1096ab.ico?a8690769c53090d08b0560db0144a818"
        }
      }
    },
    {
      "attribution":{
        "title":"Miami Dolphins Orange Carpet Arrivals",
        "provider_favicon_url":"https:\/\/s-passets-cache-ak0.pinimg.com\/images\/api\/attrib\/getty images.png",
        "author_name":"John Parra",
        "url":"http:\/\/www.gettyimages.com\/detail\/104479026",
        "author_url":"http:\/\/www.gettyimages.com\/detail\/104479026",
        "provider_name":"Getty Images"
      },
      "creator":{
        "url":"https:\/\/www.pinterest.com\/dailymail\/",
        "first_name":"Daily Mail",
        "last_name":"",
        "id":"536561880513118266"
      },
      "url":"https:\/\/www.pinterest.com\/pin\/536561743080736901\/",
      "media":{
        "type":"image"
      },
      "created_at":"2015-03-24T22:18:16",
      "original_link":"http:\/\/www.dailymail.co.uk\/tvshowbiz\/article-3010054\/Enrique-Iglesias-enjoys-spin-water-girlfriend-13-years-Anna-Kournikova.html",
      "note":"A very attractive couple: Anna and Enrique are pictured here in September 2010",
      "color":"#272422",
      "link":"https:\/\/www.pinterest.com\/r\/pin\/536561743080736901\/4779055074072594921\/a363fa7f7506bc6ec78d33ae8c939b294fcdf35b0b33a00a5cdfb13af328eed0",
      "board":{
        "url":"https:\/\/www.pinterest.com\/dailymail\/celebrities\/",
        "id":"536561811793888186",
        "name":"Celebrities"
      },
      "image":{
        "original":{
          "url":"https:\/\/s-media-cache-ak0.pinimg.com\/originals\/19\/fd\/46\/19fd4693a4d99156bbf3d2d2709cf008.jpg",
          "width":634,
          "height":884
        }
      },
      "counts":{
        "likes":1,
        "comments":0,
        "repins":2
      },
      "id":"536561743080736901",
      "metadata":{
        "article":{
          "published_at":null,
          "description":"It was a double date for singer Enrique and retired tennis pro Anna, who were joined by his half-sister Ana Boyer and her boyfriend Fernando Verdasco, also a tennis player.",
          "name":"Enrique Iglesias enjoys a spin on the water with Anna Kournikova",
          "authors":[]
        },
        "link":{
          "locale":"en_GB",
          "title":"Enrique Iglesias enjoys a spin on the water with Anna Kournikova",
          "site_name":"Mail Online",
          "description":"It was a double date for singer Enrique and retired tennis pro Anna, who were joined by his half-sister Ana Boyer and her boyfriend Fernando Verdasco, also a tennis player.",
          "favicon":"https:\/\/s-media-cache-ak0.pinimg.com\/favicons\/ba8856b627a2bf282a5dab73c40812571f90daf57fe69780aa1096ab.ico?a8690769c53090d08b0560db0144a818"
        }
      }
    },
    {
      "attribution":null,
      "creator":{
        "url":"https:\/\/www.pinterest.com\/dailymail\/",
        "first_name":"Daily Mail",
        "last_name":"",
        "id":"536561880513118266"
      },
      "url":"https:\/\/www.pinterest.com\/pin\/536561743080736872\/",
      "media":{
        "type":"image"
      },
      "created_at":"2015-03-24T22:15:40",
      "original_link":"http:\/\/www.dailymail.co.uk\/tvshowbiz\/article-3009882\/Calvin-Harris-shows-rippling-torso-shirtless-selfie-juggles-touring-training-sessions-Armani-shoot.html",
      "note":"Say cheese: Calvin Harris posted a sexy shirtless selfie from his Buenos Aires \u00a0hotel room on Monday as he gets in shape for his next Armani campaign",
      "color":"#191413",
      "link":"https:\/\/www.pinterest.com\/r\/pin\/536561743080736872\/4779055074072594921\/31b025e9d3f491a94de6841fef3fe856df23e3efaeaa4a5baeda2cd8fbb1ae8f",
      "board":{
        "url":"https:\/\/www.pinterest.com\/dailymail\/celebrities\/",
        "id":"536561811793888186",
        "name":"Celebrities"
      },
      "image":{
        "original":{
          "url":"https:\/\/s-media-cache-ak0.pinimg.com\/originals\/5a\/05\/74\/5a05743c0ad47d4f368fbca56dc017e2.jpg",
          "width":634,
          "height":638
        }
      },
      "counts":{
        "likes":0,
        "comments":0,
        "repins":3
      },
      "id":"536561743080736872",
      "metadata":{
        "article":{
          "published_at":null,
          "description":"The 31-year-old DJ told his Instagram followers that he's busy training for his next underwear campaign with the Italian fashion label, and it looks as though the star is ready for his close-up.",
          "name":"Calvin Harris shows off rippling torso in shirtless selfie",
          "authors":[]
        },
        "link":{
          "locale":"en_GB",
          "title":"Calvin Harris shows off rippling torso in shirtless selfie",
          "site_name":"Mail Online",
          "description":"The 31-year-old DJ told his Instagram followers that he's busy training for his next underwear campaign with the Italian fashion label, and it looks as though the star is ready for his close-up.",
          "favicon":"https:\/\/s-media-cache-ak0.pinimg.com\/favicons\/ba8856b627a2bf282a5dab73c40812571f90daf57fe69780aa1096ab.ico?a8690769c53090d08b0560db0144a818"
        }
      }
    },
    {
      "attribution":null,
      "creator":{
        "url":"https:\/\/www.pinterest.com\/dailymail\/",
        "first_name":"Daily Mail",
        "last_name":"",
        "id":"536561880513118266"
      },
      "url":"https:\/\/www.pinterest.com\/pin\/536561743080736814\/",
      "media":{
        "type":"image"
      },
      "created_at":"2015-03-24T22:11:52",
      "original_link":"http:\/\/www.dailymail.co.uk\/tvshowbiz\/article-3009655\/Kate-Upton-displays-enviable-cleavage-sizzling-beach-shoot-clothing-campaign.html",
      "note":"Kate Upton selects her favourite garments from the Express' spring\/summer collection for the shoot which feature a lot of fiery pinks, wild florals and destroyed denim",
      "color":"#8fa7ae",
      "link":"https:\/\/www.pinterest.com\/r\/pin\/536561743080736814\/4779055074072594921\/e59045f8d355d86929e3d83613cc95f071885c72abc0324b73925f19b0ab114b",
      "board":{
        "url":"https:\/\/www.pinterest.com\/dailymail\/celebrities\/",
        "id":"536561811793888186",
        "name":"Celebrities"
      },
      "image":{
        "original":{
          "url":"https:\/\/s-media-cache-ak0.pinimg.com\/originals\/62\/ea\/28\/62ea28a71a20b9539843dd7b3f5b7bbf.jpg",
          "width":634,
          "height":1034
        }
      },
      "counts":{
        "likes":2,
        "comments":0,
        "repins":4
      },
      "id":"536561743080736814",
      "metadata":{
        "article":{
          "published_at":null,
          "description":"Kate Upton oozes sex appeal in the latest campaign pictures for Express clothing. The model shot the sizzling pictures in her home state of Florida.",
          "name":"Kate Upton displays her enviable cleavage in sizzling beach shoot",
          "authors":[]
        },
        "link":{
          "locale":"en_GB",
          "title":"Kate Upton displays her enviable cleavage in sizzling beach shoot",
          "site_name":"Mail Online",
          "description":"Kate Upton oozes sex appeal in the latest campaign pictures for Express clothing. The model shot the sizzling pictures in her home state of Florida.",
          "favicon":"https:\/\/s-media-cache-ak0.pinimg.com\/favicons\/ba8856b627a2bf282a5dab73c40812571f90daf57fe69780aa1096ab.ico?a8690769c53090d08b0560db0144a818"
        }
      }
    },
    {
      "attribution":null,
      "creator":{
        "url":"https:\/\/www.pinterest.com\/dailymail\/",
        "first_name":"Daily Mail",
        "last_name":"",
        "id":"536561880513118266"
      },
      "url":"https:\/\/www.pinterest.com\/pin\/536561743080674067\/",
      "media":{
        "type":"image"
      },
      "created_at":"2015-03-20T08:38:53",
      "original_link":"http:\/\/www.dailymail.co.uk\/tvshowbiz\/article-3002882\/Karrueche-Tran-flaunts-taut-bikini-body-girls-holiday-Cancun-Christina-Milian.html",
      "note":"What a day: Christina shared a sunny photo of her and Karrueche on Wednesday and wrote, 'Building castles with Kae.. In our mind it's already summertime'",
      "color":"#c1cec6",
      "link":"https:\/\/www.pinterest.com\/r\/pin\/536561743080674067\/4779055074072594921\/053d88287cf6a1e01b02e74e680041409d02d3fc6c21880c91816e258441036e",
      "board":{
        "url":"https:\/\/www.pinterest.com\/dailymail\/celebrities\/",
        "id":"536561811793888186",
        "name":"Celebrities"
      },
      "image":{
        "original":{
          "url":"https:\/\/s-media-cache-ak0.pinimg.com\/originals\/de\/1d\/32\/de1d327ba81cff51ed523664e3e5eeda.jpg",
          "width":634,
          "height":635
        }
      },
      "counts":{
        "likes":0,
        "comments":0,
        "repins":0
      },
      "id":"536561743080674067",
      "metadata":{
        "article":{
          "published_at":null,
          "description":"Karrueche Tran isn't letting her recent break-up with Chris Brown get her down.",
          "name":"Karrueche Tran flaunts her bikini body again in Cancun",
          "authors":[]
        },
        "link":{
          "locale":"en_GB",
          "title":"Karrueche Tran flaunts her bikini body again in Cancun",
          "site_name":"Mail Online",
          "description":"Karrueche Tran isn't letting her recent break-up with Chris Brown get her down.",
          "favicon":"https:\/\/s-media-cache-ak0.pinimg.com\/favicons\/ba8856b627a2bf282a5dab73c40812571f90daf57fe69780aa1096ab.ico?a8690769c53090d08b0560db0144a818"
        }
      }
    },
    {
      "attribution":null,
      "creator":{
        "url":"https:\/\/www.pinterest.com\/dailymail\/",
        "first_name":"Daily Mail",
        "last_name":"",
        "id":"536561880513118266"
      },
      "url":"https:\/\/www.pinterest.com\/pin\/536561743080674062\/",
      "media":{
        "type":"image"
      },
      "created_at":"2015-03-20T08:37:44",
      "original_link":"http:\/\/www.dailymail.co.uk\/tvshowbiz\/article-3002898\/Rihanna-doubles-camouflage-trip-gym-NYC.html",
      "note":"Camouflage chic: Rihanna was seen leaving the gym in New York City on Wednesday",
      "color":"#6f7f85",
      "link":"https:\/\/www.pinterest.com\/r\/pin\/536561743080674062\/4779055074072594921\/40a68c84b181ca0ff794ba094c6355f20ee284407de8375ca071647412404615",
      "board":{
        "url":"https:\/\/www.pinterest.com\/dailymail\/celebrities\/",
        "id":"536561811793888186",
        "name":"Celebrities"
      },
      "image":{
        "original":{
          "url":"https:\/\/s-media-cache-ak0.pinimg.com\/originals\/ba\/d9\/83\/bad9834ab49b1aad998a46ee550b0be6.jpg",
          "width":634,
          "height":818
        }
      },
      "counts":{
        "likes":0,
        "comments":0,
        "repins":4
      },
      "id":"536561743080674062",
      "metadata":{
        "article":{
          "published_at":"2015-03-19T00:00:00",
          "description":"The pop star dressed down in a full camouflage tracksuit, matching jacket, and even coordinating socks while hitting up the gym in Soho.",
          "name":"Rihanna doubles up on camouflage for a trip to the gym in NYC",
          "authors":[]
        },
        "link":{
          "locale":"en_GB",
          "title":"Rihanna doubles up on camouflage for a trip to the gym in NYC",
          "site_name":"Mail Online",
          "description":"The pop star dressed down in a full camouflage tracksuit, matching jacket, and even coordinating socks while hitting up the gym in Soho.",
          "favicon":"https:\/\/s-media-cache-ak0.pinimg.com\/favicons\/ba8856b627a2bf282a5dab73c40812571f90daf57fe69780aa1096ab.ico?a8690769c53090d08b0560db0144a818"
        }
      }
    },
    {
      "attribution":null,
      "creator":{
        "url":"https:\/\/www.pinterest.com\/dailymail\/",
        "first_name":"Daily Mail",
        "last_name":"",
        "id":"536561880513118266"
      },
      "url":"https:\/\/www.pinterest.com\/pin\/536561743080674058\/",
      "media":{
        "type":"image"
      },
      "created_at":"2015-03-20T08:37:23",
      "original_link":"http:\/\/www.dailymail.co.uk\/tvshowbiz\/article-3003371\/Carey-Mulligan-Marcus-Mumford-match-navy-coats-enjoy-stroll-New-York.html",
      "note":"Cute couple: Carey Mulligan and husband Marcus Mumford were seen catching up over a winter stroll on Thursday afternoon in New York",
      "color":"#4c4d5a",
      "link":"https:\/\/www.pinterest.com\/r\/pin\/536561743080674058\/4779055074072594921\/70caba7d92c6064a92cc4a16027e6962a3508da48afbf5a726738cc4b8b5037c",
      "board":{
        "url":"https:\/\/www.pinterest.com\/dailymail\/celebrities\/",
        "id":"536561811793888186",
        "name":"Celebrities"
      },
      "image":{
        "original":{
          "url":"https:\/\/s-media-cache-ak0.pinimg.com\/originals\/6a\/7f\/3d\/6a7f3d347dc847361bd9bbb432ea3e5f.jpg",
          "width":634,
          "height":963
        }
      },
      "counts":{
        "likes":0,
        "comments":0,
        "repins":0
      },
      "id":"536561743080674058",
      "metadata":{
        "article":{
          "published_at":"2015-03-20T00:00:00",
          "description":"The cute couple walked and talked around New York on Thursday afternoon, finding the time to slot each other into their busy lives. They looked fashionable as they wrapped up for the cold.",
          "name":"Carey Mulligan and Marcus Mumford match in navy coats in New York",
          "authors":[]
        },
        "link":{
          "locale":"en_GB",
          "title":"Carey Mulligan and Marcus Mumford match in navy coats in New York\u00a0",
          "site_name":"Mail Online",
          "description":"The cute couple walked and talked around New York on Thursday afternoon, finding the time to slot each other into their busy lives. They looked fashionable as they wrapped up for the cold.",
          "favicon":"https:\/\/s-media-cache-ak0.pinimg.com\/favicons\/ba8856b627a2bf282a5dab73c40812571f90daf57fe69780aa1096ab.ico?a8690769c53090d08b0560db0144a818"
        }
      }
    },
    {
      "attribution":{
        "title":"Bulgari Press Conference - Baselworld 2015",
        "provider_favicon_url":"https:\/\/s-passets-cache-ak0.pinimg.com\/images\/api\/attrib\/getty images.png",
        "author_name":"Venturelli",
        "url":"http:\/\/www.gettyimages.com\/detail\/466918902",
        "author_url":"http:\/\/www.gettyimages.com\/detail\/466918902",
        "provider_name":"Getty Images"
      },
      "creator":{
        "url":"https:\/\/www.pinterest.com\/dailymail\/",
        "first_name":"Daily Mail",
        "last_name":"",
        "id":"536561880513118266"
      },
      "url":"https:\/\/www.pinterest.com\/pin\/536561743080674054\/",
      "media":{
        "type":"image"
      },
      "created_at":"2015-03-20T08:36:59",
      "original_link":"http:\/\/www.dailymail.co.uk\/tvshowbiz\/article-3003503\/Eva-Herzigov-Toby-Huntington-Whiteley-coordinate-black-outfits-Bulgari-launch-party.html",
      "note":"When worlds collide:\u00a0Eva Herzigov\u00e1 and Toby Huntington-Whiteley attended the Bulgari Unlock The Future event at Baselworld in Switzerland on Thursday evening",
      "color":"#2c2416",
      "link":"https:\/\/www.pinterest.com\/r\/pin\/536561743080674054\/4779055074072594921\/1f4956f7ad03171c1d93919ae5089abab32b7dd2207255afa779b995b2ae6d0e",
      "board":{
        "url":"https:\/\/www.pinterest.com\/dailymail\/celebrities\/",
        "id":"536561811793888186",
        "name":"Celebrities"
      },
      "image":{
        "original":{
          "url":"https:\/\/s-media-cache-ak0.pinimg.com\/originals\/30\/23\/c4\/3023c4c535f3f054c0e52118fe8f6ee9.jpg",
          "width":634,
          "height":948
        }
      },
      "counts":{
        "likes":2,
        "comments":0,
        "repins":1
      },
      "id":"536561743080674054",
      "metadata":{
        "article":{
          "published_at":null,
          "description":"The world of fashion and fitness collided on Thursday evening in Baselworld in Switzerland.",
          "name":"Eva Herzigov\u00e1 and Toby Huntington-Whiteley attend Bulgari watch party",
          "authors":[]
        },
        "link":{
          "locale":"en_GB",
          "title":"Eva Herzigov\u00e1 and Toby Huntington-Whiteley attend Bulgari watch party\u00a0",
          "site_name":"Mail Online",
          "description":"The world of fashion and fitness collided on Thursday evening in Baselworld in Switzerland.",
          "favicon":"https:\/\/s-media-cache-ak0.pinimg.com\/favicons\/ba8856b627a2bf282a5dab73c40812571f90daf57fe69780aa1096ab.ico?a8690769c53090d08b0560db0144a818"
        }
      }
    },
    {
      "attribution":null,
      "creator":{
        "url":"https:\/\/www.pinterest.com\/dailymail\/",
        "first_name":"Daily Mail",
        "last_name":"",
        "id":"536561880513118266"
      },
      "url":"https:\/\/www.pinterest.com\/pin\/536561743080674048\/",
      "media":{
        "type":"image"
      },
      "created_at":"2015-03-20T08:34:33",
      "original_link":"http:\/\/www.dailymail.co.uk\/tvshowbiz\/article-3002932\/Bradley-Cooper-Suki-Waterhouse-split-two-years-dating.html",
      "note":"Suki Waterhouse at the Insurgent premiere",
      "color":"#989295",
      "link":"https:\/\/www.pinterest.com\/r\/pin\/536561743080674048\/4779055074072594921\/ca756f0c3edd3b1f1800224fd459bdda020dd16c4d8b263bf06202088158ea47",
      "board":{
        "url":"https:\/\/www.pinterest.com\/dailymail\/celebrities\/",
        "id":"536561811793888186",
        "name":"Celebrities"
      },
      "image":{
        "original":{
          "url":"https:\/\/s-media-cache-ak0.pinimg.com\/originals\/6c\/57\/06\/6c5706ae85d799ba00923211ea1439bd.jpg",
          "width":306,
          "height":678
        }
      },
      "counts":{
        "likes":2,
        "comments":0,
        "repins":2
      },
      "id":"536561743080674048",
      "metadata":{
        "article":{
          "published_at":null,
          "description":"E! News reports the 40-year-old actor and the British model have called time on their romance.",
          "name":"Bradley Cooper marks Suki Waterhouse 'split' with boys' night out",
          "authors":[]
        },
        "link":{
          "locale":"en_GB",
          "title":"Bradley Cooper marks Suki Waterhouse 'split' with boys' night out",
          "site_name":"Mail Online",
          "description":"E! News reports the 40-year-old actor and the British model have called time on their romance.",
          "favicon":"https:\/\/s-media-cache-ak0.pinimg.com\/favicons\/ba8856b627a2bf282a5dab73c40812571f90daf57fe69780aa1096ab.ico?a8690769c53090d08b0560db0144a818"
        }
      }
    },
    {
      "attribution":null,
      "creator":{
        "url":"https:\/\/www.pinterest.com\/dailymail\/",
        "first_name":"Daily Mail",
        "last_name":"",
        "id":"536561880513118266"
      },
      "url":"https:\/\/www.pinterest.com\/pin\/536561743080674019\/",
      "media":{
        "type":"image"
      },
      "created_at":"2015-03-20T08:26:21",
      "original_link":"http:\/\/www.dailymail.co.uk\/news\/article-3003359\/So-Lewis-Hamilton-Hilarious-moment-young-family-ask-Grand-Prix-star-picture-Sydney-Opera-House.html",
      "note":"Shades: A smartly-dressed Lewis Hamilton was enjoying time out in Sydney after his win at the Australian Grand Prix in Melbourne on the weekend",
      "color":"#797b77",
      "link":"https:\/\/www.pinterest.com\/r\/pin\/536561743080674019\/4779055074072594921\/14208dcc639bf7decfa703f531d08acd42902147a0c102cd2ced30a5d6e66c10",
      "board":{
        "url":"https:\/\/www.pinterest.com\/dailymail\/celebrities\/",
        "id":"536561811793888186",
        "name":"Celebrities"
      },
      "image":{
        "original":{
          "url":"https:\/\/s-media-cache-ak0.pinimg.com\/originals\/df\/98\/54\/df9854c9a99bffea7f1ad6e920ee69fd.jpg",
          "width":634,
          "height":638
        }
      },
      "counts":{
        "likes":1,
        "comments":0,
        "repins":0
      },
      "id":"536561743080674019",
      "metadata":{
        "article":{
          "published_at":null,
          "description":"When a pair of sightseers crossed paths with Lewis Hamilton beneath the Sydney Opera House this week, a 'selfie' photo with the British Formula 1 Champion was the last thing on their minds.",
          "name":"So who is Lewis Hamilton anyway? Tourists ask GP star for picture",
          "authors":[]
        },
        "link":{
          "locale":"en_GB",
          "title":"So who is Lewis Hamilton anyway? Tourists ask GP star for picture",
          "site_name":"Mail Online",
          "description":"When a pair of sightseers crossed paths with Lewis Hamilton beneath the Sydney Opera House this week, a 'selfie' photo with  the British Formula 1 Champion was the last thing on their minds.",
          "favicon":"https:\/\/s-media-cache-ak0.pinimg.com\/favicons\/ba8856b627a2bf282a5dab73c40812571f90daf57fe69780aa1096ab.ico?a8690769c53090d08b0560db0144a818"
        }
      }
    },
    {
      "attribution":null,
      "creator":{
        "url":"https:\/\/www.pinterest.com\/dailymail\/",
        "first_name":"Daily Mail",
        "last_name":"",
        "id":"536561880513118266"
      },
      "url":"https:\/\/www.pinterest.com\/pin\/536561743080674015\/",
      "media":{
        "type":"image"
      },
      "created_at":"2015-03-20T08:25:29",
      "original_link":"http:\/\/www.dailymail.co.uk\/tvshowbiz\/article-3003653\/Heavily-pregnant-Jessica-Biel-Justin-Timberlake-enjoy-night-restaurant-opening-welcoming-baby.html",
      "note":"Pre-baby outing: Pregnant Jessica Biel (left) and Justin Timberlake (right) attended the opening of the Hollywood Greenleaf Gourmet Chopshop on Wednesday and snapped a photo with Chef Jon Rollo",
      "color":"#231f26",
      "link":"https:\/\/www.pinterest.com\/r\/pin\/536561743080674015\/4779055074072594921\/66b55c32e9e978a8d09ccb3d3bce40b05d4c159ad6d0e78e515a6e10cefbe3de",
      "board":{
        "url":"https:\/\/www.pinterest.com\/dailymail\/celebrities\/",
        "id":"536561811793888186",
        "name":"Celebrities"
      },
      "image":{
        "original":{
          "url":"https:\/\/s-media-cache-ak0.pinimg.com\/originals\/aa\/93\/0b\/aa930bba69f17309407032325e14a4fc.jpg",
          "width":634,
          "height":423
        }
      },
      "counts":{
        "likes":2,
        "comments":0,
        "repins":0
      },
      "id":"536561743080674015",
      "metadata":{
        "article":{
          "published_at":null,
          "description":"The couple, married in 2012, announced they were expecting their first child together on January 31.",
          "name":"Heavily pregnant Jessica Biel and Justin Timberlake enjoy a night out",
          "authors":[]
        },
        "link":{
          "locale":"en_GB",
          "title":"Heavily pregnant Jessica Biel and Justin Timberlake enjoy a night out",
          "site_name":"Mail Online",
          "description":"The couple, married in 2012, announced they were expecting their first child together on January 31.",
          "favicon":"https:\/\/s-media-cache-ak0.pinimg.com\/favicons\/ba8856b627a2bf282a5dab73c40812571f90daf57fe69780aa1096ab.ico?a8690769c53090d08b0560db0144a818"
        }
      }
    },
    {
      "attribution":null,
      "creator":{
        "url":"https:\/\/www.pinterest.com\/dailymail\/",
        "first_name":"Daily Mail",
        "last_name":"",
        "id":"536561880513118266"
      },
      "url":"https:\/\/www.pinterest.com\/pin\/536561743080663119\/",
      "media":{
        "type":"image"
      },
      "created_at":"2015-03-19T14:50:47",
      "original_link":"http:\/\/www.dailymail.co.uk\/tvshowbiz\/article-3002072\/Sienna-Miller-cuts-low-key-figure-fluffy-hood-New-York-just-days-ex-fianc-Jude-Law-welcomes-FIFTH-child.html",
      "note":"All bundled up: Sienna Miller appeared to be going incognito as she stepped out in New York on Wednesday, covering up her face under a large fluffy hood and sunglasses",
      "color":"#b7b3ab",
      "link":"https:\/\/www.pinterest.com\/r\/pin\/536561743080663119\/4779055074072594921\/f8533bb3fb867c2e2e83184d4f366b9d42047e2069a189da17c78ef728783ad8",
      "board":{
        "url":"https:\/\/www.pinterest.com\/dailymail\/celebrities\/",
        "id":"536561811793888186",
        "name":"Celebrities"
      },
      "image":{
        "original":{
          "url":"https:\/\/s-media-cache-ak0.pinimg.com\/originals\/16\/0b\/f9\/160bf96c54331ea8c75ea52c8536f31a.jpg",
          "width":634,
          "height":1029
        }
      },
      "counts":{
        "likes":0,
        "comments":0,
        "repins":2
      },
      "id":"536561743080663119",
      "metadata":{
        "article":{
          "published_at":"2015-03-19T00:00:00",
          "description":"Sienna Miller looked deep in contemplation as she stepped out in New York on Wednesday, cutting a solo and almost an incognito figure.",
          "name":"Sienna Miller cuts a low-key figure under fluffy hood while out in NYC",
          "authors":[]
        },
        "link":{
          "locale":"en_GB",
          "title":"Sienna Miller cuts a low-key figure under fluffy hood while out in NYC",
          "site_name":"Mail Online",
          "description":"Sienna Miller looked deep in contemplation as she stepped out in New York on Wednesday, cutting a solo and almost an incognito figure.",
          "favicon":"https:\/\/s-media-cache-ak0.pinimg.com\/favicons\/ba8856b627a2bf282a5dab73c40812571f90daf57fe69780aa1096ab.ico?a8690769c53090d08b0560db0144a818"
        }
      }
    },
    {
      "attribution":null,
      "creator":{
        "url":"https:\/\/www.pinterest.com\/dailymail\/",
        "first_name":"Daily Mail",
        "last_name":"",
        "id":"536561880513118266"
      },
      "url":"https:\/\/www.pinterest.com\/pin\/536561743080663117\/",
      "media":{
        "type":"image"
      },
      "created_at":"2015-03-19T14:50:27",
      "original_link":"http:\/\/www.dailymail.co.uk\/tvshowbiz\/article-3002062\/Woman-s-best-friend-Amanda-Seyfried-dresses-casual-day-adorable-canine-companion-Finn.html",
      "note":"Woman's best friend! Amanda Seyfried\u00a0giggled away as her cute canine companion Finn leaped on her in the street for an impromptu cuddle on Wednesday",
      "color":"#766354",
      "link":"https:\/\/www.pinterest.com\/r\/pin\/536561743080663117\/4779055074072594921\/67b946f4a94a4780cb6f99ed2c90040f8ae48daf3b98bc87791deca63d76f601",
      "board":{
        "url":"https:\/\/www.pinterest.com\/dailymail\/celebrities\/",
        "id":"536561811793888186",
        "name":"Celebrities"
      },
      "image":{
        "original":{
          "url":"https:\/\/s-media-cache-ak0.pinimg.com\/originals\/8b\/dc\/e6\/8bdce6ad6a36c9626aa8e29ea336cb57.jpg",
          "width":634,
          "height":818
        }
      },
      "counts":{
        "likes":3,
        "comments":0,
        "repins":4
      },
      "id":"536561743080663117",
      "metadata":{
        "article":{
          "published_at":null,
          "description":"They say dogs are man's best friend. But, during a casual outing in New York on Wednesday, actress Amanda Seyfried proved they can also serve women pretty well too.",
          "name":"Amanda Seyfried dresses down for day out with canine companion Finn",
          "authors":[]
        },
        "link":{
          "locale":"en_GB",
          "title":"Amanda Seyfried dresses down for day out with canine companion Finn",
          "site_name":"Mail Online",
          "description":"They say dogs are man's best friend. But, during a casual outing in New York on Wednesday, actress Amanda Seyfried proved they can also serve women pretty well too.",
          "favicon":"https:\/\/s-media-cache-ak0.pinimg.com\/favicons\/ba8856b627a2bf282a5dab73c40812571f90daf57fe69780aa1096ab.ico?a8690769c53090d08b0560db0144a818"
        }
      }
    },
    {
      "attribution":null,
      "creator":{
        "url":"https:\/\/www.pinterest.com\/dailymail\/",
        "first_name":"Daily Mail",
        "last_name":"",
        "id":"536561880513118266"
      },
      "url":"https:\/\/www.pinterest.com\/pin\/536561743080663112\/",
      "media":{
        "type":"image"
      },
      "created_at":"2015-03-19T14:50:02",
      "original_link":"http:\/\/www.dailymail.co.uk\/tvshowbiz\/article-3001947\/Standing-Leighton-Meester-dons-metallic-statement-trousers-Like-Sunday-Like-Rain-premiere.html",
      "note":"Flashy: Leighton Meester\u00a0donned a pair of shimmery metallic loose-fit trousers at the premiere of her latest film Like Sunday, Like Rain in Encino, California on Wednesday",
      "color":"#736657",
      "link":"https:\/\/www.pinterest.com\/r\/pin\/536561743080663112\/4779055074072594921\/195f25b635c9dd77c16d1b29c232fb732d0ee0f65e5a628715b5a5698dbcd211",
      "board":{
        "url":"https:\/\/www.pinterest.com\/dailymail\/celebrities\/",
        "id":"536561811793888186",
        "name":"Celebrities"
      },
      "image":{
        "original":{
          "url":"https:\/\/s-media-cache-ak0.pinimg.com\/originals\/16\/1f\/87\/161f87583c7c97d091b5a7cd66f68c95.jpg",
          "width":634,
          "height":838
        }
      },
      "counts":{
        "likes":1,
        "comments":0,
        "repins":5
      },
      "id":"536561743080663112",
      "metadata":{
        "article":{
          "published_at":null,
          "description":"She made a flashy statement while promoting her latest film Like Sunday, Like Rain",
          "name":"Leighton Meester dons metallic loose-fit trousers at film premiere",
          "authors":[]
        },
        "link":{
          "locale":"en_GB",
          "title":"Leighton Meester dons metallic loose-fit trousers at film premiere",
          "site_name":"Mail Online",
          "description":"She made a flashy statement while promoting her latest film Like Sunday, Like Rain",
          "favicon":"https:\/\/s-media-cache-ak0.pinimg.com\/favicons\/ba8856b627a2bf282a5dab73c40812571f90daf57fe69780aa1096ab.ico?a8690769c53090d08b0560db0144a818"
        }
      }
    },
    {
      "attribution":null,
      "creator":{
        "url":"https:\/\/www.pinterest.com\/dailymail\/",
        "first_name":"Daily Mail",
        "last_name":"",
        "id":"536561880513118266"
      },
      "url":"https:\/\/www.pinterest.com\/pin\/536561743080663084\/",
      "media":{
        "type":"image"
      },
      "created_at":"2015-03-19T14:46:40",
      "original_link":"http:\/\/www.dailymail.co.uk\/tvshowbiz\/article-3002301\/Kate-Upton-shows-famous-curves-stunning-monochrome-shoot-admits-bit-hate-good-me.html",
      "note":"Pin-up: Kate Upton shows off her famous curves in a Victoria Beckham skirt in a new shoot for The Edit",
      "color":"#544f4a",
      "link":"https:\/\/www.pinterest.com\/r\/pin\/536561743080663084\/4779055074072594921\/254ab502ee722f0eb157ee166baa93e3e5de6122ae53b1d93fe8e916e63eaaee",
      "board":{
        "url":"https:\/\/www.pinterest.com\/dailymail\/celebrities\/",
        "id":"536561811793888186",
        "name":"Celebrities"
      },
      "image":{
        "original":{
          "url":"https:\/\/s-media-cache-ak0.pinimg.com\/originals\/64\/a8\/e2\/64a8e242d1f0a942f8b86324077c320a.jpg",
          "width":634,
          "height":851
        }
      },
      "counts":{
        "likes":1,
        "comments":0,
        "repins":5
      },
      "id":"536561743080663084",
      "metadata":{
        "article":{
          "published_at":null,
          "description":"The 22-year-old actress and model looks flawless in a sporty shoot for net-a-porter's The Edit magazine.",
          "name":"Kate Upton admits 'a bit of hate is good for me'",
          "authors":[]
        },
        "link":{
          "locale":"en_GB",
          "title":"Kate Upton admits 'a bit of hate is good for me'",
          "site_name":"Mail Online",
          "description":"The 22-year-old actress and model looks flawless in a sporty shoot for net-a-porter's The Edit magazine.",
          "favicon":"https:\/\/s-media-cache-ak0.pinimg.com\/favicons\/ba8856b627a2bf282a5dab73c40812571f90daf57fe69780aa1096ab.ico?a8690769c53090d08b0560db0144a818"
        }
      }
    },
    {
      "attribution":null,
      "creator":{
        "url":"https:\/\/www.pinterest.com\/dailymail\/",
        "first_name":"Daily Mail",
        "last_name":"",
        "id":"536561880513118266"
      },
      "url":"https:\/\/www.pinterest.com\/pin\/536561743080663065\/",
      "media":{
        "type":"image"
      },
      "created_at":"2015-03-19T14:43:04",
      "original_link":"http:\/\/www.dailymail.co.uk\/tvshowbiz\/article-3002217\/She-s-red-Rita-Ora-wows-strapless-ball-gown-celebrates-100-years-Coca-Cola-s-famous-contour-bottle.html",
      "note":"Timeless beauty: Rita Ora looked a vintage dream in a red satin gown with a dangerously high slit up her thigh as she posed at Coca-Cola's 100th anniversary event in London on Thursday",
      "color":"#451d0f",
      "link":"https:\/\/www.pinterest.com\/r\/pin\/536561743080663065\/4779055074072594921\/289898bef1cdd6f63e6e59218f6386488e12c6cfbe69eeb93b667eaf5810b7a0",
      "board":{
        "url":"https:\/\/www.pinterest.com\/dailymail\/celebrities\/",
        "id":"536561811793888186",
        "name":"Celebrities"
      },
      "image":{
        "original":{
          "url":"https:\/\/s-media-cache-ak0.pinimg.com\/originals\/dd\/40\/d9\/dd40d93dc33564a2410db22488adc7f8.jpg",
          "width":634,
          "height":665
        }
      },
      "counts":{
        "likes":3,
        "comments":0,
        "repins":7
      },
      "id":"536561743080663065",
      "metadata":{
        "article":{
          "published_at":null,
          "description":"She is, of course, a pop star. So it might be fitting that bubbly singer\/songwriter Rita Ora should be seen celebrating 100 years of Coca Cola on Thursday.",
          "name":"Rita Ora celebrates 100 years of Coca Cola",
          "authors":[]
        },
        "link":{
          "locale":"en_GB",
          "title":"Rita Ora celebrates 100 years of Coca Cola",
          "site_name":"Mail Online",
          "description":"She is, of course, a pop star. So it might be fitting that bubbly singer\/songwriter Rita Ora should be seen celebrating 100 years of Coca Cola on Thursday.",
          "favicon":"https:\/\/s-media-cache-ak0.pinimg.com\/favicons\/ba8856b627a2bf282a5dab73c40812571f90daf57fe69780aa1096ab.ico?a8690769c53090d08b0560db0144a818"
        }
      }
    },
    {
      "attribution":null,
      "creator":{
        "url":"https:\/\/www.pinterest.com\/dailymail\/",
        "first_name":"Daily Mail",
        "last_name":"",
        "id":"536561880513118266"
      },
      "url":"https:\/\/www.pinterest.com\/pin\/536561743080661543\/",
      "media":{
        "type":"image"
      },
      "created_at":"2015-03-19T11:35:58",
      "original_link":"http:\/\/www.dailymail.co.uk\/tvshowbiz\/article-3001425\/I-don-t-like-labels-Shailene-Woodley-defends-comment-feminism-showcases-tomboy-chic-Nylon.html",
      "note":"No labels:\u00a0Shailene Woodley is quick to distance herself from being called a feminist in Nylon magazine's April issue",
      "color":"#dedede",
      "link":"https:\/\/www.pinterest.com\/r\/pin\/536561743080661543\/4779055074072594921\/f4f73ab26f9aaf588ca1b66fcde5c4ac615657e20daecf3423b5026ed7e8ff83",
      "board":{
        "url":"https:\/\/www.pinterest.com\/dailymail\/celebrities\/",
        "id":"536561811793888186",
        "name":"Celebrities"
      },
      "image":{
        "original":{
          "url":"https:\/\/s-media-cache-ak0.pinimg.com\/originals\/e8\/91\/cb\/e891cb1bf87d8c7d14985096aa9a8021.jpg",
          "width":634,
          "height":924
        }
      },
      "counts":{
        "likes":2,
        "comments":0,
        "repins":5
      },
      "id":"536561743080661543",
      "metadata":{
        "article":{
          "published_at":null,
          "description":"Her part in The Divergent series sees her co-star with Kate Winslet, who she said showered her with wisdom on navigating the press",
          "name":"'I don't like labels!' Shailene Woodley defends comment on feminism",
          "authors":[]
        },
        "link":{
          "locale":"en_GB",
          "title":"'I don't like labels!' Shailene Woodley defends comment on feminism",
          "site_name":"Mail Online",
          "description":"Her part in The Divergent series sees her co-star with Kate Winslet, who she said showered her with wisdom on navigating the press",
          "favicon":"https:\/\/s-media-cache-ak0.pinimg.com\/favicons\/ba8856b627a2bf282a5dab73c40812571f90daf57fe69780aa1096ab.ico?a8690769c53090d08b0560db0144a818"
        }
      }
    }
  ],
  "page":{
    "cursor":"LT41MzY1NjE3NDMwODA2NjE1NDM6NzIyfDVjNzIzYWJkYjU5NzFmOTQ3OWE3MmIyOWJhZGQzYTRjNjkxNGU3Mzg3MWFkODBjNzJmOWFkMTdmYjA2NjdkY2E=",
    "next":"https:\/\/api.pinterest.com\/v1\/boards\/dailymail\/celebrities\/pins\/?access_token=AZlZE-HOK-Y4205yRft75KyYVaauFCBIs8jxSxdCtrJcomAqbQAAAAA&fields=id%2Clink%2Cnote%2Curl%2Cattribution%2Cmedia%2Cmetadata%2Cboard%2Ccolor%2Ccounts%2Ccreated_at%2Ccreator%2Cimage%2Coriginal_link&cursor=LT41MzY1NjE3NDMwODA2NjE1NDM6NzIyfDVjNzIzYWJkYjU5NzFmOTQ3OWE3MmIyOWJhZGQzYTRjNjkxNGU3Mzg3MWFkODBjNzJmOWFkMTdmYjA2NjdkY2E%3D"
  }
}
