{
  "data":[
    {
      "attribution":null,
      "creator":{
        "url":"https:\/\/www.pinterest.com\/chicoulino\/",
        "first_name":"Vicky",
        "last_name":"S.",
        "id":"279575226776289301"
      },
      "url":"https:\/\/www.pinterest.com\/pin\/279575089343536914\/",
      "media":{
        "type":"image"
      },
      "created_at":"2014-12-03T01:57:10",
      "original_link":"http:\/\/www.justjared.com\/photo-gallery\/3253606\/blake-lively-baby-bump-looks-so-much-bigger-01\/",
      "note":"Pregnant Blake Lively's Baby Bump",
      "color":"#aeaba9",
      "link":"https:\/\/www.pinterest.com\/r\/pin\/279575089343536914\/4779055074072594921\/353b059da16b8891e738287ae2d55b62ffdd0ce4537d245de667fd8ed298d7cc",
      "board":{
        "url":"https:\/\/www.pinterest.com\/chicoulino\/celebrities\/",
        "id":"279575158056916317",
        "name":"Celebrities"
      },
      "image":{
        "original":{
          "url":"https:\/\/s-media-cache-ak0.pinimg.com\/originals\/9d\/e5\/75\/9de575d9ac75560586f6e8f0f1a3eedf.jpg",
          "width":817,
          "height":1222
        }
      },
      "counts":{
        "likes":2,
        "comments":0,
        "repins":8
      },
      "id":"279575089343536914",
      "metadata":{
      }
    },
    {
      "attribution":null,
      "creator":{
        "url":"https:\/\/www.pinterest.com\/chicoulino\/",
        "first_name":"Vicky",
        "last_name":"S.",
        "id":"279575226776289301"
      },
      "url":"https:\/\/www.pinterest.com\/pin\/279575089343525433\/",
      "media":{
        "type":"image"
      },
      "created_at":"2014-11-30T22:05:48",
      "original_link":"https:\/\/scontent-b-ams.xx.fbcdn.net\/hphotos-xfp1\/v\/t1.0-9\/10300891_965444416818674_642091271515914390_n.png?oh=b474f2bc7d863a7f56103bfae3fd42c4&oe=55133320",
      "note":"Scandal cast selfie",
      "color":"#be9d8d",
      "link":"https:\/\/www.pinterest.com\/r\/pin\/279575089343525433\/4779055074072594921\/66ec046047c708b0e8f03a9c10688852ba522b66a9ea7653f534e11245cd3e27",
      "board":{
        "url":"https:\/\/www.pinterest.com\/chicoulino\/celebrities\/",
        "id":"279575158056916317",
        "name":"Celebrities"
      },
      "image":{
        "original":{
          "url":"https:\/\/s-media-cache-ak0.pinimg.com\/originals\/8b\/46\/bf\/8b46bffc02ef56b58a4af726faa53324.jpg",
          "width":609,
          "height":613
        }
      },
      "counts":{
        "likes":9,
        "comments":0,
        "repins":19
      },
      "id":"279575089343525433",
      "metadata":{
      }
    },
    {
      "attribution":null,
      "creator":{
        "url":"https:\/\/www.pinterest.com\/chicoulino\/",
        "first_name":"Vicky",
        "last_name":"S.",
        "id":"279575226776289301"
      },
      "url":"https:\/\/www.pinterest.com\/pin\/279575089343425824\/",
      "media":{
        "type":"image"
      },
      "created_at":"2014-11-13T03:06:01",
      "original_link":"https:\/\/fbcdn-sphotos-b-a.akamaihd.net\/hphotos-ak-xap1\/v\/t1.0-9\/10177479_10152548525623510_3239948431430485482_n.jpg?oh=35f476e107d639744609b3350f4c485c&oe=54E6F832&__gda__=1423605095_235fba9e86ab58baf0b054fc76f58a5e",
      "note":"Giles Marini: It is such an amazing feeling to be loved, it also brings so much responsibility. You can never take it for granted. I wanna have another 10 life with you Madame @carolemarini ... I love you",
      "color":"#9bbeba",
      "link":"https:\/\/www.pinterest.com\/r\/pin\/279575089343425824\/4779055074072594921\/61fa5559fb248932ff691ce2c6c7928470db2b70e220b39069e5e56660b5c7ac",
      "board":{
        "url":"https:\/\/www.pinterest.com\/chicoulino\/celebrities\/",
        "id":"279575158056916317",
        "name":"Celebrities"
      },
      "image":{
        "original":{
          "url":"https:\/\/s-media-cache-ak0.pinimg.com\/originals\/39\/8d\/41\/398d41d1b718607c9bda9f8a9526c371.jpg",
          "width":640,
          "height":640
        }
      },
      "counts":{
        "likes":1,
        "comments":0,
        "repins":4
      },
      "id":"279575089343425824",
      "metadata":{
      }
    },
    {
      "attribution":{
        "title":"Kelly & Michael \"Shake It Off\" Slew Of Celeb Cameos - Halloween Show",
        "url":"http:\/\/www.youtube.com\/watch?v=mwXT5vyEjYQ",
        "provider_icon_url":"https:\/\/s-passets-cache-ak0.pinimg.com\/images\/api\/attrib\/youtube@2x.png",
        "author_name":"IdolxMuzic2",
        "provider_favicon_url":"https:\/\/s-passets-cache-ak0.pinimg.com\/images\/api\/attrib\/youtube.png",
        "author_url":"http:\/\/www.youtube.com\/user\/IdolxMuzic2",
        "provider_name":"youtube"
      },
      "creator":{
        "url":"https:\/\/www.pinterest.com\/chicoulino\/",
        "first_name":"Vicky",
        "last_name":"S.",
        "id":"279575226776289301"
      },
      "url":"https:\/\/www.pinterest.com\/pin\/279575089343362696\/",
      "media":{
        "type":"video"
      },
      "created_at":"2014-11-02T15:06:49",
      "original_link":"http:\/\/www.youtube.com\/watch?v=mwXT5vyEjYQ",
      "note":"Kelly & Michael Shake It Off Slew Of Celeb Cameos - Halloween Show",
      "color":"#aa8878",
      "link":"https:\/\/www.pinterest.com\/r\/pin\/279575089343362696\/4779055074072594921\/21291e7127e0c3e7b4a296f38613aeff96025589271ba5823332febd2aa1c279",
      "board":{
        "url":"https:\/\/www.pinterest.com\/chicoulino\/celebrities\/",
        "id":"279575158056916317",
        "name":"Celebrities"
      },
      "image":{
        "original":{
          "url":"https:\/\/s-media-cache-ak0.pinimg.com\/originals\/46\/8e\/dc\/468edc886ec470fefc0646f43bcabd07.jpg",
          "width":480,
          "height":360
        }
      },
      "counts":{
        "likes":2,
        "comments":0,
        "repins":3
      },
      "id":"279575089343362696",
      "metadata":{
      }
    },
    {
      "attribution":{
        "title":"How far would you go for a Nespresso? Featuring George Clooney and Jean Dujardin",
        "url":"http:\/\/www.youtube.com\/watch?v=-jVMYQACn84",
        "provider_icon_url":"https:\/\/s-passets-cache-ak0.pinimg.com\/images\/api\/attrib\/youtube@2x.png",
        "author_name":"Nespresso",
        "provider_favicon_url":"https:\/\/s-passets-cache-ak0.pinimg.com\/images\/api\/attrib\/youtube.png",
        "author_url":"http:\/\/www.youtube.com\/user\/nespresso",
        "provider_name":"youtube"
      },
      "creator":{
        "url":"https:\/\/www.pinterest.com\/chicoulino\/",
        "first_name":"Vicky",
        "last_name":"S.",
        "id":"279575226776289301"
      },
      "url":"https:\/\/www.pinterest.com\/pin\/279575089343362675\/",
      "media":{
        "type":"video"
      },
      "created_at":"2014-11-02T14:59:02",
      "original_link":"http:\/\/www.youtube.com\/watch?v=-jVMYQACn84",
      "note":"How far would you go for a Nespresso? Featuring George Clooney and Jean Dujardin -",
      "color":"#3d403e",
      "link":"https:\/\/www.pinterest.com\/r\/pin\/279575089343362675\/4779055074072594921\/54a31f4707d30f9044fee9e65131b7da9af82032d8d17f96994a37091445a0bf",
      "board":{
        "url":"https:\/\/www.pinterest.com\/chicoulino\/celebrities\/",
        "id":"279575158056916317",
        "name":"Celebrities"
      },
      "image":{
        "original":{
          "url":"https:\/\/s-media-cache-ak0.pinimg.com\/originals\/ca\/8f\/39\/ca8f39442853ec3d905fd92c701f195e.jpg",
          "width":480,
          "height":360
        }
      },
      "counts":{
        "likes":1,
        "comments":0,
        "repins":1
      },
      "id":"279575089343362675",
      "metadata":{
        "link":{
          "locale":"en",
          "title":"YouTube",
          "site_name":"youtube.com",
          "description":"Discover the new Nespresso commercial starring George Clooney and Jean Dujardin. See more on: http:\/\/www.nespresso.com\/howfar",
          "favicon":"https:\/\/s-media-cache-ak0.pinimg.com\/favicons\/e22912b0b75caa59cd34dfeccf036835e8228078d1a6ba2eb7d9756b.png?f0d1a7e249d08bf45b786b9052999a46"
        }
      }
    },
    {
      "attribution":{
        "title":"Wheel of Impressions with Kevin Spacey",
        "url":"http:\/\/www.youtube.com\/watch?v=-kWHMH2kxXs",
        "provider_icon_url":"https:\/\/s-passets-cache-ak0.pinimg.com\/images\/api\/attrib\/youtube@2x.png",
        "author_name":"The Tonight Show Starring Jimmy Fallon",
        "provider_favicon_url":"https:\/\/s-passets-cache-ak0.pinimg.com\/images\/api\/attrib\/youtube.png",
        "author_url":"http:\/\/www.youtube.com\/user\/latenight",
        "provider_name":"youtube"
      },
      "creator":{
        "url":"https:\/\/www.pinterest.com\/chicoulino\/",
        "first_name":"Vicky",
        "last_name":"S.",
        "id":"279575226776289301"
      },
      "url":"https:\/\/www.pinterest.com\/pin\/279575089343359584\/",
      "media":{
        "type":"video"
      },
      "created_at":"2014-11-02T00:04:11",
      "original_link":"http:\/\/www.youtube.com\/watch?v=-kWHMH2kxXs",
      "note":"Jimmy Fallon, Kevin Spacey Nail It With Hollywood Halloween Impressions on \u2018Tonight Show\u2019",
      "color":"#1d1318",
      "link":"https:\/\/www.pinterest.com\/r\/pin\/279575089343359584\/4779055074072594921\/38a6ccd9cd5c842c5c5562cc7748c7e06421d324c5907377d55de760f4a69d13",
      "board":{
        "url":"https:\/\/www.pinterest.com\/chicoulino\/celebrities\/",
        "id":"279575158056916317",
        "name":"Celebrities"
      },
      "image":{
        "original":{
          "url":"https:\/\/s-media-cache-ak0.pinimg.com\/originals\/02\/2a\/a6\/022aa622da66d4e8b1381bd53b77f531.jpg",
          "width":480,
          "height":360
        }
      },
      "counts":{
        "likes":4,
        "comments":0,
        "repins":13
      },
      "id":"279575089343359584",
      "metadata":{
        "link":{
          "locale":"en",
          "title":"Wheel of Impressions with Kevin Spacey",
          "site_name":"YouTube",
          "description":"In this Halloween edition of Wheel of Impressions, Jimmy and Kevin take turns doing random celebrity impersonations, such as Christopher Walken talking about...",
          "favicon":"https:\/\/s-media-cache-ak0.pinimg.com\/favicons\/c4cd5be60ed3cec6eba5996d23c2004430440b36f88d692ad855868a.png?f0d1a7e249d08bf45b786b9052999a46"
        }
      }
    },
    {
      "attribution":null,
      "creator":{
        "url":"https:\/\/www.pinterest.com\/chicoulino\/",
        "first_name":"Vicky",
        "last_name":"S.",
        "id":"279575226776289301"
      },
      "url":"https:\/\/www.pinterest.com\/pin\/279575089343302938\/",
      "media":{
        "type":"image"
      },
      "created_at":"2014-10-22T12:23:31",
      "original_link":"https:\/\/fbcdn-sphotos-c-a.akamaihd.net\/hphotos-ak-xap1\/v\/t1.0-9\/10689813_355636521271486_8639270285627486032_n.jpg?oh=442e85cf32bc6144728127b9baa2ca15&oe=54ED46D3&__gda__=1421555471_fe63688c4f625475b9f61b635ef1d696",
      "note":"Payback time",
      "color":"#797f6a",
      "link":"https:\/\/www.pinterest.com\/r\/pin\/279575089343302938\/4779055074072594921\/bd1591d8213261d36972126ea3bf459cc66a09703f40f33b3d9c03b4f7bc9313",
      "board":{
        "url":"https:\/\/www.pinterest.com\/chicoulino\/celebrities\/",
        "id":"279575158056916317",
        "name":"Celebrities"
      },
      "image":{
        "original":{
          "url":"https:\/\/s-media-cache-ak0.pinimg.com\/originals\/57\/d9\/49\/57d949e929e4c3c96c230bac1a4690bc.jpg",
          "width":497,
          "height":428
        }
      },
      "counts":{
        "likes":5,
        "comments":0,
        "repins":10
      },
      "id":"279575089343302938",
      "metadata":{
      }
    },
    {
      "attribution":null,
      "creator":{
        "url":"https:\/\/www.pinterest.com\/chicoulino\/",
        "first_name":"Vicky",
        "last_name":"S.",
        "id":"279575226776289301"
      },
      "url":"https:\/\/www.pinterest.com\/pin\/279575089343180106\/",
      "media":{
        "type":"image"
      },
      "created_at":"2014-09-30T11:21:49",
      "original_link":"https:\/\/scontent-a-ams.xx.fbcdn.net\/hphotos-xpf1\/v\/t1.0-9\/10672246_693194040772558_7853424611107859989_n.jpg?oh=cbf62d07b5193f63c7722d3b11c199cc&oe=54C21362",
      "note":"George & Amal People Wedding Cover",
      "color":"#cdbdb3",
      "link":"https:\/\/www.pinterest.com\/r\/pin\/279575089343180106\/4779055074072594921\/29598aa005c7499632a69d0abfe964259b6acaebeb4e290e3cdeca8facd6edfd",
      "board":{
        "url":"https:\/\/www.pinterest.com\/chicoulino\/celebrities\/",
        "id":"279575158056916317",
        "name":"Celebrities"
      },
      "image":{
        "original":{
          "url":"https:\/\/s-media-cache-ak0.pinimg.com\/originals\/76\/4b\/fe\/764bfe9e50e6205d56554de99cd605cc.jpg",
          "width":640,
          "height":960
        }
      },
      "counts":{
        "likes":2,
        "comments":0,
        "repins":4
      },
      "id":"279575089343180106",
      "metadata":{
      }
    },
    {
      "attribution":null,
      "creator":{
        "url":"https:\/\/www.pinterest.com\/chicoulino\/",
        "first_name":"Vicky",
        "last_name":"S.",
        "id":"279575226776289301"
      },
      "url":"https:\/\/www.pinterest.com\/pin\/279575089343111945\/",
      "media":{
        "type":"image"
      },
      "created_at":"2014-09-18T02:06:01",
      "original_link":"https:\/\/fbcdn-sphotos-c-a.akamaihd.net\/hphotos-ak-xfa1\/v\/t1.0-9\/10609673_10152736051784433_6448391404696814925_n.jpg?oh=83aa77b1c27c57796c20d78ad41f8645&oe=54C90856&__gda__=1422883515_17c530287d2ead18b81abd5e9926ca4b",
      "note":"Inside Robert de Niro's new $125K-per-month apartment:",
      "color":"#9c8e7f",
      "link":"https:\/\/www.pinterest.com\/r\/pin\/279575089343111945\/4779055074072594921\/2a525cf3edf0822e510f132f702e04cfb46e7cbf8d2d06d6f85cd2cfb62cc710",
      "board":{
        "url":"https:\/\/www.pinterest.com\/chicoulino\/celebrities\/",
        "id":"279575158056916317",
        "name":"Celebrities"
      },
      "image":{
        "original":{
          "url":"https:\/\/s-media-cache-ak0.pinimg.com\/originals\/f6\/fa\/21\/f6fa215607404b78a73540a40cdb5596.jpg",
          "width":840,
          "height":560
        }
      },
      "counts":{
        "likes":1,
        "comments":0,
        "repins":6
      },
      "id":"279575089343111945",
      "metadata":{
      }
    },
    {
      "attribution":{
        "title":"Gisele B\u00fcndchen - I WILL WHAT I WANT",
        "url":"http:\/\/www.youtube.com\/watch?v=H-V7cOestUs",
        "provider_icon_url":"https:\/\/s-passets-cache-ak0.pinimg.com\/images\/api\/attrib\/youtube@2x.png",
        "author_name":"Under Armour",
        "provider_favicon_url":"https:\/\/s-passets-cache-ak0.pinimg.com\/images\/api\/attrib\/youtube.png",
        "author_url":"http:\/\/www.youtube.com\/user\/underarmour",
        "provider_name":"youtube"
      },
      "creator":{
        "url":"https:\/\/www.pinterest.com\/chicoulino\/",
        "first_name":"Vicky",
        "last_name":"S.",
        "id":"279575226776289301"
      },
      "url":"https:\/\/www.pinterest.com\/pin\/279575089343062941\/",
      "media":{
        "type":"video"
      },
      "created_at":"2014-09-09T01:56:01",
      "original_link":"http:\/\/www.youtube.com\/watch?v=H-V7cOestUs",
      "note":"Gisele B\u00fcndchen's Answer For Her Haters Is Breathtaking",
      "color":"#868b8d",
      "link":"https:\/\/www.pinterest.com\/r\/pin\/279575089343062941\/4779055074072594921\/5d5e7f28426dabad93649f4ece2f8ccde343cdfaf8ffbf82a247bfe0c81fd5fb",
      "board":{
        "url":"https:\/\/www.pinterest.com\/chicoulino\/celebrities\/",
        "id":"279575158056916317",
        "name":"Celebrities"
      },
      "image":{
        "original":{
          "url":"https:\/\/s-media-cache-ak0.pinimg.com\/originals\/21\/92\/77\/219277fdfe2d848ff73518ead628c2f5.jpg",
          "width":480,
          "height":360
        }
      },
      "counts":{
        "likes":4,
        "comments":0,
        "repins":3
      },
      "id":"279575089343062941",
      "metadata":{
        "link":{
          "locale":"en",
          "title":"Gisele B\u00fcndchen - I WILL WHAT I WANT",
          "site_name":"YouTube",
          "description":"Watch Gisele face real-time commentary now at: http:\/\/iwillwhatiwant.com\/gisele Gisele knows what it means to live under the microscope, amongst the noise of...",
          "favicon":"https:\/\/s-media-cache-ak0.pinimg.com\/favicons\/c4cd5be60ed3cec6eba5996d23c2004430440b36f88d692ad855868a.png?f0d1a7e249d08bf45b786b9052999a46"
        }
      }
    },
    {
      "attribution":null,
      "creator":{
        "url":"https:\/\/www.pinterest.com\/chicoulino\/",
        "first_name":"Vicky",
        "last_name":"S.",
        "id":"279575226776289301"
      },
      "url":"https:\/\/www.pinterest.com\/pin\/279575089343048832\/",
      "media":{
        "type":"image"
      },
      "created_at":"2014-09-06T18:24:53",
      "original_link":"https:\/\/fbcdn-sphotos-a-a.akamaihd.net\/hphotos-ak-xpa1\/v\/t1.0-9\/p720x720\/10494714_10152676741957042_4565992424724808392_n.png?oh=3c8fe10304afa3f90e8372424dd2fe63&oe=54979303&__gda__=1419518972_dd690d2baa6b3673e7f28303810f6da6",
      "note":"Adriana Lima",
      "color":"#d8b76e",
      "link":"https:\/\/www.pinterest.com\/r\/pin\/279575089343048832\/4779055074072594921\/e3b5685bab16aa9b5647fa769ceb7be1d7c117599d008ffd4020bae8123587ac",
      "board":{
        "url":"https:\/\/www.pinterest.com\/chicoulino\/celebrities\/",
        "id":"279575158056916317",
        "name":"Celebrities"
      },
      "image":{
        "original":{
          "url":"https:\/\/s-media-cache-ak0.pinimg.com\/originals\/f5\/06\/51\/f50651c98ac22b8d4aff5f7920898b48.jpg",
          "width":720,
          "height":720
        }
      },
      "counts":{
        "likes":2,
        "comments":0,
        "repins":6
      },
      "id":"279575089343048832",
      "metadata":{
      }
    },
    {
      "attribution":null,
      "creator":{
        "url":"https:\/\/www.pinterest.com\/chicoulino\/",
        "first_name":"Vicky",
        "last_name":"S.",
        "id":"279575226776289301"
      },
      "url":"https:\/\/www.pinterest.com\/pin\/279575089342988939\/",
      "media":{
        "type":"image"
      },
      "created_at":"2014-08-25T21:34:09",
      "original_link":"https:\/\/fbcdn-sphotos-b-a.akamaihd.net\/hphotos-ak-xfp1\/v\/t1.0-9\/s720x720\/10615595_749438075130010_3743592387012072725_n.jpg?oh=8aefbf014f9c24d34f7da735810cc9c0&oe=5470AEDA&__gda__=1417085162_48eca9c8fa7022cbbf79145c65aabebe",
      "note":"Matured like a fine wine. Eddie Murphy",
      "color":"#b99186",
      "link":"https:\/\/www.pinterest.com\/r\/pin\/279575089342988939\/4779055074072594921\/11c51b9cf2a1eabc9f1fb25f3b6653d2d1b945467875095bc98b25a89ba66402",
      "board":{
        "url":"https:\/\/www.pinterest.com\/chicoulino\/celebrities\/",
        "id":"279575158056916317",
        "name":"Celebrities"
      },
      "image":{
        "original":{
          "url":"https:\/\/s-media-cache-ak0.pinimg.com\/originals\/23\/ad\/98\/23ad987db0877b8d6f9f4b29b29840c8.jpg",
          "width":720,
          "height":422
        }
      },
      "counts":{
        "likes":2,
        "comments":1,
        "repins":7
      },
      "id":"279575089342988939",
      "metadata":{
      }
    },
    {
      "attribution":null,
      "creator":{
        "url":"https:\/\/www.pinterest.com\/chicoulino\/",
        "first_name":"Vicky",
        "last_name":"S.",
        "id":"279575226776289301"
      },
      "url":"https:\/\/www.pinterest.com\/pin\/279575089342964180\/",
      "media":{
        "type":"image"
      },
      "created_at":"2014-08-20T23:35:17",
      "original_link":"https:\/\/fbcdn-sphotos-g-a.akamaihd.net\/hphotos-ak-xaf1\/v\/t1.0-9\/p480x480\/10603776_329996110502194_1728410260649120055_n.jpg?oh=d98402840844fba726c48d3a9e8ef27c&oe=54764CFC&__gda__=1416383515_08500de7d57fd540347f4dda7ee1b125",
      "note":"You're not real \"brothers\" until you take weird selfies together. The Judge \u2014 with Vincent D'Onofrio.",
      "color":"#2f2a27",
      "link":"https:\/\/www.pinterest.com\/r\/pin\/279575089342964180\/4779055074072594921\/208e33b2f1b3b2fa2081aed859d2a07fc3e6f4226d3680530de5fcfa895c6b65",
      "board":{
        "url":"https:\/\/www.pinterest.com\/chicoulino\/celebrities\/",
        "id":"279575158056916317",
        "name":"Celebrities"
      },
      "image":{
        "original":{
          "url":"https:\/\/s-media-cache-ak0.pinimg.com\/originals\/c2\/ca\/7e\/c2ca7e495079419853bceeb0aa482abb.jpg",
          "width":720,
          "height":480
        }
      },
      "counts":{
        "likes":1,
        "comments":0,
        "repins":6
      },
      "id":"279575089342964180",
      "metadata":{
      }
    },
    {
      "attribution":{
        "title":"Hollywood Film Festival - 10th Annual Hollywood Awards - Red Carpet",
        "provider_favicon_url":"https:\/\/s-passets-cache-ak0.pinimg.com\/images\/api\/attrib\/getty images.png",
        "author_name":"L. Cohen",
        "url":"http:\/\/www.gettyimages.com\/detail\/74648265",
        "author_url":"http:\/\/www.gettyimages.com\/detail\/74648265",
        "provider_name":"Getty Images"
      },
      "creator":{
        "url":"https:\/\/www.pinterest.com\/chicoulino\/",
        "first_name":"Vicky",
        "last_name":"S.",
        "id":"279575226776289301"
      },
      "url":"https:\/\/www.pinterest.com\/pin\/279575089342941573\/",
      "media":{
        "type":"image"
      },
      "created_at":"2014-08-16T14:31:46",
      "original_link":"http:\/\/uk.eonline.com\/news\/569755\/robin-williams-to-be-memorialized-in-world-of-warcraft-game-fans-petition-for-legend-of-zelda-inclusion",
      "note":"Robin Williams to Be Memorialized in World of Warcraft Game; Fans Petition for Legend of Zelda Inclusion",
      "color":"#181413",
      "link":"https:\/\/www.pinterest.com\/r\/pin\/279575089342941573\/4779055074072594921\/dca17a72eed69145e44125b2557da256846434a9029293e9c9f388a7b4b76d56",
      "board":{
        "url":"https:\/\/www.pinterest.com\/chicoulino\/celebrities\/",
        "id":"279575158056916317",
        "name":"Celebrities"
      },
      "image":{
        "original":{
          "url":"https:\/\/s-media-cache-ak0.pinimg.com\/originals\/eb\/bc\/01\/ebbc010b4aa00c1c14247e4ba1747242.jpg",
          "width":634,
          "height":1024
        }
      },
      "counts":{
        "likes":9,
        "comments":0,
        "repins":16
      },
      "id":"279575089342941573",
      "metadata":{
      }
    },
    {
      "attribution":null,
      "creator":{
        "url":"https:\/\/www.pinterest.com\/chicoulino\/",
        "first_name":"Vicky",
        "last_name":"S.",
        "id":"279575226776289301"
      },
      "url":"https:\/\/www.pinterest.com\/pin\/279575089342941350\/",
      "media":{
        "type":"image"
      },
      "created_at":"2014-08-16T13:37:30",
      "original_link":"https:\/\/fbcdn-sphotos-a-a.akamaihd.net\/hphotos-ak-xfa1\/v\/t1.0-9\/10373708_434818006657341_7593218852044511862_n.jpg?oh=b5a34cdb4166fae1ad6e4e38244b3ef8&oe=545F71AB&__gda__=1417000861_836f6e7ecf54ec348c1c7644244a6ab8",
      "note":"The last photo of Robin Williams . RIP",
      "color":"#482a3f",
      "link":"https:\/\/www.pinterest.com\/r\/pin\/279575089342941350\/4779055074072594921\/983516d582a42275bcee30abcea6d2fbd01ff4ac7e6cfd4a2af8d6c6cd69bf20",
      "board":{
        "url":"https:\/\/www.pinterest.com\/chicoulino\/celebrities\/",
        "id":"279575158056916317",
        "name":"Celebrities"
      },
      "image":{
        "original":{
          "url":"https:\/\/s-media-cache-ak0.pinimg.com\/originals\/bf\/f6\/bd\/bff6bded9c6d129ea47460e17ed04f6e.jpg",
          "width":585,
          "height":577
        }
      },
      "counts":{
        "likes":23,
        "comments":0,
        "repins":21
      },
      "id":"279575089342941350",
      "metadata":{
      }
    },
    {
      "attribution":null,
      "creator":{
        "url":"https:\/\/www.pinterest.com\/chicoulino\/",
        "first_name":"Vicky",
        "last_name":"S.",
        "id":"279575226776289301"
      },
      "url":"https:\/\/www.pinterest.com\/pin\/279575089342928344\/",
      "media":{
        "type":"image"
      },
      "created_at":"2014-08-13T21:39:17",
      "original_link":"http:\/\/popwatch.ew.com\/2014\/08\/13\/conan-obrien-recalls-the-time-robin-williams-bought-him-a-bicycle\/?hootPostID=6e0b4c9baf4bce70e09bc8b040e4fc0e",
      "note":"Conan O\u2019Brien recalls the time Robin Williams bought him a bicycle",
      "color":"#3d368c",
      "link":"https:\/\/www.pinterest.com\/r\/pin\/279575089342928344\/4779055074072594921\/69611333cd3f549f1de388ad6d45b5bcbc5ae003fcbd5f1971c025c3fdc83e9a",
      "board":{
        "url":"https:\/\/www.pinterest.com\/chicoulino\/celebrities\/",
        "id":"279575158056916317",
        "name":"Celebrities"
      },
      "image":{
        "original":{
          "url":"https:\/\/s-media-cache-ak0.pinimg.com\/originals\/9e\/db\/c4\/9edbc42fd7928fa538e8eaeae336baac.jpg",
          "width":612,
          "height":380
        }
      },
      "counts":{
        "likes":2,
        "comments":0,
        "repins":9
      },
      "id":"279575089342928344",
      "metadata":{
        "article":{
          "published_at":null,
          "description":"Image Credit: Team Coco When Conan O\u2019Brien paid tribute to Robin Williams on his show Monday night, the talk show host had just learned that the...",
          "name":"Conan O'Brien recalls the time Robin Williams bought him a bicycle",
          "authors":[]
        },
        "link":{
          "locale":"en",
          "title":"Conan O'Brien recalls the time Robin Williams bought him a bicycle",
          "site_name":"Entertainment Weekly's EW.com",
          "description":"Image Credit: Team Coco",
          "favicon":"https:\/\/s-media-cache-ak0.pinimg.com\/favicons\/980580b53eafd0dcce0f79bf386799789bdf79f453d47ee414b5701d.ico?3947be5dd95ec78f0025b82270121f6d"
        }
      }
    },
    {
      "attribution":null,
      "creator":{
        "url":"https:\/\/www.pinterest.com\/chicoulino\/",
        "first_name":"Vicky",
        "last_name":"S.",
        "id":"279575226776289301"
      },
      "url":"https:\/\/www.pinterest.com\/pin\/279575089342927604\/",
      "media":{
        "type":"image"
      },
      "created_at":"2014-08-13T18:32:00",
      "original_link":"http:\/\/9gag.com\/gag\/aVQOdxP?ref=fsidebar",
      "note":"Looks like Louis C.K. will have to make good on his promise to Robin Williams. RIP Robin Williams",
      "color":"#3c404b",
      "link":"https:\/\/www.pinterest.com\/r\/pin\/279575089342927604\/4779055074072594921\/78183e97b48f73459a0c568a04fb1e2962b10632c64ae854a9bac912ac39eb71",
      "board":{
        "url":"https:\/\/www.pinterest.com\/chicoulino\/celebrities\/",
        "id":"279575158056916317",
        "name":"Celebrities"
      },
      "image":{
        "original":{
          "url":"https:\/\/s-media-cache-ak0.pinimg.com\/originals\/fd\/42\/73\/fd427340dd396917b84445f3f15322d6.jpg",
          "width":700,
          "height":3139
        }
      },
      "counts":{
        "likes":15,
        "comments":0,
        "repins":12
      },
      "id":"279575089342927604",
      "metadata":{
        "article":{
          "published_at":null,
          "description":"Click to see the pic and write a comment...",
          "name":"Looks like Louis C.K. will have to make good on his promise to Robin Williams. RIP Robin Williams",
          "authors":[]
        },
        "link":{
          "locale":"en",
          "title":"Looks like Louis C.K. will have to make good on his promise to Robin Williams. RIP Robin Williams",
          "site_name":"9GAG",
          "description":"Looks like Louis C.K. will have to make good on his promise to Robin Williams. RIP Robin Williams - 9GAG has the best funny pics, GIFs, videos, memes, cute, wtf, geeky, cosplay photos on the web. We are your best source of happiness and awesomeness.",
          "favicon":"https:\/\/s-media-cache-ak0.pinimg.com\/favicons\/53e366f250e9f5b15a6da36fa578576abd468c57824e59fee07395ab.png?0e0863004ab976573ab4ff530a186be5"
        }
      }
    },
    {
      "attribution":null,
      "creator":{
        "url":"https:\/\/www.pinterest.com\/chicoulino\/",
        "first_name":"Vicky",
        "last_name":"S.",
        "id":"279575226776289301"
      },
      "url":"https:\/\/www.pinterest.com\/pin\/279575089342923581\/",
      "media":{
        "type":"image"
      },
      "created_at":"2014-08-13T01:13:46",
      "original_link":"https:\/\/scontent-a-fra.xx.fbcdn.net\/hphotos-xpa1\/t1.0-9\/934786_562156387247276_3375329154292812731_n.jpg",
      "note":"That's why he was legendary and will remain a legend!",
      "color":"#8b8b8b",
      "link":"https:\/\/www.pinterest.com\/r\/pin\/279575089342923581\/4779055074072594921\/3a0421272ed5e1423c41901e4daab0e6ce291afc27d154a139ae4ac0513bc5f8",
      "board":{
        "url":"https:\/\/www.pinterest.com\/chicoulino\/celebrities\/",
        "id":"279575158056916317",
        "name":"Celebrities"
      },
      "image":{
        "original":{
          "url":"https:\/\/s-media-cache-ak0.pinimg.com\/originals\/8c\/83\/87\/8c8387f75122cb5f628e7f037b80bab8.jpg",
          "width":480,
          "height":674
        }
      },
      "counts":{
        "likes":36,
        "comments":0,
        "repins":67
      },
      "id":"279575089342923581",
      "metadata":{
      }
    },
    {
      "attribution":null,
      "creator":{
        "url":"https:\/\/www.pinterest.com\/chicoulino\/",
        "first_name":"Vicky",
        "last_name":"S.",
        "id":"279575226776289301"
      },
      "url":"https:\/\/www.pinterest.com\/pin\/279575089342921288\/",
      "media":{
        "type":"image"
      },
      "created_at":"2014-08-12T15:19:03",
      "original_link":"http:\/\/popwatch.ew.com\/2014\/08\/12\/robin-williams-remembered-a-video-tribute\/?hootPostID=e4e442f65db0293b2b9ba77f64ed1694",
      "note":"Robin Williams, remembered: A video tribute | EW.com",
      "color":"#0f4b74",
      "link":"https:\/\/www.pinterest.com\/r\/pin\/279575089342921288\/4779055074072594921\/35ddeb44aa11cf2e92f591d604df7b6ef6dc35ecc5c4e9f826a1439a736ef5d2",
      "board":{
        "url":"https:\/\/www.pinterest.com\/chicoulino\/celebrities\/",
        "id":"279575158056916317",
        "name":"Celebrities"
      },
      "image":{
        "original":{
          "url":"https:\/\/s-media-cache-ak0.pinimg.com\/originals\/bf\/77\/bc\/bf77bc2854b7ff15bd78cdf1a8de0876.jpg",
          "width":612,
          "height":380
        }
      },
      "counts":{
        "likes":6,
        "comments":0,
        "repins":15
      },
      "id":"279575089342921288",
      "metadata":{
        "article":{
          "published_at":null,
          "description":"In his life, Robin Williams followed his Dead Poets Society dictum: \u201cSeize the day, boys. Make your lives extraordinary.\u201d From his greatest roles...",
          "name":"Robin Williams, remembered: A video tribute",
          "authors":[]
        },
        "link":{
          "locale":"en",
          "title":"Robin Williams, remembered: A video tribute",
          "site_name":"Entertainment Weekly's EW.com",
          "description":"In his life, Robin Williams followed his\u00a0Dead Poets Society dictum: \u201cSeize the day, boys. Make your lives extraordinary.\u201d",
          "favicon":"https:\/\/s-media-cache-ak0.pinimg.com\/favicons\/980580b53eafd0dcce0f79bf386799789bdf79f453d47ee414b5701d.ico?3947be5dd95ec78f0025b82270121f6d"
        }
      }
    },
    {
      "attribution":{
        "title":"Robin Williams Portrait Session",
        "provider_favicon_url":"https:\/\/s-passets-cache-ak0.pinimg.com\/images\/api\/attrib\/getty images.png",
        "author_name":"Harry Langdon",
        "url":"http:\/\/www.gettyimages.com\/detail\/85259107",
        "author_url":"http:\/\/www.gettyimages.com\/detail\/85259107",
        "provider_name":"Getty Images"
      },
      "creator":{
        "url":"https:\/\/www.pinterest.com\/chicoulino\/",
        "first_name":"Vicky",
        "last_name":"S.",
        "id":"279575226776289301"
      },
      "url":"https:\/\/www.pinterest.com\/pin\/279575089342918624\/",
      "media":{
        "type":"image"
      },
      "created_at":"2014-08-12T02:35:10",
      "original_link":"https:\/\/scontent-b-fra.xx.fbcdn.net\/hphotos-xfp1\/t1.0-9\/s720x720\/10614370_561798860616362_8349781582135595265_n.jpg",
      "note":"RIP Robin Williams. You will always be a legend and one of the funniest people to ever exist.",
      "color":"#a3a1af",
      "link":"https:\/\/www.pinterest.com\/r\/pin\/279575089342918624\/4779055074072594921\/843c2a8d68c3951873739bc9873e3bdccc14daf95a602a40897d8b0bae5c0af5",
      "board":{
        "url":"https:\/\/www.pinterest.com\/chicoulino\/celebrities\/",
        "id":"279575158056916317",
        "name":"Celebrities"
      },
      "image":{
        "original":{
          "url":"https:\/\/s-media-cache-ak0.pinimg.com\/originals\/37\/1b\/80\/371b80269e006d84cb7b28442fa87b83.jpg",
          "width":566,
          "height":720
        }
      },
      "counts":{
        "likes":28,
        "comments":0,
        "repins":52
      },
      "id":"279575089342918624",
      "metadata":{
      }
    },
    {
      "attribution":null,
      "creator":{
        "url":"https:\/\/www.pinterest.com\/chicoulino\/",
        "first_name":"Vicky",
        "last_name":"S.",
        "id":"279575226776289301"
      },
      "url":"https:\/\/www.pinterest.com\/pin\/279575089342918474\/",
      "media":{
        "type":"image"
      },
      "created_at":"2014-08-12T02:16:19",
      "original_link":"https:\/\/scontent-b-fra.xx.fbcdn.net\/hphotos-xfa1\/v\/t1.0-9\/s720x720\/10563024_540275909435377_5089842505761977424_n.jpg?oh=80218b385fa18998ee387848f16cc31f&oe=5465FAA4",
      "note":"Nanu Nanu .....rest in peace funny man",
      "color":"#7d9070",
      "link":"https:\/\/www.pinterest.com\/r\/pin\/279575089342918474\/4779055074072594921\/eb50e7e16a128854590a58e8f769587ee10a7c7a5e23ebc64543c731fbfed774",
      "board":{
        "url":"https:\/\/www.pinterest.com\/chicoulino\/celebrities\/",
        "id":"279575158056916317",
        "name":"Celebrities"
      },
      "image":{
        "original":{
          "url":"https:\/\/s-media-cache-ak0.pinimg.com\/originals\/67\/ff\/e2\/67ffe2f467812565703eeaeb25c30b37.jpg",
          "width":522,
          "height":720
        }
      },
      "counts":{
        "likes":45,
        "comments":0,
        "repins":158
      },
      "id":"279575089342918474",
      "metadata":{
      }
    },
    {
      "attribution":{
        "title":"20th Century Fox Presentation - Comic-Con International 2014",
        "provider_favicon_url":"https:\/\/s-passets-cache-ak0.pinimg.com\/images\/api\/attrib\/getty images.png",
        "author_name":"Kevin Winter",
        "url":"http:\/\/www.gettyimages.com\/detail\/452687708",
        "author_url":"http:\/\/www.gettyimages.com\/detail\/452687708",
        "provider_name":"Getty Images"
      },
      "creator":{
        "url":"https:\/\/www.pinterest.com\/chicoulino\/",
        "first_name":"Vicky",
        "last_name":"S.",
        "id":"279575226776289301"
      },
      "url":"https:\/\/www.pinterest.com\/pin\/279575089342844549\/",
      "media":{
        "type":"image"
      },
      "created_at":"2014-07-29T04:31:55",
      "original_link":"https:\/\/fbcdn-sphotos-c-a.akamaihd.net\/hphotos-ak-xap1\/t1.0-9\/q71\/s720x720\/10455447_10152598603069701_8375924881756664723_n.jpg",
      "note":"The best scenes from #SDCC's panels (like this one with Robert Downey Jr).",
      "color":"#989974",
      "link":"https:\/\/www.pinterest.com\/r\/pin\/279575089342844549\/4779055074072594921\/e4e7deb2d2352a1fbc8aa12d93b977d0089324cf75022a9a2cdfac3c31e30168",
      "board":{
        "url":"https:\/\/www.pinterest.com\/chicoulino\/celebrities\/",
        "id":"279575158056916317",
        "name":"Celebrities"
      },
      "image":{
        "original":{
          "url":"https:\/\/s-media-cache-ak0.pinimg.com\/originals\/e0\/19\/eb\/e019eb472f354d9244715a1e0ce86131.jpg",
          "width":709,
          "height":720
        }
      },
      "counts":{
        "likes":4,
        "comments":0,
        "repins":4
      },
      "id":"279575089342844549",
      "metadata":{
      }
    },
    {
      "attribution":null,
      "creator":{
        "url":"https:\/\/www.pinterest.com\/chicoulino\/",
        "first_name":"Vicky",
        "last_name":"S.",
        "id":"279575226776289301"
      },
      "url":"https:\/\/www.pinterest.com\/pin\/279575089342754934\/",
      "media":{
        "type":"image"
      },
      "created_at":"2014-07-12T02:01:39",
      "original_link":"https:\/\/scontent-b-fra.xx.fbcdn.net\/hphotos-xap1\/t1.0-9\/10367559_10154368823150634_1277695596475997362_n.jpg",
      "note":"Bruce Lee by Pablo Lobato",
      "color":"#0f0d0e",
      "link":"https:\/\/www.pinterest.com\/r\/pin\/279575089342754934\/4779055074072594921\/fcbb6ab03f5c9c116d6d559732b310a52d354157db6119a12cc3c85b314a3a11",
      "board":{
        "url":"https:\/\/www.pinterest.com\/chicoulino\/celebrities\/",
        "id":"279575158056916317",
        "name":"Celebrities"
      },
      "image":{
        "original":{
          "url":"https:\/\/s-media-cache-ak0.pinimg.com\/originals\/cc\/22\/cb\/cc22cb615e62b04aa723b06df1058b6c.jpg",
          "width":600,
          "height":600
        }
      },
      "counts":{
        "likes":2,
        "comments":0,
        "repins":2
      },
      "id":"279575089342754934",
      "metadata":{
      }
    },
    {
      "attribution":null,
      "creator":{
        "url":"https:\/\/www.pinterest.com\/chicoulino\/",
        "first_name":"Vicky",
        "last_name":"S.",
        "id":"279575226776289301"
      },
      "url":"https:\/\/www.pinterest.com\/pin\/279575089342738555\/",
      "media":{
        "type":"image"
      },
      "created_at":"2014-07-08T15:07:34",
      "original_link":"http:\/\/www.justjared.com\/photo-gallery\/3150954\/charlize-theron-sean-penn-christian-dior-fashion-show-13\/",
      "note":"Charlize Theron &amp; Sean Penn Make One Hot Couple at Christian Dior Fashion Show!",
      "color":"#a68b75",
      "link":"https:\/\/www.pinterest.com\/r\/pin\/279575089342738555\/4779055074072594921\/69318f31528862045c06f3c90f75c10b8bca1ddb05916b0174a2538ac8ae3b67",
      "board":{
        "url":"https:\/\/www.pinterest.com\/chicoulino\/celebrities\/",
        "id":"279575158056916317",
        "name":"Celebrities"
      },
      "image":{
        "original":{
          "url":"https:\/\/s-media-cache-ak0.pinimg.com\/originals\/4a\/f6\/73\/4af6736e938bfd0f6879f707f5777b77.jpg",
          "width":815,
          "height":1222
        }
      },
      "counts":{
        "likes":3,
        "comments":1,
        "repins":5
      },
      "id":"279575089342738555",
      "metadata":{
      }
    },
    {
      "attribution":null,
      "creator":{
        "url":"https:\/\/www.pinterest.com\/chicoulino\/",
        "first_name":"Vicky",
        "last_name":"S.",
        "id":"279575226776289301"
      },
      "url":"https:\/\/www.pinterest.com\/pin\/279575089342702513\/",
      "media":{
        "type":"image"
      },
      "created_at":"2014-07-01T00:39:34",
      "original_link":"http:\/\/ikerysaraesamor.tumblr.com\/post\/90365108809\/",
      "note":"new picture of baby Mart\u00edn via Ikers instagram \u2665 Ikers Casillas and Sara Carbonero's baby. What a beauty!!!",
      "color":"#6182b3",
      "link":"https:\/\/www.pinterest.com\/r\/pin\/279575089342702513\/4779055074072594921\/088a473558103fa58df2486d3ae9ed3c9d56f8096b4b0d4c21ee4c2017067627",
      "board":{
        "url":"https:\/\/www.pinterest.com\/chicoulino\/celebrities\/",
        "id":"279575158056916317",
        "name":"Celebrities"
      },
      "image":{
        "original":{
          "url":"https:\/\/s-media-cache-ak0.pinimg.com\/originals\/0e\/a2\/2b\/0ea22b79d8af6b5b204883d493dbd1ef.jpg",
          "width":500,
          "height":503
        }
      },
      "counts":{
        "likes":1,
        "comments":0,
        "repins":2
      },
      "id":"279575089342702513",
      "metadata":{
      }
    }
  ],
  "page":{
    "cursor":"LT4yNzk1NzUwODkzNDI3MDI1MTM6MTIxfGUyMDlkMmQ1Y2YwNDJkYjRmZmUzNDc0NDZlNTgxYTdmNmZmOTFmYzk5ZmEzNTRmMTdmMWU1NGQzMmJjMmVmMmU=",
    "next":"https:\/\/api.pinterest.com\/v1\/boards\/chicoulino\/celebrities\/pins\/?access_token=AZlZE-HOK-Y4205yRft75KyYVaauFCBIs8jxSxdCtrJcomAqbQAAAAA&fields=id%2Clink%2Cnote%2Curl%2Cattribution%2Cmedia%2Cmetadata%2Cboard%2Ccolor%2Ccounts%2Ccreated_at%2Ccreator%2Cimage%2Coriginal_link&cursor=LT4yNzk1NzUwODkzNDI3MDI1MTM6MTIxfGUyMDlkMmQ1Y2YwNDJkYjRmZmUzNDc0NDZlNTgxYTdmNmZmOTFmYzk5ZmEzNTRmMTdmMWU1NGQzMmJjMmVmMmU%3D"
  }
}
