{
  "data":[
    {
      "attribution":null,
      "creator":{
        "url":"https:\/\/www.pinterest.com\/dailymail\/",
        "first_name":"Daily Mail",
        "last_name":"",
        "id":"536561880513118266"
      },
      "url":"https:\/\/www.pinterest.com\/pin\/536561743080161667\/",
      "media":{
        "type":"image"
      },
      "created_at":"2015-02-10T08:33:14",
      "original_link":"http:\/\/www.dailymail.co.uk\/tvshowbiz\/article-2946848\/Selena-Gomez-announces-DJ-Zedd-song-release-adorable-photo-duo-calls-Harry-Sally.html",
      "note":"Highly anticipated: In another sultry shot from the video shoot Selena's locks are styled in thick tumbling curls",
      "color":"#646265",
      "link":"https:\/\/www.pinterest.com\/r\/pin\/536561743080161667\/4779055074072594921\/7f31309264d9aac480e677922f7703499894c377ca2af3d240d87ad13d2523e2",
      "board":{
        "url":"https:\/\/www.pinterest.com\/dailymail\/celebrities\/",
        "id":"536561811793888186",
        "name":"Celebrities"
      },
      "image":{
        "original":{
          "url":"https:\/\/s-media-cache-ak0.pinimg.com\/originals\/69\/91\/89\/699189d0149e26b69dfd5c758f8d6925.jpg",
          "width":634,
          "height":666
        }
      },
      "counts":{
        "likes":0,
        "comments":0,
        "repins":1
      },
      "id":"536561743080161667",
      "metadata":{
        "article":{
          "published_at":null,
          "description":"She announced her highly anticipated collaboration with DJ Zedd on Monday.",
          "name":"Selena Gomez announces song release with DJ Zedd",
          "authors":[]
        },
        "link":{
          "locale":"en_GB",
          "title":"Selena Gomez announces song release with DJ Zedd",
          "site_name":"Mail Online",
          "description":"She announced her highly anticipated collaboration with DJ Zedd on Monday.",
          "favicon":"https:\/\/s-media-cache-ak0.pinimg.com\/favicons\/ba8856b627a2bf282a5dab73c40812571f90daf57fe69780aa1096ab.ico?a8690769c53090d08b0560db0144a818"
        }
      }
    },
    {
      "attribution":null,
      "creator":{
        "url":"https:\/\/www.pinterest.com\/dailymail\/",
        "first_name":"Daily Mail",
        "last_name":"",
        "id":"536561880513118266"
      },
      "url":"https:\/\/www.pinterest.com\/pin\/536561743080159822\/",
      "media":{
        "type":"image"
      },
      "created_at":"2015-02-10T04:04:14",
      "original_link":"http:\/\/dailym.ai\/1ETVbOR#i-f708d1fa4cf68bd8",
      "note":"Emma Roberts went shopping in West Hollywood",
      "color":"#737480",
      "link":"https:\/\/www.pinterest.com\/r\/pin\/536561743080159822\/4779055074072594921\/14e795bf0592daf9b3438e0c75faa7ebd27ba1167c39b2ed0ab271c1ee156942",
      "board":{
        "url":"https:\/\/www.pinterest.com\/dailymail\/celebrities\/",
        "id":"536561811793888186",
        "name":"Celebrities"
      },
      "image":{
        "original":{
          "url":"https:\/\/s-media-cache-ak0.pinimg.com\/originals\/a0\/51\/ae\/a051aeab88a92f0fa0e6406fb0cc0ae8.jpg",
          "width":306,
          "height":896
        }
      },
      "counts":{
        "likes":0,
        "comments":0,
        "repins":1
      },
      "id":"536561743080159822",
      "metadata":{
      }
    },
    {
      "attribution":null,
      "creator":{
        "url":"https:\/\/www.pinterest.com\/dailymail\/",
        "first_name":"Daily Mail",
        "last_name":"",
        "id":"536561880513118266"
      },
      "url":"https:\/\/www.pinterest.com\/pin\/536561743080159803\/",
      "media":{
        "type":"image"
      },
      "created_at":"2015-02-10T04:02:29",
      "original_link":"http:\/\/www.dailymail.co.uk\/tvshowbiz\/article-2946782\/Taylor-Swift-Hozier-spotted-looking-cute-backstage-Grammys.html#i-414895f939f066b5",
      "note":"Getting close: Taylor Swift and Irish musician Hozier were reportedly getting very cozy at Sam Smith's Grammy after-party",
      "color":"#151618",
      "link":"https:\/\/www.pinterest.com\/r\/pin\/536561743080159803\/4779055074072594921\/e7f15165a51c14498f9eec2b3e5d2e53baccf4d462c8031e37c559cffbd53e8f",
      "board":{
        "url":"https:\/\/www.pinterest.com\/dailymail\/celebrities\/",
        "id":"536561811793888186",
        "name":"Celebrities"
      },
      "image":{
        "original":{
          "url":"https:\/\/s-media-cache-ak0.pinimg.com\/originals\/63\/23\/ee\/6323eeb013420476f4bc88b125219123.jpg",
          "width":634,
          "height":960
        }
      },
      "counts":{
        "likes":0,
        "comments":0,
        "repins":1
      },
      "id":"536561743080159803",
      "metadata":{
        "article":{
          "published_at":null,
          "description":"They were spotted attending a Haim concert together in LA last week.",
          "name":"Taylor Swift and Hozier spotted looking very 'cutesy' at the Grammys",
          "authors":[]
        },
        "link":{
          "locale":"en_GB",
          "title":"Taylor Swift and Hozier spotted looking very 'cutesy' at the Grammys",
          "site_name":"Mail Online",
          "description":"They were spotted attending a Haim concert together in LA last week.",
          "favicon":"https:\/\/s-media-cache-ak0.pinimg.com\/favicons\/ba8856b627a2bf282a5dab73c40812571f90daf57fe69780aa1096ab.ico?a8690769c53090d08b0560db0144a818"
        }
      }
    },
    {
      "attribution":null,
      "creator":{
        "url":"https:\/\/www.pinterest.com\/dailymail\/",
        "first_name":"Daily Mail",
        "last_name":"",
        "id":"536561880513118266"
      },
      "url":"https:\/\/www.pinterest.com\/pin\/536561743080159793\/",
      "media":{
        "type":"image"
      },
      "created_at":"2015-02-10T04:01:32",
      "original_link":"http:\/\/www.dailymail.co.uk\/tvshowbiz\/article-2946724\/Zac-Efron-hits-alley-Nina-Dobrev-Julianne-Hough-break-filming-Atlanta.html#i-ffd07153fc2eac6f",
      "note":"Fan friendly: Julianne Hough and Nina Dobrev posed with The Painted Pin's owner Justin Amick when they dropped by the swanky bowling alley on Saturday",
      "color":"#482836",
      "link":"https:\/\/www.pinterest.com\/r\/pin\/536561743080159793\/4779055074072594921\/b516656b4bec7836d1ea919d6c50abf73bd2d009437420bd95527411bc2ef18e",
      "board":{
        "url":"https:\/\/www.pinterest.com\/dailymail\/celebrities\/",
        "id":"536561811793888186",
        "name":"Celebrities"
      },
      "image":{
        "original":{
          "url":"https:\/\/s-media-cache-ak0.pinimg.com\/originals\/a2\/e3\/13\/a2e31317bb9f924c8adb5abdb79195e6.jpg",
          "width":634,
          "height":631
        }
      },
      "counts":{
        "likes":0,
        "comments":0,
        "repins":0
      },
      "id":"536561743080159793",
      "metadata":{
        "article":{
          "published_at":null,
          "description":"Currently in Georgia to work on his upcoming film Dirty Grandpa",
          "name":"Zac Efron goes bowling with Nina Dobrev and Julianne Hough in Atlanta",
          "authors":[]
        },
        "link":{
          "locale":"en_GB",
          "title":"Zac Efron goes bowling with Nina Dobrev and Julianne Hough in Atlanta",
          "site_name":"Mail Online",
          "description":"Currently in Georgia to work on his upcoming film Dirty Grandpa",
          "favicon":"https:\/\/s-media-cache-ak0.pinimg.com\/favicons\/ba8856b627a2bf282a5dab73c40812571f90daf57fe69780aa1096ab.ico?a8690769c53090d08b0560db0144a818"
        }
      }
    },
    {
      "attribution":null,
      "creator":{
        "url":"https:\/\/www.pinterest.com\/dailymail\/",
        "first_name":"Daily Mail",
        "last_name":"",
        "id":"536561880513118266"
      },
      "url":"https:\/\/www.pinterest.com\/pin\/536561743080159685\/",
      "media":{
        "type":"image"
      },
      "created_at":"2015-02-10T03:51:32",
      "original_link":"http:\/\/www.dailymail.co.uk\/tvshowbiz\/article-2946833\/Uma-Thurman-s-bare-faced-beauty-turns-heads-NY-premiere-party-Slap-miniseries.html#i-8daa727a64cb49e4",
      "note":"Gentleman in grey: Peter Facinelli certainly looked dressed up as he attended the premiere party for The Slap",
      "color":"#6d6d80",
      "link":"https:\/\/www.pinterest.com\/r\/pin\/536561743080159685\/4779055074072594921\/ccfe8704c23098e04ef775aa3d7fcb6f186b72fd0d1145291ffb695f90fb32d1",
      "board":{
        "url":"https:\/\/www.pinterest.com\/dailymail\/celebrities\/",
        "id":"536561811793888186",
        "name":"Celebrities"
      },
      "image":{
        "original":{
          "url":"https:\/\/s-media-cache-ak0.pinimg.com\/originals\/90\/a4\/05\/90a405409cdfce32e4bd672a17321bd7.jpg",
          "width":634,
          "height":878
        }
      },
      "counts":{
        "likes":0,
        "comments":0,
        "repins":0
      },
      "id":"536561743080159685",
      "metadata":{
        "article":{
          "published_at":null,
          "description":"She is renowned as a natural beauty but Uma Thurman was almost unrecognisable at the premiere party for her new miniseries The Slap on Monday in New York City.",
          "name":"Uma Thurman looks decidedly different at The Slap premiere",
          "authors":[]
        },
        "link":{
          "locale":"en_GB",
          "title":"Uma Thurman looks decidedly different at The Slap premiere",
          "site_name":"Mail Online",
          "description":"She is renowned as a natural beauty but Uma Thurman was almost unrecognisable at the premiere party for her new miniseries The Slap on Monday in New York City.",
          "favicon":"https:\/\/s-media-cache-ak0.pinimg.com\/favicons\/ba8856b627a2bf282a5dab73c40812571f90daf57fe69780aa1096ab.ico?a8690769c53090d08b0560db0144a818"
        }
      }
    },
    {
      "attribution":null,
      "creator":{
        "url":"https:\/\/www.pinterest.com\/dailymail\/",
        "first_name":"Daily Mail",
        "last_name":"",
        "id":"536561880513118266"
      },
      "url":"https:\/\/www.pinterest.com\/pin\/536561743080159664\/",
      "media":{
        "type":"image"
      },
      "created_at":"2015-02-10T03:50:21",
      "original_link":"http:\/\/www.dailymail.co.uk\/tvshowbiz\/article-2946833\/Uma-Thurman-s-bare-faced-beauty-turns-heads-NY-premiere-party-Slap-miniseries.html#i-e3918516d7ff916c",
      "note":"Makenzie Leigh was a belle in navy wide-legged trousers and beige-striped top at the premiere of The Slap",
      "color":"#472f4f",
      "link":"https:\/\/www.pinterest.com\/r\/pin\/536561743080159664\/4779055074072594921\/95a865e4b87f26833a789b7579fb01a07696e505461dc83e1cbb750fec40706c",
      "board":{
        "url":"https:\/\/www.pinterest.com\/dailymail\/celebrities\/",
        "id":"536561811793888186",
        "name":"Celebrities"
      },
      "image":{
        "original":{
          "url":"https:\/\/s-media-cache-ak0.pinimg.com\/originals\/18\/95\/cf\/1895cf916178696b4c24ce9282c2aeba.jpg",
          "width":306,
          "height":827
        }
      },
      "counts":{
        "likes":0,
        "comments":0,
        "repins":1
      },
      "id":"536561743080159664",
      "metadata":{
        "article":{
          "published_at":null,
          "description":"She is renowned as a natural beauty but Uma Thurman was almost unrecognisable at the premiere party for her new miniseries The Slap on Monday in New York City.",
          "name":"Uma Thurman looks decidedly different at The Slap premiere",
          "authors":[]
        },
        "link":{
          "locale":"en_GB",
          "title":"Uma Thurman looks decidedly different at The Slap premiere",
          "site_name":"Mail Online",
          "description":"She is renowned as a natural beauty but Uma Thurman was almost unrecognisable at the premiere party for her new miniseries The Slap on Monday in New York City.",
          "favicon":"https:\/\/s-media-cache-ak0.pinimg.com\/favicons\/ba8856b627a2bf282a5dab73c40812571f90daf57fe69780aa1096ab.ico?a8690769c53090d08b0560db0144a818"
        }
      }
    },
    {
      "attribution":null,
      "creator":{
        "url":"https:\/\/www.pinterest.com\/dailymail\/",
        "first_name":"Daily Mail",
        "last_name":"",
        "id":"536561880513118266"
      },
      "url":"https:\/\/www.pinterest.com\/pin\/536561743080159636\/",
      "media":{
        "type":"image"
      },
      "created_at":"2015-02-10T03:48:54",
      "original_link":"http:\/\/dailym.ai\/1EU1wK7#i-5f1593f0f7fcc979",
      "note":"Uma Thurman wore a strapless black jumpsuit at the bash where she was joined by her co-stars Melissa George and Thandie Newson",
      "color":"#594e55",
      "link":"https:\/\/www.pinterest.com\/r\/pin\/536561743080159636\/4779055074072594921\/19a2de814eeef32ca181e64571317c71eb34a35806985904d2f0c86ac35b9893",
      "board":{
        "url":"https:\/\/www.pinterest.com\/dailymail\/celebrities\/",
        "id":"536561811793888186",
        "name":"Celebrities"
      },
      "image":{
        "original":{
          "url":"https:\/\/s-media-cache-ak0.pinimg.com\/originals\/95\/f6\/81\/95f68180a0981ee421cfb1ee76c8c4b5.jpg",
          "width":634,
          "height":829
        }
      },
      "counts":{
        "likes":0,
        "comments":0,
        "repins":1
      },
      "id":"536561743080159636",
      "metadata":{
      }
    },
    {
      "attribution":null,
      "creator":{
        "url":"https:\/\/www.pinterest.com\/dailymail\/",
        "first_name":"Daily Mail",
        "last_name":"",
        "id":"536561880513118266"
      },
      "url":"https:\/\/www.pinterest.com\/pin\/536561743080159455\/",
      "media":{
        "type":"image"
      },
      "created_at":"2015-02-10T03:34:00",
      "original_link":"http:\/\/dailym.ai\/1CctAog#i-8d0996832c07e499",
      "note":"Emmy Rossum was seen taking her dog Pepper to a veterinary clinic in Los Angeles",
      "color":"#606254",
      "link":"https:\/\/www.pinterest.com\/r\/pin\/536561743080159455\/4779055074072594921\/9e4d8ba9ca37f9eb05a30bc7f9f4af0bd31511d02c7bc40b0f329304a03febe3",
      "board":{
        "url":"https:\/\/www.pinterest.com\/dailymail\/celebrities\/",
        "id":"536561811793888186",
        "name":"Celebrities"
      },
      "image":{
        "original":{
          "url":"https:\/\/s-media-cache-ak0.pinimg.com\/originals\/31\/47\/bd\/3147bd6c7f9fa4fe408a2a74ac94cc24.jpg",
          "width":634,
          "height":850
        }
      },
      "counts":{
        "likes":0,
        "comments":0,
        "repins":0
      },
      "id":"536561743080159455",
      "metadata":{
      }
    },
    {
      "attribution":null,
      "creator":{
        "url":"https:\/\/www.pinterest.com\/dailymail\/",
        "first_name":"Daily Mail",
        "last_name":"",
        "id":"536561880513118266"
      },
      "url":"https:\/\/www.pinterest.com\/pin\/536561743080152686\/",
      "media":{
        "type":"image"
      },
      "created_at":"2015-02-09T17:09:13",
      "original_link":"http:\/\/www.dailymail.co.uk\/tvshowbiz\/article-2944574\/Keira-Knightley-Felicity-Jones-reunite-share-career-milestone-BAFTA-nominees.html",
      "note":"Treasuring the moment: Keira Knightley, left, and Felicity Jones, right, will reunite at Sunday night's BAFTA Awards after initially meeting as children on the set of their 1996 TV movie, The Treasure Seekers",
      "color":"#542118",
      "link":"https:\/\/www.pinterest.com\/r\/pin\/536561743080152686\/4779055074072594921\/f7c4faaa0c3bd1f3e57133d61281283b7cf8f90ef3de671fb93f0533916ccc15",
      "board":{
        "url":"https:\/\/www.pinterest.com\/dailymail\/celebrities\/",
        "id":"536561811793888186",
        "name":"Celebrities"
      },
      "image":{
        "original":{
          "url":"https:\/\/s-media-cache-ak0.pinimg.com\/originals\/c3\/4e\/d7\/c34ed76ef4406ddde0d51bcac967d635.jpg",
          "width":634,
          "height":840
        }
      },
      "counts":{
        "likes":0,
        "comments":0,
        "repins":0
      },
      "id":"536561743080152686",
      "metadata":{
        "article":{
          "published_at":null,
          "description":"As Keira Knightley and Felicity Jones glam up to vie for trophies at Sunday night's highly anticipated BAFTA Awards, they'll also be enjoying something of a reunion.",
          "name":"Former child co-stars Keira Knightley & Felicity Jones get BAFTA nods",
          "authors":[]
        },
        "link":{
          "locale":"en_GB",
          "title":"Former child co-stars Keira Knightley & Felicity Jones get BAFTA nods",
          "site_name":"Mail Online",
          "description":"As Keira Knightley and Felicity Jones glam up to vie for trophies at Sunday night's highly anticipated BAFTA Awards, they'll also be enjoying something of a reunion.",
          "favicon":"https:\/\/s-media-cache-ak0.pinimg.com\/favicons\/ba8856b627a2bf282a5dab73c40812571f90daf57fe69780aa1096ab.ico?a8690769c53090d08b0560db0144a818"
        }
      }
    },
    {
      "attribution":null,
      "creator":{
        "url":"https:\/\/www.pinterest.com\/dailymail\/",
        "first_name":"Daily Mail",
        "last_name":"",
        "id":"536561880513118266"
      },
      "url":"https:\/\/www.pinterest.com\/pin\/536561743080152646\/",
      "media":{
        "type":"image"
      },
      "created_at":"2015-02-09T17:05:00",
      "original_link":"http:\/\/www.dailymail.co.uk\/tvshowbiz\/article-2938468\/Beyonce-Ariana-Grande-Madonna-Nicki-Minaj-look-slinky-black-white-red-carpet-Grammy-Awards.html",
      "note":"On her way out:\u00a0Before the show, Paris Hilton shared a photo to Instagram with the note, 'Love all my Grammy dress options! Obsessed these new designers @Yousef_Aljasmi & @CharbelZoeCouture! So stunning! Which do you like best?'",
      "color":"#b1a190",
      "link":"https:\/\/www.pinterest.com\/r\/pin\/536561743080152646\/4779055074072594921\/b8598b1101ae809bd1866fe825bcb68ed394d23672b1f87dc33722e0580d9d1d",
      "board":{
        "url":"https:\/\/www.pinterest.com\/dailymail\/celebrities\/",
        "id":"536561811793888186",
        "name":"Celebrities"
      },
      "image":{
        "original":{
          "url":"https:\/\/s-media-cache-ak0.pinimg.com\/originals\/3d\/c2\/e1\/3dc2e10eed2c29db47efce00a8894daa.jpg",
          "width":962,
          "height":960
        }
      },
      "counts":{
        "likes":1,
        "comments":0,
        "repins":1
      },
      "id":"536561743080152646",
      "metadata":{
        "article":{
          "published_at":null,
          "description":"The Grammy Awards are never a night for demure dressing and the stars did not disappoint on Sunday evening.",
          "name":"Beyonce, Ariana Grande, Madonna and Nicki Minaj at Grammy Awards",
          "authors":[]
        },
        "link":{
          "locale":"en_GB",
          "title":"Beyonce, Ariana Grande, Madonna and Nicki Minaj at Grammy Awards",
          "site_name":"Mail Online",
          "description":"The Grammy Awards are never a night for demure dressing and the stars did not disappoint on Sunday evening.",
          "favicon":"https:\/\/s-media-cache-ak0.pinimg.com\/favicons\/ba8856b627a2bf282a5dab73c40812571f90daf57fe69780aa1096ab.ico?a8690769c53090d08b0560db0144a818"
        }
      }
    },
    {
      "attribution":null,
      "creator":{
        "url":"https:\/\/www.pinterest.com\/dailymail\/",
        "first_name":"Daily Mail",
        "last_name":"",
        "id":"536561880513118266"
      },
      "url":"https:\/\/www.pinterest.com\/pin\/536561743080152588\/",
      "media":{
        "type":"image"
      },
      "created_at":"2015-02-09T17:00:07",
      "original_link":"http:\/\/www.dailymail.co.uk\/tvshowbiz\/article-2945371\/Sam-Smith-enjoys-sweet-revenge-ex-dumped-s-crowned-new-prince-pop.html",
      "note":"Crazy In Love: Bey and Jay posed together shortly after winning their award",
      "color":"#1a1719",
      "link":"https:\/\/www.pinterest.com\/r\/pin\/536561743080152588\/4779055074072594921\/5fe292e71d4171e4effa99fc3386566834c2cd6f6c50dfe3ae9bd77bc22ff449",
      "board":{
        "url":"https:\/\/www.pinterest.com\/dailymail\/celebrities\/",
        "id":"536561811793888186",
        "name":"Celebrities"
      },
      "image":{
        "original":{
          "url":"https:\/\/s-media-cache-ak0.pinimg.com\/originals\/70\/c9\/ca\/70c9caa6d1d192ae5e00b0fc92cf7d60.jpg",
          "width":634,
          "height":823
        }
      },
      "counts":{
        "likes":0,
        "comments":0,
        "repins":0
      },
      "id":"536561743080152588",
      "metadata":{
        "article":{
          "published_at":null,
          "description":"With Kanye West storming the stage, Sia's modern dance performance and a semi-naked Madonna swinging from the rooftops, it was an eventful night.",
          "name":"Sam Smith becomes new prince of pop with four wins at Grammys",
          "authors":[]
        },
        "link":{
          "locale":"en_GB",
          "title":"Sam Smith becomes new prince of pop with four wins at Grammys",
          "site_name":"Mail Online",
          "description":"With Kanye West storming the stage, Sia's modern dance performance and a semi-naked Madonna swinging from the rooftops, it was an eventful night.",
          "favicon":"https:\/\/s-media-cache-ak0.pinimg.com\/favicons\/ba8856b627a2bf282a5dab73c40812571f90daf57fe69780aa1096ab.ico?a8690769c53090d08b0560db0144a818"
        }
      }
    },
    {
      "attribution":null,
      "creator":{
        "url":"https:\/\/www.pinterest.com\/dailymail\/",
        "first_name":"Daily Mail",
        "last_name":"",
        "id":"536561880513118266"
      },
      "url":"https:\/\/www.pinterest.com\/pin\/536561743080152520\/",
      "media":{
        "type":"image"
      },
      "created_at":"2015-02-09T16:54:11",
      "original_link":"http:\/\/www.dailymail.co.uk\/femail\/article-2945246\/Madonna-Rihanna-Charli-XCX-lead-Grammy-Awards-WORST-dressed-list-outfits.html",
      "note":"Matching: Dance Moms starlet Maddie Ziegler, 12, (left) turned up with Australian songstress Sia, 39, (right) and the duo co-ordinated their bizarre outfits.",
      "color":"#221619",
      "link":"https:\/\/www.pinterest.com\/r\/pin\/536561743080152520\/4779055074072594921\/9d0fe8076bd25d48cfbfb9eb8c9aa06642396a055294bcf27131af6e7fdeffe8",
      "board":{
        "url":"https:\/\/www.pinterest.com\/dailymail\/celebrities\/",
        "id":"536561811793888186",
        "name":"Celebrities"
      },
      "image":{
        "original":{
          "url":"https:\/\/s-media-cache-ak0.pinimg.com\/originals\/30\/56\/da\/3056dae7fbfd4dd1b488e66b08275ceb.jpg",
          "width":962,
          "height":1318
        }
      },
      "counts":{
        "likes":0,
        "comments":0,
        "repins":0
      },
      "id":"536561743080152520",
      "metadata":{
        "article":{
          "published_at":null,
          "description":"It's music's biggest night of the year, and all eyes were on the red carpet as stars arrived to the 57th Grammy Awards at the Staples Center in Los Angeles.",
          "name":"Madonna and Charli XCX lead the 2015 Grammys WORST dressed",
          "authors":[]
        },
        "link":{
          "locale":"en_GB",
          "title":"Madonna and Charli XCX lead the 2015 Grammys WORST dressed",
          "site_name":"Mail Online",
          "description":"It's music's biggest night of the year, and all eyes were on the red carpet as stars arrived to the 57th Grammy Awards at the Staples Center in Los Angeles.",
          "favicon":"https:\/\/s-media-cache-ak0.pinimg.com\/favicons\/ba8856b627a2bf282a5dab73c40812571f90daf57fe69780aa1096ab.ico?a8690769c53090d08b0560db0144a818"
        }
      }
    },
    {
      "attribution":null,
      "creator":{
        "url":"https:\/\/www.pinterest.com\/dailymail\/",
        "first_name":"Daily Mail",
        "last_name":"",
        "id":"536561880513118266"
      },
      "url":"https:\/\/www.pinterest.com\/pin\/536561743080152420\/",
      "media":{
        "type":"image"
      },
      "created_at":"2015-02-09T16:45:54",
      "original_link":"http:\/\/www.dailymail.co.uk\/tvshowbiz\/article-2945692\/Kendall-Kylie-Jenner-smoulder-Khloe-Kardashian-Grammys.html",
      "note":"Standing out: Kylie Jenner stood in an ivory ensemble that cut away to reveal her bare skin",
      "color":"#292522",
      "link":"https:\/\/www.pinterest.com\/r\/pin\/536561743080152420\/4779055074072594921\/d6137740f27ce986d577d1cefac8c2bcbb225644b4ec9526da079be8081dd152",
      "board":{
        "url":"https:\/\/www.pinterest.com\/dailymail\/celebrities\/",
        "id":"536561811793888186",
        "name":"Celebrities"
      },
      "image":{
        "original":{
          "url":"https:\/\/s-media-cache-ak0.pinimg.com\/originals\/ea\/00\/16\/ea0016d945013f52bacc8e67afb5ca91.jpg",
          "width":634,
          "height":938
        }
      },
      "counts":{
        "likes":0,
        "comments":0,
        "repins":1
      },
      "id":"536561743080152420",
      "metadata":{
        "article":{
          "published_at":"2015-02-09T00:00:00",
          "description":"While Kendall showed off her lithe model frame, Kylie was mimicking her older half sister Kim by puffing out her curves for the cameras at Armani's Grammy Afterparty on Sunday night.",
          "name":"Kendall and Kylie Jenner smoulder beside Khloe Kardashian at Grammys",
          "authors":[]
        },
        "link":{
          "locale":"en_GB",
          "title":"Kendall and Kylie Jenner smoulder beside Khloe Kardashian at Grammys",
          "site_name":"Mail Online",
          "description":"While Kendall showed off her lithe model frame, Kylie was mimicking her older half sister Kim by puffing out her curves for the cameras at Armani's Grammy Afterparty on Sunday night.",
          "favicon":"https:\/\/s-media-cache-ak0.pinimg.com\/favicons\/ba8856b627a2bf282a5dab73c40812571f90daf57fe69780aa1096ab.ico?a8690769c53090d08b0560db0144a818"
        }
      }
    },
    {
      "attribution":null,
      "creator":{
        "url":"https:\/\/www.pinterest.com\/dailymail\/",
        "first_name":"Daily Mail",
        "last_name":"",
        "id":"536561880513118266"
      },
      "url":"https:\/\/www.pinterest.com\/pin\/536561743080152378\/",
      "media":{
        "type":"image"
      },
      "created_at":"2015-02-09T16:42:09",
      "original_link":"http:\/\/www.dailymail.co.uk\/tvshowbiz\/article-2945692\/Kendall-Kylie-Jenner-smoulder-Khloe-Kardashian-Grammys.html",
      "note":"Steal the show in Kendall Jenner's lace dress by Elie Saab, \u00a33425",
      "color":"#1f1f1e",
      "link":"https:\/\/www.pinterest.com\/r\/pin\/536561743080152378\/4779055074072594921\/1f0d0ccc64025ed9b2867e4fe14700dda155180d228961f17037da1e4c61d8ae",
      "board":{
        "url":"https:\/\/www.pinterest.com\/dailymail\/celebrities\/",
        "id":"536561811793888186",
        "name":"Celebrities"
      },
      "image":{
        "original":{
          "url":"https:\/\/s-media-cache-ak0.pinimg.com\/originals\/28\/1b\/72\/281b72ba3d603bf0e828063d161d4bf2.jpg",
          "width":634,
          "height":950
        }
      },
      "counts":{
        "likes":0,
        "comments":0,
        "repins":0
      },
      "id":"536561743080152378",
      "metadata":{
        "article":{
          "published_at":"2015-02-09T00:00:00",
          "description":"While Kendall showed off her lithe model frame, Kylie was mimicking her older half sister Kim by puffing out her curves for the cameras at Armani's Grammy Afterparty on Sunday night.",
          "name":"Kendall and Kylie Jenner smoulder beside Khloe Kardashian at Grammys",
          "authors":[]
        },
        "link":{
          "locale":"en_GB",
          "title":"Kendall and Kylie Jenner smoulder beside Khloe Kardashian at Grammys",
          "site_name":"Mail Online",
          "description":"While Kendall showed off her lithe model frame, Kylie was mimicking her older half sister Kim by puffing out her curves for the cameras at Armani's Grammy Afterparty on Sunday night.",
          "favicon":"https:\/\/s-media-cache-ak0.pinimg.com\/favicons\/ba8856b627a2bf282a5dab73c40812571f90daf57fe69780aa1096ab.ico?a8690769c53090d08b0560db0144a818"
        }
      }
    },
    {
      "attribution":null,
      "creator":{
        "url":"https:\/\/www.pinterest.com\/dailymail\/",
        "first_name":"Daily Mail",
        "last_name":"",
        "id":"536561880513118266"
      },
      "url":"https:\/\/www.pinterest.com\/pin\/536561743080152358\/",
      "media":{
        "type":"image"
      },
      "created_at":"2015-02-09T16:40:45",
      "original_link":"http:\/\/www.dailymail.co.uk\/tvshowbiz\/article-2945275\/Kanye-West-t-hands-trophy-wife-Kim-Kardashian-s-curves-embraces-Grammys.html",
      "note":"The golden couple: KimYe certainly looked in their natural habitat on the red carpet",
      "color":"#533c31",
      "link":"https:\/\/www.pinterest.com\/r\/pin\/536561743080152358\/4779055074072594921\/307d2b8a1ba80989371fc5bcfdb91a86503218e857768ef8198c7d3f8b07c539",
      "board":{
        "url":"https:\/\/www.pinterest.com\/dailymail\/celebrities\/",
        "id":"536561811793888186",
        "name":"Celebrities"
      },
      "image":{
        "original":{
          "url":"https:\/\/s-media-cache-ak0.pinimg.com\/originals\/a4\/6d\/8c\/a46d8c0a524cf7604d785a6ff66f9cd5.jpg",
          "width":634,
          "height":692
        }
      },
      "counts":{
        "likes":0,
        "comments":0,
        "repins":3
      },
      "id":"536561743080152358",
      "metadata":{
        "article":{
          "published_at":null,
          "description":"Kim Kardashian certainly looked the part in an unmissable Jean Paul Gaultier gown as she breezed her way into the Grammys on Sunday night.",
          "name":"Kim Kardashian is a golden girl in robe-like gown at the Grammys",
          "authors":[]
        },
        "link":{
          "locale":"en_GB",
          "title":"Kim Kardashian is a golden girl in robe-like gown at the Grammys",
          "site_name":"Mail Online",
          "description":"Kim Kardashian certainly looked the part in an unmissable Jean Paul Gaultier gown as she breezed her way into the Grammys on Sunday night.",
          "favicon":"https:\/\/s-media-cache-ak0.pinimg.com\/favicons\/ba8856b627a2bf282a5dab73c40812571f90daf57fe69780aa1096ab.ico?a8690769c53090d08b0560db0144a818"
        }
      }
    },
    {
      "attribution":null,
      "creator":{
        "url":"https:\/\/www.pinterest.com\/dailymail\/",
        "first_name":"Daily Mail",
        "last_name":"",
        "id":"536561880513118266"
      },
      "url":"https:\/\/www.pinterest.com\/pin\/536561743080152321\/",
      "media":{
        "type":"image"
      },
      "created_at":"2015-02-09T16:38:14",
      "original_link":"http:\/\/www.dailymail.co.uk\/tvshowbiz\/article-2944815\/Michelle-Keegan-reveals-change-marries-Mark.html",
      "note":"Happy couple:\u00a0Michelle Keegan has revealed she and fiance Mark Wright will become a real-life 'Mr and Mrs Wright' after they walk down the aisle in front of their friends and family later this year",
      "color":"#dfdbdc",
      "link":"https:\/\/www.pinterest.com\/r\/pin\/536561743080152321\/4779055074072594921\/27b5496e0aadfd321309adb244b4988890fbd8f14a2442c9d49631022ab24d4e",
      "board":{
        "url":"https:\/\/www.pinterest.com\/dailymail\/celebrities\/",
        "id":"536561811793888186",
        "name":"Celebrities"
      },
      "image":{
        "original":{
          "url":"https:\/\/s-media-cache-ak0.pinimg.com\/originals\/e4\/fb\/1e\/e4fb1e2703dd433a6a1163fb928651f7.jpg",
          "width":634,
          "height":592
        }
      },
      "counts":{
        "likes":0,
        "comments":0,
        "repins":6
      },
      "id":"536561743080152321",
      "metadata":{
        "article":{
          "published_at":"2015-02-09T00:00:00",
          "description":"Michelle has revealed she and fiance Mark Wright will become a real-life 'Mr and Mrs Wright' after they walk down the aisle in front of their friends and family later this year.",
          "name":"Michelle Keegan reveals she will change her name when she marries Mark",
          "authors":[]
        },
        "link":{
          "locale":"en_GB",
          "title":"Michelle Keegan reveals she will change her name when she marries Mark",
          "site_name":"Mail Online",
          "description":"Michelle has revealed she and fiance Mark Wright will become a real-life 'Mr and Mrs Wright' after they walk down the aisle in front of their friends and family later this year.",
          "favicon":"https:\/\/s-media-cache-ak0.pinimg.com\/favicons\/ba8856b627a2bf282a5dab73c40812571f90daf57fe69780aa1096ab.ico?a8690769c53090d08b0560db0144a818"
        }
      }
    },
    {
      "attribution":null,
      "creator":{
        "url":"https:\/\/www.pinterest.com\/dailymail\/",
        "first_name":"Daily Mail",
        "last_name":"",
        "id":"536561880513118266"
      },
      "url":"https:\/\/www.pinterest.com\/pin\/536561743080152292\/",
      "media":{
        "type":"image"
      },
      "created_at":"2015-02-09T16:35:54",
      "original_link":"http:\/\/www.dailymail.co.uk\/tvshowbiz\/article-2945322\/Miley-Cyrus-stuns-backless-black-cut-dress-Grammy-Awards.html",
      "note":"Mom too! Miley Cyrus' other plus one was mom Tish who took a selfie with her famous daughter en route to the show",
      "color":"#695c44",
      "link":"https:\/\/www.pinterest.com\/r\/pin\/536561743080152292\/4779055074072594921\/0021bbb19452e4d9905da692c6cb3ccc77ae64f84ef157a4334179c200469210",
      "board":{
        "url":"https:\/\/www.pinterest.com\/dailymail\/celebrities\/",
        "id":"536561811793888186",
        "name":"Celebrities"
      },
      "image":{
        "original":{
          "url":"https:\/\/s-media-cache-ak0.pinimg.com\/originals\/a2\/1a\/41\/a21a41443d45632e28df65b34214f446.jpg",
          "width":634,
          "height":634
        }
      },
      "counts":{
        "likes":2,
        "comments":0,
        "repins":1
      },
      "id":"536561743080152292",
      "metadata":{
        "article":{
          "published_at":"2015-02-09T00:00:00",
          "description":"For her first-ever nomination, she made sure to make a bang at the Grammy Awards",
          "name":"Miley Cyrus stuns in backless black cut-out dress at Grammy Awards",
          "authors":[]
        },
        "link":{
          "locale":"en_GB",
          "title":"Miley Cyrus stuns in backless black cut-out dress at Grammy Awards\u00a0",
          "site_name":"Mail Online",
          "description":"For her first-ever nomination, she made sure to make a bang at the Grammy Awards",
          "favicon":"https:\/\/s-media-cache-ak0.pinimg.com\/favicons\/ba8856b627a2bf282a5dab73c40812571f90daf57fe69780aa1096ab.ico?a8690769c53090d08b0560db0144a818"
        }
      }
    },
    {
      "attribution":null,
      "creator":{
        "url":"https:\/\/www.pinterest.com\/dailymail\/",
        "first_name":"Daily Mail",
        "last_name":"",
        "id":"536561880513118266"
      },
      "url":"https:\/\/www.pinterest.com\/pin\/536561743080152112\/",
      "media":{
        "type":"image"
      },
      "created_at":"2015-02-09T16:22:12",
      "original_link":"http:\/\/www.dailymail.co.uk\/tvshowbiz\/article-2945682\/Kim-Kardashian-catches-flight-revealing-golden-Grammy-gown.html",
      "note":"Kanye's golden girl: West can't keep his hands off Kim Kardashian as he grabs hold of her curves on the Grammys red carpet in Los Angeles on Sunday",
      "color":"#685345",
      "link":"https:\/\/www.pinterest.com\/r\/pin\/536561743080152112\/4779055074072594921\/855f9b6809ea39b1bae700da1ae44a26366785ab22a3b499826ee659bbc80641",
      "board":{
        "url":"https:\/\/www.pinterest.com\/dailymail\/celebrities\/",
        "id":"536561811793888186",
        "name":"Celebrities"
      },
      "image":{
        "original":{
          "url":"https:\/\/s-media-cache-ak0.pinimg.com\/originals\/10\/fd\/af\/10fdafaa9071831f9ae12dbb55d1735a.jpg",
          "width":634,
          "height":848
        }
      },
      "counts":{
        "likes":0,
        "comments":0,
        "repins":1
      },
      "id":"536561743080152112",
      "metadata":{
        "article":{
          "published_at":"2015-02-09T00:00:00",
          "description":"Kim Kardashian commanded the attention of attendees at Sunday's Grammy Awards, when she stepped onto the red carpet in her memorably revealing Jean Paul Gaultier gown.",
          "name":"Kim Kardashian catches flight in her VERY revealing golden Grammy gown",
          "authors":[]
        },
        "link":{
          "locale":"en_GB",
          "title":"Kim Kardashian catches flight in her VERY revealing golden Grammy gown",
          "site_name":"Mail Online",
          "description":"Kim Kardashian commanded the attention of attendees at Sunday's Grammy Awards, when she stepped onto the red carpet in her memorably revealing Jean Paul Gaultier gown.",
          "favicon":"https:\/\/s-media-cache-ak0.pinimg.com\/favicons\/ba8856b627a2bf282a5dab73c40812571f90daf57fe69780aa1096ab.ico?a8690769c53090d08b0560db0144a818"
        }
      }
    },
    {
      "attribution":null,
      "creator":{
        "url":"https:\/\/www.pinterest.com\/dailymail\/",
        "first_name":"Daily Mail",
        "last_name":"",
        "id":"536561880513118266"
      },
      "url":"https:\/\/www.pinterest.com\/pin\/536561743080133305\/",
      "media":{
        "type":"image"
      },
      "created_at":"2015-02-08T09:00:59",
      "original_link":"http:\/\/www.dailymail.co.uk\/tvshowbiz\/article-2944095\/I-m-proud-live-country-absolute-majority-view-Stephen-Fry-57-public-s-positive-reaction-recent-wedding-27-year-old-Elliot-Spencer.html",
      "note":"Stunning: Felicity Jones looked impeccable in her black trouser suit, as she discussed hearing about her Oscar nomination for the first time",
      "color":"#1b2b24",
      "link":"https:\/\/www.pinterest.com\/r\/pin\/536561743080133305\/4779055074072594921\/4da6813865e1dbdcb195417050f496ff8dd52e50bfceac32472a6912ff2dbf7f",
      "board":{
        "url":"https:\/\/www.pinterest.com\/dailymail\/celebrities\/",
        "id":"536561811793888186",
        "name":"Celebrities"
      },
      "image":{
        "original":{
          "url":"https:\/\/s-media-cache-ak0.pinimg.com\/originals\/95\/f1\/43\/95f143d5c4c323399c931deaa9e7cc99.jpg",
          "width":634,
          "height":949
        }
      },
      "counts":{
        "likes":2,
        "comments":0,
        "repins":0
      },
      "id":"536561743080133305",
      "metadata":{
        "article":{
          "published_at":null,
          "description":"Stephen Fry has revealed just how proud he is to live in the UK, after being inundated with positive feedback and messages of congratulations following his recent wedding.",
          "name":"Stephen Fry on the public's positive reaction to his recent wedding",
          "authors":[]
        },
        "link":{
          "locale":"en_GB",
          "title":"Stephen Fry on the public's positive reaction to his recent wedding",
          "site_name":"Mail Online",
          "description":"Stephen Fry has revealed just how proud he is to live in the UK, after being inundated with positive feedback and messages of congratulations following his recent wedding.",
          "favicon":"https:\/\/s-media-cache-ak0.pinimg.com\/favicons\/ba8856b627a2bf282a5dab73c40812571f90daf57fe69780aa1096ab.ico?a8690769c53090d08b0560db0144a818"
        }
      }
    },
    {
      "attribution":null,
      "creator":{
        "url":"https:\/\/www.pinterest.com\/dailymail\/",
        "first_name":"Daily Mail",
        "last_name":"",
        "id":"536561880513118266"
      },
      "url":"https:\/\/www.pinterest.com\/pin\/536561743080133166\/",
      "media":{
        "type":"image"
      },
      "created_at":"2015-02-08T08:35:30",
      "original_link":"http:\/\/www.dailymail.co.uk\/tvshowbiz\/article-2944445\/Taylor-Swift-Rita-Ora-Ciara-make-Clive-Davis-pre-Grammys-gala-legs-stopping-ensembles.html",
      "note":"Lucky man: It was no wonder John Legend was smiling as wife Chrissy Teigen wore a very daring outfit with lots of leg",
      "color":"#1c1830",
      "link":"https:\/\/www.pinterest.com\/r\/pin\/536561743080133166\/4779055074072594921\/700ac5f5f5249b372b8fd3b1e8c2eabc958e069e31a9ca25c778fd92b58fa109",
      "board":{
        "url":"https:\/\/www.pinterest.com\/dailymail\/celebrities\/",
        "id":"536561811793888186",
        "name":"Celebrities"
      },
      "image":{
        "original":{
          "url":"https:\/\/s-media-cache-ak0.pinimg.com\/originals\/af\/98\/cf\/af98cfa68895044c9a4ebf7dc6178fbf.jpg",
          "width":962,
          "height":1445
        }
      },
      "counts":{
        "likes":1,
        "comments":0,
        "repins":2
      },
      "id":"536561743080133166",
      "metadata":{
        "article":{
          "published_at":null,
          "description":"If you have got it flaunt appears to be the dress code at the biggest pre-party of the awards season.",
          "name":"Taylor Swift and Rita Ora make the Clive Davis gala all about legs",
          "authors":[]
        },
        "link":{
          "locale":"en_AI",
          "title":"Taylor Swift and Rita Ora make the Clive Davis gala all about legs",
          "site_name":"Mail Online",
          "description":"If you have got it flaunt appears to be the dress code at the biggest pre-party of the awards season.",
          "favicon":"https:\/\/s-media-cache-ak0.pinimg.com\/favicons\/152fc9e245847e7b5739c44de12a0e477491b0409cba00d2e497e29d.ico?ce0260c17b7f1dbdb7726ef7e8fd8c7a"
        }
      }
    },
    {
      "attribution":null,
      "creator":{
        "url":"https:\/\/www.pinterest.com\/dailymail\/",
        "first_name":"Daily Mail",
        "last_name":"",
        "id":"536561880513118266"
      },
      "url":"https:\/\/www.pinterest.com\/pin\/536561743080133162\/",
      "media":{
        "type":"image"
      },
      "created_at":"2015-02-08T08:35:09",
      "original_link":"http:\/\/www.dailymail.co.uk\/tvshowbiz\/article-2944445\/Taylor-Swift-Rita-Ora-Ciara-make-Clive-Davis-pre-Grammys-gala-legs-stopping-ensembles.html",
      "note":"New look:\u00a0Also ensuring she stood out, was Miley Cyrus, who was unmissable in a sleek and polished red gown which she accessoried with beau Patrick Schwarzenegger",
      "color":"#170a14",
      "link":"https:\/\/www.pinterest.com\/r\/pin\/536561743080133162\/4779055074072594921\/e74f7745c989e4d963e41bd9b8ac09cbb58cd82081304912095d69837f38b290",
      "board":{
        "url":"https:\/\/www.pinterest.com\/dailymail\/celebrities\/",
        "id":"536561811793888186",
        "name":"Celebrities"
      },
      "image":{
        "original":{
          "url":"https:\/\/s-media-cache-ak0.pinimg.com\/originals\/28\/de\/da\/28dedaeadba892cc8d7a6113fd9225b2.jpg",
          "width":470,
          "height":1000
        }
      },
      "counts":{
        "likes":0,
        "comments":0,
        "repins":3
      },
      "id":"536561743080133162",
      "metadata":{
        "article":{
          "published_at":null,
          "description":"If you have got it flaunt appears to be the dress code at the biggest pre-party of the awards season.",
          "name":"Taylor Swift and Rita Ora make the Clive Davis gala all about legs",
          "authors":[]
        },
        "link":{
          "locale":"en_AI",
          "title":"Taylor Swift and Rita Ora make the Clive Davis gala all about legs",
          "site_name":"Mail Online",
          "description":"If you have got it flaunt appears to be the dress code at the biggest pre-party of the awards season.",
          "favicon":"https:\/\/s-media-cache-ak0.pinimg.com\/favicons\/152fc9e245847e7b5739c44de12a0e477491b0409cba00d2e497e29d.ico?ce0260c17b7f1dbdb7726ef7e8fd8c7a"
        }
      }
    },
    {
      "attribution":null,
      "creator":{
        "url":"https:\/\/www.pinterest.com\/dailymail\/",
        "first_name":"Daily Mail",
        "last_name":"",
        "id":"536561880513118266"
      },
      "url":"https:\/\/www.pinterest.com\/pin\/536561743080133158\/",
      "media":{
        "type":"image"
      },
      "created_at":"2015-02-08T08:34:39",
      "original_link":"http:\/\/www.dailymail.co.uk\/tvshowbiz\/article-2944445\/Taylor-Swift-Rita-Ora-Ciara-make-Clive-Davis-pre-Grammys-gala-legs-stopping-ensembles.html",
      "note":"Not so fancy: Igga Azalea missed the mark slightly in her black and white ensemble with her train not making it to the Hilton unscathed",
      "color":"#c6bcb7",
      "link":"https:\/\/www.pinterest.com\/r\/pin\/536561743080133158\/4779055074072594921\/4d35f9b3403d90cd2a0666bb704ab7c00f586330365611a616368f0baf2975fb",
      "board":{
        "url":"https:\/\/www.pinterest.com\/dailymail\/celebrities\/",
        "id":"536561811793888186",
        "name":"Celebrities"
      },
      "image":{
        "original":{
          "url":"https:\/\/s-media-cache-ak0.pinimg.com\/originals\/91\/63\/1f\/91631f626c9cf3ef145b261c66b51fc1.jpg",
          "width":470,
          "height":874
        }
      },
      "counts":{
        "likes":0,
        "comments":0,
        "repins":1
      },
      "id":"536561743080133158",
      "metadata":{
        "article":{
          "published_at":null,
          "description":"If you have got it flaunt appears to be the dress code at the biggest pre-party of the awards season.",
          "name":"Taylor Swift and Rita Ora make the Clive Davis gala all about legs",
          "authors":[]
        },
        "link":{
          "locale":"en_AI",
          "title":"Taylor Swift and Rita Ora make the Clive Davis gala all about legs",
          "site_name":"Mail Online",
          "description":"If you have got it flaunt appears to be the dress code at the biggest pre-party of the awards season.",
          "favicon":"https:\/\/s-media-cache-ak0.pinimg.com\/favicons\/152fc9e245847e7b5739c44de12a0e477491b0409cba00d2e497e29d.ico?ce0260c17b7f1dbdb7726ef7e8fd8c7a"
        }
      }
    },
    {
      "attribution":null,
      "creator":{
        "url":"https:\/\/www.pinterest.com\/dailymail\/",
        "first_name":"Daily Mail",
        "last_name":"",
        "id":"536561880513118266"
      },
      "url":"https:\/\/www.pinterest.com\/pin\/536561743080133155\/",
      "media":{
        "type":"image"
      },
      "created_at":"2015-02-08T08:34:11",
      "original_link":"http:\/\/www.dailymail.co.uk\/tvshowbiz\/article-2944445\/Taylor-Swift-Rita-Ora-Ciara-make-Clive-Davis-pre-Grammys-gala-legs-stopping-ensembles.html",
      "note":"One and done: Ignoring the usual red carpet protocol of wearing long dresses, Taylor showed up in a romper that, while rather casual, gave the 25-year-old plenty of opportunity to show off her long legs",
      "color":"#aeadb1",
      "link":"https:\/\/www.pinterest.com\/r\/pin\/536561743080133155\/4779055074072594921\/9bbeb1b6b0c7b2a75f8d769e369a885e9816c10d678da9790959b0ce9150b3c3",
      "board":{
        "url":"https:\/\/www.pinterest.com\/dailymail\/celebrities\/",
        "id":"536561811793888186",
        "name":"Celebrities"
      },
      "image":{
        "original":{
          "url":"https:\/\/s-media-cache-ak0.pinimg.com\/originals\/08\/2f\/a4\/082fa4d0e5f4b2fe8c036389bf0cc073.jpg",
          "width":962,
          "height":1446
        }
      },
      "counts":{
        "likes":0,
        "comments":0,
        "repins":1
      },
      "id":"536561743080133155",
      "metadata":{
        "article":{
          "published_at":null,
          "description":"If you have got it flaunt appears to be the dress code at the biggest pre-party of the awards season.",
          "name":"Taylor Swift and Rita Ora make the Clive Davis gala all about legs",
          "authors":[]
        },
        "link":{
          "locale":"en_AI",
          "title":"Taylor Swift and Rita Ora make the Clive Davis gala all about legs",
          "site_name":"Mail Online",
          "description":"If you have got it flaunt appears to be the dress code at the biggest pre-party of the awards season.",
          "favicon":"https:\/\/s-media-cache-ak0.pinimg.com\/favicons\/152fc9e245847e7b5739c44de12a0e477491b0409cba00d2e497e29d.ico?ce0260c17b7f1dbdb7726ef7e8fd8c7a"
        }
      }
    },
    {
      "attribution":null,
      "creator":{
        "url":"https:\/\/www.pinterest.com\/dailymail\/",
        "first_name":"Daily Mail",
        "last_name":"",
        "id":"536561880513118266"
      },
      "url":"https:\/\/www.pinterest.com\/pin\/536561743080133108\/",
      "media":{
        "type":"image"
      },
      "created_at":"2015-02-08T08:25:05",
      "original_link":"http:\/\/www.dailymail.co.uk\/tvshowbiz\/article-2944253\/Kim-Kardashian-brightens-grey-Los-Angeles-skies-bright-red-two-piece-Kanye-West-t-raise-smile.html",
      "note":"Eye-catching: Nicki Minaj certainly made an appearance in yellow snakeskin trousers and a bright orange fur jacket",
      "color":"#603418",
      "link":"https:\/\/www.pinterest.com\/r\/pin\/536561743080133108\/4779055074072594921\/b5fa954351a5560460308863801689bfd285e7438cdbbb077b2d307a854a12ac",
      "board":{
        "url":"https:\/\/www.pinterest.com\/dailymail\/celebrities\/",
        "id":"536561811793888186",
        "name":"Celebrities"
      },
      "image":{
        "original":{
          "url":"https:\/\/s-media-cache-ak0.pinimg.com\/originals\/ba\/12\/97\/ba1297ced9fe071bbede062d09d84908.jpg",
          "width":634,
          "height":904
        }
      },
      "counts":{
        "likes":1,
        "comments":0,
        "repins":0
      },
      "id":"536561743080133108",
      "metadata":{
        "article":{
          "published_at":null,
          "description":"For a man married to one of the most desired women in the world, Kanye West should really be able to raise a smile on occasion.",
          "name":"Kim Kardashian brightens up the grey Los Angeles skies in bright red",
          "authors":[]
        },
        "link":{
          "locale":"en_GB",
          "title":"Kim Kardashian brightens up the grey Los Angeles skies in bright red",
          "site_name":"Mail Online",
          "description":"For a man married to one of the most desired women in the world, Kanye West should really be able to raise a smile on occasion.",
          "favicon":"https:\/\/s-media-cache-ak0.pinimg.com\/favicons\/ba8856b627a2bf282a5dab73c40812571f90daf57fe69780aa1096ab.ico?a8690769c53090d08b0560db0144a818"
        }
      }
    },
    {
      "attribution":null,
      "creator":{
        "url":"https:\/\/www.pinterest.com\/dailymail\/",
        "first_name":"Daily Mail",
        "last_name":"",
        "id":"536561880513118266"
      },
      "url":"https:\/\/www.pinterest.com\/pin\/536561743080133092\/",
      "media":{
        "type":"image"
      },
      "created_at":"2015-02-08T08:22:49",
      "original_link":"http:\/\/www.dailymail.co.uk\/tvshowbiz\/article-2944253\/Kim-Kardashian-brightens-grey-Los-Angeles-skies-bright-red-two-piece-Kanye-West-t-raise-smile.html",
      "note":"Paris Hilton arrives at the RocNation Pre Grammy Brunch dressed in white",
      "color":"#887053",
      "link":"https:\/\/www.pinterest.com\/r\/pin\/536561743080133092\/4779055074072594921\/13ef5bf0ccb57ff6d6996ff969902900ba8ace7123ee4cde07899602c9905422",
      "board":{
        "url":"https:\/\/www.pinterest.com\/dailymail\/celebrities\/",
        "id":"536561811793888186",
        "name":"Celebrities"
      },
      "image":{
        "original":{
          "url":"https:\/\/s-media-cache-ak0.pinimg.com\/originals\/b9\/0e\/71\/b90e71439a6463a92ec250cddfb1280f.jpg",
          "width":306,
          "height":854
        }
      },
      "counts":{
        "likes":0,
        "comments":0,
        "repins":1
      },
      "id":"536561743080133092",
      "metadata":{
        "article":{
          "published_at":null,
          "description":"For a man married to one of the most desired women in the world, Kanye West should really be able to raise a smile on occasion.",
          "name":"Kim Kardashian brightens up the grey Los Angeles skies in bright red",
          "authors":[]
        },
        "link":{
          "locale":"en_GB",
          "title":"Kim Kardashian brightens up the grey Los Angeles skies in bright red",
          "site_name":"Mail Online",
          "description":"For a man married to one of the most desired women in the world, Kanye West should really be able to raise a smile on occasion.",
          "favicon":"https:\/\/s-media-cache-ak0.pinimg.com\/favicons\/ba8856b627a2bf282a5dab73c40812571f90daf57fe69780aa1096ab.ico?a8690769c53090d08b0560db0144a818"
        }
      }
    }
  ],
  "page":{
    "cursor":"LT41MzY1NjE3NDMwODAxMzMwOTI6MTEzMHwzZjE3OWE5MDYzYjBlYTI1NzVjMzZhNGMxZGRiOTdmNjc3NzJhMWUzZTRiNzM0MTJkYzQzZTE2Mzk5MWFlNTU1",
    "next":"https:\/\/api.pinterest.com\/v1\/boards\/dailymail\/celebrities\/pins\/?access_token=AZlZE-HOK-Y4205yRft75KyYVaauFCBIs8jxSxdCtrJcomAqbQAAAAA&fields=id%2Clink%2Cnote%2Curl%2Cattribution%2Cmedia%2Cmetadata%2Cboard%2Ccolor%2Ccounts%2Ccreated_at%2Ccreator%2Cimage%2Coriginal_link&cursor=LT41MzY1NjE3NDMwODAxMzMwOTI6MTEzMHwzZjE3OWE5MDYzYjBlYTI1NzVjMzZhNGMxZGRiOTdmNjc3NzJhMWUzZTRiNzM0MTJkYzQzZTE2Mzk5MWFlNTU1"
  }
}
