{
  "data":[
    {
      "attribution":null,
      "creator":{
        "url":"https:\/\/www.pinterest.com\/artemismarrero\/",
        "first_name":"Artemis",
        "last_name":"Marrero",
        "id":"80642786986035707"
      },
      "url":"https:\/\/www.pinterest.com\/pin\/80642649552433938\/",
      "media":{
        "type":"image"
      },
      "created_at":"2014-04-14T19:02:18",
      "original_link":"http:\/\/photoshootbloger.blogspot.com\/2012\/10\/brad-pitt-by-steven-klein-for-interview.html",
      "note":"Brad Pitt",
      "color":"#2d2d2f",
      "link":"https:\/\/www.pinterest.com\/r\/pin\/80642649552433938\/4779055074072594921\/0031667d7ec44f41eb9e8ba5955c2b81ba7ef1023563e6cf5ec6a069d128a60c",
      "board":{
        "url":"https:\/\/www.pinterest.com\/artemismarrero\/celebrities\/",
        "id":"80642718266676144",
        "name":"celebrities"
      },
      "image":{
        "original":{
          "url":"https:\/\/s-media-cache-ak0.pinimg.com\/originals\/3b\/5b\/9f\/3b5b9f35856f80e672d3caccc3cd1148.jpg",
          "width":774,
          "height":1000
        }
      },
      "counts":{
        "likes":2,
        "comments":0,
        "repins":12
      },
      "id":"80642649552433938",
      "metadata":{
      }
    },
    {
      "attribution":null,
      "creator":{
        "url":"https:\/\/www.pinterest.com\/artemismarrero\/",
        "first_name":"Artemis",
        "last_name":"Marrero",
        "id":"80642786986035707"
      },
      "url":"https:\/\/www.pinterest.com\/pin\/80642649552433937\/",
      "media":{
        "type":"image"
      },
      "created_at":"2014-04-14T19:02:15",
      "original_link":"",
      "note":"Edward Norton",
      "color":"#c9c9c9",
      "link":"",
      "board":{
        "url":"https:\/\/www.pinterest.com\/artemismarrero\/celebrities\/",
        "id":"80642718266676144",
        "name":"celebrities"
      },
      "image":{
        "original":{
          "url":"https:\/\/s-media-cache-ak0.pinimg.com\/originals\/e2\/6e\/d6\/e26ed62495cd428ec27dd5dbfc68c6c2.jpg",
          "width":500,
          "height":670
        }
      },
      "counts":{
        "likes":2,
        "comments":0,
        "repins":15
      },
      "id":"80642649552433937",
      "metadata":{
      }
    },
    {
      "attribution":null,
      "creator":{
        "url":"https:\/\/www.pinterest.com\/artemismarrero\/",
        "first_name":"Artemis",
        "last_name":"Marrero",
        "id":"80642786986035707"
      },
      "url":"https:\/\/www.pinterest.com\/pin\/80642649552433935\/",
      "media":{
        "type":"image"
      },
      "created_at":"2014-04-14T19:02:08",
      "original_link":"http:\/\/smokingissexy.tumblr.com\/post\/2764917745\/joaquin-phoenix",
      "note":"Joaquin Phoenix",
      "color":"#4e4e4f",
      "link":"https:\/\/www.pinterest.com\/r\/pin\/80642649552433935\/4779055074072594921\/3b1f689a9e33dbfc5075a809577af1f48cf80ca2f49b3e406b7e8ee9b8b5af6b",
      "board":{
        "url":"https:\/\/www.pinterest.com\/artemismarrero\/celebrities\/",
        "id":"80642718266676144",
        "name":"celebrities"
      },
      "image":{
        "original":{
          "url":"https:\/\/s-media-cache-ak0.pinimg.com\/originals\/4a\/b8\/f2\/4ab8f2fd6026f5f13cf1dc26f6e0ecb8.jpg",
          "width":354,
          "height":450
        }
      },
      "counts":{
        "likes":0,
        "comments":0,
        "repins":7
      },
      "id":"80642649552433935",
      "metadata":{
        "link":{
          "locale":"en",
          "title":"smokingissexy",
          "site_name":"smokingissexy.tumblr.com",
          "description":"Smoking pictures I love and what I have stored up throughout the years. Mostly about people who are well-known.",
          "favicon":"https:\/\/s-media-cache-ak0.pinimg.com\/favicons\/f6eed0283650c30991eb983ad27ea17c84323ce681ce63af95b68851.png?8eb737e642276419704879b3ade0659c"
        }
      }
    },
    {
      "attribution":null,
      "creator":{
        "url":"https:\/\/www.pinterest.com\/artemismarrero\/",
        "first_name":"Artemis",
        "last_name":"Marrero",
        "id":"80642786986035707"
      },
      "url":"https:\/\/www.pinterest.com\/pin\/80642649552433933\/",
      "media":{
        "type":"image"
      },
      "created_at":"2014-04-14T19:01:35",
      "original_link":"http:\/\/www.theconstantbuzz.com\/post\/14535923799\/steve-mcqueen-c-roy-schatt",
      "note":"Steve McQueen",
      "color":"#cfcfcf",
      "link":"https:\/\/www.pinterest.com\/r\/pin\/80642649552433933\/4779055074072594921\/47defe60db19c7484584c0598bb5260416e72b1be8375af6e73ad506f0684039",
      "board":{
        "url":"https:\/\/www.pinterest.com\/artemismarrero\/celebrities\/",
        "id":"80642718266676144",
        "name":"celebrities"
      },
      "image":{
        "original":{
          "url":"https:\/\/s-media-cache-ak0.pinimg.com\/originals\/b9\/0e\/47\/b90e473560f93a947255d260d4db6d48.jpg",
          "width":997,
          "height":1280
        }
      },
      "counts":{
        "likes":2,
        "comments":0,
        "repins":7
      },
      "id":"80642649552433933",
      "metadata":{
      }
    },
    {
      "attribution":null,
      "creator":{
        "url":"https:\/\/www.pinterest.com\/artemismarrero\/",
        "first_name":"Artemis",
        "last_name":"Marrero",
        "id":"80642786986035707"
      },
      "url":"https:\/\/www.pinterest.com\/pin\/80642649552433930\/",
      "media":{
        "type":"image"
      },
      "created_at":"2014-04-14T19:01:00",
      "original_link":"http:\/\/vintagesonia.tumblr.com\/post\/26449877973\/factoseintolerant-michael-caine-1964",
      "note":"Michael Caine",
      "color":"#494949",
      "link":"https:\/\/www.pinterest.com\/r\/pin\/80642649552433930\/4779055074072594921\/cd60b46207d2d1986c21c4a0aea5baf49af27d884b9fc63bf4a957e3765a4fc2",
      "board":{
        "url":"https:\/\/www.pinterest.com\/artemismarrero\/celebrities\/",
        "id":"80642718266676144",
        "name":"celebrities"
      },
      "image":{
        "original":{
          "url":"https:\/\/s-media-cache-ak0.pinimg.com\/originals\/8c\/12\/b0\/8c12b0e8fce16b97fb5fd8e8018f3d0f.jpg",
          "width":500,
          "height":719
        }
      },
      "counts":{
        "likes":1,
        "comments":0,
        "repins":5
      },
      "id":"80642649552433930",
      "metadata":{
        "link":{
          "locale":null,
          "title":"Not Found",
          "site_name":"vintagesonia.tumblr.com",
          "description":"The URL you requested could not be found.",
          "favicon":"https:\/\/s-passets-cache-ak0.pinimg.com\/images\/default_rich_pin_favicon.png"
        }
      }
    },
    {
      "attribution":null,
      "creator":{
        "url":"https:\/\/www.pinterest.com\/artemismarrero\/",
        "first_name":"Artemis",
        "last_name":"Marrero",
        "id":"80642786986035707"
      },
      "url":"https:\/\/www.pinterest.com\/pin\/80642649552433927\/",
      "media":{
        "type":"image"
      },
      "created_at":"2014-04-14T19:00:45",
      "original_link":"http:\/\/indulgy.com\/post\/5cVHt4VMH1\/gregory-peck",
      "note":"Gregory Peck",
      "color":"#e0e0e0",
      "link":"https:\/\/www.pinterest.com\/r\/pin\/80642649552433927\/4779055074072594921\/32bf32b15a9e7ef877538055cac8797de2ba1ee15c213bf04c409a637e406626",
      "board":{
        "url":"https:\/\/www.pinterest.com\/artemismarrero\/celebrities\/",
        "id":"80642718266676144",
        "name":"celebrities"
      },
      "image":{
        "original":{
          "url":"https:\/\/s-media-cache-ak0.pinimg.com\/originals\/75\/9e\/74\/759e74aff1fe73bb5c97edd3b65ae635.jpg",
          "width":500,
          "height":598
        }
      },
      "counts":{
        "likes":0,
        "comments":0,
        "repins":3
      },
      "id":"80642649552433927",
      "metadata":{
      }
    },
    {
      "attribution":null,
      "creator":{
        "url":"https:\/\/www.pinterest.com\/artemismarrero\/",
        "first_name":"Artemis",
        "last_name":"Marrero",
        "id":"80642786986035707"
      },
      "url":"https:\/\/www.pinterest.com\/pin\/80642649552421790\/",
      "media":{
        "type":"image"
      },
      "created_at":"2014-04-12T23:18:36",
      "original_link":"http:\/\/karlmannlegur.tumblr.com\/post\/72362820820",
      "note":"CAN WE TALK ABOUT RDJ?! He can act, he can sing, he's hilarious, HE'S IRON MAN, he's devilishly handsome, and he's basically perfection in human form",
      "color":"#373439",
      "link":"https:\/\/www.pinterest.com\/r\/pin\/80642649552421790\/4779055074072594921\/75c9665cc7a99b57d59b39641e4a55e9d9538320935143571abb1ae2f8884f6a",
      "board":{
        "url":"https:\/\/www.pinterest.com\/artemismarrero\/celebrities\/",
        "id":"80642718266676144",
        "name":"celebrities"
      },
      "image":{
        "original":{
          "url":"https:\/\/s-media-cache-ak0.pinimg.com\/originals\/99\/00\/7f\/99007fd702af647f275ba03e3f1d9d25.jpg",
          "width":500,
          "height":668
        }
      },
      "counts":{
        "likes":1,
        "comments":0,
        "repins":6
      },
      "id":"80642649552421790",
      "metadata":{
        "link":{
          "locale":"en",
          "title":"karlmannlegur",
          "site_name":"karlmannlegur.tumblr.com",
          "description":"STOCKHOLM",
          "favicon":"https:\/\/s-media-cache-ak0.pinimg.com\/favicons\/615360eb37c71a8aa0e3c01b2d7a6e02c8be944e19b7b35ff5f94d19.png?56d8edef8efa89959b92c180c8ffe52f"
        }
      }
    },
    {
      "attribution":null,
      "creator":{
        "url":"https:\/\/www.pinterest.com\/artemismarrero\/",
        "first_name":"Artemis",
        "last_name":"Marrero",
        "id":"80642786986035707"
      },
      "url":"https:\/\/www.pinterest.com\/pin\/80642649552421788\/",
      "media":{
        "type":"image"
      },
      "created_at":"2014-04-12T23:18:30",
      "original_link":"http:\/\/www.afterellen.com\/people\/2009\/hot100\/voting?page=3#",
      "note":"Rachel Weisz. Talented, smart, beautiful, and she's married to Daniel Craig.",
      "color":"#1e1e1e",
      "link":"https:\/\/www.pinterest.com\/r\/pin\/80642649552421788\/4779055074072594921\/add095376d3e2c2507101cac5f56e8ef486826d96c22bb5d214992e77a0858d3",
      "board":{
        "url":"https:\/\/www.pinterest.com\/artemismarrero\/celebrities\/",
        "id":"80642718266676144",
        "name":"celebrities"
      },
      "image":{
        "original":{
          "url":"https:\/\/s-media-cache-ak0.pinimg.com\/originals\/1d\/0e\/a1\/1d0ea16fdba602a3a08827943fb6dab7.jpg",
          "width":261,
          "height":320
        }
      },
      "counts":{
        "likes":0,
        "comments":0,
        "repins":8
      },
      "id":"80642649552421788",
      "metadata":{
      }
    },
    {
      "attribution":null,
      "creator":{
        "url":"https:\/\/www.pinterest.com\/artemismarrero\/",
        "first_name":"Artemis",
        "last_name":"Marrero",
        "id":"80642786986035707"
      },
      "url":"https:\/\/www.pinterest.com\/pin\/80642649552421785\/",
      "media":{
        "type":"image"
      },
      "created_at":"2014-04-12T23:17:53",
      "original_link":"http:\/\/itemsbydesignbird.blogspot.com\/2012\/07\/cool-cut.html",
      "note":"So pretty!!! Michelle Williams",
      "color":"#e1e1e1",
      "link":"https:\/\/www.pinterest.com\/r\/pin\/80642649552421785\/4779055074072594921\/d30c25ee18db5476d3a805b02a58a9875bcd7889afd446e0e6c5a04550940627",
      "board":{
        "url":"https:\/\/www.pinterest.com\/artemismarrero\/celebrities\/",
        "id":"80642718266676144",
        "name":"celebrities"
      },
      "image":{
        "original":{
          "url":"https:\/\/s-media-cache-ak0.pinimg.com\/originals\/ed\/df\/1e\/eddf1e74463fe067b63ff343c3952bd0.jpg",
          "width":492,
          "height":640
        }
      },
      "counts":{
        "likes":2,
        "comments":0,
        "repins":7
      },
      "id":"80642649552421785",
      "metadata":{
      }
    },
    {
      "attribution":null,
      "creator":{
        "url":"https:\/\/www.pinterest.com\/artemismarrero\/",
        "first_name":"Artemis",
        "last_name":"Marrero",
        "id":"80642786986035707"
      },
      "url":"https:\/\/www.pinterest.com\/pin\/80642649552421783\/",
      "media":{
        "type":"image"
      },
      "created_at":"2014-04-12T23:17:36",
      "original_link":"",
      "note":"Photo shoot from GQ (British) 10\/2011 issue, featuring U2 as \"Men of the Year.\"",
      "color":"#111111",
      "link":"",
      "board":{
        "url":"https:\/\/www.pinterest.com\/artemismarrero\/celebrities\/",
        "id":"80642718266676144",
        "name":"celebrities"
      },
      "image":{
        "original":{
          "url":"https:\/\/s-media-cache-ak0.pinimg.com\/originals\/23\/90\/97\/239097ef5dd11410be7f21c0fac469fe.jpg",
          "width":2100,
          "height":3552
        }
      },
      "counts":{
        "likes":1,
        "comments":0,
        "repins":2
      },
      "id":"80642649552421783",
      "metadata":{
      }
    },
    {
      "attribution":null,
      "creator":{
        "url":"https:\/\/www.pinterest.com\/artemismarrero\/",
        "first_name":"Artemis",
        "last_name":"Marrero",
        "id":"80642786986035707"
      },
      "url":"https:\/\/www.pinterest.com\/pin\/80642649552420394\/",
      "media":{
        "type":"image"
      },
      "created_at":"2014-04-12T17:09:54",
      "original_link":"http:\/\/marshallmatlock.com\/tag\/gene-kelly\/",
      "note":"Gregory Peck",
      "color":"#242424",
      "link":"https:\/\/www.pinterest.com\/r\/pin\/80642649552420394\/4779055074072594921\/c4c3af6cd6bd9e1d02fcb8103b50a861005c02c4ff5f7eb056990270f819887f",
      "board":{
        "url":"https:\/\/www.pinterest.com\/artemismarrero\/celebrities\/",
        "id":"80642718266676144",
        "name":"celebrities"
      },
      "image":{
        "original":{
          "url":"https:\/\/s-media-cache-ak0.pinimg.com\/originals\/42\/56\/2e\/42562ea9b8e374c7cdbbdc02fd211f85.jpg",
          "width":500,
          "height":665
        }
      },
      "counts":{
        "likes":0,
        "comments":0,
        "repins":4
      },
      "id":"80642649552420394",
      "metadata":{
      }
    },
    {
      "attribution":null,
      "creator":{
        "url":"https:\/\/www.pinterest.com\/artemismarrero\/",
        "first_name":"Artemis",
        "last_name":"Marrero",
        "id":"80642786986035707"
      },
      "url":"https:\/\/www.pinterest.com\/pin\/80642649552420392\/",
      "media":{
        "type":"image"
      },
      "created_at":"2014-04-12T17:09:48",
      "original_link":"http:\/\/lauramcphee.tumblr.com\/post\/19718417767\/juliette-binoche-1995-richard-avedon",
      "note":"Juliette Binoche",
      "color":"#434343",
      "link":"https:\/\/www.pinterest.com\/r\/pin\/80642649552420392\/4779055074072594921\/ad835be7da1688137419bee8bb715ce486a312f28e9a7c1b82e7dd6f6b3c78b2",
      "board":{
        "url":"https:\/\/www.pinterest.com\/artemismarrero\/celebrities\/",
        "id":"80642718266676144",
        "name":"celebrities"
      },
      "image":{
        "original":{
          "url":"https:\/\/s-media-cache-ak0.pinimg.com\/originals\/4c\/8b\/e8\/4c8be8a2fc0bce06db15d7f289309531.jpg",
          "width":500,
          "height":621
        }
      },
      "counts":{
        "likes":0,
        "comments":0,
        "repins":7
      },
      "id":"80642649552420392",
      "metadata":{
        "link":{
          "locale":"en",
          "title":"lauramcphee",
          "site_name":"lauramcphee.tumblr.com",
          "description":"Juliette Binoche, 1995 (Richard Avedon)",
          "favicon":"https:\/\/s-media-cache-ak0.pinimg.com\/favicons\/03e97bc5223ae953babdb770717d0eac3be6d75116530719b93ee418.png?dcaea0c3145570755773a3b4c11ceec8"
        }
      }
    },
    {
      "attribution":{
        "title":null,
        "url":null,
        "provider_icon_url":"https:\/\/s-passets-cache-ak0.pinimg.com\/images\/api\/attrib\/flickr@2x.png",
        "author_name":null,
        "provider_favicon_url":"https:\/\/s-passets-cache-ak0.pinimg.com\/images\/api\/attrib\/flickr.png",
        "author_url":null,
        "provider_name":"flickr"
      },
      "creator":{
        "url":"https:\/\/www.pinterest.com\/artemismarrero\/",
        "first_name":"Artemis",
        "last_name":"Marrero",
        "id":"80642786986035707"
      },
      "url":"https:\/\/www.pinterest.com\/pin\/80642649552420391\/",
      "media":{
        "type":"image"
      },
      "created_at":"2014-04-12T17:09:35",
      "original_link":"http:\/\/everyday-i-show.livejournal.com\/175174.html#cutid1",
      "note":"Tina Turner",
      "color":"#b0b0b0",
      "link":"https:\/\/www.pinterest.com\/r\/pin\/80642649552420391\/4779055074072594921\/fbbca01a1f76e7ae4f7b37dd2411ce07c7931c12572a25bd0c56ea19af2dc0b1",
      "board":{
        "url":"https:\/\/www.pinterest.com\/artemismarrero\/celebrities\/",
        "id":"80642718266676144",
        "name":"celebrities"
      },
      "image":{
        "original":{
          "url":"https:\/\/s-media-cache-ak0.pinimg.com\/originals\/5a\/f1\/9e\/5af19e6a10e224900a09c82956732b17.jpg",
          "width":646,
          "height":1024
        }
      },
      "counts":{
        "likes":1,
        "comments":0,
        "repins":7
      },
      "id":"80642649552420391",
      "metadata":{
      }
    },
    {
      "attribution":null,
      "creator":{
        "url":"https:\/\/www.pinterest.com\/artemismarrero\/",
        "first_name":"Artemis",
        "last_name":"Marrero",
        "id":"80642786986035707"
      },
      "url":"https:\/\/www.pinterest.com\/pin\/80642649552420389\/",
      "media":{
        "type":"image"
      },
      "created_at":"2014-04-12T17:09:14",
      "original_link":"http:\/\/theselvedgeyard.wordpress.com\/2009\/08\/23\/dennis-hoppers-the-last-movie-the-film-that-buried-a-visionary\/",
      "note":"Hopper",
      "color":"#272727",
      "link":"https:\/\/www.pinterest.com\/r\/pin\/80642649552420389\/4779055074072594921\/91d825cd6cdb124b8d2ff326c4411cde9a3289822af85e37401e33fcad5e4918",
      "board":{
        "url":"https:\/\/www.pinterest.com\/artemismarrero\/celebrities\/",
        "id":"80642718266676144",
        "name":"celebrities"
      },
      "image":{
        "original":{
          "url":"https:\/\/s-media-cache-ak0.pinimg.com\/originals\/74\/5b\/02\/745b027ed6ab68b5777b3d226225917f.jpg",
          "width":525,
          "height":367
        }
      },
      "counts":{
        "likes":0,
        "comments":0,
        "repins":0
      },
      "id":"80642649552420389",
      "metadata":{
      }
    },
    {
      "attribution":null,
      "creator":{
        "url":"https:\/\/www.pinterest.com\/artemismarrero\/",
        "first_name":"Artemis",
        "last_name":"Marrero",
        "id":"80642786986035707"
      },
      "url":"https:\/\/www.pinterest.com\/pin\/80642649552420388\/",
      "media":{
        "type":"image"
      },
      "created_at":"2014-04-12T17:09:11",
      "original_link":"http:\/\/favimages.com\/wp-content\/uploads\/2012\/08\/actor-lee-marvin-film-role-photos-images.jpg",
      "note":"Lee Marvin",
      "color":"#cecec8",
      "link":"https:\/\/www.pinterest.com\/r\/pin\/80642649552420388\/4779055074072594921\/b641250f93af17fd097dc95f735fc88fc3e7260366f962704aed785a835b4ab3",
      "board":{
        "url":"https:\/\/www.pinterest.com\/artemismarrero\/celebrities\/",
        "id":"80642718266676144",
        "name":"celebrities"
      },
      "image":{
        "original":{
          "url":"https:\/\/s-media-cache-ak0.pinimg.com\/originals\/06\/da\/63\/06da637b778982203070738302aa174b.jpg",
          "width":556,
          "height":720
        }
      },
      "counts":{
        "likes":0,
        "comments":0,
        "repins":1
      },
      "id":"80642649552420388",
      "metadata":{
      }
    },
    {
      "attribution":null,
      "creator":{
        "url":"https:\/\/www.pinterest.com\/artemismarrero\/",
        "first_name":"Artemis",
        "last_name":"Marrero",
        "id":"80642786986035707"
      },
      "url":"https:\/\/www.pinterest.com\/pin\/80642649552420384\/",
      "media":{
        "type":"image"
      },
      "created_at":"2014-04-12T17:08:37",
      "original_link":"http:\/\/thenotoriousbacall.tumblr.com\/page\/12",
      "note":"Rock Hudson",
      "color":"#737373",
      "link":"https:\/\/www.pinterest.com\/r\/pin\/80642649552420384\/4779055074072594921\/4c0279ba3884ecb5c67a95b30ab0f9f959b7f4aa29946ecd00a3aad45edbee1b",
      "board":{
        "url":"https:\/\/www.pinterest.com\/artemismarrero\/celebrities\/",
        "id":"80642718266676144",
        "name":"celebrities"
      },
      "image":{
        "original":{
          "url":"https:\/\/s-media-cache-ak0.pinimg.com\/originals\/a4\/9b\/11\/a49b11c52443a5132106b585b148beaa.jpg",
          "width":500,
          "height":698
        }
      },
      "counts":{
        "likes":0,
        "comments":0,
        "repins":6
      },
      "id":"80642649552420384",
      "metadata":{
        "link":{
          "locale":"en",
          "title":"Do you have any vacancies?",
          "site_name":"thenotoriousbacall.tumblr.com",
          "description":"The name is Betty. Married to Tony Perkins. Psycho is the best movie in the world and happens to be half my life. Bogart & Bacall make up the other half. Classic Hollywood for absolute ever. This blog...",
          "favicon":"https:\/\/s-media-cache-ak0.pinimg.com\/favicons\/007d2577677c7d38cc9086ddbafc37bfb6c98f79549821b53ac9841a.png?224a87f91d3e9da86e03a306a012d59f"
        }
      }
    },
    {
      "attribution":null,
      "creator":{
        "url":"https:\/\/www.pinterest.com\/artemismarrero\/",
        "first_name":"Artemis",
        "last_name":"Marrero",
        "id":"80642786986035707"
      },
      "url":"https:\/\/www.pinterest.com\/pin\/80642649552420383\/",
      "media":{
        "type":"image"
      },
      "created_at":"2014-04-12T17:08:30",
      "original_link":"http:\/\/www.touchpuppet.com\/2010\/11\/16\/scarlett-johansson-by-craig-mcdean\/",
      "note":"Scarlett Johansson by Craig McDean",
      "color":"#8a8a8a",
      "link":"https:\/\/www.pinterest.com\/r\/pin\/80642649552420383\/4779055074072594921\/4f4136c1c582ae4a52be71879024bb70c46085d589b1785d532a23a8f0484082",
      "board":{
        "url":"https:\/\/www.pinterest.com\/artemismarrero\/celebrities\/",
        "id":"80642718266676144",
        "name":"celebrities"
      },
      "image":{
        "original":{
          "url":"https:\/\/s-media-cache-ak0.pinimg.com\/originals\/2c\/70\/7b\/2c707bd8cb3ea3fbf2debee595cb41df.jpg",
          "width":600,
          "height":815
        }
      },
      "counts":{
        "likes":0,
        "comments":0,
        "repins":11
      },
      "id":"80642649552420383",
      "metadata":{
      }
    },
    {
      "attribution":null,
      "creator":{
        "url":"https:\/\/www.pinterest.com\/artemismarrero\/",
        "first_name":"Artemis",
        "last_name":"Marrero",
        "id":"80642786986035707"
      },
      "url":"https:\/\/www.pinterest.com\/pin\/80642649552420378\/",
      "media":{
        "type":"image"
      },
      "created_at":"2014-04-12T17:06:55",
      "original_link":"http:\/\/s96.photobucket.com\/user\/Sinainn_Ryan_Photos\/media\/Marilyn%20Monroe\/Marilyn204.jpg.html?sort=3&o=1",
      "note":"Marilyn Monroe",
      "color":"#201c19",
      "link":"https:\/\/www.pinterest.com\/r\/pin\/80642649552420378\/4779055074072594921\/a58d469888a2fb5e97fbcce2c66647f07d41a23dfcccbb742f496feac4fb513e",
      "board":{
        "url":"https:\/\/www.pinterest.com\/artemismarrero\/celebrities\/",
        "id":"80642718266676144",
        "name":"celebrities"
      },
      "image":{
        "original":{
          "url":"https:\/\/s-media-cache-ak0.pinimg.com\/originals\/f4\/06\/88\/f406886f728f66ca8a33ed35f34c35ee.jpg",
          "width":480,
          "height":480
        }
      },
      "counts":{
        "likes":0,
        "comments":0,
        "repins":4
      },
      "id":"80642649552420378",
      "metadata":{
      }
    },
    {
      "attribution":null,
      "creator":{
        "url":"https:\/\/www.pinterest.com\/artemismarrero\/",
        "first_name":"Artemis",
        "last_name":"Marrero",
        "id":"80642786986035707"
      },
      "url":"https:\/\/www.pinterest.com\/pin\/80642649552420377\/",
      "media":{
        "type":"image"
      },
      "created_at":"2014-04-12T17:06:47",
      "original_link":"http:\/\/crossingilandmono.tumblr.com\/post\/53504940045\/angelsbeauty-tom-cruise-my-edit",
      "note":"Happy Birthday Tom Cruise!",
      "color":"#212121",
      "link":"https:\/\/www.pinterest.com\/r\/pin\/80642649552420377\/4779055074072594921\/98e01102402ea62743bcde70ee33ba07490d6e50aed7cb4890dc5577ef30af59",
      "board":{
        "url":"https:\/\/www.pinterest.com\/artemismarrero\/celebrities\/",
        "id":"80642718266676144",
        "name":"celebrities"
      },
      "image":{
        "original":{
          "url":"https:\/\/s-media-cache-ak0.pinimg.com\/originals\/af\/27\/d6\/af27d696ff375bdedb132cfe9d74cbf4.jpg",
          "width":761,
          "height":1031
        }
      },
      "counts":{
        "likes":1,
        "comments":0,
        "repins":7
      },
      "id":"80642649552420377",
      "metadata":{
        "link":{
          "locale":"en",
          "title":"crossingilandmono",
          "site_name":"crossingilandmono.tumblr.com",
          "description":"angelsbeauty:\n\u201c Tom Cruise\nmy edit\n\u201d",
          "favicon":"https:\/\/s-media-cache-ak0.pinimg.com\/favicons\/f0cf10b5552e4dbd8b989d162f01b4c5307e1474871d3c958fc45f81.png?8fe546e20ef273da2eaa04435bc52c29"
        }
      }
    },
    {
      "attribution":null,
      "creator":{
        "url":"https:\/\/www.pinterest.com\/artemismarrero\/",
        "first_name":"Artemis",
        "last_name":"Marrero",
        "id":"80642786986035707"
      },
      "url":"https:\/\/www.pinterest.com\/pin\/80642649552420373\/",
      "media":{
        "type":"image"
      },
      "created_at":"2014-04-12T17:05:53",
      "original_link":"http:\/\/delilahswan.tumblr.com\/post\/17877553587\/goodactors-average-actor",
      "note":"#Bradley #Cooper",
      "color":"#adadad",
      "link":"https:\/\/www.pinterest.com\/r\/pin\/80642649552420373\/4779055074072594921\/d015c89d9abcf68624c5bde0d5338684cb232ae789b7ded41cd4f7cc6c088a9e",
      "board":{
        "url":"https:\/\/www.pinterest.com\/artemismarrero\/celebrities\/",
        "id":"80642718266676144",
        "name":"celebrities"
      },
      "image":{
        "original":{
          "url":"https:\/\/s-media-cache-ak0.pinimg.com\/originals\/68\/e9\/b5\/68e9b5e87aa11fe4ab74ab81477c8e18.jpg",
          "width":500,
          "height":632
        }
      },
      "counts":{
        "likes":0,
        "comments":0,
        "repins":2
      },
      "id":"80642649552420373",
      "metadata":{
        "link":{
          "locale":"en",
          "title":"delilahswan",
          "site_name":"delilahswan.tumblr.com",
          "description":"goodactors: \u201c average actor \u201d",
          "favicon":"https:\/\/s-media-cache-ak0.pinimg.com\/favicons\/8c43aafb957ea3d9ad2784098d833746f515da6843c944300f841737.png?ac69b14f05f281e8187883908aa697d1"
        }
      }
    },
    {
      "attribution":null,
      "creator":{
        "url":"https:\/\/www.pinterest.com\/artemismarrero\/",
        "first_name":"Artemis",
        "last_name":"Marrero",
        "id":"80642786986035707"
      },
      "url":"https:\/\/www.pinterest.com\/pin\/80642649552420365\/",
      "media":{
        "type":"image"
      },
      "created_at":"2014-04-12T17:04:39",
      "original_link":"http:\/\/diveintothemoon.tumblr.com\/post\/38058457168",
      "note":"Viggo Mortensen",
      "color":"#5a5a5a",
      "link":"https:\/\/www.pinterest.com\/r\/pin\/80642649552420365\/4779055074072594921\/52e27ebdaee3613e793c17eed45ca623726302c8acf4cc6cc4c17747596f6eff",
      "board":{
        "url":"https:\/\/www.pinterest.com\/artemismarrero\/celebrities\/",
        "id":"80642718266676144",
        "name":"celebrities"
      },
      "image":{
        "original":{
          "url":"https:\/\/s-media-cache-ak0.pinimg.com\/originals\/d8\/2b\/93\/d82b93640ee3574e6044ecd878fe3628.jpg",
          "width":500,
          "height":642
        }
      },
      "counts":{
        "likes":1,
        "comments":0,
        "repins":3
      },
      "id":"80642649552420365",
      "metadata":{
        "link":{
          "locale":"en",
          "title":"diveintothemoon",
          "site_name":"diveintothemoon.tumblr.com",
          "description":null,
          "favicon":"https:\/\/s-media-cache-ak0.pinimg.com\/favicons\/3ee5d4e4caaafa0f528769312c4edfb72a4f5e2a7ab1baecd042ea59.png?0b48917fb15cd2d9eadac9b2a01b014a"
        }
      }
    },
    {
      "attribution":null,
      "creator":{
        "url":"https:\/\/www.pinterest.com\/artemismarrero\/",
        "first_name":"Artemis",
        "last_name":"Marrero",
        "id":"80642786986035707"
      },
      "url":"https:\/\/www.pinterest.com\/pin\/80642649552420359\/",
      "media":{
        "type":"image"
      },
      "created_at":"2014-04-12T17:03:27",
      "original_link":"http:\/\/25.media.tumblr.com\/378922036e14a68bb12e1cee317b9610\/tumblr_mnhbijgWcA1qa8tjqo1_500.png",
      "note":"Richard Gere",
      "color":"#303030",
      "link":"https:\/\/www.pinterest.com\/r\/pin\/80642649552420359\/4779055074072594921\/e6e09b5a26966ab63abc7b100b8bf811faef785b8944bbd8e763fe5721274a2b",
      "board":{
        "url":"https:\/\/www.pinterest.com\/artemismarrero\/celebrities\/",
        "id":"80642718266676144",
        "name":"celebrities"
      },
      "image":{
        "original":{
          "url":"https:\/\/s-media-cache-ak0.pinimg.com\/originals\/cc\/cf\/77\/cccf779e97a96162026490eb97ecad5c.jpg",
          "width":500,
          "height":631
        }
      },
      "counts":{
        "likes":0,
        "comments":0,
        "repins":10
      },
      "id":"80642649552420359",
      "metadata":{
      }
    },
    {
      "attribution":null,
      "creator":{
        "url":"https:\/\/www.pinterest.com\/artemismarrero\/",
        "first_name":"Artemis",
        "last_name":"Marrero",
        "id":"80642786986035707"
      },
      "url":"https:\/\/www.pinterest.com\/pin\/80642649552420358\/",
      "media":{
        "type":"image"
      },
      "created_at":"2014-04-12T17:03:11",
      "original_link":"https:\/\/twitter.com\/dressvintage\/status\/225113174452604928\/photo\/1\/large",
      "note":"Jacqueline Bisset",
      "color":"#3e3e3e",
      "link":"https:\/\/www.pinterest.com\/r\/pin\/80642649552420358\/4779055074072594921\/deebd44c9189049ddecff73a4b847072c05da2345980256dacad59d8e1dc2dea",
      "board":{
        "url":"https:\/\/www.pinterest.com\/artemismarrero\/celebrities\/",
        "id":"80642718266676144",
        "name":"celebrities"
      },
      "image":{
        "original":{
          "url":"https:\/\/s-media-cache-ak0.pinimg.com\/originals\/91\/6b\/da\/916bdabf402c0b7ff75c2d86c5443306.jpg",
          "width":900,
          "height":1294
        }
      },
      "counts":{
        "likes":2,
        "comments":0,
        "repins":10
      },
      "id":"80642649552420358",
      "metadata":{
      }
    },
    {
      "attribution":null,
      "creator":{
        "url":"https:\/\/www.pinterest.com\/artemismarrero\/",
        "first_name":"Artemis",
        "last_name":"Marrero",
        "id":"80642786986035707"
      },
      "url":"https:\/\/www.pinterest.com\/pin\/80642649552420356\/",
      "media":{
        "type":"image"
      },
      "created_at":"2014-04-12T17:02:55",
      "original_link":"http:\/\/www.esquire.com\/features\/man-at-his-best\/q-and-a\/philip-seymour-hoffman-interview-1112",
      "note":"RIP Philip Seymour Hoffman\/\/ an amazing actor\/\/  feb 2 2014",
      "color":"#686866",
      "link":"https:\/\/www.pinterest.com\/r\/pin\/80642649552420356\/4779055074072594921\/d3f913b65fd482cafebb9149366962b9872966194ce3614f8e30f74a30edf5dd",
      "board":{
        "url":"https:\/\/www.pinterest.com\/artemismarrero\/celebrities\/",
        "id":"80642718266676144",
        "name":"celebrities"
      },
      "image":{
        "original":{
          "url":"https:\/\/s-media-cache-ak0.pinimg.com\/originals\/e0\/d2\/f4\/e0d2f491e00187408d675917c3954cfb.jpg",
          "width":460,
          "height":600
        }
      },
      "counts":{
        "likes":1,
        "comments":0,
        "repins":6
      },
      "id":"80642649552420356",
      "metadata":{
        "article":{
          "published_at":"2012-10-10T00:00:00",
          "description":"Scott Raab talks to the actor about The Master, Paul Thomas Anderson, weight loss, anonymity, and kids",
          "name":"Philip Seymour Hoffman: The ESQ&A",
          "authors":[
            {
              "name":"Scott Raab"
            },
            {
              "name":"Dave Holmes"
            },
            {
              "name":"Matt Miller"
            },
            {
              "name":"Megan Friedman"
            }
          ]
        },
        "link":{
          "locale":"en",
          "title":"Philip Seymour Hoffman: The ESQ&A",
          "site_name":"Esquire",
          "description":"Scott Raab talks to the actor about The Master, Paul Thomas Anderson, weight loss, anonymity, and kids",
          "favicon":"https:\/\/s-media-cache-ak0.pinimg.com\/favicons\/356acfea1f095dbded0f40d90f2b5cef22f66baac06d5fb64b2d585f.ico?b3807ff527747c304aa4bb2de5b668f0"
        }
      }
    },
    {
      "attribution":null,
      "creator":{
        "url":"https:\/\/www.pinterest.com\/artemismarrero\/",
        "first_name":"Artemis",
        "last_name":"Marrero",
        "id":"80642786986035707"
      },
      "url":"https:\/\/www.pinterest.com\/pin\/80642649552420355\/",
      "media":{
        "type":"image"
      },
      "created_at":"2014-04-12T17:02:45",
      "original_link":"http:\/\/www.fanpop.com\/clubs\/anne-hathaway\/images\/33713746\/title\/anne-photo",
      "note":"Anne Hathaway",
      "color":"#8d8d8d",
      "link":"https:\/\/www.pinterest.com\/r\/pin\/80642649552420355\/4779055074072594921\/3d3afc4539d0933b41183ad0b86de272a2b7689eb01c8f5e7b10ffca0328012e",
      "board":{
        "url":"https:\/\/www.pinterest.com\/artemismarrero\/celebrities\/",
        "id":"80642718266676144",
        "name":"celebrities"
      },
      "image":{
        "original":{
          "url":"https:\/\/s-media-cache-ak0.pinimg.com\/originals\/92\/df\/20\/92df200dcfc7948049fd37e808e39dd4.jpg",
          "width":500,
          "height":695
        }
      },
      "counts":{
        "likes":0,
        "comments":0,
        "repins":7
      },
      "id":"80642649552420355",
      "metadata":{
      }
    }
  ],
  "page":{
    "cursor":"LT44MDY0MjY0OTU1MjQyMDM1NTozNjF8MDRlZjE3OTVkMDNlYmQxNWMzYzg2M2RlZTAxZDU4NmRkMzExNDcyYzA5MGVhYTQ0OTYxOTA1NDhlZWY0ZDY2Yw==",
    "next":"https:\/\/api.pinterest.com\/v1\/boards\/artemismarrero\/celebrities\/pins\/?access_token=AZlZE-HOK-Y4205yRft75KyYVaauFCBIs8jxSxdCtrJcomAqbQAAAAA&fields=id%2Clink%2Cnote%2Curl%2Cattribution%2Cmedia%2Cmetadata%2Cboard%2Ccolor%2Ccounts%2Ccreated_at%2Ccreator%2Cimage%2Coriginal_link&cursor=LT44MDY0MjY0OTU1MjQyMDM1NTozNjF8MDRlZjE3OTVkMDNlYmQxNWMzYzg2M2RlZTAxZDU4NmRkMzExNDcyYzA5MGVhYTQ0OTYxOTA1NDhlZWY0ZDY2Yw%3D%3D"
  }
}
