{
  "data":[
    {
      "attribution":null,
      "creator":{
        "url":"https:\/\/www.pinterest.com\/buzzfeedstyle\/",
        "first_name":"BuzzFeed Style",
        "last_name":"",
        "id":"334111003514000838"
      },
      "url":"https:\/\/www.pinterest.com\/pin\/334110866078715471\/",
      "media":{
        "type":"image"
      },
      "created_at":"2014-05-13T22:30:03",
      "original_link":"http:\/\/www.buzzfeed.com\/emilyhennen\/29-times-we-wished-we-could-trade-wardrobes-with-olivia-pale?bfpi",
      "note":"Olivia Palermo, style icon.",
      "color":"#b3a288",
      "link":"https:\/\/www.pinterest.com\/r\/pin\/334110866078715471\/4779055074072594921\/901440451ed2ef875f6f0c8983f8169cd343be465651aa8f97a57ecddfa91e06",
      "board":{
        "url":"https:\/\/www.pinterest.com\/buzzfeed\/celebrities\/",
        "id":"137500663562161555",
        "name":"Celebrities"
      },
      "image":{
        "original":{
          "url":"https:\/\/s-media-cache-ak0.pinimg.com\/originals\/87\/73\/c7\/8773c724c494af85e937cd950c4e9e24.jpg",
          "width":625,
          "height":938
        }
      },
      "counts":{
        "likes":2,
        "comments":0,
        "repins":8
      },
      "id":"334110866078715471",
      "metadata":{
        "article":{
          "published_at":null,
          "description":"Seems like a fair deal.",
          "name":"29 Times We Wished We Could Trade Wardrobes With Olivia Palermo",
          "authors":[]
        },
        "link":{
          "locale":"en",
          "title":"29 Times We Wished We Could Trade Wardrobes With Olivia Palermo",
          "site_name":"BuzzFeed",
          "description":"Seems like a fair deal...",
          "favicon":"https:\/\/s-media-cache-ak0.pinimg.com\/favicons\/5a2f3ddebb24221ec8a631ee05b7e6418bbb2e7de0f019eab2dd7b32.png?6f90f349a263fafae3843e9decf2812a"
        }
      }
    },
    {
      "attribution":{
        "title":"Mark Hill Styles Olivia Palermo For Fashion Week",
        "provider_favicon_url":"https:\/\/s-passets-cache-ak0.pinimg.com\/images\/api\/attrib\/getty images.png",
        "author_name":"Paul Morigi",
        "url":"http:\/\/www.gettyimages.com\/detail\/179874932",
        "author_url":"http:\/\/www.gettyimages.com\/detail\/179874932",
        "provider_name":"Getty Images"
      },
      "creator":{
        "url":"https:\/\/www.pinterest.com\/buzzfeedstyle\/",
        "first_name":"BuzzFeed Style",
        "last_name":"",
        "id":"334111003514000838"
      },
      "url":"https:\/\/www.pinterest.com\/pin\/334110866078712851\/",
      "media":{
        "type":"image"
      },
      "created_at":"2014-05-13T16:10:10",
      "original_link":"http:\/\/www.buzzfeed.com\/emilyhennen\/29-times-we-wished-we-could-trade-wardrobes-with-olivia-pale?bfpi",
      "note":"29 Times We Wished We Could Trade Wardrobes With Olivia Palermo",
      "color":"#8a8f93",
      "link":"https:\/\/www.pinterest.com\/r\/pin\/334110866078712851\/4779055074072594921\/9a35175f30a5a585d50eb035196909ff704a3ce0452a8db5543c8afecb4f684a",
      "board":{
        "url":"https:\/\/www.pinterest.com\/buzzfeed\/celebrities\/",
        "id":"137500663562161555",
        "name":"Celebrities"
      },
      "image":{
        "original":{
          "url":"https:\/\/s-media-cache-ak0.pinimg.com\/originals\/b3\/71\/b8\/b371b8b20ec103d53b374c07579ad480.jpg",
          "width":625,
          "height":834
        }
      },
      "counts":{
        "likes":2,
        "comments":0,
        "repins":6
      },
      "id":"334110866078712851",
      "metadata":{
        "article":{
          "published_at":null,
          "description":"Seems like a fair deal.",
          "name":"29 Times We Wished We Could Trade Wardrobes With Olivia Palermo",
          "authors":[]
        },
        "link":{
          "locale":"en",
          "title":"29 Times We Wished We Could Trade Wardrobes With Olivia Palermo",
          "site_name":"BuzzFeed",
          "description":"Seems like a fair deal...",
          "favicon":"https:\/\/s-media-cache-ak0.pinimg.com\/favicons\/5a2f3ddebb24221ec8a631ee05b7e6418bbb2e7de0f019eab2dd7b32.png?6f90f349a263fafae3843e9decf2812a"
        }
      }
    },
    {
      "attribution":null,
      "creator":{
        "url":"https:\/\/www.pinterest.com\/buzzfeedstyle\/",
        "first_name":"BuzzFeed Style",
        "last_name":"",
        "id":"334111003514000838"
      },
      "url":"https:\/\/www.pinterest.com\/pin\/334110866078708888\/",
      "media":{
        "type":"image"
      },
      "created_at":"2014-05-13T03:30:08",
      "original_link":"http:\/\/www.buzzfeed.com\/emilyhennen\/29-times-we-wished-we-could-trade-wardrobes-with-olivia-pale?bfpi",
      "note":"This purple dress, please.",
      "color":"#242327",
      "link":"https:\/\/www.pinterest.com\/r\/pin\/334110866078708888\/4779055074072594921\/0aa683cfbb66797e0f5c0f152edce09522310687779e4d58c5e54117147fb943",
      "board":{
        "url":"https:\/\/www.pinterest.com\/buzzfeed\/celebrities\/",
        "id":"137500663562161555",
        "name":"Celebrities"
      },
      "image":{
        "original":{
          "url":"https:\/\/s-media-cache-ak0.pinimg.com\/originals\/d2\/10\/12\/d210128331ffbc37469b873c4f1cb402.jpg",
          "width":625,
          "height":938
        }
      },
      "counts":{
        "likes":1,
        "comments":0,
        "repins":8
      },
      "id":"334110866078708888",
      "metadata":{
        "article":{
          "published_at":null,
          "description":"Seems like a fair deal.",
          "name":"29 Times We Wished We Could Trade Wardrobes With Olivia Palermo",
          "authors":[]
        },
        "link":{
          "locale":"en",
          "title":"29 Times We Wished We Could Trade Wardrobes With Olivia Palermo",
          "site_name":"BuzzFeed",
          "description":"Seems like a fair deal...",
          "favicon":"https:\/\/s-media-cache-ak0.pinimg.com\/favicons\/5a2f3ddebb24221ec8a631ee05b7e6418bbb2e7de0f019eab2dd7b32.png?6f90f349a263fafae3843e9decf2812a"
        }
      }
    },
    {
      "attribution":{
        "title":"Tibi - Front Row - Spring 2011 MBFW",
        "provider_favicon_url":"https:\/\/s-passets-cache-ak0.pinimg.com\/images\/api\/attrib\/getty images.png",
        "author_name":"Arun Nevader",
        "url":"http:\/\/www.gettyimages.com\/detail\/104105212",
        "author_url":"http:\/\/www.gettyimages.com\/detail\/104105212",
        "provider_name":"Getty Images"
      },
      "creator":{
        "url":"https:\/\/www.pinterest.com\/buzzfeedstyle\/",
        "first_name":"BuzzFeed Style",
        "last_name":"",
        "id":"334111003514000838"
      },
      "url":"https:\/\/www.pinterest.com\/pin\/334110866078706948\/",
      "media":{
        "type":"image"
      },
      "created_at":"2014-05-13T00:07:04",
      "original_link":"http:\/\/www.buzzfeed.com\/emilyhennen\/29-times-we-wished-we-could-trade-wardrobes-with-olivia-pale?bfpi",
      "note":"29 Times We Wished We Could Trade Wardrobes With Olivia Palermo",
      "color":"#312a22",
      "link":"https:\/\/www.pinterest.com\/r\/pin\/334110866078706948\/4779055074072594921\/a6a31ae0fb1139db65f593edb0bd2909102923c535949c7e2f5629f961febecc",
      "board":{
        "url":"https:\/\/www.pinterest.com\/buzzfeed\/celebrities\/",
        "id":"137500663562161555",
        "name":"Celebrities"
      },
      "image":{
        "original":{
          "url":"https:\/\/s-media-cache-ak0.pinimg.com\/originals\/2e\/71\/c3\/2e71c31bd6a6da733020deb01ebebc56.jpg",
          "width":625,
          "height":1045
        }
      },
      "counts":{
        "likes":1,
        "comments":0,
        "repins":4
      },
      "id":"334110866078706948",
      "metadata":{
        "article":{
          "published_at":null,
          "description":"Seems like a fair deal.",
          "name":"29 Times We Wished We Could Trade Wardrobes With Olivia Palermo",
          "authors":[]
        },
        "link":{
          "locale":"en",
          "title":"29 Times We Wished We Could Trade Wardrobes With Olivia Palermo",
          "site_name":"BuzzFeed",
          "description":"Seems like a fair deal...",
          "favicon":"https:\/\/s-media-cache-ak0.pinimg.com\/favicons\/5a2f3ddebb24221ec8a631ee05b7e6418bbb2e7de0f019eab2dd7b32.png?6f90f349a263fafae3843e9decf2812a"
        }
      }
    },
    {
      "attribution":{
        "title":"Valentino: Front Row - Paris Fashion Week Womenswear Spring\/Summer 2014",
        "provider_favicon_url":"https:\/\/s-passets-cache-ak0.pinimg.com\/images\/api\/attrib\/getty images.png",
        "author_name":"Pascal Le Segretain",
        "url":"http:\/\/www.gettyimages.com\/detail\/182586422",
        "author_url":"http:\/\/www.gettyimages.com\/detail\/182586422",
        "provider_name":"Getty Images"
      },
      "creator":{
        "url":"https:\/\/www.pinterest.com\/buzzfeedstyle\/",
        "first_name":"BuzzFeed Style",
        "last_name":"",
        "id":"334111003514000838"
      },
      "url":"https:\/\/www.pinterest.com\/pin\/334110866078706281\/",
      "media":{
        "type":"image"
      },
      "created_at":"2014-05-12T22:30:02",
      "original_link":"http:\/\/www.buzzfeed.com\/emilyhennen\/29-times-we-wished-we-could-trade-wardrobes-with-olivia-pale?bfpi",
      "note":"29 Times We Wished We Could Trade Wardrobes With Olivia Palermo",
      "color":"#35230f",
      "link":"https:\/\/www.pinterest.com\/r\/pin\/334110866078706281\/4779055074072594921\/868ef1716c7346c89ed3172bffeffe346c50e92a0fed9f70f66a58e1275379a8",
      "board":{
        "url":"https:\/\/www.pinterest.com\/buzzfeed\/celebrities\/",
        "id":"137500663562161555",
        "name":"Celebrities"
      },
      "image":{
        "original":{
          "url":"https:\/\/s-media-cache-ak0.pinimg.com\/originals\/23\/b0\/10\/23b0104cab344b5d55761965bbf0f4d5.jpg",
          "width":625,
          "height":939
        }
      },
      "counts":{
        "likes":1,
        "comments":0,
        "repins":9
      },
      "id":"334110866078706281",
      "metadata":{
        "article":{
          "published_at":null,
          "description":"Seems like a fair deal.",
          "name":"29 Times We Wished We Could Trade Wardrobes With Olivia Palermo",
          "authors":[]
        },
        "link":{
          "locale":"en",
          "title":"29 Times We Wished We Could Trade Wardrobes With Olivia Palermo",
          "site_name":"BuzzFeed",
          "description":"Seems like a fair deal...",
          "favicon":"https:\/\/s-media-cache-ak0.pinimg.com\/favicons\/5a2f3ddebb24221ec8a631ee05b7e6418bbb2e7de0f019eab2dd7b32.png?6f90f349a263fafae3843e9decf2812a"
        }
      }
    },
    {
      "attribution":null,
      "creator":{
        "url":"https:\/\/www.pinterest.com\/buzzfeedstyle\/",
        "first_name":"BuzzFeed Style",
        "last_name":"",
        "id":"334111003514000838"
      },
      "url":"https:\/\/www.pinterest.com\/pin\/334110866078705551\/",
      "media":{
        "type":"image"
      },
      "created_at":"2014-05-12T21:27:08",
      "original_link":"http:\/\/www.buzzfeed.com\/emilyhennen\/29-times-we-wished-we-could-trade-wardrobes-with-olivia-pale?sub=3243061_2938022",
      "note":"29 Times We Wished We Could Trade Wardrobes With Olivia Palermo",
      "color":"#5d5a4f",
      "link":"https:\/\/www.pinterest.com\/r\/pin\/334110866078705551\/4779055074072594921\/ea28955a4d15b213de4a74e54f43e5225a68aa0f35517f55cd376c45a97c5cb9",
      "board":{
        "url":"https:\/\/www.pinterest.com\/buzzfeed\/celebrities\/",
        "id":"137500663562161555",
        "name":"Celebrities"
      },
      "image":{
        "original":{
          "url":"https:\/\/s-media-cache-ak0.pinimg.com\/originals\/47\/3e\/33\/473e333b5de50f66f72be875e62bedc0.jpg",
          "width":625,
          "height":942
        }
      },
      "counts":{
        "likes":0,
        "comments":0,
        "repins":7
      },
      "id":"334110866078705551",
      "metadata":{
        "article":{
          "published_at":null,
          "description":"Seems like a fair deal.",
          "name":"29 Times We Wished We Could Trade Wardrobes With Olivia Palermo",
          "authors":[]
        },
        "link":{
          "locale":"en",
          "title":"29 Times We Wished We Could Trade Wardrobes With Olivia Palermo",
          "site_name":"BuzzFeed",
          "description":"Seems like a fair deal...",
          "favicon":"https:\/\/s-media-cache-ak0.pinimg.com\/favicons\/5a2f3ddebb24221ec8a631ee05b7e6418bbb2e7de0f019eab2dd7b32.png?6f90f349a263fafae3843e9decf2812a"
        }
      }
    },
    {
      "attribution":null,
      "creator":{
        "url":"https:\/\/www.pinterest.com\/buzzfeedstyle\/",
        "first_name":"BuzzFeed Style",
        "last_name":"",
        "id":"334111003514000838"
      },
      "url":"https:\/\/www.pinterest.com\/pin\/334110866079975036\/",
      "media":{
        "type":"image"
      },
      "created_at":"2014-09-27T02:16:08",
      "original_link":"http:\/\/www.whowhatwear.com\/polka-dots-style\/slide11?crlt.pid=camp.Wg1Y9LCsYDaZ",
      "note":"How to Wear Polka Dots",
      "color":"#c1b7b7",
      "link":"https:\/\/www.pinterest.com\/r\/pin\/334110866079975036\/4779055074072594921\/f501a896feb49cb76c664e6e798053f8ef06050ec6028b1fbaf91df0af531cf3",
      "board":{
        "url":"https:\/\/www.pinterest.com\/buzzfeed\/celebrities\/",
        "id":"137500663562161555",
        "name":"Celebrities"
      },
      "image":{
        "original":{
          "url":"https:\/\/s-media-cache-ak0.pinimg.com\/originals\/81\/4b\/c4\/814bc47d915d34ad9de6cfbda81aed1d.jpg",
          "width":585,
          "height":1063
        }
      },
      "counts":{
        "likes":0,
        "comments":0,
        "repins":6
      },
      "id":"334110866079975036",
      "metadata":{
        "article":{
          "published_at":null,
          "description":"How to approach the fun-loving print like a full-grown adult.",
          "name":"The Secret to Pulling Off Polka Dots Without Looking Childish",
          "authors":[]
        },
        "link":{
          "locale":"en",
          "title":"The Secret to Pulling Off Polka Dots Without Looking Childish",
          "site_name":"WhoWhatWear",
          "description":"How to approach the fun-loving print like a full-grown adult.",
          "favicon":"https:\/\/s-media-cache-ak0.pinimg.com\/favicons\/60ff278c40b67b2dfc364a496d2bc411bed7ce80ffe675bc03f02650.ico?8f8cb30f20f059faac2c88e22698411d"
        }
      }
    },
    {
      "attribution":null,
      "creator":{
        "url":"https:\/\/www.pinterest.com\/buzzfeedstyle\/",
        "first_name":"BuzzFeed Style",
        "last_name":"",
        "id":"334111003514000838"
      },
      "url":"https:\/\/www.pinterest.com\/pin\/334110866080888863\/",
      "media":{
        "type":"image"
      },
      "created_at":"2014-12-18T00:01:46",
      "original_link":"http:\/\/www.buzzfeed.com\/juliegerstein\/this-youtube-star-was-the-most-googled-fashion-designer-of-2?crlt.pid=camp.8G8kZ88IhMAj",
      "note":"This Teen Was The Most Googled Fashion Designer Of 2014",
      "color":"#dec8b7",
      "link":"https:\/\/www.pinterest.com\/r\/pin\/334110866080888863\/4779055074072594921\/113eef89ec7795c65e7855c9bcf9a0741e873958ccf490f0d831c294843625b7",
      "board":{
        "url":"https:\/\/www.pinterest.com\/buzzfeed\/celebrities\/",
        "id":"137500663562161555",
        "name":"Celebrities"
      },
      "image":{
        "original":{
          "url":"https:\/\/s-media-cache-ak0.pinimg.com\/originals\/58\/5a\/3c\/585a3c08933b9c5ba6452f493c0e66af.jpg",
          "width":625,
          "height":309
        }
      },
      "counts":{
        "likes":1,
        "comments":0,
        "repins":3
      },
      "id":"334110866080888863",
      "metadata":{
        "article":{
          "published_at":null,
          "description":"Bethany Mota can't legally drink, but she's already got a line with Aeropostale under her belt.",
          "name":"This Teenage YouTube Star Was The Most Googled Fashion Designer Of 2014",
          "authors":[]
        },
        "link":{
          "locale":"en",
          "title":"This Teenage YouTube Star Was The Most Googled Fashion Designer Of 2014",
          "site_name":"BuzzFeed",
          "description":"Bethany Mota can't legally drink, but she's already got a line with Aeropostale under her belt...",
          "favicon":"https:\/\/s-media-cache-ak0.pinimg.com\/favicons\/5a2f3ddebb24221ec8a631ee05b7e6418bbb2e7de0f019eab2dd7b32.png?6f90f349a263fafae3843e9decf2812a"
        }
      }
    },
    {
      "attribution":null,
      "creator":{
        "url":"https:\/\/www.pinterest.com\/buzzfeedstyle\/",
        "first_name":"BuzzFeed Style",
        "last_name":"",
        "id":"334111003514000838"
      },
      "url":"https:\/\/www.pinterest.com\/pin\/334110866081039989\/",
      "media":{
        "type":"image"
      },
      "created_at":"2014-12-31T18:01:12",
      "original_link":"http:\/\/www.buzzfeed.com\/mackenziekruvant\/dress-like-your-favorite-style-icon?crlt.pid=camp.gYsgITTL7yTG#.wlozXEzlMQ",
      "note":"...then you should check out Kate Spade Saturday.",
      "color":"#ffffff",
      "link":"https:\/\/www.pinterest.com\/r\/pin\/334110866081039989\/4779055074072594921\/90d2637631895045f92f34f9136545110019786bd03c87bf59c53b082ade90c1",
      "board":{
        "url":"https:\/\/www.pinterest.com\/buzzfeed\/celebrities\/",
        "id":"137500663562161555",
        "name":"Celebrities"
      },
      "image":{
        "original":{
          "url":"https:\/\/s-media-cache-ak0.pinimg.com\/originals\/15\/39\/56\/153956643cb8afa58e415332bdd20bbd.jpg",
          "width":625,
          "height":619
        }
      },
      "counts":{
        "likes":0,
        "comments":0,
        "repins":3
      },
      "id":"334110866081039989",
      "metadata":{
      }
    },
    {
      "attribution":null,
      "creator":{
        "url":"https:\/\/www.pinterest.com\/buzzfeedstyle\/",
        "first_name":"BuzzFeed Style",
        "last_name":"",
        "id":"334111003514000838"
      },
      "url":"https:\/\/www.pinterest.com\/pin\/334110866077860544\/",
      "media":{
        "type":"image"
      },
      "created_at":"2014-02-20T22:09:17",
      "original_link":"http:\/\/www.buzzfeed.com\/tommywes\/jennifer-lawrence-looks-flawless-yet-again-for-dior",
      "note":"Jennifer Lawrence For Dior",
      "color":"#e4e4e2",
      "link":"https:\/\/www.pinterest.com\/r\/pin\/334110866077860544\/4779055074072594921\/10c6df74e383e0b78e6d49b4aacd32d171050593f074c16dfa8d26942238e465",
      "board":{
        "url":"https:\/\/www.pinterest.com\/buzzfeed\/celebrities\/",
        "id":"137500663562161555",
        "name":"Celebrities"
      },
      "image":{
        "original":{
          "url":"https:\/\/s-media-cache-ak0.pinimg.com\/originals\/f0\/9a\/d8\/f09ad8f01c2c5a385296ac77c9089447.jpg",
          "width":770,
          "height":936
        }
      },
      "counts":{
        "likes":0,
        "comments":0,
        "repins":3
      },
      "id":"334110866077860544",
      "metadata":{
        "article":{
          "published_at":null,
          "description":"Damn, she's looking fierce.",
          "name":"Jennifer Lawrence Looks Flawless Yet Again For Dior",
          "authors":[]
        },
        "link":{
          "locale":"en",
          "title":"Jennifer Lawrence Looks Flawless Yet Again For Dior",
          "site_name":"BuzzFeed",
          "description":"Damn, she's looking fierce...",
          "favicon":"https:\/\/s-media-cache-ak0.pinimg.com\/favicons\/5a2f3ddebb24221ec8a631ee05b7e6418bbb2e7de0f019eab2dd7b32.png?6f90f349a263fafae3843e9decf2812a"
        }
      }
    },
    {
      "attribution":null,
      "creator":{
        "url":"https:\/\/www.pinterest.com\/buzzfeedstyle\/",
        "first_name":"BuzzFeed Style",
        "last_name":"",
        "id":"334111003514000838"
      },
      "url":"https:\/\/www.pinterest.com\/pin\/334110866077860545\/",
      "media":{
        "type":"image"
      },
      "created_at":"2014-02-20T22:09:35",
      "original_link":"http:\/\/www.buzzfeed.com\/tommywes\/jennifer-lawrence-looks-flawless-yet-again-for-dior",
      "note":"Jennifer Lawrence",
      "color":"#b7bcd3",
      "link":"https:\/\/www.pinterest.com\/r\/pin\/334110866077860545\/4779055074072594921\/545a74a906d6131ae07dbc92648e2542059b78fce2bc4dca95790669d86c4212",
      "board":{
        "url":"https:\/\/www.pinterest.com\/buzzfeed\/celebrities\/",
        "id":"137500663562161555",
        "name":"Celebrities"
      },
      "image":{
        "original":{
          "url":"https:\/\/s-media-cache-ak0.pinimg.com\/originals\/16\/fe\/3e\/16fe3e246f8846a352c5869848c9f18e.jpg",
          "width":990,
          "height":1307
        }
      },
      "counts":{
        "likes":0,
        "comments":0,
        "repins":4
      },
      "id":"334110866077860545",
      "metadata":{
        "article":{
          "published_at":null,
          "description":"Damn, she's looking fierce.",
          "name":"Jennifer Lawrence Looks Flawless Yet Again For Dior",
          "authors":[]
        },
        "link":{
          "locale":"en",
          "title":"Jennifer Lawrence Looks Flawless Yet Again For Dior",
          "site_name":"BuzzFeed",
          "description":"Damn, she's looking fierce...",
          "favicon":"https:\/\/s-media-cache-ak0.pinimg.com\/favicons\/5a2f3ddebb24221ec8a631ee05b7e6418bbb2e7de0f019eab2dd7b32.png?6f90f349a263fafae3843e9decf2812a"
        }
      }
    },
    {
      "attribution":null,
      "creator":{
        "url":"https:\/\/www.pinterest.com\/buzzfeedstyle\/",
        "first_name":"BuzzFeed Style",
        "last_name":"",
        "id":"334111003514000838"
      },
      "url":"https:\/\/www.pinterest.com\/pin\/334110866077860551\/",
      "media":{
        "type":"image"
      },
      "created_at":"2014-02-20T22:09:57",
      "original_link":"http:\/\/www.buzzfeed.com\/tommywes\/jennifer-lawrence-looks-flawless-yet-again-for-dior",
      "note":"JLaw <3 Dior",
      "color":"#848482",
      "link":"https:\/\/www.pinterest.com\/r\/pin\/334110866077860551\/4779055074072594921\/c97648989f2944c1231abd86eb06e2f0ed6fcc6c877970c9b095f89a362f0ba6",
      "board":{
        "url":"https:\/\/www.pinterest.com\/buzzfeed\/celebrities\/",
        "id":"137500663562161555",
        "name":"Celebrities"
      },
      "image":{
        "original":{
          "url":"https:\/\/s-media-cache-ak0.pinimg.com\/originals\/47\/14\/b0\/4714b083c0aad894aedeb24907198f31.jpg",
          "width":870,
          "height":842
        }
      },
      "counts":{
        "likes":1,
        "comments":0,
        "repins":1
      },
      "id":"334110866077860551",
      "metadata":{
        "article":{
          "published_at":null,
          "description":"Damn, she's looking fierce.",
          "name":"Jennifer Lawrence Looks Flawless Yet Again For Dior",
          "authors":[]
        },
        "link":{
          "locale":"en",
          "title":"Jennifer Lawrence Looks Flawless Yet Again For Dior",
          "site_name":"BuzzFeed",
          "description":"Damn, she's looking fierce...",
          "favicon":"https:\/\/s-media-cache-ak0.pinimg.com\/favicons\/5a2f3ddebb24221ec8a631ee05b7e6418bbb2e7de0f019eab2dd7b32.png?6f90f349a263fafae3843e9decf2812a"
        }
      }
    },
    {
      "attribution":null,
      "creator":{
        "url":"https:\/\/www.pinterest.com\/buzzfeedstyle\/",
        "first_name":"BuzzFeed Style",
        "last_name":"",
        "id":"334111003514000838"
      },
      "url":"https:\/\/www.pinterest.com\/pin\/334110866077860573\/",
      "media":{
        "type":"image"
      },
      "created_at":"2014-02-20T22:12:48",
      "original_link":"http:\/\/dontwannasaygoodbye.tumblr.com\/post\/74131052738",
      "note":"Jennifer Lawrence",
      "color":"#cbcbcb",
      "link":"https:\/\/www.pinterest.com\/r\/pin\/334110866077860573\/4779055074072594921\/e955769833fb88f28b8d27be77017c793245034a31900e41a671039169e9cb80",
      "board":{
        "url":"https:\/\/www.pinterest.com\/buzzfeed\/celebrities\/",
        "id":"137500663562161555",
        "name":"Celebrities"
      },
      "image":{
        "original":{
          "url":"https:\/\/s-media-cache-ak0.pinimg.com\/originals\/59\/75\/a3\/5975a3297fe297c3b983ebfcf055f80b.png",
          "width":500,
          "height":700
        }
      },
      "counts":{
        "likes":1,
        "comments":0,
        "repins":6
      },
      "id":"334110866077860573",
      "metadata":{
        "link":{
          "locale":"en",
          "title":"dontwannasaygoodbye",
          "site_name":"dontwannasaygoodbye.tumblr.com",
          "description":"\u00a0Beautiful People",
          "favicon":"https:\/\/s-media-cache-ak0.pinimg.com\/favicons\/1c2801925b5d305da2c840053c9d567b396bcaea1fc4abaeac79b9d9.png?cf551c9dde1549820079adb3935ce3f6"
        }
      }
    },
    {
      "attribution":null,
      "creator":{
        "url":"https:\/\/www.pinterest.com\/buzzfeedstyle\/",
        "first_name":"BuzzFeed Style",
        "last_name":"",
        "id":"334111003514000838"
      },
      "url":"https:\/\/www.pinterest.com\/pin\/334110866077860579\/",
      "media":{
        "type":"image"
      },
      "created_at":"2014-02-20T22:13:28",
      "original_link":"http:\/\/25.media.tumblr.com\/dfa65ace201822ffb72e570a62b96656\/tumblr_mx5brkpgV61rg95jho2_500.png",
      "note":" ",
      "color":"#342f24",
      "link":"https:\/\/www.pinterest.com\/r\/pin\/334110866077860579\/4779055074072594921\/517ff2f64c4f2e6c72d0739c8b8888df6d0ad3ff6bc6453c21272e1236063e2f",
      "board":{
        "url":"https:\/\/www.pinterest.com\/buzzfeed\/celebrities\/",
        "id":"137500663562161555",
        "name":"Celebrities"
      },
      "image":{
        "original":{
          "url":"https:\/\/s-media-cache-ak0.pinimg.com\/originals\/df\/a6\/5a\/dfa65ace201822ffb72e570a62b96656.jpg",
          "width":500,
          "height":350
        }
      },
      "counts":{
        "likes":0,
        "comments":0,
        "repins":4
      },
      "id":"334110866077860579",
      "metadata":{
      }
    },
    {
      "attribution":null,
      "creator":{
        "url":"https:\/\/www.pinterest.com\/buzzfeedstyle\/",
        "first_name":"BuzzFeed Style",
        "last_name":"",
        "id":"334111003514000838"
      },
      "url":"https:\/\/www.pinterest.com\/pin\/334110866077860581\/",
      "media":{
        "type":"image"
      },
      "created_at":"2014-02-20T22:13:45",
      "original_link":"http:\/\/omgthatdress.tumblr.com\/post\/43967102900\/cwnerd12-please-please-please-let-this-be-me",
      "note":"JLaw",
      "color":"#efe0ce",
      "link":"https:\/\/www.pinterest.com\/r\/pin\/334110866077860581\/4779055074072594921\/e982f5d79fec33666fb556fc133af8aa28a9a75960f7906cb140d9b2b78e23e0",
      "board":{
        "url":"https:\/\/www.pinterest.com\/buzzfeed\/celebrities\/",
        "id":"137500663562161555",
        "name":"Celebrities"
      },
      "image":{
        "original":{
          "url":"https:\/\/s-media-cache-ak0.pinimg.com\/originals\/5a\/8f\/3a\/5a8f3acaaa1189387ebbe915dbaa6e70.png",
          "width":500,
          "height":680
        }
      },
      "counts":{
        "likes":2,
        "comments":0,
        "repins":2
      },
      "id":"334110866077860581",
      "metadata":{
        "link":{
          "locale":"en",
          "title":"omgthatdress",
          "site_name":"omgthatdress.tumblr.com",
          "description":"cwnerd12: \u201c PLEASE PLEASE PLEASE LET THIS BE ME WITH MY SCREENWRITING OSCAR PLEASEPLEASEPLEASE \u201d I feel this picture sums up a lot of things right now.",
          "favicon":"https:\/\/s-media-cache-ak0.pinimg.com\/favicons\/598600608ccbb764c203152aca44c9e2e5eb32dfb63b5773bacb70a5.png?d519eedfc6737159af24006a64c7aefd"
        }
      }
    },
    {
      "attribution":null,
      "creator":{
        "url":"https:\/\/www.pinterest.com\/buzzfeedstyle\/",
        "first_name":"BuzzFeed Style",
        "last_name":"",
        "id":"334111003514000838"
      },
      "url":"https:\/\/www.pinterest.com\/pin\/334110866077869946\/",
      "media":{
        "type":"image"
      },
      "created_at":"2014-02-21T20:02:54",
      "original_link":"http:\/\/www.buzzfeed.com\/alexrees\/see-jennifer-lawrences-beautiful-new-harpers-bazaar-photosho?sub=2661287_1776703",
      "note":" ",
      "color":"#9f9292",
      "link":"https:\/\/www.pinterest.com\/r\/pin\/334110866077869946\/4779055074072594921\/87fd81255cf66faf6edd45d83665456707e85f750c0735d1b84f5cfd999d01c2",
      "board":{
        "url":"https:\/\/www.pinterest.com\/buzzfeed\/celebrities\/",
        "id":"137500663562161555",
        "name":"Celebrities"
      },
      "image":{
        "original":{
          "url":"https:\/\/s-media-cache-ak0.pinimg.com\/originals\/93\/da\/bc\/93dabc3f97519626d4f432866ad77f7e.jpg",
          "width":309,
          "height":463
        }
      },
      "counts":{
        "likes":0,
        "comments":0,
        "repins":4
      },
      "id":"334110866077869946",
      "metadata":{
        "article":{
          "published_at":null,
          "description":"JLaw covers the British fashion magazine's November issue, and looks just lovely in the accompanying editorial. Enjoy!",
          "name":"See Jennifer Lawrence's Beautiful New Harper's Bazaar Photo Shoot In Full",
          "authors":[]
        },
        "link":{
          "locale":"en",
          "title":"See Jennifer Lawrence's Beautiful New Harper's Bazaar Photo Shoot In Full",
          "site_name":"BuzzFeed",
          "description":"JLaw covers the British fashion magazine's November issue, and looks just lovely in the accompanying editorial. Enjoy!..",
          "favicon":"https:\/\/s-media-cache-ak0.pinimg.com\/favicons\/5a2f3ddebb24221ec8a631ee05b7e6418bbb2e7de0f019eab2dd7b32.png?6f90f349a263fafae3843e9decf2812a"
        }
      }
    },
    {
      "attribution":null,
      "creator":{
        "url":"https:\/\/www.pinterest.com\/buzzfeedstyle\/",
        "first_name":"BuzzFeed Style",
        "last_name":"",
        "id":"334111003514000838"
      },
      "url":"https:\/\/www.pinterest.com\/pin\/334110866077869949\/",
      "media":{
        "type":"image"
      },
      "created_at":"2014-02-21T20:03:19",
      "original_link":"http:\/\/www.buzzfeed.com\/alexrees\/see-jennifer-lawrences-beautiful-new-harpers-bazaar-photosho?sub=2661287_1776683",
      "note":"Jennifer Lawrence is Beautiful in Harper's Bazaar",
      "color":"#120e0a",
      "link":"https:\/\/www.pinterest.com\/r\/pin\/334110866077869949\/4779055074072594921\/64921397bc0cae21f8208c55d7c9d4ef9afb5e183eb79d81fab1838820cac873",
      "board":{
        "url":"https:\/\/www.pinterest.com\/buzzfeed\/celebrities\/",
        "id":"137500663562161555",
        "name":"Celebrities"
      },
      "image":{
        "original":{
          "url":"https:\/\/s-media-cache-ak0.pinimg.com\/originals\/89\/25\/ef\/8925ef3613079807debf1eb12ab8e7bd.jpg",
          "width":625,
          "height":852
        }
      },
      "counts":{
        "likes":0,
        "comments":0,
        "repins":2
      },
      "id":"334110866077869949",
      "metadata":{
        "article":{
          "published_at":null,
          "description":"JLaw covers the British fashion magazine's November issue, and looks just lovely in the accompanying editorial. Enjoy!",
          "name":"See Jennifer Lawrence's Beautiful New Harper's Bazaar Photo Shoot In Full",
          "authors":[]
        },
        "link":{
          "locale":"en",
          "title":"See Jennifer Lawrence's Beautiful New Harper's Bazaar Photo Shoot In Full",
          "site_name":"BuzzFeed",
          "description":"JLaw covers the British fashion magazine's November issue, and looks just lovely in the accompanying editorial. Enjoy!..",
          "favicon":"https:\/\/s-media-cache-ak0.pinimg.com\/favicons\/5a2f3ddebb24221ec8a631ee05b7e6418bbb2e7de0f019eab2dd7b32.png?6f90f349a263fafae3843e9decf2812a"
        }
      }
    },
    {
      "attribution":null,
      "creator":{
        "url":"https:\/\/www.pinterest.com\/buzzfeedstyle\/",
        "first_name":"BuzzFeed Style",
        "last_name":"",
        "id":"334111003514000838"
      },
      "url":"https:\/\/www.pinterest.com\/pin\/334110866077869951\/",
      "media":{
        "type":"image"
      },
      "created_at":"2014-02-21T20:03:28",
      "original_link":"http:\/\/www.buzzfeed.com\/alexrees\/see-jennifer-lawrences-beautiful-new-harpers-bazaar-photosho?sub=2661287_1776685",
      "note":"Jennifer Lawrence",
      "color":"#464143",
      "link":"https:\/\/www.pinterest.com\/r\/pin\/334110866077869951\/4779055074072594921\/eea81f762b5c32a0873647d86cb26ec8e19315538841a163ba8c9f379e3177b7",
      "board":{
        "url":"https:\/\/www.pinterest.com\/buzzfeed\/celebrities\/",
        "id":"137500663562161555",
        "name":"Celebrities"
      },
      "image":{
        "original":{
          "url":"https:\/\/s-media-cache-ak0.pinimg.com\/originals\/a6\/28\/27\/a628273e761a55f5a6f8aba2a6c27b63.jpg",
          "width":625,
          "height":873
        }
      },
      "counts":{
        "likes":0,
        "comments":0,
        "repins":13
      },
      "id":"334110866077869951",
      "metadata":{
        "article":{
          "published_at":null,
          "description":"JLaw covers the British fashion magazine's November issue, and looks just lovely in the accompanying editorial. Enjoy!",
          "name":"See Jennifer Lawrence's Beautiful New Harper's Bazaar Photo Shoot In Full",
          "authors":[]
        },
        "link":{
          "locale":"en",
          "title":"See Jennifer Lawrence's Beautiful New Harper's Bazaar Photo Shoot In Full",
          "site_name":"BuzzFeed",
          "description":"JLaw covers the British fashion magazine's November issue, and looks just lovely in the accompanying editorial. Enjoy!..",
          "favicon":"https:\/\/s-media-cache-ak0.pinimg.com\/favicons\/5a2f3ddebb24221ec8a631ee05b7e6418bbb2e7de0f019eab2dd7b32.png?6f90f349a263fafae3843e9decf2812a"
        }
      }
    },
    {
      "attribution":null,
      "creator":{
        "url":"https:\/\/www.pinterest.com\/buzzfeedstyle\/",
        "first_name":"BuzzFeed Style",
        "last_name":"",
        "id":"334111003514000838"
      },
      "url":"https:\/\/www.pinterest.com\/pin\/334110866077869953\/",
      "media":{
        "type":"image"
      },
      "created_at":"2014-02-21T20:03:36",
      "original_link":"http:\/\/www.buzzfeed.com\/alexrees\/see-jennifer-lawrences-beautiful-new-harpers-bazaar-photosho?sub=2661287_1776689",
      "note":"Jennifer Lawrence is Beautiful in Harper's Bazaar",
      "color":"#140f0c",
      "link":"https:\/\/www.pinterest.com\/r\/pin\/334110866077869953\/4779055074072594921\/97462cb8eecb8ef9acc4faa48bf4b86d7542bad15e013489777c79686b020abd",
      "board":{
        "url":"https:\/\/www.pinterest.com\/buzzfeed\/celebrities\/",
        "id":"137500663562161555",
        "name":"Celebrities"
      },
      "image":{
        "original":{
          "url":"https:\/\/s-media-cache-ak0.pinimg.com\/originals\/45\/05\/79\/450579e23a5ee376bc5b9b4d1ba2cf79.jpg",
          "width":625,
          "height":852
        }
      },
      "counts":{
        "likes":0,
        "comments":0,
        "repins":3
      },
      "id":"334110866077869953",
      "metadata":{
        "article":{
          "published_at":null,
          "description":"JLaw covers the British fashion magazine's November issue, and looks just lovely in the accompanying editorial. Enjoy!",
          "name":"See Jennifer Lawrence's Beautiful New Harper's Bazaar Photo Shoot In Full",
          "authors":[]
        },
        "link":{
          "locale":"en",
          "title":"See Jennifer Lawrence's Beautiful New Harper's Bazaar Photo Shoot In Full",
          "site_name":"BuzzFeed",
          "description":"JLaw covers the British fashion magazine's November issue, and looks just lovely in the accompanying editorial. Enjoy!..",
          "favicon":"https:\/\/s-media-cache-ak0.pinimg.com\/favicons\/5a2f3ddebb24221ec8a631ee05b7e6418bbb2e7de0f019eab2dd7b32.png?6f90f349a263fafae3843e9decf2812a"
        }
      }
    },
    {
      "attribution":null,
      "creator":{
        "url":"https:\/\/www.pinterest.com\/buzzfeedstyle\/",
        "first_name":"BuzzFeed Style",
        "last_name":"",
        "id":"334111003514000838"
      },
      "url":"https:\/\/www.pinterest.com\/pin\/334110866077942206\/",
      "media":{
        "type":"image"
      },
      "created_at":"2014-02-28T22:04:57",
      "original_link":"http:\/\/phooeebs.tumblr.com\/post\/76078409493",
      "note":" ",
      "color":"#cfc2b0",
      "link":"https:\/\/www.pinterest.com\/r\/pin\/334110866077942206\/4779055074072594921\/8db0bfc0d12d7502952bcbb747a33425467625b95b9da919b1a16958e7f44d1c",
      "board":{
        "url":"https:\/\/www.pinterest.com\/buzzfeed\/celebrities\/",
        "id":"137500663562161555",
        "name":"Celebrities"
      },
      "image":{
        "original":{
          "url":"https:\/\/s-media-cache-ak0.pinimg.com\/originals\/c2\/f4\/86\/c2f48694587da43ef95d2d7bb2eed5ec.jpg",
          "width":1275,
          "height":1920
        }
      },
      "counts":{
        "likes":1,
        "comments":0,
        "repins":6
      },
      "id":"334110866077942206",
      "metadata":{
        "link":{
          "locale":"en",
          "title":"phooeebs",
          "site_name":"phooeebs.tumblr.com",
          "description":"\u271e \u03a6\u03bf\u03af\u03b2\u03b7.manhattan > san francisco.phoebe.17 \u271e",
          "favicon":"https:\/\/s-media-cache-ak0.pinimg.com\/favicons\/febfaadf87137d56a55f1e1b969e4dd96a7c58bfb10c008f62c01f0a.png?cd40a0beb836e9890c8c2ed125d4b629"
        }
      }
    },
    {
      "attribution":null,
      "creator":{
        "url":"https:\/\/www.pinterest.com\/buzzfeedstyle\/",
        "first_name":"BuzzFeed Style",
        "last_name":"",
        "id":"334111003514000838"
      },
      "url":"https:\/\/www.pinterest.com\/pin\/334110866077899508\/",
      "media":{
        "type":"image"
      },
      "created_at":"2014-02-24T15:40:07",
      "original_link":"http:\/\/www.buzzfeed.com\/alexrees\/see-jennifer-lawrences-beautiful-new-harpers-bazaar-photosho?sub=2661287_1776703",
      "note":"Jennifer Lawrence's Beautiful Harper's Bazaar Photo Shoot In Full",
      "color":"#74645c",
      "link":"https:\/\/www.pinterest.com\/r\/pin\/334110866077899508\/4779055074072594921\/cc9ce6c5d46b4d892474c018691f677799ce07e2234b48b198839413e7543ed6",
      "board":{
        "url":"https:\/\/www.pinterest.com\/buzzfeed\/celebrities\/",
        "id":"137500663562161555",
        "name":"Celebrities"
      },
      "image":{
        "original":{
          "url":"https:\/\/s-media-cache-ak0.pinimg.com\/originals\/44\/9d\/96\/449d9695ba4fa38fa57582ab0c288340.jpg",
          "width":309,
          "height":463
        }
      },
      "counts":{
        "likes":0,
        "comments":0,
        "repins":6
      },
      "id":"334110866077899508",
      "metadata":{
        "article":{
          "published_at":null,
          "description":"JLaw covers the British fashion magazine's November issue, and looks just lovely in the accompanying editorial. Enjoy!",
          "name":"See Jennifer Lawrence's Beautiful New Harper's Bazaar Photo Shoot In Full",
          "authors":[]
        },
        "link":{
          "locale":"en",
          "title":"See Jennifer Lawrence's Beautiful New Harper's Bazaar Photo Shoot In Full",
          "site_name":"BuzzFeed",
          "description":"JLaw covers the British fashion magazine's November issue, and looks just lovely in the accompanying editorial. Enjoy!..",
          "favicon":"https:\/\/s-media-cache-ak0.pinimg.com\/favicons\/5a2f3ddebb24221ec8a631ee05b7e6418bbb2e7de0f019eab2dd7b32.png?6f90f349a263fafae3843e9decf2812a"
        }
      }
    },
    {
      "attribution":null,
      "creator":{
        "url":"https:\/\/www.pinterest.com\/buzzfeedstyle\/",
        "first_name":"BuzzFeed Style",
        "last_name":"",
        "id":"334111003514000838"
      },
      "url":"https:\/\/www.pinterest.com\/pin\/334110866078254589\/",
      "media":{
        "type":"image"
      },
      "created_at":"2014-03-29T17:08:39",
      "original_link":"http:\/\/www.buzzfeed.com\/leonoraepstein\/these-photos-of-a-young-jennifer-lawrence-are-a-beautiful-my",
      "note":"These Photos Of A Young Jennifer Lawrence Are A Beautiful Mystery",
      "color":"#af926d",
      "link":"https:\/\/www.pinterest.com\/r\/pin\/334110866078254589\/4779055074072594921\/7bb16d0a22daf169c005d434c1acadd69c7e5691db09860e6a69c334bc096cc9",
      "board":{
        "url":"https:\/\/www.pinterest.com\/buzzfeed\/celebrities\/",
        "id":"137500663562161555",
        "name":"Celebrities"
      },
      "image":{
        "original":{
          "url":"https:\/\/s-media-cache-ak0.pinimg.com\/originals\/dd\/f3\/9c\/ddf39c4eda131a4a12c67084dd0dc1d4.jpg",
          "width":635,
          "height":949
        }
      },
      "counts":{
        "likes":3,
        "comments":0,
        "repins":5
      },
      "id":"334110866078254589",
      "metadata":{
        "article":{
          "published_at":null,
          "description":"Mid-2000s?",
          "name":"These Photos Of A Young Jennifer Lawrence Are A Beautiful Mystery",
          "authors":[]
        },
        "link":{
          "locale":"en",
          "title":"These Photos Of A Young Jennifer Lawrence Are A Beautiful Mystery",
          "site_name":"BuzzFeed",
          "description":"Mid-2000s?..",
          "favicon":"https:\/\/s-media-cache-ak0.pinimg.com\/favicons\/5a2f3ddebb24221ec8a631ee05b7e6418bbb2e7de0f019eab2dd7b32.png?6f90f349a263fafae3843e9decf2812a"
        }
      }
    },
    {
      "attribution":null,
      "creator":{
        "url":"https:\/\/www.pinterest.com\/buzzfeedstyle\/",
        "first_name":"BuzzFeed Style",
        "last_name":"",
        "id":"334111003514000838"
      },
      "url":"https:\/\/www.pinterest.com\/pin\/334110866079211209\/",
      "media":{
        "type":"image"
      },
      "created_at":"2014-07-09T00:01:56",
      "original_link":"http:\/\/www.buzzfeed.com\/tommywes\/jennifer-lawrence-face-palmed-emma-lawrence?crlt.pid=camp.Q2dl65iXU0u3",
      "note":"CANNOT HANDLE THIS.",
      "color":"#b6b3b2",
      "link":"https:\/\/www.pinterest.com\/r\/pin\/334110866079211209\/4779055074072594921\/863b9e5351d239976d50051f5f96dc37ffc6e997c860942e97c5fde3cb21bf0c",
      "board":{
        "url":"https:\/\/www.pinterest.com\/buzzfeed\/celebrities\/",
        "id":"137500663562161555",
        "name":"Celebrities"
      },
      "image":{
        "original":{
          "url":"https:\/\/s-media-cache-ak0.pinimg.com\/originals\/57\/a7\/0f\/57a70f69d115a6373b927553e89b9e52.jpg",
          "width":625,
          "height":938
        }
      },
      "counts":{
        "likes":5,
        "comments":0,
        "repins":14
      },
      "id":"334110866079211209",
      "metadata":{
        "article":{
          "published_at":null,
          "description":"Katniss and Hermione hung out at the Dior Fashion Show and it was epic.",
          "name":"Jennifer Lawrence Face-Palmed Emma Watson",
          "authors":[]
        },
        "link":{
          "locale":"en",
          "title":"Jennifer Lawrence Face-Palmed Emma Watson",
          "site_name":"BuzzFeed",
          "description":"Katniss and Hermione hung out at the Dior Fashion Show and it was epic...",
          "favicon":"https:\/\/s-media-cache-ak0.pinimg.com\/favicons\/5a2f3ddebb24221ec8a631ee05b7e6418bbb2e7de0f019eab2dd7b32.png?6f90f349a263fafae3843e9decf2812a"
        }
      }
    },
    {
      "attribution":null,
      "creator":{
        "url":"https:\/\/www.pinterest.com\/buzzfeed\/",
        "first_name":"BuzzFeed",
        "last_name":"",
        "id":"137500732281587055"
      },
      "url":"https:\/\/www.pinterest.com\/pin\/137500594849426624\/",
      "media":{
        "type":"image"
      },
      "created_at":"2015-02-23T19:50:49",
      "original_link":"http:\/\/www.buzzfeed.com\/chrisritter16\/all-of-the-amazing-oscar-gowns-in-every-color-of-the-rainbow",
      "note":"All Of The Amazing Oscar Gowns In Every Color Of The Rainbow",
      "color":"#956758",
      "link":"https:\/\/www.pinterest.com\/r\/pin\/137500594849426624\/4779055074072594921\/22a724da7165ae78d002059a252cedc4b538f4b195a2b6124a22ca35c18207e2",
      "board":{
        "url":"https:\/\/www.pinterest.com\/buzzfeed\/celebrities\/",
        "id":"137500663562161555",
        "name":"Celebrities"
      },
      "image":{
        "original":{
          "url":"https:\/\/s-media-cache-ak0.pinimg.com\/originals\/5e\/43\/04\/5e4304a051d785fcf45cc8311e761581.jpg",
          "width":990,
          "height":5017
        }
      },
      "counts":{
        "likes":277,
        "comments":3,
        "repins":706
      },
      "id":"137500594849426624",
      "metadata":{
        "article":{
          "published_at":null,
          "description":"So, so pretty.",
          "name":"All Of The Amazing Oscar Gowns In Every Color Of The Rainbow",
          "authors":[]
        },
        "link":{
          "locale":"en",
          "title":"All Of The Amazing Oscar Gowns In Every Color Of The Rainbow",
          "site_name":"BuzzFeed",
          "description":"So, so pretty...",
          "favicon":"https:\/\/s-media-cache-ak0.pinimg.com\/favicons\/5a2f3ddebb24221ec8a631ee05b7e6418bbb2e7de0f019eab2dd7b32.png?6f90f349a263fafae3843e9decf2812a"
        }
      }
    },
    {
      "attribution":null,
      "creator":{
        "url":"https:\/\/www.pinterest.com\/buzzfeedstyle\/",
        "first_name":"BuzzFeed Style",
        "last_name":"",
        "id":"334111003514000838"
      },
      "url":"https:\/\/www.pinterest.com\/pin\/137500594849375150\/",
      "media":{
        "type":"image"
      },
      "created_at":"2015-02-15T17:01:22",
      "original_link":"http:\/\/www.buzzfeed.com\/stephaniemcneal\/meet-the-first-woman-with-down-syndrome-to-walk-at-fashion-w?crlt.pid=camp.hT7C5LuHgZjk#.djEn2zZo2?bfpi",
      "note":"Actress and advocate Jamie Brewer just made history by becoming the first woman with Down syndrome to walk the red carpet at New York Fashion Week.",
      "color":"#d7cbc2",
      "link":"https:\/\/www.pinterest.com\/r\/pin\/137500594849375150\/4779055074072594921\/29ce532640a1f5b5369caf1ec96a3bff6ef90183aa6c362bd8e446de6cb70ce3",
      "board":{
        "url":"https:\/\/www.pinterest.com\/buzzfeed\/celebrities\/",
        "id":"137500663562161555",
        "name":"Celebrities"
      },
      "image":{
        "original":{
          "url":"https:\/\/s-media-cache-ak0.pinimg.com\/originals\/eb\/0e\/55\/eb0e55972a585a1e761d9fda342ca2cc.jpg",
          "width":625,
          "height":936
        }
      },
      "counts":{
        "likes":72,
        "comments":1,
        "repins":150
      },
      "id":"137500594849375150",
      "metadata":{
        "article":{
          "published_at":null,
          "description":"Jamie Brewer, American Horror Story actress and advocate, just made runway history.",
          "name":"Meet The First Woman With Down Syndrome To Walk At Fashion Week",
          "authors":[]
        },
        "link":{
          "locale":"en",
          "title":"Meet The First Woman With Down Syndrome To Walk At Fashion Week",
          "site_name":"BuzzFeed",
          "description":"Jamie Brewer, American Horror Story actress and advocate, just made runway history...",
          "favicon":"https:\/\/s-media-cache-ak0.pinimg.com\/favicons\/5a2f3ddebb24221ec8a631ee05b7e6418bbb2e7de0f019eab2dd7b32.png?6f90f349a263fafae3843e9decf2812a"
        }
      }
    }
  ],
  "page":{
    "cursor":"LT4xMzc1MDA1OTQ4NDkzNzUxNTA6OTd8MzIwMmIwZjE3ZWU4YmVjMTA0MjA4ZDQ1MzBlN2ZlYTJkNmY5ZTE5MjA2M2M2NWM4NjA2NmVkMDBkMjViNjQ5ZQ==",
    "next":"https:\/\/api.pinterest.com\/v1\/boards\/buzzfeed\/celebrities\/pins\/?access_token=AZlZE-HOK-Y4205yRft75KyYVaauFCBIs8jxSxdCtrJcomAqbQAAAAA&fields=id%2Clink%2Cnote%2Curl%2Cattribution%2Cmedia%2Cmetadata%2Cboard%2Ccolor%2Ccounts%2Ccreated_at%2Ccreator%2Cimage%2Coriginal_link&cursor=LT4xMzc1MDA1OTQ4NDkzNzUxNTA6OTd8MzIwMmIwZjE3ZWU4YmVjMTA0MjA4ZDQ1MzBlN2ZlYTJkNmY5ZTE5MjA2M2M2NWM4NjA2NmVkMDBkMjViNjQ5ZQ%3D%3D"
  }
}
