{
  "data":[
    {
      "attribution":{
        "title":"56th GRAMMY Awards - Show",
        "provider_favicon_url":"https:\/\/s-passets-cache-ak0.pinimg.com\/images\/api\/attrib\/getty images.png",
        "author_name":"Kevin Winter",
        "url":"http:\/\/www.gettyimages.com\/detail\/465349451",
        "author_url":"http:\/\/www.gettyimages.com\/detail\/465349451",
        "provider_name":"Getty Images"
      },
      "creator":{
        "url":"https:\/\/www.pinterest.com\/forbesmagazine\/",
        "first_name":"Forbes",
        "last_name":"",
        "id":"63754288383397079"
      },
      "url":"https:\/\/www.pinterest.com\/pin\/63754150950684751\/",
      "media":{
        "type":"image"
      },
      "created_at":"2014-11-04T16:05:17",
      "original_link":"http:\/\/www.forbes.com\/pictures\/eeel45emikk\/3-pink-52-million\/",
      "note":"Pink",
      "color":"#293944",
      "link":"https:\/\/www.pinterest.com\/r\/pin\/63754150950684751\/4779055074072594921\/b633cac07bc5fa2739feda15db87d551904ff95a8a1f0fc9a7c887d67d63ad4a",
      "board":{
        "url":"https:\/\/www.pinterest.com\/forbesmagazine\/celebrities\/",
        "id":"63754219664036046",
        "name":"Celebrities"
      },
      "image":{
        "original":{
          "url":"https:\/\/s-media-cache-ak0.pinimg.com\/originals\/31\/5b\/4f\/315b4f52b00e7c88be7525cfe61379cf.jpg",
          "width":801,
          "height":600
        }
      },
      "counts":{
        "likes":0,
        "comments":0,
        "repins":3
      },
      "id":"63754150950684751",
      "metadata":{
        "article":{
          "published_at":null,
          "description":"Though she may not have quite the same name recognition as some of the other stars on this list, Pink is quietly adding massive amounts of cash to her coffers. She played more than 85 concerts during our time frame, grossing over $1 million per city; on top of that, she\u2019s boosted by sales of recorded music and endorsements with the likes of CoverGirl.",
          "name":"Pink ($52 million) - In Photos: Highest-Paid Women In Music 2014",
          "authors":[]
        },
        "link":{
          "locale":"en",
          "title":"Pink ($52 million) - In Photos: Highest-Paid Women In Music 2014",
          "site_name":"Forbes",
          "description":"Though she may not have quite the same name recognition as some of the other stars on this list, Pink is quietly adding massive amounts of cash to her coffers. She played more than 85 concerts during our time frame, grossing over $1 million per city; on top of that, she\u2019s boosted by sales of recorded music and endorsements with the likes of CoverGirl.",
          "favicon":"https:\/\/s-media-cache-ak0.pinimg.com\/favicons\/60e5d5e390d1cab42df96abbf5b4c258a63ba5a743e3bcbea4dffdb4.ico?d0cb6a74c8c2db1e7837cc6ba9dbccc6"
        }
      }
    },
    {
      "attribution":null,
      "creator":{
        "url":"https:\/\/www.pinterest.com\/forbesmagazine\/",
        "first_name":"Forbes",
        "last_name":"",
        "id":"63754288383397079"
      },
      "url":"https:\/\/www.pinterest.com\/pin\/63754150950684737\/",
      "media":{
        "type":"image"
      },
      "created_at":"2014-11-04T16:02:06",
      "original_link":"http:\/\/www.forbes.com\/pictures\/eeel45emikk\/2-taylor-swift-64-million\/",
      "note":"Taylor Swift",
      "color":"#1c2635",
      "link":"https:\/\/www.pinterest.com\/r\/pin\/63754150950684737\/4779055074072594921\/dcca41400f864710853cfa154bdf3f714c19d18298156a9c82914a8e3435c32f",
      "board":{
        "url":"https:\/\/www.pinterest.com\/forbesmagazine\/celebrities\/",
        "id":"63754219664036046",
        "name":"Celebrities"
      },
      "image":{
        "original":{
          "url":"https:\/\/s-media-cache-ak0.pinimg.com\/originals\/3c\/a7\/66\/3ca76659c7bbc879208194cd4f145e4a.jpg",
          "width":901,
          "height":600
        }
      },
      "counts":{
        "likes":0,
        "comments":0,
        "repins":6
      },
      "id":"63754150950684737",
      "metadata":{
        "article":{
          "published_at":null,
          "description":"As she completes her crossover from country to pop, Swift is having the best year of her career, earnings-wise. She continues to pull in cash from live shows, recorded music and endorsements for Diet Coke, Keds and CoverGirl. New album 1989 looks set to become the top-seller of the year, boosted by sales of over 1 million units its first week.",
          "name":"Taylor Swift ($64 million) - In Photos: Highest-Paid Women In Music 2014",
          "authors":[]
        },
        "link":{
          "locale":"en",
          "title":"Taylor Swift ($64 million) - In Photos: Highest-Paid Women In Music 2014",
          "site_name":"Forbes",
          "description":"As she completes her crossover from country to pop, Swift is having\u00a0the best year of her career, earnings-wise. She continues to pull in cash from live shows, recorded music and endorsements for Diet Coke, Keds and CoverGirl.\u00a0New album 1989 looks set to become the top-seller of the year, boosted by sales of over 1 million units its first week.",
          "favicon":"https:\/\/s-media-cache-ak0.pinimg.com\/favicons\/60e5d5e390d1cab42df96abbf5b4c258a63ba5a743e3bcbea4dffdb4.ico?d0cb6a74c8c2db1e7837cc6ba9dbccc6"
        }
      }
    },
    {
      "attribution":null,
      "creator":{
        "url":"https:\/\/www.pinterest.com\/forbesmagazine\/",
        "first_name":"Forbes",
        "last_name":"",
        "id":"63754288383397079"
      },
      "url":"https:\/\/www.pinterest.com\/pin\/63754150950684735\/",
      "media":{
        "type":"image"
      },
      "created_at":"2014-11-04T16:01:59",
      "original_link":"http:\/\/www.forbes.com\/pictures\/eeel45emikk\/1-beyonce-115-million\/",
      "note":"Beyonce",
      "color":"#e6e2e5",
      "link":"https:\/\/www.pinterest.com\/r\/pin\/63754150950684735\/4779055074072594921\/1899532e2dfc52d37fd4d650ec880fb9acfff9792078ff00f3766c03d0039ac0",
      "board":{
        "url":"https:\/\/www.pinterest.com\/forbesmagazine\/celebrities\/",
        "id":"63754219664036046",
        "name":"Celebrities"
      },
      "image":{
        "original":{
          "url":"https:\/\/s-media-cache-ak0.pinimg.com\/originals\/4b\/d4\/65\/4bd4655f688dc2016afd0dc328519606.jpg",
          "width":790,
          "height":600
        }
      },
      "counts":{
        "likes":0,
        "comments":0,
        "repins":6
      },
      "id":"63754150950684735",
      "metadata":{
        "article":{
          "published_at":null,
          "description":"Queen B had the biggest year of her career, thanks mostly to a massive tour. The superstar singer played 95 shows during our scoring period, bringing in an average $2.4 million per city, according to Pollstar. Her latest album, Beyonc\u00e9, hit iTunes in December 2013 with barely any publicity\u2014and quickly became one of the year\u2019s top sellers.",
          "name":"Beyonce ($115 million) - In Photos: Highest-Paid Women In Music 2014",
          "authors":[]
        },
        "link":{
          "locale":"en",
          "title":"Beyonce ($115 million) - In Photos: Highest-Paid Women In Music 2014",
          "site_name":"Forbes",
          "description":"Queen B had\u00a0the biggest year of her career, thanks mostly to a massive tour. The superstar singer played 95 shows during our scoring period, bringing in an average $2.4 million per city, according to Pollstar. Her latest album, Beyonc\u00e9, hit iTunes in December 2013 with barely any publicity\u2014and quickly became one of the year\u2019s top sellers.",
          "favicon":"https:\/\/s-media-cache-ak0.pinimg.com\/favicons\/60e5d5e390d1cab42df96abbf5b4c258a63ba5a743e3bcbea4dffdb4.ico?d0cb6a74c8c2db1e7837cc6ba9dbccc6"
        }
      }
    },
    {
      "attribution":null,
      "creator":{
        "url":"https:\/\/www.pinterest.com\/forbesmagazine\/",
        "first_name":"Forbes",
        "last_name":"",
        "id":"63754288383397079"
      },
      "url":"https:\/\/www.pinterest.com\/pin\/63754150950684733\/",
      "media":{
        "type":"image"
      },
      "created_at":"2014-11-04T16:01:51",
      "original_link":"http:\/\/www.forbes.com\/pictures\/eeel45emikk\/the-top-10-highest-paid-women-in-music\/",
      "note":"The Top 10 Highest-Paid Women In Music",
      "color":"#433b68",
      "link":"https:\/\/www.pinterest.com\/r\/pin\/63754150950684733\/4779055074072594921\/c63272249cf29435eeef174c561af059f9c02262b816117c36e7ed79583dbfff",
      "board":{
        "url":"https:\/\/www.pinterest.com\/forbesmagazine\/celebrities\/",
        "id":"63754219664036046",
        "name":"Celebrities"
      },
      "image":{
        "original":{
          "url":"https:\/\/s-media-cache-ak0.pinimg.com\/originals\/b5\/1f\/28\/b51f286954af01f6b57b7ab370d1fae1.jpg",
          "width":900,
          "height":600
        }
      },
      "counts":{
        "likes":0,
        "comments":0,
        "repins":3
      },
      "id":"63754150950684733",
      "metadata":{
        "article":{
          "published_at":null,
          "description":"Beyonc\u00e9 enjoyed the biggest year of her career\u2014she pulled in $115 million thanks mostly to a massive tour\u2014making her the top-earning woman in the music business. Who else made the top ten? Read on to find out.",
          "name":"The Top 10 Highest-Paid Women In Music - In Photos: Highest-Paid Women In Music 2014",
          "authors":[]
        },
        "link":{
          "locale":"en",
          "title":"The Top 10 Highest-Paid Women In Music - In Photos: Highest-Paid Women In Music 2014",
          "site_name":"Forbes",
          "description":"Beyonc\u00e9 enjoyed the biggest year of her career\u2014she pulled in $115 million thanks mostly to a massive tour\u2014making her the top-earning woman in the music business. Who else made the top ten? Read on to find out.",
          "favicon":"https:\/\/s-media-cache-ak0.pinimg.com\/favicons\/60e5d5e390d1cab42df96abbf5b4c258a63ba5a743e3bcbea4dffdb4.ico?d0cb6a74c8c2db1e7837cc6ba9dbccc6"
        }
      }
    },
    {
      "attribution":null,
      "creator":{
        "url":"https:\/\/www.pinterest.com\/forbesmagazine\/",
        "first_name":"Forbes",
        "last_name":"",
        "id":"63754288383397079"
      },
      "url":"https:\/\/www.pinterest.com\/pin\/63754150950684717\/",
      "media":{
        "type":"image"
      },
      "created_at":"2014-11-04T15:58:36",
      "original_link":"http:\/\/www.forbes.com\/sites\/zackomalleygreenburg\/2014\/11\/04\/the-top-earning-women-in-music-2014\/",
      "note":"Taylor Swift Performs On ABC's \"Good Morning America\"",
      "color":"#646d84",
      "link":"https:\/\/www.pinterest.com\/r\/pin\/63754150950684717\/4779055074072594921\/52cc9067e472c5222faee22f2223e2999f64901f11143903aae1b8cad2bcd12f",
      "board":{
        "url":"https:\/\/www.pinterest.com\/forbesmagazine\/celebrities\/",
        "id":"63754219664036046",
        "name":"Celebrities"
      },
      "image":{
        "original":{
          "url":"https:\/\/s-media-cache-ak0.pinimg.com\/originals\/59\/49\/46\/5949465af47f3d3f2df4834b3fb53a5e.jpg",
          "width":1940,
          "height":1539
        }
      },
      "counts":{
        "likes":0,
        "comments":0,
        "repins":5
      },
      "id":"63754150950684717",
      "metadata":{
        "article":{
          "published_at":null,
          "description":"In 2013, Beyonc\u00e9 had one of her best years in recent memory, pulling in $53 million. How did she follow the feat? By more than doubling that total in 2014. The superstar singer enjoyed the biggest year of her career, earning $115 million\u2014making her the top-earning woman in the music business.",
          "name":"The Top-Earning Women In Music 2014",
          "authors":[]
        },
        "link":{
          "locale":"en",
          "title":"The Top-Earning Women In Music 2014",
          "site_name":"Forbes",
          "description":"In 2013, Beyonc\u00e9 had one of her best years in recent memory, pulling in $53 million. How did she follow the feat? By more than doubling that total in 2014. The superstar singer enjoyed the biggest year of her career, earning $115 million\u2014making her the top-earning woman in the music business.",
          "favicon":"https:\/\/s-media-cache-ak0.pinimg.com\/favicons\/3a1edb328d4a34de66f298e5ae2b486cb23c2b863bb2a1a577234232.ico?d0cb6a74c8c2db1e7837cc6ba9dbccc6"
        }
      }
    },
    {
      "attribution":null,
      "creator":{
        "url":"https:\/\/www.pinterest.com\/forbesmagazine\/",
        "first_name":"Forbes",
        "last_name":"",
        "id":"63754288383397079"
      },
      "url":"https:\/\/www.pinterest.com\/pin\/63754150950678488\/",
      "media":{
        "type":"image"
      },
      "created_at":"2014-11-03T15:58:37",
      "original_link":"http:\/\/www.forbes.com\/pictures\/mfl45elkle\/phil-mcgraw\/",
      "note":"Phil McGraw",
      "color":"#525775",
      "link":"https:\/\/www.pinterest.com\/r\/pin\/63754150950678488\/4779055074072594921\/1b1ffe3b80e68b315b8cc42bf071b1679230b59ac7af094e9d70277572571d6c",
      "board":{
        "url":"https:\/\/www.pinterest.com\/forbesmagazine\/celebrities\/",
        "id":"63754219664036046",
        "name":"Celebrities"
      },
      "image":{
        "original":{
          "url":"https:\/\/s-media-cache-ak0.pinimg.com\/originals\/5a\/93\/69\/5a9369160e7bc0105f9fcc9eb70659e4.jpg",
          "width":476,
          "height":600
        }
      },
      "counts":{
        "likes":1,
        "comments":0,
        "repins":5
      },
      "id":"63754150950678488",
      "metadata":{
        "article":{
          "published_at":null,
          "description":"$77 millionOne of Oprah Winfrey's earliest proteges saw some ratings peaks for his daytime show in recent months, interviewing the three women kidnapped and held for a decade in Cleveland and sitting down with V. Stiviano, \"assistant\" to disgraced LA Clippers owner Donald Sterling, right after his racism scandal. The prolific author also published two books in the past year, both very much on-brand: one about weight loss, and one on building a better family.",
          "name":"Phil McGraw - In Photos: Top Earning Personalities 2014",
          "authors":[]
        },
        "link":{
          "locale":"en",
          "title":"Phil McGraw - In Photos: Top Earning Personalities 2014",
          "site_name":"Forbes",
          "description":"$77 millionOne of Oprah Winfrey's earliest proteges saw some ratings peaks for his daytime show in recent months, interviewing the three women kidnapped and held for a decade in Cleveland and sitting down with V. Stiviano, \"assistant\" to disgraced LA Clippers owner Donald Sterling, right after his racism scandal. The prolific author also published two books in the past year, both very much on-brand: one about\u00a0weight loss, and one on building a better family.",
          "favicon":"https:\/\/s-media-cache-ak0.pinimg.com\/favicons\/60e5d5e390d1cab42df96abbf5b4c258a63ba5a743e3bcbea4dffdb4.ico?d0cb6a74c8c2db1e7837cc6ba9dbccc6"
        }
      }
    },
    {
      "attribution":null,
      "creator":{
        "url":"https:\/\/www.pinterest.com\/forbesmagazine\/",
        "first_name":"Forbes",
        "last_name":"",
        "id":"63754288383397079"
      },
      "url":"https:\/\/www.pinterest.com\/pin\/63754150950678483\/",
      "media":{
        "type":"image"
      },
      "created_at":"2014-11-03T15:57:39",
      "original_link":"http:\/\/www.forbes.com\/pictures\/mfl45elkle\/oprah-winfrey-30\/",
      "note":"Oprah Winfrey",
      "color":"#150805",
      "link":"https:\/\/www.pinterest.com\/r\/pin\/63754150950678483\/4779055074072594921\/d221f503f80a058d30dea9b74b6d2ec758f905edbc10048059110f820d2c1a63",
      "board":{
        "url":"https:\/\/www.pinterest.com\/forbesmagazine\/celebrities\/",
        "id":"63754219664036046",
        "name":"Celebrities"
      },
      "image":{
        "original":{
          "url":"https:\/\/s-media-cache-ak0.pinimg.com\/originals\/67\/53\/78\/67537864d95fc476a2d200eaf43e2e24.jpg",
          "width":492,
          "height":600
        }
      },
      "counts":{
        "likes":2,
        "comments":0,
        "repins":3
      },
      "id":"63754150950678483",
      "metadata":{
        "article":{
          "published_at":null,
          "description":"$82 millionWinfrey spent the first half of 2014 walking red carpets thanks to award nominations for her role in the acclaimed historical drama \"Lee Daniels' The Butler\". While she appears to have reversed the fortunes of her once-struggling network OWN, which became cash-flow positive in 2013, the bulk of her entertainment earnings still come from both her long-running talk show (off the air but in syndication) and the successful spin-off stars she helped create, including Dr. Phil, Rachael Ray and Dr. Oz. She also makes millions annually from her O Magazine and Sirius XM Oprah Radio show.",
          "name":"Oprah Winfrey - In Photos: Top Earning Personalities 2014",
          "authors":[]
        },
        "link":{
          "locale":"en",
          "title":"Oprah Winfrey - In Photos: Top Earning Personalities 2014",
          "site_name":"Forbes",
          "description":"$82 millionWinfrey spent the first half of 2014 walking red carpets thanks to award nominations for her role in the acclaimed historical drama \"Lee Daniels' The Butler\". While she appears to have reversed the fortunes of her once-struggling network OWN, which became cash-flow positive in 2013, the bulk of her entertainment earnings still come from both her long-running talk show (off the air but in syndication)\u00a0and the successful spin-off stars she helped create, including Dr. Phil, Rachael Ray and Dr. Oz. She also makes millions annually from her O Magazine and Sirius XM Oprah Radio show.",
          "favicon":"https:\/\/s-media-cache-ak0.pinimg.com\/favicons\/60e5d5e390d1cab42df96abbf5b4c258a63ba5a743e3bcbea4dffdb4.ico?d0cb6a74c8c2db1e7837cc6ba9dbccc6"
        }
      }
    },
    {
      "attribution":null,
      "creator":{
        "url":"https:\/\/www.pinterest.com\/forbesmagazine\/",
        "first_name":"Forbes",
        "last_name":"",
        "id":"63754288383397079"
      },
      "url":"https:\/\/www.pinterest.com\/pin\/63754150950678480\/",
      "media":{
        "type":"image"
      },
      "created_at":"2014-11-03T15:57:08",
      "original_link":"http:\/\/www.forbes.com\/pictures\/mfl45elkle\/glenn-beck-10\/",
      "note":"Glenn Beck",
      "color":"#d5d8da",
      "link":"https:\/\/www.pinterest.com\/r\/pin\/63754150950678480\/4779055074072594921\/6606534e72acf6b95939ba7376e89676feea57f2c93c03c6d5e903ec999e047f",
      "board":{
        "url":"https:\/\/www.pinterest.com\/forbesmagazine\/celebrities\/",
        "id":"63754219664036046",
        "name":"Celebrities"
      },
      "image":{
        "original":{
          "url":"https:\/\/s-media-cache-ak0.pinimg.com\/originals\/1e\/1a\/b9\/1e1ab926392373eec77298982df5b913.jpg",
          "width":911,
          "height":600
        }
      },
      "counts":{
        "likes":0,
        "comments":0,
        "repins":1
      },
      "id":"63754150950678480",
      "metadata":{
        "article":{
          "published_at":null,
          "description":"What should men do (and not do) to support the growth of women in tech? This question was originally answered on Quora by Sheryl Sandberg.",
          "name":"The 3 Things Sheryl Sandberg Says Men Should Do To Support The Growth Of Women In Tech",
          "authors":[]
        },
        "link":{
          "locale":"so",
          "title":"The 3 Things Sheryl Sandberg Says Men Should Do To Support The Growth Of Women In Tech",
          "site_name":"Forbes",
          "description":"What should men do (and not do) to support the growth of women in tech? This question was originally answered on Quora by Sheryl Sandberg.",
          "favicon":"https:\/\/s-media-cache-ak0.pinimg.com\/favicons\/3a1edb328d4a34de66f298e5ae2b486cb23c2b863bb2a1a577234232.ico?d0cb6a74c8c2db1e7837cc6ba9dbccc6"
        }
      }
    },
    {
      "attribution":null,
      "creator":{
        "url":"https:\/\/www.pinterest.com\/forbesmagazine\/",
        "first_name":"Forbes",
        "last_name":"",
        "id":"63754288383397079"
      },
      "url":"https:\/\/www.pinterest.com\/pin\/63754150950678470\/",
      "media":{
        "type":"image"
      },
      "created_at":"2014-11-03T15:55:39",
      "original_link":"http:\/\/www.forbes.com\/pictures\/mfl45elkle\/howard-stern-14\/",
      "note":"Howard Stern",
      "color":"#2f3551",
      "link":"https:\/\/www.pinterest.com\/r\/pin\/63754150950678470\/4779055074072594921\/5c87a4deabf09ef9f3e57b2d1f3d2c55cb090512648c064ecee19712efb14a33",
      "board":{
        "url":"https:\/\/www.pinterest.com\/forbesmagazine\/celebrities\/",
        "id":"63754219664036046",
        "name":"Celebrities"
      },
      "image":{
        "original":{
          "url":"https:\/\/s-media-cache-ak0.pinimg.com\/originals\/d9\/78\/76\/d9787626f98aa299c48e07bd9d9fcd09.jpg",
          "width":465,
          "height":600
        }
      },
      "counts":{
        "likes":0,
        "comments":0,
        "repins":2
      },
      "id":"63754150950678470",
      "metadata":{
        "article":{
          "published_at":null,
          "description":"$95 millionStern still makes most of his money from his contract with Sirius-XM but he also collects from his work as a judge on 'America's Got Talent.'",
          "name":"Howard Stern - In Photos: Top Earning Personalities 2014",
          "authors":[]
        },
        "link":{
          "locale":"en",
          "title":"Howard Stern - In Photos: Top Earning Personalities 2014",
          "site_name":"Forbes",
          "description":"$95 millionStern still makes most of his money from his contract with Sirius-XM but he also collects from his work as a judge on 'America's Got Talent.'",
          "favicon":"https:\/\/s-media-cache-ak0.pinimg.com\/favicons\/60e5d5e390d1cab42df96abbf5b4c258a63ba5a743e3bcbea4dffdb4.ico?d0cb6a74c8c2db1e7837cc6ba9dbccc6"
        }
      }
    },
    {
      "attribution":null,
      "creator":{
        "url":"https:\/\/www.pinterest.com\/forbesmagazine\/",
        "first_name":"Forbes",
        "last_name":"",
        "id":"63754288383397079"
      },
      "url":"https:\/\/www.pinterest.com\/pin\/63754150950678464\/",
      "media":{
        "type":"image"
      },
      "created_at":"2014-11-03T15:54:45",
      "original_link":"http:\/\/www.forbes.com\/pictures\/mfl45elkle\/simon-cowell-11\/",
      "note":"Simon Cowell",
      "color":"#2e372f",
      "link":"https:\/\/www.pinterest.com\/r\/pin\/63754150950678464\/4779055074072594921\/6cc080e4ec3b9ab8bcf70040267e7c40f0dcacf915fad0e014fcacea89110cbc",
      "board":{
        "url":"https:\/\/www.pinterest.com\/forbesmagazine\/celebrities\/",
        "id":"63754219664036046",
        "name":"Celebrities"
      },
      "image":{
        "original":{
          "url":"https:\/\/s-media-cache-ak0.pinimg.com\/originals\/df\/dc\/0f\/dfdc0faed3a0d4c588f35d7eea5ca9e0.jpg",
          "width":900,
          "height":600
        }
      },
      "counts":{
        "likes":1,
        "comments":0,
        "repins":3
      },
      "id":"63754150950678464",
      "metadata":{
        "article":{
          "published_at":null,
          "description":"$95 millionCowell's 'The X Factor' was cancelled after three seasons but he's still going strong in the U.K. Cowell still collects money from American Idol and the 'Got Talent' franchise. His Syco record label represents all contest winners.",
          "name":"Simon Cowell - In Photos: Top Earning Personalities 2014",
          "authors":[]
        },
        "link":{
          "locale":"en",
          "title":"Simon Cowell - In Photos: Top Earning Personalities 2014",
          "site_name":"Forbes",
          "description":"$95 millionCowell's 'The X Factor' was cancelled after three seasons but he's still going strong in the U.K. Cowell still collects money from American Idol and the 'Got Talent' franchise. His Syco record label represents all contest winners.",
          "favicon":"https:\/\/s-media-cache-ak0.pinimg.com\/favicons\/60e5d5e390d1cab42df96abbf5b4c258a63ba5a743e3bcbea4dffdb4.ico?d0cb6a74c8c2db1e7837cc6ba9dbccc6"
        }
      }
    },
    {
      "attribution":null,
      "creator":{
        "url":"https:\/\/www.pinterest.com\/forbesmagazine\/",
        "first_name":"Forbes",
        "last_name":"",
        "id":"63754288383397079"
      },
      "url":"https:\/\/www.pinterest.com\/pin\/63754150950662785\/",
      "media":{
        "type":"image"
      },
      "created_at":"2014-10-31T14:46:31",
      "original_link":"http:\/\/www.forbes.com\/pictures\/ehlm45efdgd\/lea-michele-3\/",
      "note":"Lea Michele",
      "color":"#2a2829",
      "link":"https:\/\/www.pinterest.com\/r\/pin\/63754150950662785\/4779055074072594921\/e885202c9d0015a13096cdb1b89c55ad8f499987c06543aea4b83c80b50ed210",
      "board":{
        "url":"https:\/\/www.pinterest.com\/forbesmagazine\/celebrities\/",
        "id":"63754219664036046",
        "name":"Celebrities"
      },
      "image":{
        "original":{
          "url":"https:\/\/s-media-cache-ak0.pinimg.com\/originals\/15\/a5\/a9\/15a5a9a617cac8bf94ed345b4d211fbd.jpg",
          "width":430,
          "height":600
        }
      },
      "counts":{
        "likes":1,
        "comments":0,
        "repins":3
      },
      "id":"63754150950662785",
      "metadata":{
        "article":{
          "published_at":null,
          "description":"What should men do (and not do) to support the growth of women in tech? This question was originally answered on Quora by Sheryl Sandberg.",
          "name":"The 3 Things Sheryl Sandberg Says Men Should Do To Support The Growth Of Women In Tech",
          "authors":[]
        },
        "link":{
          "locale":"so",
          "title":"The 3 Things Sheryl Sandberg Says Men Should Do To Support The Growth Of Women In Tech",
          "site_name":"Forbes",
          "description":"What should men do (and not do) to support the growth of women in tech? This question was originally answered on Quora by Sheryl Sandberg.",
          "favicon":"https:\/\/s-media-cache-ak0.pinimg.com\/favicons\/3a1edb328d4a34de66f298e5ae2b486cb23c2b863bb2a1a577234232.ico?d0cb6a74c8c2db1e7837cc6ba9dbccc6"
        }
      }
    },
    {
      "attribution":null,
      "creator":{
        "url":"https:\/\/www.pinterest.com\/forbesmagazine\/",
        "first_name":"Forbes",
        "last_name":"",
        "id":"63754288383397079"
      },
      "url":"https:\/\/www.pinterest.com\/pin\/63754150950662784\/",
      "media":{
        "type":"image"
      },
      "created_at":"2014-10-31T14:46:27",
      "original_link":"http:\/\/www.forbes.com\/pictures\/ehlm45efdgd\/kat-dennings-beth-behrs\/",
      "note":"Kat Dennings, Beth Behrs",
      "color":"#121113",
      "link":"https:\/\/www.pinterest.com\/r\/pin\/63754150950662784\/4779055074072594921\/ca6e707b4170b8f2b78b3648680a09486633da00b7637eafe7a63432bef68740",
      "board":{
        "url":"https:\/\/www.pinterest.com\/forbesmagazine\/celebrities\/",
        "id":"63754219664036046",
        "name":"Celebrities"
      },
      "image":{
        "original":{
          "url":"https:\/\/s-media-cache-ak0.pinimg.com\/originals\/34\/4f\/03\/344f03bad17717c1ebeacc66baa2281b.jpg",
          "width":410,
          "height":600
        }
      },
      "counts":{
        "likes":1,
        "comments":0,
        "repins":3
      },
      "id":"63754150950662784",
      "metadata":{
        "article":{
          "published_at":null,
          "description":"Kat Dennings, left, and Beth Behrs arrive at the 2014 amfAR Inspiration Gala at Milk Studios on Wednesday, Oct. 29, 2014, in Los Angeles. (Photo by Jordan Strauss\/Invision\/AP)",
          "name":"Kat Dennings, Beth Behrs - In Photos: Celebrities At The amfAR Los Angeles Gala",
          "authors":[]
        },
        "link":{
          "locale":"en",
          "title":"Kat Dennings, Beth Behrs - In Photos: Celebrities At The amfAR Los Angeles Gala",
          "site_name":"Forbes",
          "description":"Kat Dennings, left, and Beth Behrs arrive at the 2014 amfAR Inspiration Gala at Milk Studios on Wednesday, Oct. 29, 2014, in Los Angeles. (Photo by Jordan Strauss\/Invision\/AP)",
          "favicon":"https:\/\/s-media-cache-ak0.pinimg.com\/favicons\/60e5d5e390d1cab42df96abbf5b4c258a63ba5a743e3bcbea4dffdb4.ico?d0cb6a74c8c2db1e7837cc6ba9dbccc6"
        }
      }
    },
    {
      "attribution":null,
      "creator":{
        "url":"https:\/\/www.pinterest.com\/forbesmagazine\/",
        "first_name":"Forbes",
        "last_name":"",
        "id":"63754288383397079"
      },
      "url":"https:\/\/www.pinterest.com\/pin\/63754150950662783\/",
      "media":{
        "type":"image"
      },
      "created_at":"2014-10-31T14:46:20",
      "original_link":"http:\/\/www.forbes.com\/pictures\/ehlm45efdgd\/january-jones-4\/",
      "note":"January Jones",
      "color":"#2b2929",
      "link":"https:\/\/www.pinterest.com\/r\/pin\/63754150950662783\/4779055074072594921\/8fbfbffc5f38019bc2a86868ad3cc18051d024bd185e446f8188e73f3a71ee06",
      "board":{
        "url":"https:\/\/www.pinterest.com\/forbesmagazine\/celebrities\/",
        "id":"63754219664036046",
        "name":"Celebrities"
      },
      "image":{
        "original":{
          "url":"https:\/\/s-media-cache-ak0.pinimg.com\/originals\/53\/22\/de\/5322de9fab587babdc1c712da0a7d65c.jpg",
          "width":387,
          "height":600
        }
      },
      "counts":{
        "likes":0,
        "comments":0,
        "repins":1
      },
      "id":"63754150950662783",
      "metadata":{
        "article":{
          "published_at":null,
          "description":"January Jones arrives at the 2014 amfAR Inspiration Gala at Milk Studios on Wednesday, Oct. 29, 2014 in Los Angeles. (Photo by Jordan Strauss\/Invision\/AP)",
          "name":"January Jones - In Photos: Celebrities At The amfAR Los Angeles Gala",
          "authors":[]
        },
        "link":{
          "locale":"en",
          "title":"January Jones - In Photos: Celebrities At The amfAR Los Angeles Gala",
          "site_name":"Forbes",
          "description":"January Jones arrives at the 2014 amfAR Inspiration Gala at Milk Studios on Wednesday, Oct. 29, 2014 in Los Angeles. (Photo by Jordan Strauss\/Invision\/AP)",
          "favicon":"https:\/\/s-media-cache-ak0.pinimg.com\/favicons\/60e5d5e390d1cab42df96abbf5b4c258a63ba5a743e3bcbea4dffdb4.ico?d0cb6a74c8c2db1e7837cc6ba9dbccc6"
        }
      }
    },
    {
      "attribution":null,
      "creator":{
        "url":"https:\/\/www.pinterest.com\/forbesmagazine\/",
        "first_name":"Forbes",
        "last_name":"",
        "id":"63754288383397079"
      },
      "url":"https:\/\/www.pinterest.com\/pin\/63754150950662782\/",
      "media":{
        "type":"image"
      },
      "created_at":"2014-10-31T14:46:12",
      "original_link":"http:\/\/www.forbes.com\/pictures\/ehlm45efdgd\/molly-sims\/",
      "note":"Molly Sims",
      "color":"#151517",
      "link":"https:\/\/www.pinterest.com\/r\/pin\/63754150950662782\/4779055074072594921\/5b36a0a7cd54140ecea9a9781d5ac1aa40d8877c7be09499aa6765a590a0c555",
      "board":{
        "url":"https:\/\/www.pinterest.com\/forbesmagazine\/celebrities\/",
        "id":"63754219664036046",
        "name":"Celebrities"
      },
      "image":{
        "original":{
          "url":"https:\/\/s-media-cache-ak0.pinimg.com\/originals\/2f\/32\/34\/2f3234b2173f21df199407c88f78dad3.jpg",
          "width":402,
          "height":600
        }
      },
      "counts":{
        "likes":0,
        "comments":0,
        "repins":1
      },
      "id":"63754150950662782",
      "metadata":{
        "article":{
          "published_at":null,
          "description":"Molly Sims arrives at the 2014 amfAR Inspiration Gala at Milk Studios on Wednesday, Oct. 29, 2014, in Los Angeles. (Photo by Jordan Strauss\/Invision\/AP)",
          "name":"Molly Sims - In Photos: Celebrities At The amfAR Los Angeles Gala",
          "authors":[]
        },
        "link":{
          "locale":"en",
          "title":"Molly Sims - In Photos: Celebrities At The amfAR Los Angeles Gala",
          "site_name":"Forbes",
          "description":"Molly Sims arrives at the 2014 amfAR Inspiration Gala at Milk Studios on Wednesday, Oct. 29, 2014, in Los Angeles. (Photo by Jordan Strauss\/Invision\/AP)",
          "favicon":"https:\/\/s-media-cache-ak0.pinimg.com\/favicons\/60e5d5e390d1cab42df96abbf5b4c258a63ba5a743e3bcbea4dffdb4.ico?d0cb6a74c8c2db1e7837cc6ba9dbccc6"
        }
      }
    },
    {
      "attribution":null,
      "creator":{
        "url":"https:\/\/www.pinterest.com\/forbesmagazine\/",
        "first_name":"Forbes",
        "last_name":"",
        "id":"63754288383397079"
      },
      "url":"https:\/\/www.pinterest.com\/pin\/63754150950662781\/",
      "media":{
        "type":"image"
      },
      "created_at":"2014-10-31T14:46:07",
      "original_link":"http:\/\/www.forbes.com\/pictures\/ehlm45efdgd\/gwyneth-paltrow-2\/",
      "note":"Gwyneth Paltrow",
      "color":"#161618",
      "link":"https:\/\/www.pinterest.com\/r\/pin\/63754150950662781\/4779055074072594921\/bdd151f829336462212ec09ec9a1f182160e7af0fd2e9417437e88af1559c9ae",
      "board":{
        "url":"https:\/\/www.pinterest.com\/forbesmagazine\/celebrities\/",
        "id":"63754219664036046",
        "name":"Celebrities"
      },
      "image":{
        "original":{
          "url":"https:\/\/s-media-cache-ak0.pinimg.com\/originals\/20\/8e\/f1\/208ef1d0beae071aef8c98c98b752d14.jpg",
          "width":416,
          "height":600
        }
      },
      "counts":{
        "likes":1,
        "comments":0,
        "repins":4
      },
      "id":"63754150950662781",
      "metadata":{
        "article":{
          "published_at":null,
          "description":"What should men do (and not do) to support the growth of women in tech? This question was originally answered on Quora by Sheryl Sandberg.",
          "name":"The 3 Things Sheryl Sandberg Says Men Should Do To Support The Growth Of Women In Tech",
          "authors":[]
        },
        "link":{
          "locale":"so",
          "title":"The 3 Things Sheryl Sandberg Says Men Should Do To Support The Growth Of Women In Tech",
          "site_name":"Forbes",
          "description":"What should men do (and not do) to support the growth of women in tech? This question was originally answered on Quora by Sheryl Sandberg.",
          "favicon":"https:\/\/s-media-cache-ak0.pinimg.com\/favicons\/3a1edb328d4a34de66f298e5ae2b486cb23c2b863bb2a1a577234232.ico?d0cb6a74c8c2db1e7837cc6ba9dbccc6"
        }
      }
    },
    {
      "attribution":null,
      "creator":{
        "url":"https:\/\/www.pinterest.com\/forbesmagazine\/",
        "first_name":"Forbes",
        "last_name":"",
        "id":"63754288383397079"
      },
      "url":"https:\/\/www.pinterest.com\/pin\/63754150950662780\/",
      "media":{
        "type":"image"
      },
      "created_at":"2014-10-31T14:46:03",
      "original_link":"http:\/\/www.forbes.com\/pictures\/ehlm45efdgd\/alessandra-ambrosio\/",
      "note":"Alessandra Ambrosio",
      "color":"#201e20",
      "link":"https:\/\/www.pinterest.com\/r\/pin\/63754150950662780\/4779055074072594921\/e39527422ab5715474747250caa1c817dd35e1fe5d2c69f9da03a8b9c3e2737d",
      "board":{
        "url":"https:\/\/www.pinterest.com\/forbesmagazine\/celebrities\/",
        "id":"63754219664036046",
        "name":"Celebrities"
      },
      "image":{
        "original":{
          "url":"https:\/\/s-media-cache-ak0.pinimg.com\/originals\/56\/79\/93\/5679934855f0980c69ee9b715dad1770.jpg",
          "width":401,
          "height":600
        }
      },
      "counts":{
        "likes":2,
        "comments":0,
        "repins":3
      },
      "id":"63754150950662780",
      "metadata":{
        "article":{
          "published_at":null,
          "description":"Alessandra Ambrosio arrives at the 2014 amfAR Inspiration Gala at Milk Studios on Wednesday, Oct. 29, 2014, in Los Angeles. (Photo by Jordan Strauss\/Invision\/AP)",
          "name":"Alessandra Ambrosio - In Photos: Celebrities At The amfAR Los Angeles Gala",
          "authors":[]
        },
        "link":{
          "locale":"en",
          "title":"Alessandra Ambrosio - In Photos: Celebrities At The amfAR Los Angeles Gala",
          "site_name":"Forbes",
          "description":"Alessandra Ambrosio arrives at the 2014 amfAR Inspiration Gala at Milk Studios on Wednesday, Oct. 29, 2014, in Los Angeles. (Photo by Jordan Strauss\/Invision\/AP)",
          "favicon":"https:\/\/s-media-cache-ak0.pinimg.com\/favicons\/60e5d5e390d1cab42df96abbf5b4c258a63ba5a743e3bcbea4dffdb4.ico?d0cb6a74c8c2db1e7837cc6ba9dbccc6"
        }
      }
    },
    {
      "attribution":null,
      "creator":{
        "url":"https:\/\/www.pinterest.com\/forbesmagazine\/",
        "first_name":"Forbes",
        "last_name":"",
        "id":"63754288383397079"
      },
      "url":"https:\/\/www.pinterest.com\/pin\/63754150950662779\/",
      "media":{
        "type":"image"
      },
      "created_at":"2014-10-31T14:45:56",
      "original_link":"http:\/\/www.forbes.com\/pictures\/ehlm45efdgd\/rihanna-6\/",
      "note":"Rihanna",
      "color":"#252225",
      "link":"https:\/\/www.pinterest.com\/r\/pin\/63754150950662779\/4779055074072594921\/95e2e25e8a9a23b7f62663dbec641de72f023f488d5f892adfeb865c7ea07c9b",
      "board":{
        "url":"https:\/\/www.pinterest.com\/forbesmagazine\/celebrities\/",
        "id":"63754219664036046",
        "name":"Celebrities"
      },
      "image":{
        "original":{
          "url":"https:\/\/s-media-cache-ak0.pinimg.com\/originals\/74\/ee\/5c\/74ee5c718b0be2519b161ef45b2a216d.jpg",
          "width":409,
          "height":600
        }
      },
      "counts":{
        "likes":1,
        "comments":0,
        "repins":3
      },
      "id":"63754150950662779",
      "metadata":{
        "article":{
          "published_at":null,
          "description":"Rihanna arrives at the 2014 amfAR Inspiration Gala at Milk Studios on Wednesday, Oct. 29, 2014, in Los Angeles. (Photo by Jordan Strauss\/Invision\/AP)",
          "name":"Rihanna - In Photos: Celebrities At The amfAR Los Angeles Gala",
          "authors":[]
        },
        "link":{
          "locale":"en",
          "title":"Rihanna - In Photos: Celebrities At The amfAR Los Angeles Gala",
          "site_name":"Forbes",
          "description":"Rihanna arrives at the 2014 amfAR Inspiration Gala at Milk Studios on Wednesday, Oct. 29, 2014, in Los Angeles. (Photo by Jordan Strauss\/Invision\/AP)",
          "favicon":"https:\/\/s-media-cache-ak0.pinimg.com\/favicons\/60e5d5e390d1cab42df96abbf5b4c258a63ba5a743e3bcbea4dffdb4.ico?d0cb6a74c8c2db1e7837cc6ba9dbccc6"
        }
      }
    },
    {
      "attribution":null,
      "creator":{
        "url":"https:\/\/www.pinterest.com\/forbesmagazine\/",
        "first_name":"Forbes",
        "last_name":"",
        "id":"63754288383397079"
      },
      "url":"https:\/\/www.pinterest.com\/pin\/63754150950652927\/",
      "media":{
        "type":"image"
      },
      "created_at":"2014-10-29T15:06:22",
      "original_link":"http:\/\/www.forbes.com\/pictures\/gfig45fegj\/dvf-porter-t-whiteside-lowres\/",
      "note":"Diane von Furstenberg in her office in the Meatpacking District",
      "color":"#8c8578",
      "link":"https:\/\/www.pinterest.com\/r\/pin\/63754150950652927\/4779055074072594921\/40545f4d81afb29b5b06516bf66b18aa134e2b2e2614e363599694ef9efb481a",
      "board":{
        "url":"https:\/\/www.pinterest.com\/forbesmagazine\/celebrities\/",
        "id":"63754219664036046",
        "name":"Celebrities"
      },
      "image":{
        "original":{
          "url":"https:\/\/s-media-cache-ak0.pinimg.com\/originals\/05\/93\/08\/059308e0e3fb1b46791e16d200eb42b9.jpg",
          "width":500,
          "height":600
        }
      },
      "counts":{
        "likes":1,
        "comments":0,
        "repins":0
      },
      "id":"63754150950652927",
      "metadata":{
      }
    },
    {
      "attribution":null,
      "creator":{
        "url":"https:\/\/www.pinterest.com\/forbesmagazine\/",
        "first_name":"Forbes",
        "last_name":"",
        "id":"63754288383397079"
      },
      "url":"https:\/\/www.pinterest.com\/pin\/63754150950652925\/",
      "media":{
        "type":"image"
      },
      "created_at":"2014-10-29T15:06:09",
      "original_link":"http:\/\/www.forbes.com\/pictures\/gfig45fegj\/barry-diller-and-diane-von-furstenberg\/",
      "note":"Barry Diller and Diane von Furstenberg",
      "color":"#c6c6c6",
      "link":"https:\/\/www.pinterest.com\/r\/pin\/63754150950652925\/4779055074072594921\/e57feffd5e7219417d463ff25f0bfa42a2e856b0b553ad509cb3b5e033273fcc",
      "board":{
        "url":"https:\/\/www.pinterest.com\/forbesmagazine\/celebrities\/",
        "id":"63754219664036046",
        "name":"Celebrities"
      },
      "image":{
        "original":{
          "url":"https:\/\/s-media-cache-ak0.pinimg.com\/originals\/9c\/e9\/a0\/9ce9a0583d474b444b8c6e56cb75f247.jpg",
          "width":468,
          "height":600
        }
      },
      "counts":{
        "likes":0,
        "comments":0,
        "repins":0
      },
      "id":"63754150950652925",
      "metadata":{
        "article":{
          "published_at":null,
          "description":"In sun Valley, 2013",
          "name":"Barry Diller and Diane von Furstenberg. After 26 years, the pair got married in an intimate ceremony on Diller's birthday, February 2, \"Love is life is love is Barry,\" von Furstenberg writes in her memoir. - In Photos: Diane von Furstenberg: A Life in Photos",
          "authors":[]
        },
        "link":{
          "locale":"en",
          "title":"Barry Diller and Diane von Furstenberg. After 26 years, the pair got married in an intimate ceremony on Diller's birthday, February 2, \"Love is life is love is Barry,\" von Furstenberg writes in her memoir. - In Photos: Diane von Furstenberg: A Life in Photos",
          "site_name":"Forbes",
          "description":"In sun Valley, 2013",
          "favicon":"https:\/\/s-media-cache-ak0.pinimg.com\/favicons\/60e5d5e390d1cab42df96abbf5b4c258a63ba5a743e3bcbea4dffdb4.ico?d0cb6a74c8c2db1e7837cc6ba9dbccc6"
        }
      }
    },
    {
      "attribution":null,
      "creator":{
        "url":"https:\/\/www.pinterest.com\/forbesmagazine\/",
        "first_name":"Forbes",
        "last_name":"",
        "id":"63754288383397079"
      },
      "url":"https:\/\/www.pinterest.com\/pin\/63754150950652923\/",
      "media":{
        "type":"image"
      },
      "created_at":"2014-10-29T15:05:51",
      "original_link":"http:\/\/www.forbes.com\/pictures\/gfig45fegj\/diane-von-furstenberg\/",
      "note":"Diane von Furstenberg",
      "color":"#c1c1c1",
      "link":"https:\/\/www.pinterest.com\/r\/pin\/63754150950652923\/4779055074072594921\/589a5cf2832ab162d62585ab3e18b54d8e3680ed5a4c53a3442728846ab802a4",
      "board":{
        "url":"https:\/\/www.pinterest.com\/forbesmagazine\/celebrities\/",
        "id":"63754219664036046",
        "name":"Celebrities"
      },
      "image":{
        "original":{
          "url":"https:\/\/s-media-cache-ak0.pinimg.com\/originals\/5f\/3e\/49\/5f3e49a8183ff24fad9a4851f54d9c74.jpg",
          "width":616,
          "height":600
        }
      },
      "counts":{
        "likes":0,
        "comments":0,
        "repins":0
      },
      "id":"63754150950652923",
      "metadata":{
      }
    },
    {
      "attribution":null,
      "creator":{
        "url":"https:\/\/www.pinterest.com\/forbesmagazine\/",
        "first_name":"Forbes",
        "last_name":"",
        "id":"63754288383397079"
      },
      "url":"https:\/\/www.pinterest.com\/pin\/63754150950652922\/",
      "media":{
        "type":"image"
      },
      "created_at":"2014-10-29T15:05:47",
      "original_link":"http:\/\/www.forbes.com\/pictures\/gfig45fegj\/dvf-in-1970\/",
      "note":"DVF in 1970",
      "color":"#616161",
      "link":"https:\/\/www.pinterest.com\/r\/pin\/63754150950652922\/4779055074072594921\/0123b8c8491cdeb8ea4a7c0f95581f400b3947e01bea73e5d17356d6331f6eac",
      "board":{
        "url":"https:\/\/www.pinterest.com\/forbesmagazine\/celebrities\/",
        "id":"63754219664036046",
        "name":"Celebrities"
      },
      "image":{
        "original":{
          "url":"https:\/\/s-media-cache-ak0.pinimg.com\/originals\/5d\/c9\/ba\/5dc9bacfa9dc1ed82891ab5ddc29b694.jpg",
          "width":477,
          "height":600
        }
      },
      "counts":{
        "likes":0,
        "comments":0,
        "repins":4
      },
      "id":"63754150950652922",
      "metadata":{
      }
    },
    {
      "attribution":null,
      "creator":{
        "url":"https:\/\/www.pinterest.com\/forbesmagazine\/",
        "first_name":"Forbes",
        "last_name":"",
        "id":"63754288383397079"
      },
      "url":"https:\/\/www.pinterest.com\/pin\/63754150950652916\/",
      "media":{
        "type":"image"
      },
      "created_at":"2014-10-29T15:04:16",
      "original_link":"http:\/\/www.forbes.com\/pictures\/gfig45fegj\/dvf-and-her-life-sized-logo\/",
      "note":"DVF and her life-sized logo",
      "color":"#7d95ae",
      "link":"https:\/\/www.pinterest.com\/r\/pin\/63754150950652916\/4779055074072594921\/509867682a8091a9f867d979fa8714c7085b81842cd655e282d6c4b6c698ac39",
      "board":{
        "url":"https:\/\/www.pinterest.com\/forbesmagazine\/celebrities\/",
        "id":"63754219664036046",
        "name":"Celebrities"
      },
      "image":{
        "original":{
          "url":"https:\/\/s-media-cache-ak0.pinimg.com\/originals\/24\/78\/d0\/2478d0e119a9ce89736b4591ab50a5c0.jpg",
          "width":609,
          "height":600
        }
      },
      "counts":{
        "likes":1,
        "comments":0,
        "repins":0
      },
      "id":"63754150950652916",
      "metadata":{
      }
    },
    {
      "attribution":null,
      "creator":{
        "url":"https:\/\/www.pinterest.com\/forbesmagazine\/",
        "first_name":"Forbes",
        "last_name":"",
        "id":"63754288383397079"
      },
      "url":"https:\/\/www.pinterest.com\/pin\/63754150950627447\/",
      "media":{
        "type":"image"
      },
      "created_at":"2014-10-24T18:34:09",
      "original_link":"http:\/\/www.forbes.com\/pictures\/fmhl45ehgg\/american-ballet-theatres-scarlett-5\/",
      "note":"Jenny Slate | American Ballet Theater Fall Gala",
      "color":"#e6dade",
      "link":"https:\/\/www.pinterest.com\/r\/pin\/63754150950627447\/4779055074072594921\/1a746ecc09bd60d37b6823a2c02adb4018d8462ab46e31529ea8cc930282fc95",
      "board":{
        "url":"https:\/\/www.pinterest.com\/forbesmagazine\/celebrities\/",
        "id":"63754219664036046",
        "name":"Celebrities"
      },
      "image":{
        "original":{
          "url":"https:\/\/s-media-cache-ak0.pinimg.com\/originals\/a6\/17\/1b\/a6171b8dd930f802e09ba6ea6de0064f.jpg",
          "width":399,
          "height":600
        }
      },
      "counts":{
        "likes":1,
        "comments":0,
        "repins":0
      },
      "id":"63754150950627447",
      "metadata":{
        "article":{
          "published_at":null,
          "description":"Jenny Slate",
          "name":"AMERICAN BALLET THEATRE'S Scarlett, - In Photos: American Ballet Theater Fall Gala 2014",
          "authors":[]
        },
        "link":{
          "locale":"en",
          "title":"AMERICAN BALLET THEATRE'S Scarlett, - In Photos: American Ballet Theater Fall Gala 2014",
          "site_name":"Forbes",
          "description":"Jenny Slate",
          "favicon":"https:\/\/s-media-cache-ak0.pinimg.com\/favicons\/60e5d5e390d1cab42df96abbf5b4c258a63ba5a743e3bcbea4dffdb4.ico?d0cb6a74c8c2db1e7837cc6ba9dbccc6"
        }
      }
    },
    {
      "attribution":null,
      "creator":{
        "url":"https:\/\/www.pinterest.com\/forbesmagazine\/",
        "first_name":"Forbes",
        "last_name":"",
        "id":"63754288383397079"
      },
      "url":"https:\/\/www.pinterest.com\/pin\/63754150950627445\/",
      "media":{
        "type":"image"
      },
      "created_at":"2014-10-24T18:33:56",
      "original_link":"http:\/\/www.forbes.com\/pictures\/fmhl45ehgg\/american-ballet-theatres-scarlett-3\/",
      "note":"Taye Diggs | American Ballet Theater Fall Gala",
      "color":"#f5f5f7",
      "link":"https:\/\/www.pinterest.com\/r\/pin\/63754150950627445\/4779055074072594921\/360c15801fd955f50512b156385ce03ac2dc10e4717765ca076da5f1e63d6bdb",
      "board":{
        "url":"https:\/\/www.pinterest.com\/forbesmagazine\/celebrities\/",
        "id":"63754219664036046",
        "name":"Celebrities"
      },
      "image":{
        "original":{
          "url":"https:\/\/s-media-cache-ak0.pinimg.com\/originals\/52\/61\/57\/526157bd17722dcfe4c6cd12f5e378c5.jpg",
          "width":480,
          "height":600
        }
      },
      "counts":{
        "likes":2,
        "comments":0,
        "repins":2
      },
      "id":"63754150950627445",
      "metadata":{
        "article":{
          "published_at":null,
          "description":"What should men do (and not do) to support the growth of women in tech? This question was originally answered on Quora by Sheryl Sandberg.",
          "name":"The 3 Things Sheryl Sandberg Says Men Should Do To Support The Growth Of Women In Tech",
          "authors":[]
        },
        "link":{
          "locale":"so",
          "title":"The 3 Things Sheryl Sandberg Says Men Should Do To Support The Growth Of Women In Tech",
          "site_name":"Forbes",
          "description":"What should men do (and not do) to support the growth of women in tech? This question was originally answered on Quora by Sheryl Sandberg.",
          "favicon":"https:\/\/s-media-cache-ak0.pinimg.com\/favicons\/3a1edb328d4a34de66f298e5ae2b486cb23c2b863bb2a1a577234232.ico?d0cb6a74c8c2db1e7837cc6ba9dbccc6"
        }
      }
    },
    {
      "attribution":null,
      "creator":{
        "url":"https:\/\/www.pinterest.com\/forbesmagazine\/",
        "first_name":"Forbes",
        "last_name":"",
        "id":"63754288383397079"
      },
      "url":"https:\/\/www.pinterest.com\/pin\/63754150950627443\/",
      "media":{
        "type":"image"
      },
      "created_at":"2014-10-24T18:33:43",
      "original_link":"http:\/\/www.forbes.com\/pictures\/fmhl45ehgg\/american-ballet-theatres-scarlett\/",
      "note":"Hilaria Baldwin, Alec Baldwin | American Ballet Theater Fall Gala",
      "color":"#242428",
      "link":"https:\/\/www.pinterest.com\/r\/pin\/63754150950627443\/4779055074072594921\/ffc698b45f1417415540fb70e3ed08a138c45474f923fa2582cdff255319acf7",
      "board":{
        "url":"https:\/\/www.pinterest.com\/forbesmagazine\/celebrities\/",
        "id":"63754219664036046",
        "name":"Celebrities"
      },
      "image":{
        "original":{
          "url":"https:\/\/s-media-cache-ak0.pinimg.com\/originals\/4d\/c5\/4b\/4dc54bf3b1001cb06d661c1251f0de27.jpg",
          "width":480,
          "height":600
        }
      },
      "counts":{
        "likes":2,
        "comments":0,
        "repins":1
      },
      "id":"63754150950627443",
      "metadata":{
        "article":{
          "published_at":null,
          "description":"Hilaria Baldwin, Alec Baldwin",
          "name":"AMERICAN BALLET THEATRE'S Scarlett, - In Photos: American Ballet Theater Fall Gala 2014",
          "authors":[]
        },
        "link":{
          "locale":"en",
          "title":"AMERICAN BALLET THEATRE'S Scarlett, - In Photos: American Ballet Theater Fall Gala 2014",
          "site_name":"Forbes",
          "description":"Hilaria Baldwin, Alec Baldwin",
          "favicon":"https:\/\/s-media-cache-ak0.pinimg.com\/favicons\/60e5d5e390d1cab42df96abbf5b4c258a63ba5a743e3bcbea4dffdb4.ico?d0cb6a74c8c2db1e7837cc6ba9dbccc6"
        }
      }
    }
  ],
  "page":{
    "cursor":"LT42Mzc1NDE1MDk1MDYyNzQ0MzoxMTA2fGNkNjRkOGNhNTMyNTYyYWE5ZTYxOThjZTRmYmU5OGI1Y2MwM2IwYTdlZDBhNmE5NjA3MTFmZmI0ZmJmMDJiOGQ=",
    "next":"https:\/\/api.pinterest.com\/v1\/boards\/forbesmagazine\/celebrities\/pins\/?access_token=AZlZE-HOK-Y4205yRft75KyYVaauFCBIs8jxSxdCtrJcomAqbQAAAAA&fields=id%2Clink%2Cnote%2Curl%2Cattribution%2Cmedia%2Cmetadata%2Cboard%2Ccolor%2Ccounts%2Ccreated_at%2Ccreator%2Cimage%2Coriginal_link&cursor=LT42Mzc1NDE1MDk1MDYyNzQ0MzoxMTA2fGNkNjRkOGNhNTMyNTYyYWE5ZTYxOThjZTRmYmU5OGI1Y2MwM2IwYTdlZDBhNmE5NjA3MTFmZmI0ZmJmMDJiOGQ%3D"
  }
}
