{
  "data":[
    {
      "attribution":null,
      "creator":{
        "url":"https:\/\/www.pinterest.com\/dailymail\/",
        "first_name":"Daily Mail",
        "last_name":"",
        "id":"536561880513118266"
      },
      "url":"https:\/\/www.pinterest.com\/pin\/536561743080096725\/",
      "media":{
        "type":"image"
      },
      "created_at":"2015-02-05T17:33:33",
      "original_link":"http:\/\/www.dailymail.co.uk\/tvshowbiz\/article-2941291\/Amber-Heard-set-wear-custom-Stella-McCartney-wedding-dress-second-nuptials-husband-Johnny-Depp-Bahamas.html",
      "note":"Happy news: It is the first marriage for Amber, although Johnny was previously married to Lori Anne Allison from 1983 to 1985",
      "color":"#7e100f",
      "link":"https:\/\/www.pinterest.com\/r\/pin\/536561743080096725\/4779055074072594921\/7c8e3510b6edc21f32d034695587fb6f3d05f449a01a5f39746d03215bf7839f",
      "board":{
        "url":"https:\/\/www.pinterest.com\/dailymail\/celebrities\/",
        "id":"536561811793888186",
        "name":"Celebrities"
      },
      "image":{
        "original":{
          "url":"https:\/\/s-media-cache-ak0.pinimg.com\/originals\/57\/f3\/cc\/57f3ccb09c646acfb0ef963e86eb8bb6.jpg",
          "width":634,
          "height":869
        }
      },
      "counts":{
        "likes":2,
        "comments":0,
        "repins":4
      },
      "id":"536561743080096725",
      "metadata":{
        "article":{
          "published_at":null,
          "description":"She 'is telling friends she's wearing a custom Stella McCartney' wedding gown, according to Us Weekly. Stella has made custom wedding dresses before, like she did for Madonna when she wed Guy Ritchie.",
          "name":"Amber Heard to wear 'custom Stella McCartney' for second wedding",
          "authors":[]
        },
        "link":{
          "locale":"en_GB",
          "title":"Amber Heard to wear 'custom Stella McCartney' for second wedding",
          "site_name":"Mail Online",
          "description":"She 'is telling friends she's wearing a custom Stella McCartney' wedding gown, according to Us Weekly. Stella has made custom wedding dresses before, like she did for Madonna when she wed Guy Ritchie.",
          "favicon":"https:\/\/s-media-cache-ak0.pinimg.com\/favicons\/ba8856b627a2bf282a5dab73c40812571f90daf57fe69780aa1096ab.ico?a8690769c53090d08b0560db0144a818"
        }
      }
    },
    {
      "attribution":null,
      "creator":{
        "url":"https:\/\/www.pinterest.com\/dailymail\/",
        "first_name":"Daily Mail",
        "last_name":"",
        "id":"536561880513118266"
      },
      "url":"https:\/\/www.pinterest.com\/pin\/536561743080096723\/",
      "media":{
        "type":"image"
      },
      "created_at":"2015-02-05T17:33:24",
      "original_link":"http:\/\/www.dailymail.co.uk\/tvshowbiz\/article-2941291\/Amber-Heard-set-wear-custom-Stella-McCartney-wedding-dress-second-nuptials-husband-Johnny-Depp-Bahamas.html",
      "note":"One of a kind: The Machete Kills actress has reportedly chosen one of her favorite designers, Stella McCartney, to outfit her for the big day",
      "color":"#4a3c3d",
      "link":"https:\/\/www.pinterest.com\/r\/pin\/536561743080096723\/4779055074072594921\/b0b4bed4f36c20a09055820d6069966851a6e28509c4a5b79ea5867da1023695",
      "board":{
        "url":"https:\/\/www.pinterest.com\/dailymail\/celebrities\/",
        "id":"536561811793888186",
        "name":"Celebrities"
      },
      "image":{
        "original":{
          "url":"https:\/\/s-media-cache-ak0.pinimg.com\/originals\/cf\/b5\/5d\/cfb55d963511e2443cab60f94dc98697.jpg",
          "width":634,
          "height":951
        }
      },
      "counts":{
        "likes":0,
        "comments":0,
        "repins":2
      },
      "id":"536561743080096723",
      "metadata":{
        "article":{
          "published_at":null,
          "description":"She 'is telling friends she's wearing a custom Stella McCartney' wedding gown, according to Us Weekly. Stella has made custom wedding dresses before, like she did for Madonna when she wed Guy Ritchie.",
          "name":"Amber Heard to wear 'custom Stella McCartney' for second wedding",
          "authors":[]
        },
        "link":{
          "locale":"en_GB",
          "title":"Amber Heard to wear 'custom Stella McCartney' for second wedding",
          "site_name":"Mail Online",
          "description":"She 'is telling friends she's wearing a custom Stella McCartney' wedding gown, according to Us Weekly. Stella has made custom wedding dresses before, like she did for Madonna when she wed Guy Ritchie.",
          "favicon":"https:\/\/s-media-cache-ak0.pinimg.com\/favicons\/ba8856b627a2bf282a5dab73c40812571f90daf57fe69780aa1096ab.ico?a8690769c53090d08b0560db0144a818"
        }
      }
    },
    {
      "attribution":null,
      "creator":{
        "url":"https:\/\/www.pinterest.com\/dailymail\/",
        "first_name":"Daily Mail",
        "last_name":"",
        "id":"536561880513118266"
      },
      "url":"https:\/\/www.pinterest.com\/pin\/536561743080096667\/",
      "media":{
        "type":"image"
      },
      "created_at":"2015-02-05T17:26:37",
      "original_link":"http:\/\/www.dailymail.co.uk\/tvshowbiz\/article-2941337\/Blake-Lively-motherhood-glow-hugs-photographer-pal-Mario-Testino-photo-daughter-s-birth.html",
      "note":"Glow of motherhood: Blake Lively looked radiant in this first photo seen of her since she gave birth to her daughter as she hugged her pal and photographer-to-the-stars Mario Testino",
      "color":"#1d1721",
      "link":"https:\/\/www.pinterest.com\/r\/pin\/536561743080096667\/4779055074072594921\/c79ca913fcc16128b1c3b672777eab1af32e7de13a6bd7879cb6f50728706298",
      "board":{
        "url":"https:\/\/www.pinterest.com\/dailymail\/celebrities\/",
        "id":"536561811793888186",
        "name":"Celebrities"
      },
      "image":{
        "original":{
          "url":"https:\/\/s-media-cache-ak0.pinimg.com\/originals\/6b\/f2\/63\/6bf2638ffc1813ba39c08d58cf0136e0.jpg",
          "width":634,
          "height":614
        }
      },
      "counts":{
        "likes":0,
        "comments":0,
        "repins":1
      },
      "id":"536561743080096667",
      "metadata":{
        "article":{
          "published_at":null,
          "description":"Blake Lively has been keeping a low-profile since giving birth six weeks ago to her first child with husband Ryan Reynolds.",
          "name":"Blake Lively shares first post-baby snap six weeks after giving birth",
          "authors":[]
        },
        "link":{
          "locale":"en_GB",
          "title":"Blake Lively shares first post-baby snap six weeks after giving birth\u00a0",
          "site_name":"Mail Online",
          "description":"Blake Lively has been keeping a low-profile since giving birth six weeks ago to her first child with husband Ryan Reynolds.",
          "favicon":"https:\/\/s-media-cache-ak0.pinimg.com\/favicons\/ba8856b627a2bf282a5dab73c40812571f90daf57fe69780aa1096ab.ico?a8690769c53090d08b0560db0144a818"
        }
      }
    },
    {
      "attribution":null,
      "creator":{
        "url":"https:\/\/www.pinterest.com\/dailymail\/",
        "first_name":"Daily Mail",
        "last_name":"",
        "id":"536561880513118266"
      },
      "url":"https:\/\/www.pinterest.com\/pin\/536561743080096662\/",
      "media":{
        "type":"image"
      },
      "created_at":"2015-02-05T17:26:26",
      "original_link":"http:\/\/www.dailymail.co.uk\/tvshowbiz\/article-2941379\/Because-s-worth-Timeless-beauty-Dame-Helen-Mirren-69-looks-flawless-puts-youthful-display-sizzling-new-photoshoot.html",
      "note":"Timeless beauty: The 69-year-old Dame Helen Mirren's natural made-up features and lightly coloured locks will be the focus of the brand\u2019s Perfect Skincare and Excellence Hair Colour range",
      "color":"#a09593",
      "link":"https:\/\/www.pinterest.com\/r\/pin\/536561743080096662\/4779055074072594921\/c792bae7a3f507dcd852c0bc947e070bc95ac2050d7c3fde90337871f30640a4",
      "board":{
        "url":"https:\/\/www.pinterest.com\/dailymail\/celebrities\/",
        "id":"536561811793888186",
        "name":"Celebrities"
      },
      "image":{
        "original":{
          "url":"https:\/\/s-media-cache-ak0.pinimg.com\/originals\/10\/31\/ec\/1031ecfa65488b67ca8929d74b48a3ab.jpg",
          "width":634,
          "height":951
        }
      },
      "counts":{
        "likes":0,
        "comments":0,
        "repins":4
      },
      "id":"536561743080096662",
      "metadata":{
        "article":{
          "published_at":null,
          "description":"The British star continued to cement her on-screen status by taking part in the new Perfect Age campaign for L\u2019Oreal Paris, which will air on Friday 6th February.",
          "name":"Dame Helen Mirren, 69, looks flawless in sizzling new photoshoot",
          "authors":[]
        },
        "link":{
          "locale":"en_GB",
          "title":"Dame Helen Mirren, 69, looks flawless in sizzling new photoshoot",
          "site_name":"Mail Online",
          "description":"The British star continued to cement her on-screen status by taking part in the new Perfect Age campaign for L\u2019Oreal Paris, which will air on Friday 6th February.",
          "favicon":"https:\/\/s-media-cache-ak0.pinimg.com\/favicons\/ba8856b627a2bf282a5dab73c40812571f90daf57fe69780aa1096ab.ico?a8690769c53090d08b0560db0144a818"
        }
      }
    },
    {
      "attribution":null,
      "creator":{
        "url":"https:\/\/www.pinterest.com\/dailymail\/",
        "first_name":"Daily Mail",
        "last_name":"",
        "id":"536561880513118266"
      },
      "url":"https:\/\/www.pinterest.com\/pin\/536561743080096649\/",
      "media":{
        "type":"image"
      },
      "created_at":"2015-02-05T17:25:12",
      "original_link":"http:\/\/www.dailymail.co.uk\/tvshowbiz\/article-2940506\/Rihanna-swims-sharks-sneak-peek-Harper-s-Bazaar-cover-photo-shoot.html",
      "note":"Cover girl: The songstress Rihanna simply stuns in the upcoming March issue",
      "color":"#b89876",
      "link":"https:\/\/www.pinterest.com\/r\/pin\/536561743080096649\/4779055074072594921\/c6e9607992e843bf408f30cf3dc11b0c20eaac0b85041b84b138776e17f58e92",
      "board":{
        "url":"https:\/\/www.pinterest.com\/dailymail\/celebrities\/",
        "id":"536561811793888186",
        "name":"Celebrities"
      },
      "image":{
        "original":{
          "url":"https:\/\/s-media-cache-ak0.pinimg.com\/originals\/df\/f3\/52\/dff352ba65295ba2afe60383a4499224.jpg",
          "width":634,
          "height":766
        }
      },
      "counts":{
        "likes":1,
        "comments":0,
        "repins":4
      },
      "id":"536561743080096649",
      "metadata":{
        "article":{
          "published_at":null,
          "description":"She calls herself 'Badgalriri' on Instagram.",
          "name":"Rihanna swims with sharks for latest Harper's Bazaar cover story",
          "authors":[]
        },
        "link":{
          "locale":"en_GB",
          "title":"Rihanna swims with sharks for latest Harper's Bazaar cover story",
          "site_name":"Mail Online",
          "description":"She calls herself 'Badgalriri' on Instagram.",
          "favicon":"https:\/\/s-media-cache-ak0.pinimg.com\/favicons\/ba8856b627a2bf282a5dab73c40812571f90daf57fe69780aa1096ab.ico?a8690769c53090d08b0560db0144a818"
        }
      }
    },
    {
      "attribution":null,
      "creator":{
        "url":"https:\/\/www.pinterest.com\/dailymail\/",
        "first_name":"Daily Mail",
        "last_name":"",
        "id":"536561880513118266"
      },
      "url":"https:\/\/www.pinterest.com\/pin\/536561743080096647\/",
      "media":{
        "type":"image"
      },
      "created_at":"2015-02-05T17:24:58",
      "original_link":"http:\/\/www.dailymail.co.uk\/tvshowbiz\/article-2940506\/Rihanna-swims-sharks-sneak-peek-Harper-s-Bazaar-cover-photo-shoot.html",
      "note":"Brave girl: In a new photo shoot for Harper's Bazaar magazine Rihanna sits in the jaws of a fake great white shark",
      "color":"#668987",
      "link":"https:\/\/www.pinterest.com\/r\/pin\/536561743080096647\/4779055074072594921\/55b059652004fc8e2b5aa8bf28577f9995a3765d0badc06ac67bf1f244846c53",
      "board":{
        "url":"https:\/\/www.pinterest.com\/dailymail\/celebrities\/",
        "id":"536561811793888186",
        "name":"Celebrities"
      },
      "image":{
        "original":{
          "url":"https:\/\/s-media-cache-ak0.pinimg.com\/originals\/9b\/10\/d1\/9b10d1b5a20419b052a8ef378581d004.jpg",
          "width":634,
          "height":766
        }
      },
      "counts":{
        "likes":0,
        "comments":0,
        "repins":4
      },
      "id":"536561743080096647",
      "metadata":{
        "article":{
          "published_at":null,
          "description":"She calls herself 'Badgalriri' on Instagram.",
          "name":"Rihanna swims with sharks for latest Harper's Bazaar cover story",
          "authors":[]
        },
        "link":{
          "locale":"en_GB",
          "title":"Rihanna swims with sharks for latest Harper's Bazaar cover story",
          "site_name":"Mail Online",
          "description":"She calls herself 'Badgalriri' on Instagram.",
          "favicon":"https:\/\/s-media-cache-ak0.pinimg.com\/favicons\/ba8856b627a2bf282a5dab73c40812571f90daf57fe69780aa1096ab.ico?a8690769c53090d08b0560db0144a818"
        }
      }
    },
    {
      "attribution":null,
      "creator":{
        "url":"https:\/\/www.pinterest.com\/dailymail\/",
        "first_name":"Daily Mail",
        "last_name":"",
        "id":"536561880513118266"
      },
      "url":"https:\/\/www.pinterest.com\/pin\/536561743080096645\/",
      "media":{
        "type":"image"
      },
      "created_at":"2015-02-05T17:24:53",
      "original_link":"http:\/\/www.dailymail.co.uk\/tvshowbiz\/article-2941354\/Amanda-Holden-shows-increasingly-toned-frame-fitted-sleeveless-dress-Britain-s-Got-Talent-auditions-kick-Birmingham.html",
      "note":"Smart:\u00a0David Walliams arrived at Birmingham Hippodrome wearing a classic suit with an overcoat",
      "color":"#b85d62",
      "link":"https:\/\/www.pinterest.com\/r\/pin\/536561743080096645\/4779055074072594921\/957179322563f2ede4c085bdd6cf302c80f7e23a1aa7318f56ceefab92447151",
      "board":{
        "url":"https:\/\/www.pinterest.com\/dailymail\/celebrities\/",
        "id":"536561811793888186",
        "name":"Celebrities"
      },
      "image":{
        "original":{
          "url":"https:\/\/s-media-cache-ak0.pinimg.com\/originals\/cb\/a9\/b2\/cba9b29bd6b49f6b75aa06d6cb53d50d.jpg",
          "width":634,
          "height":955
        }
      },
      "counts":{
        "likes":0,
        "comments":0,
        "repins":1
      },
      "id":"536561743080096645",
      "metadata":{
        "article":{
          "published_at":null,
          "description":"Stepping out on Hurst Street, regular judge Amanda caught the eye in a striking fitted dress that served to compliment her increasingly toned frame.",
          "name":"Amanda Holden shows off her increasingly toned frame",
          "authors":[]
        },
        "link":{
          "locale":"en_GB",
          "title":"Amanda Holden shows off her increasingly toned frame",
          "site_name":"Mail Online",
          "description":"Stepping out on Hurst Street, regular judge Amanda caught the eye in a striking fitted dress that served to compliment her increasingly toned frame.",
          "favicon":"https:\/\/s-media-cache-ak0.pinimg.com\/favicons\/ba8856b627a2bf282a5dab73c40812571f90daf57fe69780aa1096ab.ico?a8690769c53090d08b0560db0144a818"
        }
      }
    },
    {
      "attribution":null,
      "creator":{
        "url":"https:\/\/www.pinterest.com\/dailymail\/",
        "first_name":"Daily Mail",
        "last_name":"",
        "id":"536561880513118266"
      },
      "url":"https:\/\/www.pinterest.com\/pin\/536561743080096637\/",
      "media":{
        "type":"image"
      },
      "created_at":"2015-02-05T17:24:02",
      "original_link":"http:\/\/www.dailymail.co.uk\/tvshowbiz\/article-2941345\/Alesha-Dixon-shows-extreme-cleavage-Britain-s-Got-Talent.html",
      "note":"Taking the plunge: Alesha Dixon made sure all eyes were on her when she walked the red carpet at the Britain's Got Talent auditions in Birmingham Hippodrome on Thursday",
      "color":"#bd9888",
      "link":"https:\/\/www.pinterest.com\/r\/pin\/536561743080096637\/4779055074072594921\/4dc61df10f24a5b831401b331b4315f5448d2d1d1c562a1e1a2c1775950b1420",
      "board":{
        "url":"https:\/\/www.pinterest.com\/dailymail\/celebrities\/",
        "id":"536561811793888186",
        "name":"Celebrities"
      },
      "image":{
        "original":{
          "url":"https:\/\/s-media-cache-ak0.pinimg.com\/originals\/b4\/a5\/bb\/b4a5bb29144945301796892a530fab80.jpg",
          "width":634,
          "height":967
        }
      },
      "counts":{
        "likes":0,
        "comments":0,
        "repins":3
      },
      "id":"536561743080096637",
      "metadata":{
        "article":{
          "published_at":null,
          "description":"The 36-year-old showed off her cleavage in a plunging cream halter jumpsuit which cinched her in at the waist.",
          "name":"Alesha Dixon shows off extreme cleavage at Britain's Got Talent",
          "authors":[]
        },
        "link":{
          "locale":"en_GB",
          "title":"Alesha Dixon shows off extreme cleavage at Britain's Got Talent",
          "site_name":"Mail Online",
          "description":"The 36-year-old showed off her cleavage in a plunging cream halter jumpsuit which cinched her in at the waist.",
          "favicon":"https:\/\/s-media-cache-ak0.pinimg.com\/favicons\/ba8856b627a2bf282a5dab73c40812571f90daf57fe69780aa1096ab.ico?a8690769c53090d08b0560db0144a818"
        }
      }
    },
    {
      "attribution":null,
      "creator":{
        "url":"https:\/\/www.pinterest.com\/dailymail\/",
        "first_name":"Daily Mail",
        "last_name":"",
        "id":"536561880513118266"
      },
      "url":"https:\/\/www.pinterest.com\/pin\/536561743080096586\/",
      "media":{
        "type":"image"
      },
      "created_at":"2015-02-05T17:18:59",
      "original_link":"http:\/\/www.dailymail.co.uk\/tvshowbiz\/article-2940746\/Louise-Thompson-displays-toned-frame-strips-raunchy-new-lingerie-shoot.html",
      "note":"Striking: Winter sports take a back seat for Louise Thompson as she displays her toned body in a series of racy new lingerie shots",
      "color":"#231d23",
      "link":"https:\/\/www.pinterest.com\/r\/pin\/536561743080096586\/4779055074072594921\/78bc5442696fd82c2bf07d3819a9358ff760f22ba316fcb1bf5658e5efb4303e",
      "board":{
        "url":"https:\/\/www.pinterest.com\/dailymail\/celebrities\/",
        "id":"536561811793888186",
        "name":"Celebrities"
      },
      "image":{
        "original":{
          "url":"https:\/\/s-media-cache-ak0.pinimg.com\/originals\/82\/9e\/61\/829e61acc58f735afb308e1d56450c39.jpg",
          "width":634,
          "height":951
        }
      },
      "counts":{
        "likes":1,
        "comments":0,
        "repins":5
      },
      "id":"536561743080096586",
      "metadata":{
        "article":{
          "published_at":null,
          "description":"Winter sports take a back seat for Louise as she displays her toned body in a series of racy new lingerie shots.",
          "name":"Louise Thompson displays her toned frame",
          "authors":[]
        },
        "link":{
          "locale":"en_GB",
          "title":"Louise Thompson displays her toned frame",
          "site_name":"Mail Online",
          "description":"Winter sports take a back seat for Louise as she displays her toned body in a series of racy new lingerie shots.",
          "favicon":"https:\/\/s-media-cache-ak0.pinimg.com\/favicons\/ba8856b627a2bf282a5dab73c40812571f90daf57fe69780aa1096ab.ico?a8690769c53090d08b0560db0144a818"
        }
      }
    },
    {
      "attribution":null,
      "creator":{
        "url":"https:\/\/www.pinterest.com\/dailymail\/",
        "first_name":"Daily Mail",
        "last_name":"",
        "id":"536561880513118266"
      },
      "url":"https:\/\/www.pinterest.com\/pin\/536561743080088904\/",
      "media":{
        "type":"image"
      },
      "created_at":"2015-02-05T01:14:38",
      "original_link":"http:\/\/www.dailymail.co.uk\/tvshowbiz\/article-2932554\/Kristen-Stewart-flashes-flesh-semi-sheer-crop-grabs-coffee-go.html",
      "note":"Finishing touches: Kristen Stewart concealed her eyes behind dark shades and wore her wavy brown hair swept back in a messy bun",
      "color":"#bdb5a6",
      "link":"https:\/\/www.pinterest.com\/r\/pin\/536561743080088904\/4779055074072594921\/dcea410ab3c52dcdf65b9e0c62afe0d2865664e3f28c0ef8401317010700d7ab",
      "board":{
        "url":"https:\/\/www.pinterest.com\/dailymail\/celebrities\/",
        "id":"536561811793888186",
        "name":"Celebrities"
      },
      "image":{
        "original":{
          "url":"https:\/\/s-media-cache-ak0.pinimg.com\/originals\/b9\/74\/4d\/b9744d6ecd9cfd2a36c056e78fc9955d.jpg",
          "width":633,
          "height":889
        }
      },
      "counts":{
        "likes":0,
        "comments":0,
        "repins":2
      },
      "id":"536561743080088904",
      "metadata":{
        "article":{
          "published_at":null,
          "description":"The 24-year-old grabbed coffee with a gal pal in Los Angeles on Thursday.",
          "name":"Kristen Stewart wears semi-sheer crop top as she grabs a cup of coffee",
          "authors":[]
        },
        "link":{
          "locale":"en_GB",
          "title":"Kristen Stewart wears semi-sheer crop top as she grabs a cup of coffee",
          "site_name":"Mail Online",
          "description":"The 24-year-old grabbed coffee with a gal pal in Los Angeles on Thursday.",
          "favicon":"https:\/\/s-media-cache-ak0.pinimg.com\/favicons\/ba8856b627a2bf282a5dab73c40812571f90daf57fe69780aa1096ab.ico?a8690769c53090d08b0560db0144a818"
        }
      }
    },
    {
      "attribution":null,
      "creator":{
        "url":"https:\/\/www.pinterest.com\/dailymail\/",
        "first_name":"Daily Mail",
        "last_name":"",
        "id":"536561880513118266"
      },
      "url":"https:\/\/www.pinterest.com\/pin\/536561743080088889\/",
      "media":{
        "type":"image"
      },
      "created_at":"2015-02-05T01:13:49",
      "original_link":"http:\/\/www.dailymail.co.uk\/tvshowbiz\/article-2939023\/Lady-Gaga-says-previously-hung-phone-Paul-McCartney-shares-sweet-snap-studio.html",
      "note":"Living legend: Lady Gaga shared this photo of herself and Paul McCartney on Tuesday, writing, 'I'll never forget when he called me last year to work and I hung up the phone cuz I thought it was a prank!'",
      "color":"#604851",
      "link":"https:\/\/www.pinterest.com\/r\/pin\/536561743080088889\/4779055074072594921\/4317d7cd8cf7e8f953318cc31cb48a5429612296d2b2b48b589bc852e3c6bbdd",
      "board":{
        "url":"https:\/\/www.pinterest.com\/dailymail\/celebrities\/",
        "id":"536561811793888186",
        "name":"Celebrities"
      },
      "image":{
        "original":{
          "url":"https:\/\/s-media-cache-ak0.pinimg.com\/originals\/40\/07\/f2\/4007f29ce2e980554e2b4304e5090887.jpg",
          "width":634,
          "height":631
        }
      },
      "counts":{
        "likes":2,
        "comments":0,
        "repins":4
      },
      "id":"536561743080088889",
      "metadata":{
        "article":{
          "published_at":"2015-02-04T00:00:00",
          "description":"She's one of the most well-known celebrities in the world, but even Lady Gaga gets starstruck.",
          "name":"Lady Gaga says she 'hung up the phone' on Paul McCartney",
          "authors":[]
        },
        "link":{
          "locale":"en_GB",
          "title":"Lady Gaga says she 'hung up the phone' on Paul McCartney",
          "site_name":"Mail Online",
          "description":"She's one of the most well-known celebrities in the world, but even Lady Gaga gets starstruck.",
          "favicon":"https:\/\/s-media-cache-ak0.pinimg.com\/favicons\/ba8856b627a2bf282a5dab73c40812571f90daf57fe69780aa1096ab.ico?a8690769c53090d08b0560db0144a818"
        }
      }
    },
    {
      "attribution":null,
      "creator":{
        "url":"https:\/\/www.pinterest.com\/dailymail\/",
        "first_name":"Daily Mail",
        "last_name":"",
        "id":"536561880513118266"
      },
      "url":"https:\/\/www.pinterest.com\/pin\/536561743080087478\/",
      "media":{
        "type":"image"
      },
      "created_at":"2015-02-04T22:46:01",
      "original_link":"http:\/\/www.dailymail.co.uk\/tvshowbiz\/article-2940190\/Shakira-posts-sweet-snap-newborn-son-Sasha-s-foot-jokes-ll-footballer-like-dad-Gerard-Pique.html",
      "note":"Ahead of the birth: The\u00a0hitmaker and her 27-year-old beau reserved an entire floor of the Hospital Quir\u00f3n Teknon in the Spanish city for the new arrival",
      "color":"#58504a",
      "link":"https:\/\/www.pinterest.com\/r\/pin\/536561743080087478\/4779055074072594921\/199505f47bbad336356a0d8a2102d79d3cfe7e8398d9628677f443b03d392696",
      "board":{
        "url":"https:\/\/www.pinterest.com\/dailymail\/celebrities\/",
        "id":"536561811793888186",
        "name":"Celebrities"
      },
      "image":{
        "original":{
          "url":"https:\/\/s-media-cache-ak0.pinimg.com\/originals\/ab\/ab\/09\/abab09d5cdda9af8bac8cda22f6241c0.jpg",
          "width":634,
          "height":926
        }
      },
      "counts":{
        "likes":0,
        "comments":0,
        "repins":1
      },
      "id":"536561743080087478",
      "metadata":{
        "article":{
          "published_at":null,
          "description":"The 38-year-old singer took to her Twitter account on Wednesday to share a picture of the tot's sock-clad foot and joked he'll be a footballer like his Barcelona FC player dad Gerard Pique.",
          "name":"Shakira posts sweet snap of newborn son Sasha's foot",
          "authors":[]
        },
        "link":{
          "locale":"en_GB",
          "title":"Shakira posts sweet snap of newborn son Sasha's foot",
          "site_name":"Mail Online",
          "description":"The 38-year-old singer took to her Twitter account on Wednesday to share a picture of the tot's sock-clad foot and joked he'll be a footballer like his Barcelona FC player dad Gerard Pique.",
          "favicon":"https:\/\/s-media-cache-ak0.pinimg.com\/favicons\/ba8856b627a2bf282a5dab73c40812571f90daf57fe69780aa1096ab.ico?a8690769c53090d08b0560db0144a818"
        }
      }
    },
    {
      "attribution":null,
      "creator":{
        "url":"https:\/\/www.pinterest.com\/dailymail\/",
        "first_name":"Daily Mail",
        "last_name":"",
        "id":"536561880513118266"
      },
      "url":"https:\/\/www.pinterest.com\/pin\/536561743080084798\/",
      "media":{
        "type":"image"
      },
      "created_at":"2015-02-04T18:55:10",
      "original_link":"http:\/\/www.dailymail.co.uk\/tvshowbiz\/article-2939736\/Mila-Kunis-reveals-lost-baby-weight-Jimmy-Kimmel-Live.html",
      "note":"Fueling the rumours: Mila was once again spotted with a thin silver band on her ring finger as she arrived to Kimmel on Tuesday in Los Angeles",
      "color":"#50493f",
      "link":"https:\/\/www.pinterest.com\/r\/pin\/536561743080084798\/4779055074072594921\/d6f75fb0dfac7cf77cfd9d0e223c89e3b7c3c776caa11c1f741b954889fafdd7",
      "board":{
        "url":"https:\/\/www.pinterest.com\/dailymail\/celebrities\/",
        "id":"536561811793888186",
        "name":"Celebrities"
      },
      "image":{
        "original":{
          "url":"https:\/\/s-media-cache-ak0.pinimg.com\/originals\/8e\/84\/6f\/8e846f539f97b3602a20520870d31856.jpg",
          "width":634,
          "height":1182
        }
      },
      "counts":{
        "likes":0,
        "comments":0,
        "repins":4
      },
      "id":"536561743080084798",
      "metadata":{
        "article":{
          "published_at":null,
          "description":"The 31-year-old gave birth to her daughter Wyatt just four months ago.",
          "name":"Mila Kunis says she lost baby weight by breastfeeding",
          "authors":[]
        },
        "link":{
          "locale":"en_GB",
          "title":"Mila Kunis says she lost baby weight by breastfeeding",
          "site_name":"Mail Online",
          "description":"The 31-year-old gave birth to her daughter Wyatt just four months ago.",
          "favicon":"https:\/\/s-media-cache-ak0.pinimg.com\/favicons\/ba8856b627a2bf282a5dab73c40812571f90daf57fe69780aa1096ab.ico?a8690769c53090d08b0560db0144a818"
        }
      }
    },
    {
      "attribution":null,
      "creator":{
        "url":"https:\/\/www.pinterest.com\/dailymail\/",
        "first_name":"Daily Mail",
        "last_name":"",
        "id":"536561880513118266"
      },
      "url":"https:\/\/www.pinterest.com\/pin\/536561743080083741\/",
      "media":{
        "type":"image"
      },
      "created_at":"2015-02-04T17:20:46",
      "original_link":"http:\/\/www.dailymail.co.uk\/tvshowbiz\/article-2939577\/Nicole-Scherzinger-appears-overwhelmed-sadness-emerges-time-split-Lewis-Hamilton.html",
      "note":"Sad: The singer looked overcome with emotion as she arrived at the London Palladium, where she stars in theatre production Cats",
      "color":"#4d4542",
      "link":"https:\/\/www.pinterest.com\/r\/pin\/536561743080083741\/4779055074072594921\/17d01a440db7a60000eaf2564af558b0ae012708669eddd4b26f1e59773e1b35",
      "board":{
        "url":"https:\/\/www.pinterest.com\/dailymail\/celebrities\/",
        "id":"536561811793888186",
        "name":"Celebrities"
      },
      "image":{
        "original":{
          "url":"https:\/\/s-media-cache-ak0.pinimg.com\/originals\/9a\/67\/23\/9a67238192dcfa07dc4513a07c3a21d1.jpg",
          "width":634,
          "height":1129
        }
      },
      "counts":{
        "likes":0,
        "comments":0,
        "repins":1
      },
      "id":"536561743080083741",
      "metadata":{
        "article":{
          "published_at":null,
          "description":"The singer was pictured looking incredibly sad as she arrived at the London Palladium on Wednesday, where she is performing in theatre show, Cats.",
          "name":"Nicole Scherzinger emerges for first time since split",
          "authors":[]
        },
        "link":{
          "locale":"en_GB",
          "title":"Nicole Scherzinger emerges for first time since split",
          "site_name":"Mail Online",
          "description":"The singer was pictured looking incredibly sad as she arrived at the London Palladium on Wednesday, where she is performing in theatre show, Cats.",
          "favicon":"https:\/\/s-media-cache-ak0.pinimg.com\/favicons\/ba8856b627a2bf282a5dab73c40812571f90daf57fe69780aa1096ab.ico?a8690769c53090d08b0560db0144a818"
        }
      }
    },
    {
      "attribution":null,
      "creator":{
        "url":"https:\/\/www.pinterest.com\/dailymail\/",
        "first_name":"Daily Mail",
        "last_name":"",
        "id":"536561880513118266"
      },
      "url":"https:\/\/www.pinterest.com\/pin\/536561743080083738\/",
      "media":{
        "type":"image"
      },
      "created_at":"2015-02-04T17:20:31",
      "original_link":"http:\/\/www.dailymail.co.uk\/tvshowbiz\/article-2939577\/Nicole-Scherzinger-appears-overwhelmed-sadness-emerges-time-split-Lewis-Hamilton.html",
      "note":"Happier times: This is the last picture Nicole posted of the couple together, when Tom Cruise came to see her perform in Cats",
      "color":"#93644e",
      "link":"https:\/\/www.pinterest.com\/r\/pin\/536561743080083738\/4779055074072594921\/f3234580f514becfa1bec8da986a13e38c48a377010078e6d5ce7f5eb0c5354d",
      "board":{
        "url":"https:\/\/www.pinterest.com\/dailymail\/celebrities\/",
        "id":"536561811793888186",
        "name":"Celebrities"
      },
      "image":{
        "original":{
          "url":"https:\/\/s-media-cache-ak0.pinimg.com\/originals\/14\/45\/ba\/1445ba8725d3b71e69f51affa235b43b.jpg",
          "width":634,
          "height":634
        }
      },
      "counts":{
        "likes":1,
        "comments":0,
        "repins":0
      },
      "id":"536561743080083738",
      "metadata":{
        "article":{
          "published_at":null,
          "description":"The singer was pictured looking incredibly sad as she arrived at the London Palladium on Wednesday, where she is performing in theatre show, Cats.",
          "name":"Nicole Scherzinger emerges for first time since split",
          "authors":[]
        },
        "link":{
          "locale":"en_GB",
          "title":"Nicole Scherzinger emerges for first time since split",
          "site_name":"Mail Online",
          "description":"The singer was pictured looking incredibly sad as she arrived at the London Palladium on Wednesday, where she is performing in theatre show, Cats.",
          "favicon":"https:\/\/s-media-cache-ak0.pinimg.com\/favicons\/ba8856b627a2bf282a5dab73c40812571f90daf57fe69780aa1096ab.ico?a8690769c53090d08b0560db0144a818"
        }
      }
    },
    {
      "attribution":null,
      "creator":{
        "url":"https:\/\/www.pinterest.com\/dailymail\/",
        "first_name":"Daily Mail",
        "last_name":"",
        "id":"536561880513118266"
      },
      "url":"https:\/\/www.pinterest.com\/pin\/536561743080083731\/",
      "media":{
        "type":"image"
      },
      "created_at":"2015-02-04T17:20:03",
      "original_link":"http:\/\/www.dailymail.co.uk\/tvshowbiz\/article-2939577\/Nicole-Scherzinger-appears-overwhelmed-sadness-emerges-time-split-Lewis-Hamilton.html",
      "note":"In happier times: Nicole Scherzinger has split from Lewis Hamilton for a fourth time due to the pressures of a long-distance relationship",
      "color":"#604227",
      "link":"https:\/\/www.pinterest.com\/r\/pin\/536561743080083731\/4779055074072594921\/47074095f0f47b43a6d53152438628116a2526a94312af6af8771f9b787c3927",
      "board":{
        "url":"https:\/\/www.pinterest.com\/dailymail\/celebrities\/",
        "id":"536561811793888186",
        "name":"Celebrities"
      },
      "image":{
        "original":{
          "url":"https:\/\/s-media-cache-ak0.pinimg.com\/originals\/a0\/be\/f4\/a0bef43bb15bcaa14f07c7ffcb1281d5.jpg",
          "width":634,
          "height":938
        }
      },
      "counts":{
        "likes":0,
        "comments":0,
        "repins":3
      },
      "id":"536561743080083731",
      "metadata":{
        "article":{
          "published_at":null,
          "description":"The singer was pictured looking incredibly sad as she arrived at the London Palladium on Wednesday, where she is performing in theatre show, Cats.",
          "name":"Nicole Scherzinger emerges for first time since split",
          "authors":[]
        },
        "link":{
          "locale":"en_GB",
          "title":"Nicole Scherzinger emerges for first time since split",
          "site_name":"Mail Online",
          "description":"The singer was pictured looking incredibly sad as she arrived at the London Palladium on Wednesday, where she is performing in theatre show, Cats.",
          "favicon":"https:\/\/s-media-cache-ak0.pinimg.com\/favicons\/ba8856b627a2bf282a5dab73c40812571f90daf57fe69780aa1096ab.ico?a8690769c53090d08b0560db0144a818"
        }
      }
    },
    {
      "attribution":null,
      "creator":{
        "url":"https:\/\/www.pinterest.com\/dailymail\/",
        "first_name":"Daily Mail",
        "last_name":"",
        "id":"536561880513118266"
      },
      "url":"https:\/\/www.pinterest.com\/pin\/536561743080077461\/",
      "media":{
        "type":"image"
      },
      "created_at":"2015-02-04T01:42:57",
      "original_link":"http:\/\/mol-uk.andweb.dmgt.net\/tvshowbiz\/article-2938710\/Kate-Bosworth-embraces-boho-chic-blue-fedora-polka-dot-scarf-studded-leather-jacket-cover-Elle-Canada.html",
      "note":"Red hot: The Blue Crush star donned a red coat over a matching blouse, burgundy leather belt and khaki trousers while sitting on a bar",
      "color":"#d77f70",
      "link":"https:\/\/www.pinterest.com\/r\/pin\/536561743080077461\/4779055074072594921\/b3439308909230b2566fbfe35787074fb52f827745695db4c0ff35dc001b57bc",
      "board":{
        "url":"https:\/\/www.pinterest.com\/dailymail\/celebrities\/",
        "id":"536561811793888186",
        "name":"Celebrities"
      },
      "image":{
        "original":{
          "url":"https:\/\/s-media-cache-ak0.pinimg.com\/originals\/ef\/1b\/81\/ef1b816c31385b4f77f4a55fe6367c59.jpg",
          "width":634,
          "height":895
        }
      },
      "counts":{
        "likes":0,
        "comments":0,
        "repins":0
      },
      "id":"536561743080077461",
      "metadata":{
      }
    },
    {
      "attribution":null,
      "creator":{
        "url":"https:\/\/www.pinterest.com\/dailymail\/",
        "first_name":"Daily Mail",
        "last_name":"",
        "id":"536561880513118266"
      },
      "url":"https:\/\/www.pinterest.com\/pin\/536561743080077459\/",
      "media":{
        "type":"image"
      },
      "created_at":"2015-02-04T01:42:36",
      "original_link":"http:\/\/www.dailymail.co.uk\/tvshowbiz\/article-2938484\/Charlotte-Crosby-shows-impeccable-bikini-body-joins-former-flame-Gaz-Beadle-cast-MTV-s-Ex-Beach-Heathrow-airport.html",
      "note":"Looking hot! Charlotte Crosby showed off her impressive figure at Heathrow airport on Tuesday evening as she headed abroad with the cast of MTV's Ex on the Beach series two",
      "color":"#0d120c",
      "link":"https:\/\/www.pinterest.com\/r\/pin\/536561743080077459\/4779055074072594921\/2b8ef63970a39a564c4414b38e41bebeb7eae2f9b7bcdb477e51e05b134b79a6",
      "board":{
        "url":"https:\/\/www.pinterest.com\/dailymail\/celebrities\/",
        "id":"536561811793888186",
        "name":"Celebrities"
      },
      "image":{
        "original":{
          "url":"https:\/\/s-media-cache-ak0.pinimg.com\/originals\/6d\/6f\/98\/6d6f98525aeacf28688cffd026bc2425.jpg",
          "width":634,
          "height":807
        }
      },
      "counts":{
        "likes":0,
        "comments":0,
        "repins":3
      },
      "id":"536561743080077459",
      "metadata":{
        "article":{
          "published_at":null,
          "description":"Charlotte was keen to show off the results of her healthy regime as she wandered through Heathrow on Tuesday evening - in a skimpy bikini.",
          "name":"Charlotte Crosby flaunts impeccable bikini body in front of ex Gaz",
          "authors":[]
        },
        "link":{
          "locale":"en_GB",
          "title":"Charlotte Crosby flaunts impeccable bikini body in front of ex Gaz",
          "site_name":"Mail Online",
          "description":"Charlotte was keen to show off the results of her healthy regime as she wandered through Heathrow on Tuesday evening - in a skimpy bikini.",
          "favicon":"https:\/\/s-media-cache-ak0.pinimg.com\/favicons\/ba8856b627a2bf282a5dab73c40812571f90daf57fe69780aa1096ab.ico?a8690769c53090d08b0560db0144a818"
        }
      }
    },
    {
      "attribution":null,
      "creator":{
        "url":"https:\/\/www.pinterest.com\/dailymail\/",
        "first_name":"Daily Mail",
        "last_name":"",
        "id":"536561880513118266"
      },
      "url":"https:\/\/www.pinterest.com\/pin\/536561743079918306\/",
      "media":{
        "type":"image"
      },
      "created_at":"2015-01-23T13:51:40",
      "original_link":"http:\/\/www.dailymail.co.uk\/tvshowbiz\/article-2923040\/Kanye-West-joined-Katy-Perry-Rihanna-Miley-Cyrus-sit-row-LA-fashion-event.html",
      "note":"Make fashion fun with a bag by Moschino, $1316. Similar: Skinnydip Popcorn bag at Asos, $47.38",
      "color":"#543c33",
      "link":"https:\/\/www.pinterest.com\/r\/pin\/536561743079918306\/4779055074072594921\/72bc22f9f5a4991085acbc516075ff42bd73a13a361137e60dde2a7ce952d9bb",
      "board":{
        "url":"https:\/\/www.pinterest.com\/dailymail\/celebrities\/",
        "id":"536561811793888186",
        "name":"Celebrities"
      },
      "image":{
        "original":{
          "url":"https:\/\/s-media-cache-ak0.pinimg.com\/originals\/40\/cf\/a0\/40cfa03a936249a8ef3c47c4ed9ae925.jpg",
          "width":306,
          "height":616
        }
      },
      "counts":{
        "likes":0,
        "comments":0,
        "repins":1
      },
      "id":"536561743079918306",
      "metadata":{
        "article":{
          "published_at":null,
          "description":"The glamorous trio pulled out all the stops in the style stakes as they competed for the title of most fashionable at The Daily Front Row Fashion Los Angeles Awards event.",
          "name":"Katy Perry, Rihanna and Miley Cyrus lead A-list front row",
          "authors":[]
        },
        "link":{
          "locale":"en_GB",
          "title":"Katy Perry, Rihanna and Miley Cyrus lead A-list front row",
          "site_name":"Mail Online",
          "description":"The glamorous trio pulled out all the stops in the style stakes as they competed for the title of most fashionable at The Daily Front Row Fashion Los Angeles Awards event.",
          "favicon":"https:\/\/s-media-cache-ak0.pinimg.com\/favicons\/ba8856b627a2bf282a5dab73c40812571f90daf57fe69780aa1096ab.ico?a8690769c53090d08b0560db0144a818"
        }
      }
    },
    {
      "attribution":null,
      "creator":{
        "url":"https:\/\/www.pinterest.com\/dailymail\/",
        "first_name":"Daily Mail",
        "last_name":"",
        "id":"536561880513118266"
      },
      "url":"https:\/\/www.pinterest.com\/pin\/536561743080075180\/",
      "media":{
        "type":"image"
      },
      "created_at":"2015-02-03T22:06:57",
      "original_link":"http:\/\/www.dailymail.co.uk\/tvshowbiz\/article-2937229\/Kourtney-Kardashian-debuts-amazing-post-baby-body-sheer-just-seven-weeks-giving-birth.html",
      "note":"Showing some skin: The 35-year-old Kourtney Kardashian revealed her black bra, lots of cleavage and trim stomach",
      "color":"#544d41",
      "link":"https:\/\/www.pinterest.com\/r\/pin\/536561743080075180\/4779055074072594921\/ac55c0bf3e8e41a41d3aadf299e6ac506bca1f35d13a80180e7e2fa95b4b4fc2",
      "board":{
        "url":"https:\/\/www.pinterest.com\/dailymail\/celebrities\/",
        "id":"536561811793888186",
        "name":"Celebrities"
      },
      "image":{
        "original":{
          "url":"https:\/\/s-media-cache-ak0.pinimg.com\/originals\/55\/08\/4e\/55084ec9c7cd0bb4ac89f8bb6b4c4ed7.jpg",
          "width":634,
          "height":906
        }
      },
      "counts":{
        "likes":0,
        "comments":0,
        "repins":5
      },
      "id":"536561743080075180",
      "metadata":{
        "article":{
          "published_at":"2015-02-03T00:00:00",
          "description":"She welcomed her third child into the world on December 14, and the 35-year-old has been keeping a low profile ever since.",
          "name":"Kourtney Kardashian debuts amazing post-baby body in sheer top",
          "authors":[]
        },
        "link":{
          "locale":"en_GB",
          "title":"Kourtney Kardashian debuts amazing post-baby body in sheer top",
          "site_name":"Mail Online",
          "description":"She welcomed her third child into the world on December 14, and the 35-year-old has been keeping a low profile ever since.",
          "favicon":"https:\/\/s-media-cache-ak0.pinimg.com\/favicons\/ba8856b627a2bf282a5dab73c40812571f90daf57fe69780aa1096ab.ico?a8690769c53090d08b0560db0144a818"
        }
      }
    },
    {
      "attribution":null,
      "creator":{
        "url":"https:\/\/www.pinterest.com\/dailymail\/",
        "first_name":"Daily Mail",
        "last_name":"",
        "id":"536561880513118266"
      },
      "url":"https:\/\/www.pinterest.com\/pin\/536561743080075145\/",
      "media":{
        "type":"image"
      },
      "created_at":"2015-02-03T22:04:26",
      "original_link":"http:\/\/www.dailymail.co.uk\/tvshowbiz\/article-2937483\/Glam-time-Paris-Hilton-flashes-cleavage-goes-braless-primping-mirror-photo-shoot.html",
      "note":"Touching up: Paris Hilton held her tiny dog close as an assistant fussed over her hair",
      "color":"#cecccf",
      "link":"https:\/\/www.pinterest.com\/r\/pin\/536561743080075145\/4779055074072594921\/ad8c5595f7349579a2da8a1c3732fcb26232800d9d10afcbd91bcbc05a324dea",
      "board":{
        "url":"https:\/\/www.pinterest.com\/dailymail\/celebrities\/",
        "id":"536561811793888186",
        "name":"Celebrities"
      },
      "image":{
        "original":{
          "url":"https:\/\/s-media-cache-ak0.pinimg.com\/originals\/5b\/89\/3e\/5b893e901dbe952a11432b6659f313db.jpg",
          "width":634,
          "height":638
        }
      },
      "counts":{
        "likes":0,
        "comments":0,
        "repins":0
      },
      "id":"536561743080075145",
      "metadata":{
        "article":{
          "published_at":null,
          "description":"The 33-year-old was possibly creating promotional photos for her rising career in music.",
          "name":"Paris Hilton flashes cleavage in robe while primping in mirror",
          "authors":[]
        },
        "link":{
          "locale":"en_GB",
          "title":"Paris Hilton flashes cleavage in robe while primping in mirror",
          "site_name":"Mail Online",
          "description":"The 33-year-old was possibly creating promotional photos for her rising career in music.",
          "favicon":"https:\/\/s-media-cache-ak0.pinimg.com\/favicons\/ba8856b627a2bf282a5dab73c40812571f90daf57fe69780aa1096ab.ico?a8690769c53090d08b0560db0144a818"
        }
      }
    },
    {
      "attribution":null,
      "creator":{
        "url":"https:\/\/www.pinterest.com\/dailymail\/",
        "first_name":"Daily Mail",
        "last_name":"",
        "id":"536561880513118266"
      },
      "url":"https:\/\/www.pinterest.com\/pin\/536561743080074325\/",
      "media":{
        "type":"image"
      },
      "created_at":"2015-02-03T20:43:40",
      "original_link":"http:\/\/www.dailymail.co.uk\/femail\/article-2938229\/Lily-Collins-balancing-dad-Phil-Collins-British-rockstar-style-American-mother-s-free-wheeling-aesthetic.html",
      "note":"Polar opposites: Lily Collins, 25, was born in Britain, but moved to Los Angeles at the age of five, following her parents' divorce",
      "color":"#c6d2c8",
      "link":"https:\/\/www.pinterest.com\/r\/pin\/536561743080074325\/4779055074072594921\/80b908b3e9394e98fb50eb4cfe77159d9b4e3d30f49b2241b5acc8dab37d799e",
      "board":{
        "url":"https:\/\/www.pinterest.com\/dailymail\/celebrities\/",
        "id":"536561811793888186",
        "name":"Celebrities"
      },
      "image":{
        "original":{
          "url":"https:\/\/s-media-cache-ak0.pinimg.com\/originals\/77\/11\/b9\/7711b9847a5e352246e907357bb7f893.jpg",
          "width":634,
          "height":423
        }
      },
      "counts":{
        "likes":0,
        "comments":0,
        "repins":1
      },
      "id":"536561743080074325",
      "metadata":{
        "article":{
          "published_at":null,
          "description":"The 25-year-old moved to Los Angeles with her mother at the age of five, following her parents' divorced. But she revisits her father's English heritage in her new British film Love, Rosie.",
          "name":"Lily Collins on inheriting her father Phil's British rockstar style",
          "authors":[]
        },
        "link":{
          "locale":"en_GB",
          "title":"Lily Collins on inheriting her father Phil's British rockstar style",
          "site_name":"Mail Online",
          "description":"The 25-year-old moved to Los Angeles with her mother at the age of five, following her parents' divorced. But she revisits her father's English heritage in her new British film Love, Rosie.",
          "favicon":"https:\/\/s-media-cache-ak0.pinimg.com\/favicons\/ba8856b627a2bf282a5dab73c40812571f90daf57fe69780aa1096ab.ico?a8690769c53090d08b0560db0144a818"
        }
      }
    },
    {
      "attribution":null,
      "creator":{
        "url":"https:\/\/www.pinterest.com\/dailymail\/",
        "first_name":"Daily Mail",
        "last_name":"",
        "id":"536561880513118266"
      },
      "url":"https:\/\/www.pinterest.com\/pin\/536561743080074319\/",
      "media":{
        "type":"image"
      },
      "created_at":"2015-02-03T20:43:26",
      "original_link":"http:\/\/www.dailymail.co.uk\/femail\/article-2938229\/Lily-Collins-balancing-dad-Phil-Collins-British-rockstar-style-American-mother-s-free-wheeling-aesthetic.html",
      "note":"Out on her own: While appearing in a shoot for Yahoo Style, the Love, Rosie star admitted that she refused to use her father's fame in order to advance her own career",
      "color":"#dbc584",
      "link":"https:\/\/www.pinterest.com\/r\/pin\/536561743080074319\/4779055074072594921\/2ec50a2af2da8effc41486e224a2c2825199a47e5e037b8fe50ea5f740e60c12",
      "board":{
        "url":"https:\/\/www.pinterest.com\/dailymail\/celebrities\/",
        "id":"536561811793888186",
        "name":"Celebrities"
      },
      "image":{
        "original":{
          "url":"https:\/\/s-media-cache-ak0.pinimg.com\/originals\/9c\/09\/0e\/9c090eb5302912eae917b3b0018bb714.jpg",
          "width":634,
          "height":423
        }
      },
      "counts":{
        "likes":0,
        "comments":0,
        "repins":1
      },
      "id":"536561743080074319",
      "metadata":{
        "article":{
          "published_at":null,
          "description":"The 25-year-old moved to Los Angeles with her mother at the age of five, following her parents' divorced. But she revisits her father's English heritage in her new British film Love, Rosie.",
          "name":"Lily Collins on inheriting her father Phil's British rockstar style",
          "authors":[]
        },
        "link":{
          "locale":"en_GB",
          "title":"Lily Collins on inheriting her father Phil's British rockstar style",
          "site_name":"Mail Online",
          "description":"The 25-year-old moved to Los Angeles with her mother at the age of five, following her parents' divorced. But she revisits her father's English heritage in her new British film Love, Rosie.",
          "favicon":"https:\/\/s-media-cache-ak0.pinimg.com\/favicons\/ba8856b627a2bf282a5dab73c40812571f90daf57fe69780aa1096ab.ico?a8690769c53090d08b0560db0144a818"
        }
      }
    },
    {
      "attribution":null,
      "creator":{
        "url":"https:\/\/www.pinterest.com\/dailymail\/",
        "first_name":"Daily Mail",
        "last_name":"",
        "id":"536561880513118266"
      },
      "url":"https:\/\/www.pinterest.com\/pin\/536561743080073307\/",
      "media":{
        "type":"image"
      },
      "created_at":"2015-02-03T19:03:38",
      "original_link":"http:\/\/www.dailymail.co.uk\/tvshowbiz\/article-2938010\/Madonna-confirms-perform-2015-BRIT-Awards-time-20-years.html",
      "note":"Queen of pop: After weeks of speculation, Madonna has confirmed she will perform at the 2015 BRIT Awards",
      "color":"#f4f0f1",
      "link":"https:\/\/www.pinterest.com\/r\/pin\/536561743080073307\/4779055074072594921\/a01b2ddbea36dbcbf9f0625469ef4b9694d313f2396323a755e1f3999b949b1f",
      "board":{
        "url":"https:\/\/www.pinterest.com\/dailymail\/celebrities\/",
        "id":"536561811793888186",
        "name":"Celebrities"
      },
      "image":{
        "original":{
          "url":"https:\/\/s-media-cache-ak0.pinimg.com\/originals\/ad\/60\/11\/ad6011cc6b30ac83ecf1cae5f7d30cae.jpg",
          "width":634,
          "height":448
        }
      },
      "counts":{
        "likes":0,
        "comments":0,
        "repins":4
      },
      "id":"536561743080073307",
      "metadata":{
        "article":{
          "published_at":"2015-02-03T00:00:00",
          "description":"The iconic musician has revealed she will take to the stage at the ceremony in London on February 25 via her Instagram page.",
          "name":"Madonna confirms she will perform at the 2015 BRIT Awards",
          "authors":[]
        },
        "link":{
          "locale":"en_GB",
          "title":"Madonna confirms she will perform at the 2015 BRIT Awards",
          "site_name":"Mail Online",
          "description":"The iconic musician has revealed she will take to the stage at the ceremony in London on February 25 via her Instagram page.",
          "favicon":"https:\/\/s-media-cache-ak0.pinimg.com\/favicons\/ba8856b627a2bf282a5dab73c40812571f90daf57fe69780aa1096ab.ico?a8690769c53090d08b0560db0144a818"
        }
      }
    },
    {
      "attribution":null,
      "creator":{
        "url":"https:\/\/www.pinterest.com\/dailymail\/",
        "first_name":"Daily Mail",
        "last_name":"",
        "id":"536561880513118266"
      },
      "url":"https:\/\/www.pinterest.com\/pin\/536561743080073294\/",
      "media":{
        "type":"image"
      },
      "created_at":"2015-02-03T19:02:39",
      "original_link":"http:\/\/www.dailymail.co.uk\/tvshowbiz\/article-2937763\/Dianna-Agron-wraps-cobalt-blue-plaid-winter-coat-returns-LA-stint-Sundance-Film-Festival.html",
      "note":"Hard at work:\u00a0The movie follows married and rising prosecutor Sam Ellis (Patrick Wilson), who sets his sights on his office's beautiful intern, Dalia (Dianna)",
      "color":"#613b3b",
      "link":"https:\/\/www.pinterest.com\/r\/pin\/536561743080073294\/4779055074072594921\/f4cd2bfed0b1e911f2f6241efd940ed9b568dfef0c200b0bad78a24528aac0bd",
      "board":{
        "url":"https:\/\/www.pinterest.com\/dailymail\/celebrities\/",
        "id":"536561811793888186",
        "name":"Celebrities"
      },
      "image":{
        "original":{
          "url":"https:\/\/s-media-cache-ak0.pinimg.com\/originals\/3f\/62\/a1\/3f62a17f493c73ed95740731fccf1f25.jpg",
          "width":634,
          "height":917
        }
      },
      "counts":{
        "likes":0,
        "comments":0,
        "repins":0
      },
      "id":"536561743080073294",
      "metadata":{
        "article":{
          "published_at":null,
          "description":"Wrapping up in a stylish cobalt blue plaid winter coat, the 28-year-old actress looked effortlessly stylish as she browsed for new threads at the Louis Vuitton store.",
          "name":"Dianna Agron wraps up in a cobalt blue plaid winter coat",
          "authors":[]
        },
        "link":{
          "locale":"en_GB",
          "title":"Dianna Agron wraps up in a cobalt blue plaid winter coat",
          "site_name":"Mail Online",
          "description":"Wrapping up in a stylish cobalt blue plaid winter coat, the 28-year-old actress looked effortlessly stylish as she browsed for new threads at the Louis Vuitton store.",
          "favicon":"https:\/\/s-media-cache-ak0.pinimg.com\/favicons\/ba8856b627a2bf282a5dab73c40812571f90daf57fe69780aa1096ab.ico?a8690769c53090d08b0560db0144a818"
        }
      }
    }
  ],
  "page":{
    "cursor":"LT41MzY1NjE3NDMwODAwNzMyOTQ6MTE3OHxiNmU4ZWE2M2E5YTFiMWQzNWUwZjJjMjFhMTA4ZDViOGMyMTZlYTdiM2IyNGFhNTFkYTBiMzMwZDRiOTI4M2Ew",
    "next":"https:\/\/api.pinterest.com\/v1\/boards\/dailymail\/celebrities\/pins\/?access_token=AZlZE-HOK-Y4205yRft75KyYVaauFCBIs8jxSxdCtrJcomAqbQAAAAA&fields=id%2Clink%2Cnote%2Curl%2Cattribution%2Cmedia%2Cmetadata%2Cboard%2Ccolor%2Ccounts%2Ccreated_at%2Ccreator%2Cimage%2Coriginal_link&cursor=LT41MzY1NjE3NDMwODAwNzMyOTQ6MTE3OHxiNmU4ZWE2M2E5YTFiMWQzNWUwZjJjMjFhMTA4ZDViOGMyMTZlYTdiM2IyNGFhNTFkYTBiMzMwZDRiOTI4M2Ew"
  }
}
