{
  "data":[
    {
      "attribution":null,
      "creator":{
        "url":"https:\/\/www.pinterest.com\/firstlookstudio\/",
        "first_name":"First Look Studio",
        "last_name":"",
        "id":"317363242399748263"
      },
      "url":"https:\/\/www.pinterest.com\/pin\/317363104971573631\/",
      "media":{
        "type":"image"
      },
      "created_at":"2015-11-04T17:56:31",
      "original_link":"",
      "note":"Jennifer Aniston",
      "color":"#9d7765",
      "link":"",
      "board":{
        "url":"https:\/\/www.pinterest.com\/firstlookstudio\/celebrities\/",
        "id":"317363173680567594",
        "name":"Celebrities"
      },
      "image":{
        "original":{
          "url":"https:\/\/s-media-cache-ak0.pinimg.com\/originals\/3a\/45\/11\/3a4511d070ecdfa7b0a0360ea1954f02.jpg",
          "width":310,
          "height":1157
        }
      },
      "counts":{
        "likes":8,
        "comments":0,
        "repins":14
      },
      "id":"317363104971573631",
      "metadata":{
      }
    },
    {
      "attribution":null,
      "creator":{
        "url":"https:\/\/www.pinterest.com\/firstlookstudio\/",
        "first_name":"First Look Studio",
        "last_name":"",
        "id":"317363242399748263"
      },
      "url":"https:\/\/www.pinterest.com\/pin\/317363104971572245\/",
      "media":{
        "type":"image"
      },
      "created_at":"2015-11-04T15:21:33",
      "original_link":"http:\/\/www.fanpix.net\/picture-gallery\/pierce-brosnan-picture-15002577.htm",
      "note":"Pierce Brosnan",
      "color":"#695b41",
      "link":"https:\/\/www.pinterest.com\/r\/pin\/317363104971572245\/4779055074072594921\/d78aeeec24d8fb88f10ae98557d2cc5afa936d36ff027c064ee19223ac90e12a",
      "board":{
        "url":"https:\/\/www.pinterest.com\/firstlookstudio\/celebrities\/",
        "id":"317363173680567594",
        "name":"Celebrities"
      },
      "image":{
        "original":{
          "url":"https:\/\/s-media-cache-ak0.pinimg.com\/originals\/03\/50\/3c\/03503cfcffff4cb0d9cedd3395b46508.jpg",
          "width":300,
          "height":293
        }
      },
      "counts":{
        "likes":0,
        "comments":0,
        "repins":8
      },
      "id":"317363104971572245",
      "metadata":{
      }
    },
    {
      "attribution":null,
      "creator":{
        "url":"https:\/\/www.pinterest.com\/firstlookstudio\/",
        "first_name":"First Look Studio",
        "last_name":"",
        "id":"317363242399748263"
      },
      "url":"https:\/\/www.pinterest.com\/pin\/317363104971571102\/",
      "media":{
        "type":"image"
      },
      "created_at":"2015-11-04T13:07:39",
      "original_link":"http:\/\/thepioneerwoman.com\/cooking\/2008\/06\/crash-hot-potatoes\/",
      "note":"Crash potatoes...my new favorite potato!",
      "color":"#905a3e",
      "link":"https:\/\/www.pinterest.com\/r\/pin\/317363104971571102\/4779055074072594921\/e22428ccf2cf4bc659c31584bf887d64460062879f3a01da8174f93ad607079a",
      "board":{
        "url":"https:\/\/www.pinterest.com\/firstlookstudio\/celebrities\/",
        "id":"317363173680567594",
        "name":"Celebrities"
      },
      "image":{
        "original":{
          "url":"https:\/\/s-media-cache-ak0.pinimg.com\/originals\/11\/94\/89\/11948993b9ffb3493961e97edfdd81cb.jpg",
          "width":386,
          "height":493
        }
      },
      "counts":{
        "likes":1,
        "comments":0,
        "repins":7
      },
      "id":"317363104971571102",
      "metadata":{
        "article":{
          "published_at":"2008-06-02T00:00:00",
          "description":"Man, do I love Australia. First, my oldest daughter was conceived there on our honeymoon...and while we're on the subject, have I ever shared with you that we almost named her \"Sydney\" as a nod to ...",
          "name":"Crash Hot Potatoes",
          "authors":[]
        },
        "link":{
          "locale":"en_US",
          "title":"Crash Hot Potatoes",
          "site_name":"The Pioneer Woman",
          "description":"Man, do I love Australia. First, my oldest daughter was conceived there on our honeymoon...and while we're on the subject, have I ever shared with you that we almost named her \"Sydney\" as a nod to ...",
          "favicon":"https:\/\/s-media-cache-ak0.pinimg.com\/favicons\/be6e022f5b8bfa8bad892b79c2072c79428e7ac58fee6552cdcf0450?8221497cfb0adad7d67a9e881b205b78"
        },
        "recipe":{
          "servings":{
            "serves":"6",
            "summary":"Serves 6"
          },
          "name":"Crash Hot Potatoes",
          "ingredients":[
            {
              "category":"Produce",
              "ingredients":[
                {
                  "amount":"12",
                  "name":"Potatoes, whole New"
                },
                {
                  "amount":"1",
                  "name":"Rosemary"
                }
              ]
            },
            {
              "category":"Baking & Spices",
              "ingredients":[
                {
                  "amount":"1",
                  "name":"Black pepper"
                },
                {
                  "amount":"1",
                  "name":"Kosher salt"
                }
              ]
            },
            {
              "category":"Oils & Vinegars",
              "ingredients":[
                {
                  "amount":"3 tbsp",
                  "name":"Olive oil"
                }
              ]
            }
          ]
        }
      }
    },
    {
      "attribution":null,
      "creator":{
        "url":"https:\/\/www.pinterest.com\/firstlookstudio\/",
        "first_name":"First Look Studio",
        "last_name":"",
        "id":"317363242399748263"
      },
      "url":"https:\/\/www.pinterest.com\/pin\/317363104971561615\/",
      "media":{
        "type":"image"
      },
      "created_at":"2015-11-03T19:33:31",
      "original_link":"http:\/\/sjloves.tumblr.com\/post\/11848166495",
      "note":"John Krasinski",
      "color":"#201b25",
      "link":"https:\/\/www.pinterest.com\/r\/pin\/317363104971561615\/4779055074072594921\/201d7521e2d8cfe5463f4c1e7c8725d534dd6ae8eadbc78e2687ce4885338dbf",
      "board":{
        "url":"https:\/\/www.pinterest.com\/firstlookstudio\/celebrities\/",
        "id":"317363173680567594",
        "name":"Celebrities"
      },
      "image":{
        "original":{
          "url":"https:\/\/s-media-cache-ak0.pinimg.com\/originals\/8b\/79\/ec\/8b79ec7ba5c44f7024f1772862fa6617.jpg",
          "width":500,
          "height":633
        }
      },
      "counts":{
        "likes":0,
        "comments":0,
        "repins":7
      },
      "id":"317363104971561615",
      "metadata":{
      }
    },
    {
      "attribution":null,
      "creator":{
        "url":"https:\/\/www.pinterest.com\/firstlookstudio\/",
        "first_name":"First Look Studio",
        "last_name":"",
        "id":"317363242399748263"
      },
      "url":"https:\/\/www.pinterest.com\/pin\/317363104971559870\/",
      "media":{
        "type":"image"
      },
      "created_at":"2015-11-03T17:07:41",
      "original_link":"http:\/\/toloka.hurtom.com\/photos\/12040521583958198_f0_0.jpg",
      "note":"James Caan",
      "color":"#979797",
      "link":"https:\/\/www.pinterest.com\/r\/pin\/317363104971559870\/4779055074072594921\/5246c238d5a5824ca822e0243d0d7d36218c309b3c88857308e1208d82613485",
      "board":{
        "url":"https:\/\/www.pinterest.com\/firstlookstudio\/celebrities\/",
        "id":"317363173680567594",
        "name":"Celebrities"
      },
      "image":{
        "original":{
          "url":"https:\/\/s-media-cache-ak0.pinimg.com\/originals\/3c\/9a\/5e\/3c9a5e834cb7c67704adc9452d7bda76.jpg",
          "width":870,
          "height":1273
        }
      },
      "counts":{
        "likes":2,
        "comments":0,
        "repins":4
      },
      "id":"317363104971559870",
      "metadata":{
      }
    },
    {
      "attribution":null,
      "creator":{
        "url":"https:\/\/www.pinterest.com\/firstlookstudio\/",
        "first_name":"First Look Studio",
        "last_name":"",
        "id":"317363242399748263"
      },
      "url":"https:\/\/www.pinterest.com\/pin\/317363104971559148\/",
      "media":{
        "type":"image"
      },
      "created_at":"2015-11-03T15:55:50",
      "original_link":"http:\/\/modelsofcolor.tumblr.com\/tagged\/Joan+Smalls\/page\/11",
      "note":"Joan Smalls",
      "color":"#874e31",
      "link":"https:\/\/www.pinterest.com\/r\/pin\/317363104971559148\/4779055074072594921\/229ada4051c0c516128c61ce957674043005b65b66631c447066a5b63b0366f3",
      "board":{
        "url":"https:\/\/www.pinterest.com\/firstlookstudio\/celebrities\/",
        "id":"317363173680567594",
        "name":"Celebrities"
      },
      "image":{
        "original":{
          "url":"https:\/\/s-media-cache-ak0.pinimg.com\/originals\/0f\/b6\/e7\/0fb6e703f5391a0b31ad3e4185ac20fc.jpg",
          "width":700,
          "height":875
        }
      },
      "counts":{
        "likes":1,
        "comments":0,
        "repins":1
      },
      "id":"317363104971559148",
      "metadata":{
        "link":{
          "locale":"en",
          "title":"Models Of Color",
          "site_name":"modelsofcolor.tumblr.com",
          "description":"modelsofcolor",
          "favicon":"https:\/\/s-media-cache-ak0.pinimg.com\/favicons\/ea477e731cf6fd1cec67d507cb490ad2cfd7fda5143af36df0a0992d.png?125340ae972155b421871449208c2b5e"
        }
      }
    },
    {
      "attribution":null,
      "creator":{
        "url":"https:\/\/www.pinterest.com\/firstlookstudio\/",
        "first_name":"First Look Studio",
        "last_name":"",
        "id":"317363242399748263"
      },
      "url":"https:\/\/www.pinterest.com\/pin\/317363104971557478\/",
      "media":{
        "type":"image"
      },
      "created_at":"2015-11-03T13:18:20",
      "original_link":"http:\/\/thebosh.com\/archives\/2008\/07\/daniel_craig_on_the_cover_of_german_vogue_august_2008.php",
      "note":"Daniel Craig - vogue germany",
      "color":"#e2e2e2",
      "link":"https:\/\/www.pinterest.com\/r\/pin\/317363104971557478\/4779055074072594921\/9b5e9bd7ec5a8a9953ec64472d190e99afebee8767ca08dc3f793c7c7a41a74e",
      "board":{
        "url":"https:\/\/www.pinterest.com\/firstlookstudio\/celebrities\/",
        "id":"317363173680567594",
        "name":"Celebrities"
      },
      "image":{
        "original":{
          "url":"https:\/\/s-media-cache-ak0.pinimg.com\/originals\/dd\/7b\/e6\/dd7be6311f053720ba01b4dcb2c0b5d5.jpg",
          "width":500,
          "height":689
        }
      },
      "counts":{
        "likes":3,
        "comments":0,
        "repins":8
      },
      "id":"317363104971557478",
      "metadata":{
      }
    },
    {
      "attribution":null,
      "creator":{
        "url":"https:\/\/www.pinterest.com\/firstlookstudio\/",
        "first_name":"First Look Studio",
        "last_name":"",
        "id":"317363242399748263"
      },
      "url":"https:\/\/www.pinterest.com\/pin\/317363104971546493\/",
      "media":{
        "type":"image"
      },
      "created_at":"2015-11-02T17:22:24",
      "original_link":"http:\/\/www.dailymail.co.uk\/tvshowbiz\/article-3159758\/Chrissy-Teigen-shows-amazing-legs-tiny-shorts-rings-NASDAQ-Opening-Bell-NYC.html",
      "note":"Chrissy Teigen shows off her long legs in NYC",
      "color":"#b5ada4",
      "link":"https:\/\/www.pinterest.com\/r\/pin\/317363104971546493\/4779055074072594921\/e6cc4ab13f2bceaa17d791fce41eae11f4ffdbd07fa4555f4652d4bc0ba95d1e",
      "board":{
        "url":"https:\/\/www.pinterest.com\/firstlookstudio\/celebrities\/",
        "id":"317363173680567594",
        "name":"Celebrities"
      },
      "image":{
        "original":{
          "url":"https:\/\/s-media-cache-ak0.pinimg.com\/originals\/76\/ab\/38\/76ab38a4ae1a2d9d4ef740be8e9fee24.jpg",
          "width":634,
          "height":703
        }
      },
      "counts":{
        "likes":1,
        "comments":0,
        "repins":1
      },
      "id":"317363104971546493",
      "metadata":{
        "article":{
          "published_at":null,
          "description":"The stunning 29-year-old star was clad in a pair of tiny navy high-waisted shorts which were detailed with unique embroidery on the sides.",
          "name":"Chrissy Teigen shows off her amazing legs in tiny shorts",
          "authors":[]
        },
        "link":{
          "locale":"en_GB",
          "title":"Chrissy Teigen shows off her amazing legs in tiny shorts",
          "site_name":"Mail Online",
          "description":"The stunning 29-year-old star was clad in a pair of tiny navy high-waisted shorts which were detailed with unique embroidery on the sides.",
          "favicon":"https:\/\/s-media-cache-ak0.pinimg.com\/favicons\/ba8856b627a2bf282a5dab73c40812571f90daf57fe69780aa1096ab.ico?a8690769c53090d08b0560db0144a818"
        }
      }
    },
    {
      "attribution":null,
      "creator":{
        "url":"https:\/\/www.pinterest.com\/firstlookstudio\/",
        "first_name":"First Look Studio",
        "last_name":"",
        "id":"317363242399748263"
      },
      "url":"https:\/\/www.pinterest.com\/pin\/317363104971544580\/",
      "media":{
        "type":"image"
      },
      "created_at":"2015-11-02T13:48:33",
      "original_link":"http:\/\/www.cosmopolitan.com\/celebrity\/news\/brad-pitt-hair-poll?src=spr_FBPAGE&spr_id=1440_42868359",
      "note":"Is Brad Pitt Hot Again? - Cosmopolitan",
      "color":"#8e7a6c",
      "link":"https:\/\/www.pinterest.com\/r\/pin\/317363104971544580\/4779055074072594921\/cc7cd392cc1cfbdd4233fac7f7af1e70fc91ca8bb26927141a94c071ef2a36ce",
      "board":{
        "url":"https:\/\/www.pinterest.com\/firstlookstudio\/celebrities\/",
        "id":"317363173680567594",
        "name":"Celebrities"
      },
      "image":{
        "original":{
          "url":"https:\/\/s-media-cache-ak0.pinimg.com\/originals\/e4\/5a\/83\/e45a831f1a4d0cace7678a3d196e4eb6.jpg",
          "width":720,
          "height":1080
        }
      },
      "counts":{
        "likes":8,
        "comments":0,
        "repins":5
      },
      "id":"317363104971544580",
      "metadata":{
        "article":{
          "published_at":"2014-02-04T00:00:00",
          "description":"Does this haircut say Fight Club glory days or Macklemore at 50?",
          "name":"Is Brad Pitt Hot Again?",
          "authors":[
            {
              "name":"Eliza Thompson"
            },
            {
              "name":"Rebecca Rose"
            }
          ]
        },
        "link":{
          "locale":"en",
          "title":"Is Brad Pitt Hot Again?",
          "site_name":"Cosmopolitan",
          "description":"He cut his hair and it looks good or bad, depending on who you ask.",
          "favicon":"https:\/\/s-media-cache-ak0.pinimg.com\/favicons\/caf2c3bc58d6e8b88def81bc987da331643ab45880157bd446d13e79.ico?a7d472ba40c6c9c1eb9871249ae3a27e"
        }
      }
    },
    {
      "attribution":null,
      "creator":{
        "url":"https:\/\/www.pinterest.com\/firstlookstudio\/",
        "first_name":"First Look Studio",
        "last_name":"",
        "id":"317363242399748263"
      },
      "url":"https:\/\/www.pinterest.com\/pin\/317363104971533214\/",
      "media":{
        "type":"image"
      },
      "created_at":"2015-11-01T19:09:49",
      "original_link":"http:\/\/www.glamour.es\/placeres\/gourmet\/articulos\/las-chicas-glamour-beben-champagne-y-saben-como-degustarlo\/19132",
      "note":"Kate Moss, Johnny Depp y champagne.",
      "color":"#afafaf",
      "link":"https:\/\/www.pinterest.com\/r\/pin\/317363104971533214\/4779055074072594921\/d1a0571e21313b1e076f7f7d2c1981ba8784d0ae326c300f035789fd9ddb4848",
      "board":{
        "url":"https:\/\/www.pinterest.com\/firstlookstudio\/celebrities\/",
        "id":"317363173680567594",
        "name":"Celebrities"
      },
      "image":{
        "original":{
          "url":"https:\/\/s-media-cache-ak0.pinimg.com\/originals\/b7\/4d\/06\/b74d06d924ab559e77f70b747f68a859.jpg",
          "width":650,
          "height":412
        }
      },
      "counts":{
        "likes":1,
        "comments":0,
        "repins":3
      },
      "id":"317363104971533214",
      "metadata":{
        "article":{
          "published_at":"2013-11-19T00:00:00",
          "description":"\"Solo bebo champagne en dos ocasiones. Cuando estoy enamorada y cuando no lo estoy\". La frase pertenece a Coco Chanel y con las fiestas pre-Navidad a la vuelta de la esquina, en Glamour reivindicamos el esp\u00edritu Bonne Vivante: ese, que no",
          "name":"Las chicas con \u00e9xito saben beber champagne",
          "authors":[]
        },
        "link":{
          "locale":"es_ES",
          "title":"Las chicas con \u00e9xito saben beber champagne",
          "site_name":"Glamour",
          "description":"\"Solo bebo champagne en dos ocasiones. Cuando estoy enamorada y cuando no lo estoy\". La frase pertenece a Coco Chanel y con las fiestas pre-Navidad a la vuelta de la esquina, en Glamour reivindicamos el esp\u00edritu Bonne Vivante: ese, que no",
          "favicon":"https:\/\/s-media-cache-ak0.pinimg.com\/favicons\/081e6b7342cf48d0da90ae895dc7b892cabbb05749c888c479f23ece.ico?6c865f486d50c33783124944a63f28de"
        }
      }
    },
    {
      "attribution":null,
      "creator":{
        "url":"https:\/\/www.pinterest.com\/firstlookstudio\/",
        "first_name":"First Look Studio",
        "last_name":"",
        "id":"317363242399748263"
      },
      "url":"https:\/\/www.pinterest.com\/pin\/317363104971532293\/",
      "media":{
        "type":"image"
      },
      "created_at":"2015-11-01T18:00:53",
      "original_link":"http:\/\/www.listal.com\/viewimage\/8171193",
      "note":"Christina Applegate",
      "color":"#e4d4ac",
      "link":"https:\/\/www.pinterest.com\/r\/pin\/317363104971532293\/4779055074072594921\/58bd0702d61d4baa9d73a2c8c4ae6e58a49af44defbebc859b859367c3b2e2cc",
      "board":{
        "url":"https:\/\/www.pinterest.com\/firstlookstudio\/celebrities\/",
        "id":"317363173680567594",
        "name":"Celebrities"
      },
      "image":{
        "original":{
          "url":"https:\/\/s-media-cache-ak0.pinimg.com\/originals\/47\/c3\/45\/47c34507f5a4c052d496d14b1b7ffd9c.jpg",
          "width":600,
          "height":888
        }
      },
      "counts":{
        "likes":1,
        "comments":0,
        "repins":4
      },
      "id":"317363104971532293",
      "metadata":{
      }
    },
    {
      "attribution":null,
      "creator":{
        "url":"https:\/\/www.pinterest.com\/firstlookstudio\/",
        "first_name":"First Look Studio",
        "last_name":"",
        "id":"317363242399748263"
      },
      "url":"https:\/\/www.pinterest.com\/pin\/317363104971530512\/",
      "media":{
        "type":"image"
      },
      "created_at":"2015-11-01T15:31:44",
      "original_link":"http:\/\/www.buzzfeed.com\/tedisreal\/the-official-mark-wahlberg-aging-timeline-6gxf",
      "note":"Have I pinned this before?!? I don't even care.... That stare is to die for!!",
      "color":"#504f51",
      "link":"https:\/\/www.pinterest.com\/r\/pin\/317363104971530512\/4779055074072594921\/07adc38a9fd9b245a6013f9af7ae6161cd5a1ef08dce853be865b8cf0d8c5b28",
      "board":{
        "url":"https:\/\/www.pinterest.com\/firstlookstudio\/celebrities\/",
        "id":"317363173680567594",
        "name":"Celebrities"
      },
      "image":{
        "original":{
          "url":"https:\/\/s-media-cache-ak0.pinimg.com\/originals\/07\/3b\/e3\/073be3c6dddaf2b122b04ba28324011f.jpg",
          "width":360,
          "height":480
        }
      },
      "counts":{
        "likes":3,
        "comments":0,
        "repins":8
      },
      "id":"317363104971530512",
      "metadata":{
      }
    },
    {
      "attribution":null,
      "creator":{
        "url":"https:\/\/www.pinterest.com\/firstlookstudio\/",
        "first_name":"First Look Studio",
        "last_name":"",
        "id":"317363242399748263"
      },
      "url":"https:\/\/www.pinterest.com\/pin\/317363104971529105\/",
      "media":{
        "type":"image"
      },
      "created_at":"2015-11-01T13:11:42",
      "original_link":"http:\/\/oscarbiography.wordpress.com\/2011\/02\/04\/robert-de-niro-oscar-winer-biography\/",
      "note":"Robert De Niro",
      "color":"#313129",
      "link":"https:\/\/www.pinterest.com\/r\/pin\/317363104971529105\/4779055074072594921\/2da334e06c2af944d776d47eb829d19128184041be79d2109f7a83ff08613fa6",
      "board":{
        "url":"https:\/\/www.pinterest.com\/firstlookstudio\/celebrities\/",
        "id":"317363173680567594",
        "name":"Celebrities"
      },
      "image":{
        "original":{
          "url":"https:\/\/s-media-cache-ak0.pinimg.com\/originals\/74\/ef\/84\/74ef8440454d79163188e4534ddef0ee.jpg",
          "width":200,
          "height":292
        }
      },
      "counts":{
        "likes":3,
        "comments":0,
        "repins":5
      },
      "id":"317363104971529105",
      "metadata":{
        "article":{
          "published_at":"2011-02-04T00:00:00",
          "description":"Robert De Niro (born August 17, 1943) is an American actor, director, and producer. Widely considered one of the greatest actors of his generation, his first major film role was in 1973's Bang the ...",
          "name":"Robert De Niro Oscar Winer (Biography)",
          "authors":[]
        },
        "link":{
          "locale":"en_US",
          "title":"Robert De Niro Oscar Winer (Biography)",
          "site_name":"Oscar Winners Biography",
          "description":"Robert De Niro (born August 17, 1943) is an American actor, director, and producer. Widely considered one of the greatest actors of his generation, his first major film role was in 1973's\u00a0Bang the Drum Slowly. In 1974, he played the young\u00a0Vito Corleone in\u00a0The Godfather Part II, a role that won him the\u00a0Academy Award for Best\u2026",
          "favicon":"https:\/\/s-media-cache-ak0.pinimg.com\/favicons\/ee25e2c257ff7c76b27531b6de6f86f68695cbd89cebcac8bb3de517.ico?c291c057816f71ce15ba5c496f1a965a"
        }
      }
    },
    {
      "attribution":null,
      "creator":{
        "url":"https:\/\/www.pinterest.com\/firstlookstudio\/",
        "first_name":"First Look Studio",
        "last_name":"",
        "id":"317363242399748263"
      },
      "url":"https:\/\/www.pinterest.com\/pin\/317363104971520052\/",
      "media":{
        "type":"image"
      },
      "created_at":"2015-10-31T19:33:45",
      "original_link":"http:\/\/www.lazygirls.info\/Lena_Olin\/Lovely_RAQpvBK",
      "note":"Leno Olin",
      "color":"#372c2b",
      "link":"https:\/\/www.pinterest.com\/r\/pin\/317363104971520052\/4779055074072594921\/b99b718189713cdbc0778de0eec69e18958c9a00919a487a83b8c0cfcd3ec3e1",
      "board":{
        "url":"https:\/\/www.pinterest.com\/firstlookstudio\/celebrities\/",
        "id":"317363173680567594",
        "name":"Celebrities"
      },
      "image":{
        "original":{
          "url":"https:\/\/s-media-cache-ak0.pinimg.com\/originals\/e0\/4b\/5e\/e04b5e5301f27b13d4c605ed05250349.jpg",
          "width":330,
          "height":500
        }
      },
      "counts":{
        "likes":1,
        "comments":0,
        "repins":1
      },
      "id":"317363104971520052",
      "metadata":{
      }
    },
    {
      "attribution":null,
      "creator":{
        "url":"https:\/\/www.pinterest.com\/firstlookstudio\/",
        "first_name":"First Look Studio",
        "last_name":"",
        "id":"317363242399748263"
      },
      "url":"https:\/\/www.pinterest.com\/pin\/317363104971518174\/",
      "media":{
        "type":"image"
      },
      "created_at":"2015-10-31T17:05:59",
      "original_link":"",
      "note":"Ryan Reynolds",
      "color":"#a27b4b",
      "link":"",
      "board":{
        "url":"https:\/\/www.pinterest.com\/firstlookstudio\/celebrities\/",
        "id":"317363173680567594",
        "name":"Celebrities"
      },
      "image":{
        "original":{
          "url":"https:\/\/s-media-cache-ak0.pinimg.com\/originals\/02\/62\/84\/026284706485d33c9eb25c8e67296b4f.jpg",
          "width":806,
          "height":1000
        }
      },
      "counts":{
        "likes":7,
        "comments":0,
        "repins":10
      },
      "id":"317363104971518174",
      "metadata":{
      }
    },
    {
      "attribution":null,
      "creator":{
        "url":"https:\/\/www.pinterest.com\/firstlookstudio\/",
        "first_name":"First Look Studio",
        "last_name":"",
        "id":"317363242399748263"
      },
      "url":"https:\/\/www.pinterest.com\/pin\/317363104971517528\/",
      "media":{
        "type":"image"
      },
      "created_at":"2015-10-31T15:51:22",
      "original_link":"http:\/\/pleasurephoto.wordpress.com\/page\/4\/",
      "note":"Sophia Loren is wearing Elsa Peretti cuff bracelet.",
      "color":"#928e94",
      "link":"https:\/\/www.pinterest.com\/r\/pin\/317363104971517528\/4779055074072594921\/a8e13bad14a7c637f326932fc81b6b8972c8952d82e460eacecc50bab8fac0f2",
      "board":{
        "url":"https:\/\/www.pinterest.com\/firstlookstudio\/celebrities\/",
        "id":"317363173680567594",
        "name":"Celebrities"
      },
      "image":{
        "original":{
          "url":"https:\/\/s-media-cache-ak0.pinimg.com\/originals\/53\/f4\/d6\/53f4d64a1d91b0529de5d5779fc0c58f.jpg",
          "width":913,
          "height":1044
        }
      },
      "counts":{
        "likes":1,
        "comments":0,
        "repins":2
      },
      "id":"317363104971517528",
      "metadata":{
      }
    },
    {
      "attribution":null,
      "creator":{
        "url":"https:\/\/www.pinterest.com\/firstlookstudio\/",
        "first_name":"First Look Studio",
        "last_name":"",
        "id":"317363242399748263"
      },
      "url":"https:\/\/www.pinterest.com\/pin\/317363104971516602\/",
      "media":{
        "type":"image"
      },
      "created_at":"2015-10-31T13:50:47",
      "original_link":"http:\/\/hrhduchesskate.blogspot.com\/2013\/11\/kate-solemn-for-remembrance-sunday.html",
      "note":"Remembrance Sunday at the Cenotaph",
      "color":"#252937",
      "link":"https:\/\/www.pinterest.com\/r\/pin\/317363104971516602\/4779055074072594921\/fd87eb6b67105a243cad398fdf13391b3d027dbcd7b5e15742a7e7a830fc8057",
      "board":{
        "url":"https:\/\/www.pinterest.com\/firstlookstudio\/celebrities\/",
        "id":"317363173680567594",
        "name":"Celebrities"
      },
      "image":{
        "original":{
          "url":"https:\/\/s-media-cache-ak0.pinimg.com\/originals\/6e\/71\/85\/6e7185c1c23e692777172940ca6db24e.jpg",
          "width":650,
          "height":959
        }
      },
      "counts":{
        "likes":0,
        "comments":0,
        "repins":0
      },
      "id":"317363104971516602",
      "metadata":{
      }
    },
    {
      "attribution":null,
      "creator":{
        "url":"https:\/\/www.pinterest.com\/firstlookstudio\/",
        "first_name":"First Look Studio",
        "last_name":"",
        "id":"317363242399748263"
      },
      "url":"https:\/\/www.pinterest.com\/pin\/317363104971507241\/",
      "media":{
        "type":"image"
      },
      "created_at":"2015-10-30T19:44:07",
      "original_link":"",
      "note":"Angelina Jolie in Burberry Prorsum",
      "color":"#b0d0e0",
      "link":"",
      "board":{
        "url":"https:\/\/www.pinterest.com\/firstlookstudio\/celebrities\/",
        "id":"317363173680567594",
        "name":"Celebrities"
      },
      "image":{
        "original":{
          "url":"https:\/\/s-media-cache-ak0.pinimg.com\/originals\/37\/5b\/98\/375b983f72cf511e79a072c95717595f.jpg",
          "width":281,
          "height":954
        }
      },
      "counts":{
        "likes":14,
        "comments":0,
        "repins":16
      },
      "id":"317363104971507241",
      "metadata":{
      }
    },
    {
      "attribution":null,
      "creator":{
        "url":"https:\/\/www.pinterest.com\/firstlookstudio\/",
        "first_name":"First Look Studio",
        "last_name":"",
        "id":"317363242399748263"
      },
      "url":"https:\/\/www.pinterest.com\/pin\/317363104971505918\/",
      "media":{
        "type":"image"
      },
      "created_at":"2015-10-30T17:17:47",
      "original_link":"http:\/\/www.dailymail.co.uk\/tvshowbiz\/article-3152282\/Lily-Collins-flashes-underwear-sheer-jumpsuit-leaves-Chanel-PFW-presentation.html",
      "note":"Lily Collins at the Chanel Paris Fashion Week show",
      "color":"#abaaaa",
      "link":"https:\/\/www.pinterest.com\/r\/pin\/317363104971505918\/4779055074072594921\/f927a591c4f6180cb75c1cc3fb6b41247f3fc87136e1bebf9c30e1886d7f0f4b",
      "board":{
        "url":"https:\/\/www.pinterest.com\/firstlookstudio\/celebrities\/",
        "id":"317363173680567594",
        "name":"Celebrities"
      },
      "image":{
        "original":{
          "url":"https:\/\/s-media-cache-ak0.pinimg.com\/originals\/f4\/4f\/31\/f44f3102d91f6e509c8c77523f53b41c.jpg",
          "width":634,
          "height":953
        }
      },
      "counts":{
        "likes":2,
        "comments":0,
        "repins":0
      },
      "id":"317363104971505918",
      "metadata":{
        "article":{
          "published_at":null,
          "description":"Lily Collins, 26, had all eyes on her as she left the Chanel PFW presentation in a sheer jumpsuit.",
          "name":"Lily Collins flashes underwear in sheer jumpsuit after Chanel PFW show",
          "authors":[]
        },
        "link":{
          "locale":"en_GB",
          "title":"Lily Collins flashes underwear in sheer jumpsuit after Chanel PFW show",
          "site_name":"Mail Online",
          "description":"Lily Collins, 26, had all eyes on her as she left the Chanel PFW presentation in a sheer jumpsuit.",
          "favicon":"https:\/\/s-media-cache-ak0.pinimg.com\/favicons\/ba8856b627a2bf282a5dab73c40812571f90daf57fe69780aa1096ab.ico?a8690769c53090d08b0560db0144a818"
        }
      }
    },
    {
      "attribution":null,
      "creator":{
        "url":"https:\/\/www.pinterest.com\/firstlookstudio\/",
        "first_name":"First Look Studio",
        "last_name":"",
        "id":"317363242399748263"
      },
      "url":"https:\/\/www.pinterest.com\/pin\/317363104971504875\/",
      "media":{
        "type":"image"
      },
      "created_at":"2015-10-30T15:24:52",
      "original_link":"http:\/\/heart-attack0.blogspot.com\/",
      "note":"Christian Bale. Without doubt, one of the most handsome men on earth.",
      "color":"#584b41",
      "link":"https:\/\/www.pinterest.com\/r\/pin\/317363104971504875\/4779055074072594921\/206ab41bf2be6448ba2fabee9d4bbeeaf1fc95f7de92948b002a074455a7490f",
      "board":{
        "url":"https:\/\/www.pinterest.com\/firstlookstudio\/celebrities\/",
        "id":"317363173680567594",
        "name":"Celebrities"
      },
      "image":{
        "original":{
          "url":"https:\/\/s-media-cache-ak0.pinimg.com\/originals\/5a\/57\/27\/5a5727fe4751b165a899e75356f35914.jpg",
          "width":431,
          "height":750
        }
      },
      "counts":{
        "likes":9,
        "comments":0,
        "repins":13
      },
      "id":"317363104971504875",
      "metadata":{
      }
    },
    {
      "attribution":null,
      "creator":{
        "url":"https:\/\/www.pinterest.com\/firstlookstudio\/",
        "first_name":"First Look Studio",
        "last_name":"",
        "id":"317363242399748263"
      },
      "url":"https:\/\/www.pinterest.com\/pin\/317363104971504071\/",
      "media":{
        "type":"image"
      },
      "created_at":"2015-10-30T13:51:34",
      "original_link":"http:\/\/www.evilbeetgossip.com\/2011\/04\/14\/morning-wood-the-am-links-36\/",
      "note":"Jennifer Lopez",
      "color":"#6c422c",
      "link":"https:\/\/www.pinterest.com\/r\/pin\/317363104971504071\/4779055074072594921\/6d3952d6cbca114f50c63581dbcae1d4817a7b20606032557377698922438718",
      "board":{
        "url":"https:\/\/www.pinterest.com\/firstlookstudio\/celebrities\/",
        "id":"317363173680567594",
        "name":"Celebrities"
      },
      "image":{
        "original":{
          "url":"https:\/\/s-media-cache-ak0.pinimg.com\/originals\/b8\/c5\/8b\/b8c58bc182af583fe7dedea7823f6a53.jpg",
          "width":500,
          "height":733
        }
      },
      "counts":{
        "likes":6,
        "comments":0,
        "repins":2
      },
      "id":"317363104971504071",
      "metadata":{
      }
    },
    {
      "attribution":{
        "title":"Fuse Fangoria Chainsaw Awards 2006 - Arrivals",
        "provider_favicon_url":"https:\/\/s-passets-cache-ak0.pinimg.com\/images\/api\/attrib\/getty images.png",
        "author_name":"Michael Buckner",
        "url":"http:\/\/www.gettyimages.com\/detail\/72176073",
        "author_url":"http:\/\/www.gettyimages.com\/detail\/72176073",
        "provider_name":"Getty Images"
      },
      "creator":{
        "url":"https:\/\/www.pinterest.com\/firstlookstudio\/",
        "first_name":"First Look Studio",
        "last_name":"",
        "id":"317363242399748263"
      },
      "url":"https:\/\/www.pinterest.com\/pin\/317363104971489897\/",
      "media":{
        "type":"image"
      },
      "created_at":"2015-10-29T12:28:15",
      "original_link":"http:\/\/www.zimbio.com\/pictures\/CIquicOzpgJ\/Fuse+Fangoria+Chainsaw+Awards+Arrivals\/repbaPdoy1d\/Kendra+Wilkinson",
      "note":"Kendra Wilkinson in Fuse Fangoria Chainsaw Awards - Arrivals",
      "color":"#916a45",
      "link":"https:\/\/www.pinterest.com\/r\/pin\/317363104971489897\/4779055074072594921\/0f3ef83ab8c9ced42e623bfd62b7201593829ecd216b5c6d7e707d5b8c90f9e3",
      "board":{
        "url":"https:\/\/www.pinterest.com\/firstlookstudio\/celebrities\/",
        "id":"317363173680567594",
        "name":"Celebrities"
      },
      "image":{
        "original":{
          "url":"https:\/\/s-media-cache-ak0.pinimg.com\/originals\/34\/23\/c8\/3423c82c1a959231c3ee5b8d3cd12880.jpg",
          "width":396,
          "height":594
        }
      },
      "counts":{
        "likes":1,
        "comments":0,
        "repins":0
      },
      "id":"317363104971489897",
      "metadata":{
        "article":{
          "published_at":null,
          "description":"Playboy model Kendra Wilkinson attends the fuse Fangoria Chainsaw Awards at the Orpheum Theater on October 15, 2006 in Los Angeles, California. The awards will premiere on fuse October 22, 2006.",
          "name":"Kendra Wilkinson in Fuse Fangoria Chainsaw Awards - Arrivals",
          "authors":[]
        },
        "link":{
          "locale":"en",
          "title":"Kendra Wilkinson in Fuse Fangoria Chainsaw Awards - Arrivals",
          "site_name":"Zimbio",
          "description":"Playboy model Kendra Wilkinson attends the fuse Fangoria Chainsaw Awards at the Orpheum Theater on October 15, 2006 in Los Angeles, California.  The awards will premiere on fuse October 22, 2006.",
          "favicon":"https:\/\/s-media-cache-ak0.pinimg.com\/favicons\/6595d937df61f7c3888e64584c676a877f721b178b365133a825758a.ico?fd869e60d1d8e613c4cd452f1fdbf2e9"
        }
      }
    },
    {
      "attribution":null,
      "creator":{
        "url":"https:\/\/www.pinterest.com\/firstlookstudio\/",
        "first_name":"First Look Studio",
        "last_name":"",
        "id":"317363242399748263"
      },
      "url":"https:\/\/www.pinterest.com\/pin\/317363104971488898\/",
      "media":{
        "type":"image"
      },
      "created_at":"2015-10-29T10:27:06",
      "original_link":"http:\/\/en.wikipedia.org\/wiki\/Liam_Neeson",
      "note":"liam neeson",
      "color":"#7d786e",
      "link":"https:\/\/www.pinterest.com\/r\/pin\/317363104971488898\/4779055074072594921\/0a3fe6bb646a55fbb4a5583aa280302cdd57a8fca0387a15907bb75b533c1ba4",
      "board":{
        "url":"https:\/\/www.pinterest.com\/firstlookstudio\/celebrities\/",
        "id":"317363173680567594",
        "name":"Celebrities"
      },
      "image":{
        "original":{
          "url":"https:\/\/s-media-cache-ak0.pinimg.com\/originals\/b1\/c7\/72\/b1c77220aecb469555cca63a85bdd029.jpg",
          "width":220,
          "height":340
        }
      },
      "counts":{
        "likes":2,
        "comments":0,
        "repins":7
      },
      "id":"317363104971488898",
      "metadata":{
      }
    },
    {
      "attribution":{
        "title":"'Inside Llewyn Davis' Photocall - The 66th Annual Cannes Film Festival",
        "provider_favicon_url":"https:\/\/s-passets-cache-ak0.pinimg.com\/images\/api\/attrib\/getty images.png",
        "author_name":"Andreas Rentz",
        "url":"http:\/\/www.gettyimages.com\/detail\/169042744",
        "author_url":"http:\/\/www.gettyimages.com\/detail\/169042744",
        "provider_name":"Getty Images"
      },
      "creator":{
        "url":"https:\/\/www.pinterest.com\/firstlookstudio\/",
        "first_name":"First Look Studio",
        "last_name":"",
        "id":"317363242399748263"
      },
      "url":"https:\/\/www.pinterest.com\/pin\/317363104971488156\/",
      "media":{
        "type":"image"
      },
      "created_at":"2015-10-29T08:47:45",
      "original_link":"http:\/\/25.media.tumblr.com\/32ee88168a7e0290c0e14f451b781922\/tumblr_mn2hl2yVeg1qgrjt5o1_500.png",
      "note":"Carey.",
      "color":"#cbc7ba",
      "link":"https:\/\/www.pinterest.com\/r\/pin\/317363104971488156\/4779055074072594921\/e31e605be15213f74bdca6be867e2278fe878184af98be02f08569d55e1f8217",
      "board":{
        "url":"https:\/\/www.pinterest.com\/firstlookstudio\/celebrities\/",
        "id":"317363173680567594",
        "name":"Celebrities"
      },
      "image":{
        "original":{
          "url":"https:\/\/s-media-cache-ak0.pinimg.com\/originals\/32\/ee\/88\/32ee88168a7e0290c0e14f451b781922.png",
          "width":500,
          "height":641
        }
      },
      "counts":{
        "likes":0,
        "comments":0,
        "repins":1
      },
      "id":"317363104971488156",
      "metadata":{
      }
    },
    {
      "attribution":null,
      "creator":{
        "url":"https:\/\/www.pinterest.com\/firstlookstudio\/",
        "first_name":"First Look Studio",
        "last_name":"",
        "id":"317363242399748263"
      },
      "url":"https:\/\/www.pinterest.com\/pin\/317363104971486558\/",
      "media":{
        "type":"image"
      },
      "created_at":"2015-10-29T06:22:02",
      "original_link":"http:\/\/aunatural.tumblr.com\/post\/5306432949",
      "note":".",
      "color":"#a1746a",
      "link":"https:\/\/www.pinterest.com\/r\/pin\/317363104971486558\/4779055074072594921\/118cc1236c9ef378c2405b737e6e4709e8f258ed546841902d1c1face6549bb9",
      "board":{
        "url":"https:\/\/www.pinterest.com\/firstlookstudio\/celebrities\/",
        "id":"317363173680567594",
        "name":"Celebrities"
      },
      "image":{
        "original":{
          "url":"https:\/\/s-media-cache-ak0.pinimg.com\/originals\/29\/06\/73\/290673bc2d1595cb63a28659236dc719.jpg",
          "width":417,
          "height":554
        }
      },
      "counts":{
        "likes":7,
        "comments":0,
        "repins":6
      },
      "id":"317363104971486558",
      "metadata":{
        "link":{
          "locale":"en",
          "title":"Faheyheavensent",
          "site_name":"faheyheavensent.tumblr.com",
          "description":"Male 30 Italian John Fahey Last.fm 8tracks Facebook Flickr aNobii",
          "favicon":"https:\/\/s-media-cache-ak0.pinimg.com\/favicons\/56d938b6e89d7b86bfa05eddfd0f95ffa181e3fae563ebc393aeba98.png?e492e4c1faaa58b7fde8bbcae8ec72e2"
        }
      }
    }
  ],
  "page":{
    "cursor":"LT4zMTczNjMxMDQ5NzE0ODY1NTg6MTY5fDQ2N2RiM2QwNDUwOWMzZjlkMTUwZDU1ZWRlY2Y4ZTVhM2Q1ODQ1MTg0YzNjOTgyZTMzMjZhZDZkNjc2ZDU0MDc=",
    "next":"https:\/\/api.pinterest.com\/v1\/boards\/firstlookstudio\/celebrities\/pins\/?access_token=AZlZE-HOK-Y4205yRft75KyYVaauFCBIs8jxSxdCtrJcomAqbQAAAAA&fields=id%2Clink%2Cnote%2Curl%2Cattribution%2Cmedia%2Cmetadata%2Cboard%2Ccolor%2Ccounts%2Ccreated_at%2Ccreator%2Cimage%2Coriginal_link&cursor=LT4zMTczNjMxMDQ5NzE0ODY1NTg6MTY5fDQ2N2RiM2QwNDUwOWMzZjlkMTUwZDU1ZWRlY2Y4ZTVhM2Q1ODQ1MTg0YzNjOTgyZTMzMjZhZDZkNjc2ZDU0MDc%3D"
  }
}
