{
  "data":[
    {
      "attribution":null,
      "creator":{
        "url":"https:\/\/www.pinterest.com\/georgetakei\/",
        "first_name":"George Takei",
        "last_name":"",
        "id":"182888572276183278"
      },
      "url":"https:\/\/www.pinterest.com\/pin\/182888434845624040\/",
      "media":{
        "type":"image"
      },
      "created_at":"2015-11-29T14:30:09",
      "original_link":"https:\/\/www.facebook.com\/georgehtakei?utm_content=bufferfec60&utm_medium=social&utm_source=pinterest.com&utm_campaign=buffer",
      "note":"Don't test me.",
      "color":"#98988b",
      "link":"https:\/\/www.pinterest.com\/r\/pin\/182888434845624040\/4779055074072594921\/6dddad6add57bb1516685c894f7ce8a7b512fcfcc9baa06b22577bfd498c47a8",
      "board":{
        "url":"https:\/\/www.pinterest.com\/georgetakei\/celebrities\/",
        "id":"182888503556739382",
        "name":"Celebrities"
      },
      "image":{
        "original":{
          "url":"https:\/\/s-media-cache-ak0.pinimg.com\/originals\/c4\/98\/c8\/c498c813a4b55f31e9f9662590886a81.jpg",
          "width":540,
          "height":504
        }
      },
      "counts":{
        "likes":18,
        "comments":0,
        "repins":38
      },
      "id":"182888434845624040",
      "metadata":{
      }
    },
    {
      "attribution":null,
      "creator":{
        "url":"https:\/\/www.pinterest.com\/georgetakei\/",
        "first_name":"George Takei",
        "last_name":"",
        "id":"182888572276183278"
      },
      "url":"https:\/\/www.pinterest.com\/pin\/182888434845621027\/",
      "media":{
        "type":"image"
      },
      "created_at":"2015-11-29T02:45:15",
      "original_link":"https:\/\/www.facebook.com\/georgehtakei?utm_content=buffer69665&utm_medium=social&utm_source=pinterest.com&utm_campaign=buffer",
      "note":"A different kind of panting dog.",
      "color":"#faf9f7",
      "link":"https:\/\/www.pinterest.com\/r\/pin\/182888434845621027\/4779055074072594921\/4b12d00f95a9079109928a8dc40e5ceff16d50a7b78dc1dfb8908300ad017690",
      "board":{
        "url":"https:\/\/www.pinterest.com\/georgetakei\/celebrities\/",
        "id":"182888503556739382",
        "name":"Celebrities"
      },
      "image":{
        "original":{
          "url":"https:\/\/s-media-cache-ak0.pinimg.com\/originals\/c3\/67\/f8\/c367f85b8a92d6ef7fcc3b5dce627f50.jpg",
          "width":540,
          "height":880
        }
      },
      "counts":{
        "likes":23,
        "comments":1,
        "repins":39
      },
      "id":"182888434845621027",
      "metadata":{
      }
    },
    {
      "attribution":null,
      "creator":{
        "url":"https:\/\/www.pinterest.com\/georgetakei\/",
        "first_name":"George Takei",
        "last_name":"",
        "id":"182888572276183278"
      },
      "url":"https:\/\/www.pinterest.com\/pin\/182888434845619650\/",
      "media":{
        "type":"image"
      },
      "created_at":"2015-11-28T23:00:33",
      "original_link":"http:\/\/www.tickld.com\/x\/jaw\/he-found-his-daughter-lying-naked-next-to-her-boyfriend?ts_pid=191&tse_id=INF_d7db96466c974b92af90e0e9a7999a00&utm_content=buffer38d18&utm_medium=social&utm_source=pinterest.com&utm_campaign=buffer",
      "note":"I definitely didn't see this heading the direction it did, though I'm glad for it.",
      "color":"#312c2b",
      "link":"https:\/\/www.pinterest.com\/r\/pin\/182888434845619650\/4779055074072594921\/8928fa9d6cc188ca3ee6384450e4818d11f9d3353e64b43414f0e21ad3206b2d",
      "board":{
        "url":"https:\/\/www.pinterest.com\/georgetakei\/celebrities\/",
        "id":"182888503556739382",
        "name":"Celebrities"
      },
      "image":{
        "original":{
          "url":"https:\/\/s-media-cache-ak0.pinimg.com\/originals\/42\/b2\/39\/42b239ba3f45ad28f99ff0150fbee651.png",
          "width":466,
          "height":242
        }
      },
      "counts":{
        "likes":22,
        "comments":3,
        "repins":23
      },
      "id":"182888434845619650",
      "metadata":{
        "article":{
          "published_at":null,
          "description":"Didn't see that coming.",
          "name":"He Found His Daughter Lying Naked Next To Her Boyfriend. THIS Is What He Did About It.",
          "authors":[]
        },
        "link":{
          "locale":"en",
          "title":"403 Forbidden",
          "site_name":"tickld.com",
          "description":"Didn't see that coming.",
          "favicon":"https:\/\/s-media-cache-ak0.pinimg.com\/favicons\/2efb69b6a5cfc7beb1bcf77aeae1a9fbd2f100080ada356cc0560e52.ico?61bcc009fa6d1e1c0b527bafde9a0fda"
        }
      }
    },
    {
      "attribution":null,
      "creator":{
        "url":"https:\/\/www.pinterest.com\/georgetakei\/",
        "first_name":"George Takei",
        "last_name":"",
        "id":"182888572276183278"
      },
      "url":"https:\/\/www.pinterest.com\/pin\/182888434845618809\/",
      "media":{
        "type":"image"
      },
      "created_at":"2015-11-28T19:40:06",
      "original_link":"https:\/\/www.facebook.com\/georgehtakei?utm_content=buffere1907&utm_medium=social&utm_source=pinterest.com&utm_campaign=buffer",
      "note":"Paws and look at this.",
      "color":"#797772",
      "link":"https:\/\/www.pinterest.com\/r\/pin\/182888434845618809\/4779055074072594921\/117df6bc3f37368d25a43372f7148f0a50179c835913aab7101ee39f44b8bc40",
      "board":{
        "url":"https:\/\/www.pinterest.com\/georgetakei\/celebrities\/",
        "id":"182888503556739382",
        "name":"Celebrities"
      },
      "image":{
        "original":{
          "url":"https:\/\/s-media-cache-ak0.pinimg.com\/originals\/fd\/d8\/84\/fdd88457b5ee239673add1ff3a5e4fdc.jpg",
          "width":539,
          "height":544
        }
      },
      "counts":{
        "likes":35,
        "comments":0,
        "repins":90
      },
      "id":"182888434845618809",
      "metadata":{
      }
    },
    {
      "attribution":null,
      "creator":{
        "url":"https:\/\/www.pinterest.com\/georgetakei\/",
        "first_name":"George Takei",
        "last_name":"",
        "id":"182888572276183278"
      },
      "url":"https:\/\/www.pinterest.com\/pin\/182888434845617738\/",
      "media":{
        "type":"image"
      },
      "created_at":"2015-11-28T15:30:28",
      "original_link":"http:\/\/www.dose.com\/parents\/24554\/Elmo-s-Response-To-Julia-Louis-Dreyfus-Cursing-On-Sesame-Street-Will-Make-Your-Day?ts_pid=759&tse_id=INF_03b0fcfc30a046c09a92d59494e0e1f2&utm_content=bufferb2607&utm_medium=social&utm_source=pinterest.com&utm_campaign=buffer",
      "note":"So that's how Elmo makes his money.",
      "color":"#c6893f",
      "link":"https:\/\/www.pinterest.com\/r\/pin\/182888434845617738\/4779055074072594921\/55642bd048ec72b16e2224ecd38b2c9be8a19cb52eca5761ae6b523b451f8f80",
      "board":{
        "url":"https:\/\/www.pinterest.com\/georgetakei\/celebrities\/",
        "id":"182888503556739382",
        "name":"Celebrities"
      },
      "image":{
        "original":{
          "url":"https:\/\/s-media-cache-ak0.pinimg.com\/originals\/6e\/fb\/50\/6efb504ae7322a39f9ae4f1709c0e86d.png",
          "width":468,
          "height":243
        }
      },
      "counts":{
        "likes":2,
        "comments":0,
        "repins":5
      },
      "id":"182888434845617738",
      "metadata":{
      }
    },
    {
      "attribution":null,
      "creator":{
        "url":"https:\/\/www.pinterest.com\/georgetakei\/",
        "first_name":"George Takei",
        "last_name":"",
        "id":"182888572276183278"
      },
      "url":"https:\/\/www.pinterest.com\/pin\/182888434845617564\/",
      "media":{
        "type":"image"
      },
      "created_at":"2015-11-28T14:30:27",
      "original_link":"https:\/\/www.facebook.com\/georgehtakei?utm_content=buffer04d1a&utm_medium=social&utm_source=pinterest.com&utm_campaign=buffer",
      "note":"Such a drama queen.",
      "color":"#64595c",
      "link":"https:\/\/www.pinterest.com\/r\/pin\/182888434845617564\/4779055074072594921\/84eee4c34660884f72b7f5d2d9bf9d2d9a420d3995ffb9d351ea64af7f061202",
      "board":{
        "url":"https:\/\/www.pinterest.com\/georgetakei\/celebrities\/",
        "id":"182888503556739382",
        "name":"Celebrities"
      },
      "image":{
        "original":{
          "url":"https:\/\/s-media-cache-ak0.pinimg.com\/originals\/c0\/3f\/c3\/c03fc35595fbb1843d48089184d70a1c.jpg",
          "width":540,
          "height":665
        }
      },
      "counts":{
        "likes":52,
        "comments":0,
        "repins":135
      },
      "id":"182888434845617564",
      "metadata":{
      }
    },
    {
      "attribution":null,
      "creator":{
        "url":"https:\/\/www.pinterest.com\/georgetakei\/",
        "first_name":"George Takei",
        "last_name":"",
        "id":"182888572276183278"
      },
      "url":"https:\/\/www.pinterest.com\/pin\/182888434845614139\/",
      "media":{
        "type":"image"
      },
      "created_at":"2015-11-28T02:45:10",
      "original_link":"https:\/\/www.facebook.com\/georgehtakei?utm_content=bufferf2b27&utm_medium=social&utm_source=pinterest.com&utm_campaign=buffer",
      "note":"He's sheepish.",
      "color":"#947045",
      "link":"https:\/\/www.pinterest.com\/r\/pin\/182888434845614139\/4779055074072594921\/576e91d0f7bb1ac12546573bab4e8e39e7b78ead0f0f9fc309a66cbbac2214d9",
      "board":{
        "url":"https:\/\/www.pinterest.com\/georgetakei\/celebrities\/",
        "id":"182888503556739382",
        "name":"Celebrities"
      },
      "image":{
        "original":{
          "url":"https:\/\/s-media-cache-ak0.pinimg.com\/originals\/e1\/99\/8e\/e1998e9f5a1aec50ce82ddf4bb0cdfa2.jpg",
          "width":540,
          "height":747
        }
      },
      "counts":{
        "likes":33,
        "comments":0,
        "repins":57
      },
      "id":"182888434845614139",
      "metadata":{
      }
    },
    {
      "attribution":null,
      "creator":{
        "url":"https:\/\/www.pinterest.com\/georgetakei\/",
        "first_name":"George Takei",
        "last_name":"",
        "id":"182888572276183278"
      },
      "url":"https:\/\/www.pinterest.com\/pin\/182888434845612655\/",
      "media":{
        "type":"image"
      },
      "created_at":"2015-11-27T23:00:07",
      "original_link":"http:\/\/distractify.com\/videos\/2015\/11\/10\/mustafa-men-women-century-of-style?ts_pid=696&tse_id=INF_0ad0c92a40834707919f93d29ec288be&utm_content=buffer293c9&utm_medium=social&utm_source=pinterest.com&utm_campaign=buffer",
      "note":"I've seen these individually but side-by-side they make the perfect pair.",
      "color":"#85898e",
      "link":"https:\/\/www.pinterest.com\/r\/pin\/182888434845612655\/4779055074072594921\/99bd8af2bdaf081e5adb3384467bdfeff2ecb117354edc523160e4a3f8dbf063",
      "board":{
        "url":"https:\/\/www.pinterest.com\/georgetakei\/celebrities\/",
        "id":"182888503556739382",
        "name":"Celebrities"
      },
      "image":{
        "original":{
          "url":"https:\/\/s-media-cache-ak0.pinimg.com\/originals\/ee\/2d\/93\/ee2d93ff9e1d5ac48dff2ebebeee99a7.png",
          "width":750,
          "height":418
        }
      },
      "counts":{
        "likes":10,
        "comments":0,
        "repins":9
      },
      "id":"182888434845612655",
      "metadata":{
      }
    },
    {
      "attribution":null,
      "creator":{
        "url":"https:\/\/www.pinterest.com\/georgetakei\/",
        "first_name":"George Takei",
        "last_name":"",
        "id":"182888572276183278"
      },
      "url":"https:\/\/www.pinterest.com\/pin\/182888434845611756\/",
      "media":{
        "type":"image"
      },
      "created_at":"2015-11-27T19:40:13",
      "original_link":"https:\/\/www.facebook.com\/georgehtakei?utm_content=buffer32f67&utm_medium=social&utm_source=pinterest.com&utm_campaign=buffer",
      "note":"I'm fried up with this.",
      "color":"#b27b31",
      "link":"https:\/\/www.pinterest.com\/r\/pin\/182888434845611756\/4779055074072594921\/4a0e6d7b9e1aa587c52edb2574646f6192a5a2d8167c21cad646dacc955b3d58",
      "board":{
        "url":"https:\/\/www.pinterest.com\/georgetakei\/celebrities\/",
        "id":"182888503556739382",
        "name":"Celebrities"
      },
      "image":{
        "original":{
          "url":"https:\/\/s-media-cache-ak0.pinimg.com\/originals\/fa\/14\/69\/fa1469b5c4bc8642dc3df2328d66b8aa.jpg",
          "width":539,
          "height":405
        }
      },
      "counts":{
        "likes":35,
        "comments":11,
        "repins":74
      },
      "id":"182888434845611756",
      "metadata":{
      }
    },
    {
      "attribution":null,
      "creator":{
        "url":"https:\/\/www.pinterest.com\/georgetakei\/",
        "first_name":"George Takei",
        "last_name":"",
        "id":"182888572276183278"
      },
      "url":"https:\/\/www.pinterest.com\/pin\/182888434845610748\/",
      "media":{
        "type":"image"
      },
      "created_at":"2015-11-27T15:30:21",
      "original_link":"http:\/\/distractify.com\/humor\/2015\/11\/17\/jenna-wrong-number-text-receives-an-unforgettable-response?ts_pid=866&tse_id=INF_9925152d62944371bb61701da82f2017&utm_content=buffer5ac35&utm_medium=social&utm_source=pinterest.com&utm_campaign=buffer",
      "note":"Wrong numbers can be such a pane.",
      "color":"#f1eae3",
      "link":"https:\/\/www.pinterest.com\/r\/pin\/182888434845610748\/4779055074072594921\/37a24a84072596d0363b2435a2f815efe967a7fc36ba735e6e8cb7fc7ed304cb",
      "board":{
        "url":"https:\/\/www.pinterest.com\/georgetakei\/celebrities\/",
        "id":"182888503556739382",
        "name":"Celebrities"
      },
      "image":{
        "original":{
          "url":"https:\/\/s-media-cache-ak0.pinimg.com\/originals\/88\/f0\/80\/88f080418d15ee9e7bd00049fafea533.jpg",
          "width":750,
          "height":1333
        }
      },
      "counts":{
        "likes":6,
        "comments":0,
        "repins":2
      },
      "id":"182888434845610748",
      "metadata":{
      }
    },
    {
      "attribution":null,
      "creator":{
        "url":"https:\/\/www.pinterest.com\/georgetakei\/",
        "first_name":"George Takei",
        "last_name":"",
        "id":"182888572276183278"
      },
      "url":"https:\/\/www.pinterest.com\/pin\/182888434845610445\/",
      "media":{
        "type":"image"
      },
      "created_at":"2015-11-27T14:30:09",
      "original_link":"https:\/\/www.facebook.com\/georgehtakei?utm_content=buffer635ca&utm_medium=social&utm_source=pinterest.com&utm_campaign=buffer",
      "note":"Just a Dell.",
      "color":"#fdfdfd",
      "link":"https:\/\/www.pinterest.com\/r\/pin\/182888434845610445\/4779055074072594921\/55cfc2e1f9cd703300621f3eba21df25f92fbadb089b6dd1e8fab31a4c8dac88",
      "board":{
        "url":"https:\/\/www.pinterest.com\/georgetakei\/celebrities\/",
        "id":"182888503556739382",
        "name":"Celebrities"
      },
      "image":{
        "original":{
          "url":"https:\/\/s-media-cache-ak0.pinimg.com\/originals\/68\/ae\/81\/68ae819cecffa9d6549a6f759fb99ed3.jpg",
          "width":460,
          "height":460
        }
      },
      "counts":{
        "likes":16,
        "comments":0,
        "repins":31
      },
      "id":"182888434845610445",
      "metadata":{
      }
    },
    {
      "attribution":null,
      "creator":{
        "url":"https:\/\/www.pinterest.com\/georgetakei\/",
        "first_name":"George Takei",
        "last_name":"",
        "id":"182888572276183278"
      },
      "url":"https:\/\/www.pinterest.com\/pin\/182888434845607908\/",
      "media":{
        "type":"image"
      },
      "created_at":"2015-11-27T02:45:14",
      "original_link":"https:\/\/www.facebook.com\/georgehtakei?utm_content=buffer5ffe3&utm_medium=social&utm_source=pinterest.com&utm_campaign=buffer",
      "note":"Go back to 2012 where you belong.",
      "color":"#5c3920",
      "link":"https:\/\/www.pinterest.com\/r\/pin\/182888434845607908\/4779055074072594921\/4d788500b50bb0f703059ce72dca199b27678990d6bcdb5641c26b30c6483543",
      "board":{
        "url":"https:\/\/www.pinterest.com\/georgetakei\/celebrities\/",
        "id":"182888503556739382",
        "name":"Celebrities"
      },
      "image":{
        "original":{
          "url":"https:\/\/s-media-cache-ak0.pinimg.com\/originals\/64\/9f\/b0\/649fb0b0850127bfcca3c10efd65d776.jpg",
          "width":431,
          "height":250
        }
      },
      "counts":{
        "likes":14,
        "comments":4,
        "repins":28
      },
      "id":"182888434845607908",
      "metadata":{
      }
    },
    {
      "attribution":null,
      "creator":{
        "url":"https:\/\/www.pinterest.com\/georgetakei\/",
        "first_name":"George Takei",
        "last_name":"",
        "id":"182888572276183278"
      },
      "url":"https:\/\/www.pinterest.com\/pin\/182888434845606781\/",
      "media":{
        "type":"image"
      },
      "created_at":"2015-11-26T23:00:09",
      "original_link":"http:\/\/www.tickld.com\/x\/jaw\/employee-of-the-year-goes-to-this-guy-this-is-genius?ts_pid=237&tse_id=INF_466541671fc5431bbead8df5c03cce8b&utm_content=bufferffb8f&utm_medium=social&utm_source=pinterest.com&utm_campaign=buffer",
      "note":"It's all in the way you hear things.",
      "color":"#fefefd",
      "link":"https:\/\/www.pinterest.com\/r\/pin\/182888434845606781\/4779055074072594921\/a7a792ef7d6d0c7c66447b5329dfb67e358c6995db281d8c5470a5b28798acd8",
      "board":{
        "url":"https:\/\/www.pinterest.com\/georgetakei\/celebrities\/",
        "id":"182888503556739382",
        "name":"Celebrities"
      },
      "image":{
        "original":{
          "url":"https:\/\/s-media-cache-ak0.pinimg.com\/originals\/60\/85\/b0\/6085b0fc74128e6ed0d6f6f6ccb2a5ea.png",
          "width":474,
          "height":245
        }
      },
      "counts":{
        "likes":3,
        "comments":0,
        "repins":2
      },
      "id":"182888434845606781",
      "metadata":{
        "article":{
          "published_at":null,
          "description":"Click To Enlarge",
          "name":"Employee Of The Year Goes To This Guy. This Is Genius.",
          "authors":[]
        },
        "link":{
          "locale":"en",
          "title":"403 Forbidden",
          "site_name":"tickld.com",
          "description":"Click To Enlarge",
          "favicon":"https:\/\/s-media-cache-ak0.pinimg.com\/favicons\/2efb69b6a5cfc7beb1bcf77aeae1a9fbd2f100080ada356cc0560e52.ico?61bcc009fa6d1e1c0b527bafde9a0fda"
        }
      }
    },
    {
      "attribution":null,
      "creator":{
        "url":"https:\/\/www.pinterest.com\/georgetakei\/",
        "first_name":"George Takei",
        "last_name":"",
        "id":"182888572276183278"
      },
      "url":"https:\/\/www.pinterest.com\/pin\/182888434845605988\/",
      "media":{
        "type":"image"
      },
      "created_at":"2015-11-26T19:40:21",
      "original_link":"https:\/\/www.facebook.com\/georgehtakei?utm_content=bufferd9c15&utm_medium=social&utm_source=pinterest.com&utm_campaign=buffer",
      "note":"An ornamental statement.",
      "color":"#966d4e",
      "link":"https:\/\/www.pinterest.com\/r\/pin\/182888434845605988\/4779055074072594921\/b9f077685f07d81653b73229dbb0201f39183a90dd647de800ecfb06ab484102",
      "board":{
        "url":"https:\/\/www.pinterest.com\/georgetakei\/celebrities\/",
        "id":"182888503556739382",
        "name":"Celebrities"
      },
      "image":{
        "original":{
          "url":"https:\/\/s-media-cache-ak0.pinimg.com\/originals\/09\/9d\/cb\/099dcb9ea6ce514fc0b29acf032c7d0c.jpg",
          "width":430,
          "height":611
        }
      },
      "counts":{
        "likes":45,
        "comments":1,
        "repins":82
      },
      "id":"182888434845605988",
      "metadata":{
      }
    },
    {
      "attribution":null,
      "creator":{
        "url":"https:\/\/www.pinterest.com\/georgetakei\/",
        "first_name":"George Takei",
        "last_name":"",
        "id":"182888572276183278"
      },
      "url":"https:\/\/www.pinterest.com\/pin\/182888434845605266\/",
      "media":{
        "type":"image"
      },
      "created_at":"2015-11-26T15:30:12",
      "original_link":"http:\/\/distractify.com\/humor\/2015\/11\/20\/mustafa-watch-me-vijajay?ts_pid=162&tse_id=INF_3b34f329bcd440ee805618b7fa048ad7&utm_content=buffer3f32a&utm_medium=social&utm_source=pinterest.com&utm_campaign=buffer",
      "note":"It seems the tables have turned.",
      "color":"#ffffff",
      "link":"https:\/\/www.pinterest.com\/r\/pin\/182888434845605266\/4779055074072594921\/745204e9691b0b3c9726ce4001541506c1b1a8ec325ab78c28abc823ad227456",
      "board":{
        "url":"https:\/\/www.pinterest.com\/georgetakei\/celebrities\/",
        "id":"182888503556739382",
        "name":"Celebrities"
      },
      "image":{
        "original":{
          "url":"https:\/\/s-media-cache-ak0.pinimg.com\/originals\/cb\/7d\/14\/cb7d1442c5bd9f008fa2859a9be77aa9.png",
          "width":750,
          "height":1234
        }
      },
      "counts":{
        "likes":4,
        "comments":1,
        "repins":1
      },
      "id":"182888434845605266",
      "metadata":{
      }
    },
    {
      "attribution":null,
      "creator":{
        "url":"https:\/\/www.pinterest.com\/georgetakei\/",
        "first_name":"George Takei",
        "last_name":"",
        "id":"182888572276183278"
      },
      "url":"https:\/\/www.pinterest.com\/pin\/182888434845602806\/",
      "media":{
        "type":"image"
      },
      "created_at":"2015-11-26T02:45:26",
      "original_link":"https:\/\/www.facebook.com\/georgehtakei?utm_content=bufferbdf65&utm_medium=social&utm_source=pinterest.com&utm_campaign=buffer",
      "note":"He doesn't even go here.",
      "color":"#343832",
      "link":"https:\/\/www.pinterest.com\/r\/pin\/182888434845602806\/4779055074072594921\/448a58ff6083ecd21eb420f28f54cd2e4d2fa5b17e28fcbd7de82bdd4e8cd708",
      "board":{
        "url":"https:\/\/www.pinterest.com\/georgetakei\/celebrities\/",
        "id":"182888503556739382",
        "name":"Celebrities"
      },
      "image":{
        "original":{
          "url":"https:\/\/s-media-cache-ak0.pinimg.com\/originals\/68\/fc\/ee\/68fceee4af672ac1e0bbd4068da6c15a.jpg",
          "width":540,
          "height":1171
        }
      },
      "counts":{
        "likes":37,
        "comments":0,
        "repins":94
      },
      "id":"182888434845602806",
      "metadata":{
      }
    },
    {
      "attribution":null,
      "creator":{
        "url":"https:\/\/www.pinterest.com\/georgetakei\/",
        "first_name":"George Takei",
        "last_name":"",
        "id":"182888572276183278"
      },
      "url":"https:\/\/www.pinterest.com\/pin\/182888434845601914\/",
      "media":{
        "type":"image"
      },
      "created_at":"2015-11-25T23:01:58",
      "original_link":"http:\/\/www.tickld.com\/x\/jaw\/the-best-response-to-a-sixth-grader-ever-this-is-perfectt?ts_pid=349&tse_id=INF_a45f3490e83c4316a3b1348109d47795&utm_content=buffer2ae9c&utm_medium=social&utm_source=pinterest.com&utm_campaign=buffer",
      "note":"Mary got the shaft on this one.",
      "color":"#f2f3f1",
      "link":"https:\/\/www.pinterest.com\/r\/pin\/182888434845601914\/4779055074072594921\/548e25c1a064cdef7dd01d23dfde66355f92646bd0a7e69508872f2e007ea88c",
      "board":{
        "url":"https:\/\/www.pinterest.com\/georgetakei\/celebrities\/",
        "id":"182888503556739382",
        "name":"Celebrities"
      },
      "image":{
        "original":{
          "url":"https:\/\/s-media-cache-ak0.pinimg.com\/originals\/79\/14\/62\/791462076cf5eb92453cad7f3abe7381.png",
          "width":467,
          "height":244
        }
      },
      "counts":{
        "likes":5,
        "comments":1,
        "repins":6
      },
      "id":"182888434845601914",
      "metadata":{
        "article":{
          "published_at":null,
          "description":"Can you tell me which organ of the human body expands to 10 times its usual size when stimulated?",
          "name":"The Best Response To A Sixth Grader Ever. This Is Perfect.",
          "authors":[]
        },
        "link":{
          "locale":"en",
          "title":"403 Forbidden",
          "site_name":"tickld.com",
          "description":"Can you tell me which organ of the human body expands to 10 times its usual size when stimulated?",
          "favicon":"https:\/\/s-media-cache-ak0.pinimg.com\/favicons\/2efb69b6a5cfc7beb1bcf77aeae1a9fbd2f100080ada356cc0560e52.ico?61bcc009fa6d1e1c0b527bafde9a0fda"
        }
      }
    },
    {
      "attribution":null,
      "creator":{
        "url":"https:\/\/www.pinterest.com\/georgetakei\/",
        "first_name":"George Takei",
        "last_name":"",
        "id":"182888572276183278"
      },
      "url":"https:\/\/www.pinterest.com\/pin\/182888434845601212\/",
      "media":{
        "type":"image"
      },
      "created_at":"2015-11-25T19:40:03",
      "original_link":"https:\/\/www.facebook.com\/georgehtakei?utm_content=buffer4eb24&utm_medium=social&utm_source=pinterest.com&utm_campaign=buffer",
      "note":"If I had these, I would never lego.",
      "color":"#c9b795",
      "link":"https:\/\/www.pinterest.com\/r\/pin\/182888434845601212\/4779055074072594921\/ff61e5687cfb64a9ebed7af19bd6ed3e28f8b03801bf00b3c443a3553eb3954f",
      "board":{
        "url":"https:\/\/www.pinterest.com\/georgetakei\/celebrities\/",
        "id":"182888503556739382",
        "name":"Celebrities"
      },
      "image":{
        "original":{
          "url":"https:\/\/s-media-cache-ak0.pinimg.com\/originals\/04\/66\/ab\/0466abd408074b9c1e2bcb74a96b3bdb.jpg",
          "width":540,
          "height":647
        }
      },
      "counts":{
        "likes":11,
        "comments":1,
        "repins":24
      },
      "id":"182888434845601212",
      "metadata":{
      }
    },
    {
      "attribution":null,
      "creator":{
        "url":"https:\/\/www.pinterest.com\/georgetakei\/",
        "first_name":"George Takei",
        "last_name":"",
        "id":"182888572276183278"
      },
      "url":"https:\/\/www.pinterest.com\/pin\/182888434845600354\/",
      "media":{
        "type":"image"
      },
      "created_at":"2015-11-25T15:30:09",
      "original_link":"http:\/\/www.dose.com\/theworld\/24340\/19-Reasons-Target-is-the-Store-With-the-Biggest-Sense-of-Humor?ts_pid=111&tse_id=INF_fcafe89930b346c388389691e1019946&utm_content=bufferaacca&utm_medium=social&utm_source=pinterest.com&utm_campaign=buffer",
      "note":"These are right on Target.",
      "color":"#99563d",
      "link":"https:\/\/www.pinterest.com\/r\/pin\/182888434845600354\/4779055074072594921\/310e3bc983d32ecc959362bb35b1afcdabde1194a2da981d46362a60a8c34934",
      "board":{
        "url":"https:\/\/www.pinterest.com\/georgetakei\/celebrities\/",
        "id":"182888503556739382",
        "name":"Celebrities"
      },
      "image":{
        "original":{
          "url":"https:\/\/s-media-cache-ak0.pinimg.com\/originals\/1b\/70\/b5\/1b70b54d2b581c818f8008b1388d6c4e.png",
          "width":618,
          "height":430
        }
      },
      "counts":{
        "likes":2,
        "comments":0,
        "repins":7
      },
      "id":"182888434845600354",
      "metadata":{
      }
    },
    {
      "attribution":null,
      "creator":{
        "url":"https:\/\/www.pinterest.com\/georgetakei\/",
        "first_name":"George Takei",
        "last_name":"",
        "id":"182888572276183278"
      },
      "url":"https:\/\/www.pinterest.com\/pin\/182888434845597947\/",
      "media":{
        "type":"image"
      },
      "created_at":"2015-11-25T02:48:30",
      "original_link":"https:\/\/www.facebook.com\/georgehtakei?utm_content=bufferf2617&utm_medium=social&utm_source=pinterest.com&utm_campaign=buffer",
      "note":"Don't drink and drive.",
      "color":"#ad8d70",
      "link":"https:\/\/www.pinterest.com\/r\/pin\/182888434845597947\/4779055074072594921\/7fd31b0e2c4fc499fe183cbc37783f8b6d376c383ae880f16ecba92786e9e71e",
      "board":{
        "url":"https:\/\/www.pinterest.com\/georgetakei\/celebrities\/",
        "id":"182888503556739382",
        "name":"Celebrities"
      },
      "image":{
        "original":{
          "url":"https:\/\/s-media-cache-ak0.pinimg.com\/originals\/e3\/7e\/79\/e37e79f9421be5165a4749c86dc85712.jpg",
          "width":540,
          "height":584
        }
      },
      "counts":{
        "likes":40,
        "comments":1,
        "repins":66
      },
      "id":"182888434845597947",
      "metadata":{
      }
    },
    {
      "attribution":null,
      "creator":{
        "url":"https:\/\/www.pinterest.com\/georgetakei\/",
        "first_name":"George Takei",
        "last_name":"",
        "id":"182888572276183278"
      },
      "url":"https:\/\/www.pinterest.com\/pin\/182888434845596092\/",
      "media":{
        "type":"image"
      },
      "created_at":"2015-11-24T19:40:10",
      "original_link":"https:\/\/www.facebook.com\/georgehtakei?utm_content=bufferecbfd&utm_medium=social&utm_source=pinterest.com&utm_campaign=buffer",
      "note":"Are you my mother?",
      "color":"#9f836d",
      "link":"https:\/\/www.pinterest.com\/r\/pin\/182888434845596092\/4779055074072594921\/4e7c5585cc2b6480025c319cb7f2053132e208804ce857d46ef12bbd38f8d66b",
      "board":{
        "url":"https:\/\/www.pinterest.com\/georgetakei\/celebrities\/",
        "id":"182888503556739382",
        "name":"Celebrities"
      },
      "image":{
        "original":{
          "url":"https:\/\/s-media-cache-ak0.pinimg.com\/originals\/b9\/81\/32\/b981322dc03542f0b18f66656e01d56c.jpg",
          "width":537,
          "height":403
        }
      },
      "counts":{
        "likes":14,
        "comments":0,
        "repins":39
      },
      "id":"182888434845596092",
      "metadata":{
      }
    },
    {
      "attribution":null,
      "creator":{
        "url":"https:\/\/www.pinterest.com\/georgetakei\/",
        "first_name":"George Takei",
        "last_name":"",
        "id":"182888572276183278"
      },
      "url":"https:\/\/www.pinterest.com\/pin\/182888434845595044\/",
      "media":{
        "type":"image"
      },
      "created_at":"2015-11-24T15:30:36",
      "original_link":"http:\/\/www.knowable.com\/a\/10-teachers-reveal-the-most-ridiculous-things-said-to-them-by-parents?ts_pid=301&tse_id=INF_2c6021fd2aa54c2b9663476bab75bd3f&utm_content=bufferdc883&utm_medium=social&utm_source=pinterest.com&utm_campaign=buffer",
      "note":"These parents sound like they need a few lessons themselves.",
      "color":"#060504",
      "link":"https:\/\/www.pinterest.com\/r\/pin\/182888434845595044\/4779055074072594921\/c2b3fe1f3b697217507f5b901641c5083a5dd0ccaa02d8ce16d857a9b095c68e",
      "board":{
        "url":"https:\/\/www.pinterest.com\/georgetakei\/celebrities\/",
        "id":"182888503556739382",
        "name":"Celebrities"
      },
      "image":{
        "original":{
          "url":"https:\/\/s-media-cache-ak0.pinimg.com\/originals\/fa\/b7\/97\/fab797de3c838ace7dc5e06bf0a357dc.png",
          "width":468,
          "height":245
        }
      },
      "counts":{
        "likes":15,
        "comments":0,
        "repins":15
      },
      "id":"182888434845595044",
      "metadata":{
      }
    },
    {
      "attribution":null,
      "creator":{
        "url":"https:\/\/www.pinterest.com\/georgetakei\/",
        "first_name":"George Takei",
        "last_name":"",
        "id":"182888572276183278"
      },
      "url":"https:\/\/www.pinterest.com\/pin\/182888434845594743\/",
      "media":{
        "type":"image"
      },
      "created_at":"2015-11-24T14:30:36",
      "original_link":"https:\/\/www.facebook.com\/georgehtakei?utm_content=buffer8c364&utm_medium=social&utm_source=pinterest.com&utm_campaign=buffer",
      "note":"How three-dimensional.",
      "color":"#9e8a79",
      "link":"https:\/\/www.pinterest.com\/r\/pin\/182888434845594743\/4779055074072594921\/e1461003e571736add4603a7079cab38c9b35b8a71b079a305de7c4b5e27e7ed",
      "board":{
        "url":"https:\/\/www.pinterest.com\/georgetakei\/celebrities\/",
        "id":"182888503556739382",
        "name":"Celebrities"
      },
      "image":{
        "original":{
          "url":"https:\/\/s-media-cache-ak0.pinimg.com\/originals\/ff\/52\/09\/ff5209564d9ac1e3356ebaee7c8fd9d4.jpg",
          "width":540,
          "height":360
        }
      },
      "counts":{
        "likes":28,
        "comments":0,
        "repins":40
      },
      "id":"182888434845594743",
      "metadata":{
      }
    },
    {
      "attribution":null,
      "creator":{
        "url":"https:\/\/www.pinterest.com\/georgetakei\/",
        "first_name":"George Takei",
        "last_name":"",
        "id":"182888572276183278"
      },
      "url":"https:\/\/www.pinterest.com\/pin\/182888434845591998\/",
      "media":{
        "type":"image"
      },
      "created_at":"2015-11-24T02:45:08",
      "original_link":"https:\/\/www.facebook.com\/georgehtakei?utm_content=bufferde124&utm_medium=social&utm_source=pinterest.com&utm_campaign=buffer",
      "note":"Raisin hell.",
      "color":"#84513b",
      "link":"https:\/\/www.pinterest.com\/r\/pin\/182888434845591998\/4779055074072594921\/1c6c8c20ca10bb0c76f839fbc25ea81a497073c4e956aef574f4864caebc20dd",
      "board":{
        "url":"https:\/\/www.pinterest.com\/georgetakei\/celebrities\/",
        "id":"182888503556739382",
        "name":"Celebrities"
      },
      "image":{
        "original":{
          "url":"https:\/\/s-media-cache-ak0.pinimg.com\/originals\/a4\/2f\/23\/a42f236dbf095522a49a747a75c9b9b3.jpg",
          "width":540,
          "height":426
        }
      },
      "counts":{
        "likes":27,
        "comments":0,
        "repins":83
      },
      "id":"182888434845591998",
      "metadata":{
      }
    },
    {
      "attribution":null,
      "creator":{
        "url":"https:\/\/www.pinterest.com\/georgetakei\/",
        "first_name":"George Takei",
        "last_name":"",
        "id":"182888572276183278"
      },
      "url":"https:\/\/www.pinterest.com\/pin\/182888434845590730\/",
      "media":{
        "type":"image"
      },
      "created_at":"2015-11-23T23:00:47",
      "original_link":"http:\/\/shareably.net\/soldier-gets-heartwarming-welcome-from-dog\/?ts_pid=813&tse_id=INF_a213ae38562b40ffbc1a1d52e385f81c&utm_content=buffer45231&utm_medium=social&utm_source=pinterest.com&utm_campaign=buffer",
      "note":"I'm not crying, you're crying.",
      "color":"#847b74",
      "link":"https:\/\/www.pinterest.com\/r\/pin\/182888434845590730\/4779055074072594921\/01d282b020e994a7172950d462d71a5fb42bdf8eee0b2514d5b74528ca9dfeda",
      "board":{
        "url":"https:\/\/www.pinterest.com\/georgetakei\/celebrities\/",
        "id":"182888503556739382",
        "name":"Celebrities"
      },
      "image":{
        "original":{
          "url":"https:\/\/s-media-cache-ak0.pinimg.com\/originals\/93\/28\/34\/932834b92dc6ee6964f11ca52168ba76.jpg",
          "width":1200,
          "height":630
        }
      },
      "counts":{
        "likes":4,
        "comments":0,
        "repins":3
      },
      "id":"182888434845590730",
      "metadata":{
      }
    }
  ],
  "page":{
    "cursor":"LT4xODI4ODg0MzQ4NDU1OTA3MzA6OTd8NzFjNjRhM2RlMTA3ODU3YmEzN2QzZmQ2ZWZlMTA4MDEwMWM5Y2U2ZWEyNWFkYzUxNGU1ZTUyODEwYWYwZjNiMQ==",
    "next":"https:\/\/api.pinterest.com\/v1\/boards\/georgetakei\/celebrities\/pins\/?access_token=AZlZE-HOK-Y4205yRft75KyYVaauFCBIs8jxSxdCtrJcomAqbQAAAAA&fields=id%2Clink%2Cnote%2Curl%2Cattribution%2Cmedia%2Cmetadata%2Cboard%2Ccolor%2Ccounts%2Ccreated_at%2Ccreator%2Cimage%2Coriginal_link&cursor=LT4xODI4ODg0MzQ4NDU1OTA3MzA6OTd8NzFjNjRhM2RlMTA3ODU3YmEzN2QzZmQ2ZWZlMTA4MDEwMWM5Y2U2ZWEyNWFkYzUxNGU1ZTUyODEwYWYwZjNiMQ%3D%3D"
  }
}
