{
  "data":[
    {
      "attribution":null,
      "creator":{
        "url":"https:\/\/www.pinterest.com\/georgetakei\/",
        "first_name":"George Takei",
        "last_name":"",
        "id":"182888572276183278"
      },
      "url":"https:\/\/www.pinterest.com\/pin\/182888434845330609\/",
      "media":{
        "type":"image"
      },
      "created_at":"2015-10-13T13:30:17",
      "original_link":"https:\/\/www.facebook.com\/georgehtakei?utm_content=bufferf07f9&utm_medium=social&utm_source=pinterest.com&utm_campaign=buffer",
      "note":"Just what the doctor ordered.",
      "color":"#275643",
      "link":"https:\/\/www.pinterest.com\/r\/pin\/182888434845330609\/4779055074072594921\/247443dbf46752efab44c5b6f009505c4d943ed28e4f3e8160054b8b7ff83802",
      "board":{
        "url":"https:\/\/www.pinterest.com\/georgetakei\/celebrities\/",
        "id":"182888503556739382",
        "name":"Celebrities"
      },
      "image":{
        "original":{
          "url":"https:\/\/s-media-cache-ak0.pinimg.com\/originals\/9f\/5c\/3b\/9f5c3b410ba54a2167f31e3a47586eff.jpg",
          "width":540,
          "height":402
        }
      },
      "counts":{
        "likes":53,
        "comments":0,
        "repins":164
      },
      "id":"182888434845330609",
      "metadata":{
      }
    },
    {
      "attribution":null,
      "creator":{
        "url":"https:\/\/www.pinterest.com\/georgetakei\/",
        "first_name":"George Takei",
        "last_name":"",
        "id":"182888572276183278"
      },
      "url":"https:\/\/www.pinterest.com\/pin\/182888434845327705\/",
      "media":{
        "type":"image"
      },
      "created_at":"2015-10-13T01:45:15",
      "original_link":"https:\/\/www.facebook.com\/georgehtakei?utm_content=buffer3e248&utm_medium=social&utm_source=pinterest.com&utm_campaign=buffer",
      "note":"He wrapped that up well.",
      "color":"#ffffff",
      "link":"https:\/\/www.pinterest.com\/r\/pin\/182888434845327705\/4779055074072594921\/a5207e97cb601cb2ed54adb6c37518644f9b53859f1fcc7e50a168e6faa11aeb",
      "board":{
        "url":"https:\/\/www.pinterest.com\/georgetakei\/celebrities\/",
        "id":"182888503556739382",
        "name":"Celebrities"
      },
      "image":{
        "original":{
          "url":"https:\/\/s-media-cache-ak0.pinimg.com\/originals\/d9\/d2\/21\/d9d221e0d1a4d6fbb9fb326030c35f41.jpg",
          "width":462,
          "height":548
        }
      },
      "counts":{
        "likes":23,
        "comments":0,
        "repins":37
      },
      "id":"182888434845327705",
      "metadata":{
      }
    },
    {
      "attribution":null,
      "creator":{
        "url":"https:\/\/www.pinterest.com\/georgetakei\/",
        "first_name":"George Takei",
        "last_name":"",
        "id":"182888572276183278"
      },
      "url":"https:\/\/www.pinterest.com\/pin\/182888434845326349\/",
      "media":{
        "type":"image"
      },
      "created_at":"2015-10-12T22:00:10",
      "original_link":"http:\/\/www.liftbump.com\/2015\/08\/77642-man-comes-upon-sheep-dogs-after-a-devastating-fire-he-cant-believe-what-theyre-protecting\/?utm_term=PRM17&ts_pid=6&utm_content=buffer3bd9d&utm_medium=social&utm_source=pinterest.com&utm_campaign=buffer",
      "note":"I'm quite fawn-ed of this story.",
      "color":"#3c372d",
      "link":"https:\/\/www.pinterest.com\/r\/pin\/182888434845326349\/4779055074072594921\/c3c6522afe083dbae592bce8ff4516a67278b8ee51fa54b6d9642293e33c93e9",
      "board":{
        "url":"https:\/\/www.pinterest.com\/georgetakei\/celebrities\/",
        "id":"182888503556739382",
        "name":"Celebrities"
      },
      "image":{
        "original":{
          "url":"https:\/\/s-media-cache-ak0.pinimg.com\/originals\/1e\/7e\/5d\/1e7e5d11faecfb820e9cdfcfce6b0d45.png",
          "width":389,
          "height":353
        }
      },
      "counts":{
        "likes":4,
        "comments":1,
        "repins":3
      },
      "id":"182888434845326349",
      "metadata":{
      }
    },
    {
      "attribution":null,
      "creator":{
        "url":"https:\/\/www.pinterest.com\/georgetakei\/",
        "first_name":"George Takei",
        "last_name":"",
        "id":"182888572276183278"
      },
      "url":"https:\/\/www.pinterest.com\/pin\/182888434845324240\/",
      "media":{
        "type":"image"
      },
      "created_at":"2015-10-12T14:30:11",
      "original_link":"http:\/\/www.tickld.com\/x\/jaw\/i-wish-everybody-had-this-much-self-confidence-this-girl-is-amazing?ts_pid=6&utm_content=buffer7503c&utm_medium=social&utm_source=pinterest.com&utm_campaign=buffer",
      "note":"This is a beautiful response.",
      "color":"#1d1d1d",
      "link":"https:\/\/www.pinterest.com\/r\/pin\/182888434845324240\/4779055074072594921\/f4846e07cb9212d8ba724b43e61a46ee5f544f66d211179797d1a73105b445a9",
      "board":{
        "url":"https:\/\/www.pinterest.com\/georgetakei\/celebrities\/",
        "id":"182888503556739382",
        "name":"Celebrities"
      },
      "image":{
        "original":{
          "url":"https:\/\/s-media-cache-ak0.pinimg.com\/originals\/3b\/3e\/4a\/3b3e4a329c4738cefbfa081f8d8ab49f.png",
          "width":647,
          "height":432
        }
      },
      "counts":{
        "likes":33,
        "comments":1,
        "repins":33
      },
      "id":"182888434845324240",
      "metadata":{
        "article":{
          "published_at":null,
          "description":"She silenced her bullies in the classiest way possible",
          "name":"I Wish Everybody Had This Much Self-Confidence. This Girl Is Amazing.",
          "authors":[]
        },
        "link":{
          "locale":"en",
          "title":"403 Forbidden",
          "site_name":"tickld.com",
          "description":"She silenced her bullies in the classiest way possible",
          "favicon":"https:\/\/s-media-cache-ak0.pinimg.com\/favicons\/6e665473c3c49ac85364813f11315d748fada9665e9ecec90015310b.gif?c205ebca4705aebac5538ddc51f523b1"
        }
      }
    },
    {
      "attribution":null,
      "creator":{
        "url":"https:\/\/www.pinterest.com\/georgetakei\/",
        "first_name":"George Takei",
        "last_name":"",
        "id":"182888572276183278"
      },
      "url":"https:\/\/www.pinterest.com\/pin\/182888434845323946\/",
      "media":{
        "type":"image"
      },
      "created_at":"2015-10-12T13:30:47",
      "original_link":"https:\/\/www.facebook.com\/georgehtakei?utm_content=buffera42ac&utm_medium=social&utm_source=pinterest.com&utm_campaign=buffer",
      "note":"What the bell?",
      "color":"#9b9182",
      "link":"https:\/\/www.pinterest.com\/r\/pin\/182888434845323946\/4779055074072594921\/09c64f3f5c4ce0171d5e3f667f449d1ca7d154c2b058225f6d7b9d6629c4358a",
      "board":{
        "url":"https:\/\/www.pinterest.com\/georgetakei\/celebrities\/",
        "id":"182888503556739382",
        "name":"Celebrities"
      },
      "image":{
        "original":{
          "url":"https:\/\/s-media-cache-ak0.pinimg.com\/originals\/83\/a6\/62\/83a66242f892a10358ca16d4ac52f3c8.jpg",
          "width":480,
          "height":631
        }
      },
      "counts":{
        "likes":29,
        "comments":1,
        "repins":59
      },
      "id":"182888434845323946",
      "metadata":{
      }
    },
    {
      "attribution":null,
      "creator":{
        "url":"https:\/\/www.pinterest.com\/georgetakei\/",
        "first_name":"George Takei",
        "last_name":"",
        "id":"182888572276183278"
      },
      "url":"https:\/\/www.pinterest.com\/pin\/182888434845321165\/",
      "media":{
        "type":"image"
      },
      "created_at":"2015-10-12T01:45:08",
      "original_link":"https:\/\/www.facebook.com\/georgehtakei?utm_content=buffer7824c&utm_medium=social&utm_source=pinterest.com&utm_campaign=buffer",
      "note":"You've got to be kitten me.",
      "color":"#61605f",
      "link":"https:\/\/www.pinterest.com\/r\/pin\/182888434845321165\/4779055074072594921\/ca292194bff8547903f08b24d3355ab1718a8367577cb13488d7eb187f7d26fa",
      "board":{
        "url":"https:\/\/www.pinterest.com\/georgetakei\/celebrities\/",
        "id":"182888503556739382",
        "name":"Celebrities"
      },
      "image":{
        "original":{
          "url":"https:\/\/s-media-cache-ak0.pinimg.com\/originals\/cd\/c6\/51\/cdc6518425dbd972fdb55ab2923291b0.jpg",
          "width":480,
          "height":311
        }
      },
      "counts":{
        "likes":40,
        "comments":1,
        "repins":85
      },
      "id":"182888434845321165",
      "metadata":{
      }
    },
    {
      "attribution":null,
      "creator":{
        "url":"https:\/\/www.pinterest.com\/georgetakei\/",
        "first_name":"George Takei",
        "last_name":"",
        "id":"182888572276183278"
      },
      "url":"https:\/\/www.pinterest.com\/pin\/182888434845319887\/",
      "media":{
        "type":"image"
      },
      "created_at":"2015-10-11T22:00:31",
      "original_link":"https:\/\/www.distractify.com\/deborahgross-martin-meets-his-match-on-tinder-1389220711.html?ts_pid=6&utm_content=buffer6d709&utm_medium=social&utm_source=pinterest.com&utm_campaign=buffer",
      "note":"He probably regrets swiping right.",
      "color":"#c7aaa2",
      "link":"https:\/\/www.pinterest.com\/r\/pin\/182888434845319887\/4779055074072594921\/ae53c5d87e7f953bfb814712d0e8333667cf417630060f54779ff924c6ae799e",
      "board":{
        "url":"https:\/\/www.pinterest.com\/georgetakei\/celebrities\/",
        "id":"182888503556739382",
        "name":"Celebrities"
      },
      "image":{
        "original":{
          "url":"https:\/\/s-media-cache-ak0.pinimg.com\/originals\/c5\/24\/a0\/c524a0a889a8b9706d9432bcba039159.jpg",
          "width":900,
          "height":785
        }
      },
      "counts":{
        "likes":9,
        "comments":0,
        "repins":6
      },
      "id":"182888434845319887",
      "metadata":{
      }
    },
    {
      "attribution":null,
      "creator":{
        "url":"https:\/\/www.pinterest.com\/georgetakei\/",
        "first_name":"George Takei",
        "last_name":"",
        "id":"182888572276183278"
      },
      "url":"https:\/\/www.pinterest.com\/pin\/182888434845317618\/",
      "media":{
        "type":"image"
      },
      "created_at":"2015-10-11T13:30:15",
      "original_link":"https:\/\/www.facebook.com\/georgehtakei?utm_content=buffer7c916&utm_medium=social&utm_source=pinterest.com&utm_campaign=buffer",
      "note":"A shining example of innovation.",
      "color":"#fefed9",
      "link":"https:\/\/www.pinterest.com\/r\/pin\/182888434845317618\/4779055074072594921\/9f0b47885b753ba96951cdbc6987b0b0b64064b13273be2952fa850241b4a383",
      "board":{
        "url":"https:\/\/www.pinterest.com\/georgetakei\/celebrities\/",
        "id":"182888503556739382",
        "name":"Celebrities"
      },
      "image":{
        "original":{
          "url":"https:\/\/s-media-cache-ak0.pinimg.com\/originals\/2b\/28\/25\/2b2825d21bee5ab6b411273d920bae88.jpg",
          "width":539,
          "height":408
        }
      },
      "counts":{
        "likes":46,
        "comments":1,
        "repins":127
      },
      "id":"182888434845317618",
      "metadata":{
      }
    },
    {
      "attribution":null,
      "creator":{
        "url":"https:\/\/www.pinterest.com\/georgetakei\/",
        "first_name":"George Takei",
        "last_name":"",
        "id":"182888572276183278"
      },
      "url":"https:\/\/www.pinterest.com\/pin\/182888434845315113\/",
      "media":{
        "type":"image"
      },
      "created_at":"2015-10-11T01:45:14",
      "original_link":"https:\/\/www.facebook.com\/georgehtakei?utm_content=buffer2c248&utm_medium=social&utm_source=pinterest.com&utm_campaign=buffer",
      "note":"The sign designer must have been having a ruff day.",
      "color":"#60644f",
      "link":"https:\/\/www.pinterest.com\/r\/pin\/182888434845315113\/4779055074072594921\/2a2deacaeb6192c373515c62e88723cd1e494c2bc32d604dc38028f9df196d99",
      "board":{
        "url":"https:\/\/www.pinterest.com\/georgetakei\/celebrities\/",
        "id":"182888503556739382",
        "name":"Celebrities"
      },
      "image":{
        "original":{
          "url":"https:\/\/s-media-cache-ak0.pinimg.com\/originals\/ee\/9e\/de\/ee9edea054b3cf66ebbe2d51ac55112a.jpg",
          "width":540,
          "height":493
        }
      },
      "counts":{
        "likes":26,
        "comments":0,
        "repins":51
      },
      "id":"182888434845315113",
      "metadata":{
      }
    },
    {
      "attribution":null,
      "creator":{
        "url":"https:\/\/www.pinterest.com\/georgetakei\/",
        "first_name":"George Takei",
        "last_name":"",
        "id":"182888572276183278"
      },
      "url":"https:\/\/www.pinterest.com\/pin\/182888434845313974\/",
      "media":{
        "type":"image"
      },
      "created_at":"2015-10-10T22:00:11",
      "original_link":"http:\/\/www.ijreview.com\/2015\/09\/430842-title-approved-tennessee-residents-outraged-naughty-halloween-sign\/?utm_term=PRM17&ts_pid=6&utm_content=buffer84a7a&utm_medium=social&utm_source=pinterest.com&utm_campaign=buffer",
      "note":"This sign has more trick than treat.",
      "color":"#e0dfdc",
      "link":"https:\/\/www.pinterest.com\/r\/pin\/182888434845313974\/4779055074072594921\/86b4d03817b5bcec86cbd7b11c5b48b7e17134783bff0030d6630586c5c3508f",
      "board":{
        "url":"https:\/\/www.pinterest.com\/georgetakei\/celebrities\/",
        "id":"182888503556739382",
        "name":"Celebrities"
      },
      "image":{
        "original":{
          "url":"https:\/\/s-media-cache-ak0.pinimg.com\/originals\/ba\/9d\/34\/ba9d34ca6a728ad3660121ccdf2e5426.jpg",
          "width":751,
          "height":319
        }
      },
      "counts":{
        "likes":3,
        "comments":0,
        "repins":0
      },
      "id":"182888434845313974",
      "metadata":{
      }
    },
    {
      "attribution":null,
      "creator":{
        "url":"https:\/\/www.pinterest.com\/georgetakei\/",
        "first_name":"George Takei",
        "last_name":"",
        "id":"182888572276183278"
      },
      "url":"https:\/\/www.pinterest.com\/pin\/182888434845313235\/",
      "media":{
        "type":"image"
      },
      "created_at":"2015-10-10T18:40:08",
      "original_link":"https:\/\/www.facebook.com\/georgehtakei?utm_content=buffer8627a&utm_medium=social&utm_source=pinterest.com&utm_campaign=buffer",
      "note":"That's a tall order.",
      "color":"#8b581a",
      "link":"https:\/\/www.pinterest.com\/r\/pin\/182888434845313235\/4779055074072594921\/75832045f5182ba0445c0d7258632160847c7c47643efa65c4f6a2be85150da4",
      "board":{
        "url":"https:\/\/www.pinterest.com\/georgetakei\/celebrities\/",
        "id":"182888503556739382",
        "name":"Celebrities"
      },
      "image":{
        "original":{
          "url":"https:\/\/s-media-cache-ak0.pinimg.com\/originals\/ab\/d3\/08\/abd308e7a992e98e3e526b4710d11c01.jpg",
          "width":480,
          "height":721
        }
      },
      "counts":{
        "likes":63,
        "comments":1,
        "repins":66
      },
      "id":"182888434845313235",
      "metadata":{
      }
    },
    {
      "attribution":null,
      "creator":{
        "url":"https:\/\/www.pinterest.com\/georgetakei\/",
        "first_name":"George Takei",
        "last_name":"",
        "id":"182888572276183278"
      },
      "url":"https:\/\/www.pinterest.com\/pin\/182888434845312281\/",
      "media":{
        "type":"image"
      },
      "created_at":"2015-10-10T14:30:29",
      "original_link":"https:\/\/www.distractify.com\/deborahgross-wendy-where-you-at-girl-1383933991.html?ts_pid=6&utm_content=bufferfffdc&utm_medium=social&utm_source=pinterest.com&utm_campaign=buffer",
      "note":"Why does she not get the picture?",
      "color":"#fefefe",
      "link":"https:\/\/www.pinterest.com\/r\/pin\/182888434845312281\/4779055074072594921\/3d43f35560f8de723fd6c5d91540e127b85a4bfe27a72f9e15a30aaf027fc41f",
      "board":{
        "url":"https:\/\/www.pinterest.com\/georgetakei\/celebrities\/",
        "id":"182888503556739382",
        "name":"Celebrities"
      },
      "image":{
        "original":{
          "url":"https:\/\/s-media-cache-ak0.pinimg.com\/originals\/6a\/a6\/13\/6aa613d4dbaa7d9c8e37a00ef10754e8.png",
          "width":803,
          "height":773
        }
      },
      "counts":{
        "likes":19,
        "comments":0,
        "repins":16
      },
      "id":"182888434845312281",
      "metadata":{
      }
    },
    {
      "attribution":null,
      "creator":{
        "url":"https:\/\/www.pinterest.com\/georgetakei\/",
        "first_name":"George Takei",
        "last_name":"",
        "id":"182888572276183278"
      },
      "url":"https:\/\/www.pinterest.com\/pin\/182888434845308777\/",
      "media":{
        "type":"image"
      },
      "created_at":"2015-10-10T01:45:20",
      "original_link":"https:\/\/www.facebook.com\/georgehtakei?utm_content=buffer6fe5a&utm_medium=social&utm_source=pinterest.com&utm_campaign=buffer",
      "note":"Good thing it didn't spell hamster.",
      "color":"#98a55a",
      "link":"https:\/\/www.pinterest.com\/r\/pin\/182888434845308777\/4779055074072594921\/141a5603d27992a2e5b429dc9d1f385e9e1a848d284be4a1db64aa300013e44d",
      "board":{
        "url":"https:\/\/www.pinterest.com\/georgetakei\/celebrities\/",
        "id":"182888503556739382",
        "name":"Celebrities"
      },
      "image":{
        "original":{
          "url":"https:\/\/s-media-cache-ak0.pinimg.com\/originals\/ca\/a1\/11\/caa111286dd825adf625ff126924445a.jpg",
          "width":480,
          "height":440
        }
      },
      "counts":{
        "likes":31,
        "comments":0,
        "repins":63
      },
      "id":"182888434845308777",
      "metadata":{
      }
    },
    {
      "attribution":null,
      "creator":{
        "url":"https:\/\/www.pinterest.com\/georgetakei\/",
        "first_name":"George Takei",
        "last_name":"",
        "id":"182888572276183278"
      },
      "url":"https:\/\/www.pinterest.com\/pin\/182888434845307724\/",
      "media":{
        "type":"image"
      },
      "created_at":"2015-10-09T22:00:45",
      "original_link":"http:\/\/www.brommando.com\/article\/1317319\/11-ridiculous-things-people-used-to-think-were-healthy?param4=fni-whm&param2=whm&param1=fijifrost&ts_pid=6&utm_content=buffer5431b&utm_medium=social&utm_source=pinterest.com&utm_campaign=buffer",
      "note":"Did you know that to cure some fevers you can be prescribed more cowbell?",
      "color":"#e0e0e0",
      "link":"https:\/\/www.pinterest.com\/r\/pin\/182888434845307724\/4779055074072594921\/a9d5c56fbff6bbb91e3f1ce0415638e5ee6c546aeb08f4823f728f240fc09a8f",
      "board":{
        "url":"https:\/\/www.pinterest.com\/georgetakei\/celebrities\/",
        "id":"182888503556739382",
        "name":"Celebrities"
      },
      "image":{
        "original":{
          "url":"https:\/\/s-media-cache-ak0.pinimg.com\/originals\/52\/ac\/1c\/52ac1c4a00a4c86791bacaa39b5bf55e.jpg",
          "width":728,
          "height":498
        }
      },
      "counts":{
        "likes":10,
        "comments":3,
        "repins":18
      },
      "id":"182888434845307724",
      "metadata":{
      }
    },
    {
      "attribution":null,
      "creator":{
        "url":"https:\/\/www.pinterest.com\/georgetakei\/",
        "first_name":"George Takei",
        "last_name":"",
        "id":"182888572276183278"
      },
      "url":"https:\/\/www.pinterest.com\/pin\/182888434845305902\/",
      "media":{
        "type":"image"
      },
      "created_at":"2015-10-09T14:31:00",
      "original_link":"http:\/\/www.tickld.com\/x\/jaw\/this-woman-just-changed-harry-potter-for-her-kids-seriously?ts_pid=6&utm_content=buffer5f28b&utm_medium=social&utm_source=pinterest.com&utm_campaign=buffer",
      "note":"Bloody Muggles.",
      "color":"#635f50",
      "link":"https:\/\/www.pinterest.com\/r\/pin\/182888434845305902\/4779055074072594921\/c773b8c982acbf046d6e593fc67f0454e450dcb673ef331aa8342db8a5c7c9e6",
      "board":{
        "url":"https:\/\/www.pinterest.com\/georgetakei\/celebrities\/",
        "id":"182888503556739382",
        "name":"Celebrities"
      },
      "image":{
        "original":{
          "url":"https:\/\/s-media-cache-ak0.pinimg.com\/originals\/a7\/8b\/53\/a78b53cd572c8c959741c58306aaeea3.png",
          "width":651,
          "height":340
        }
      },
      "counts":{
        "likes":8,
        "comments":6,
        "repins":16
      },
      "id":"182888434845305902",
      "metadata":{
        "article":{
          "published_at":null,
          "description":"Click To Enlarge",
          "name":"This Woman Just Changed Harry Potter For Her Kids. Seriously.",
          "authors":[]
        },
        "link":{
          "locale":"en",
          "title":"403 Forbidden",
          "site_name":"tickld.com",
          "description":"Click To Enlarge",
          "favicon":"https:\/\/s-media-cache-ak0.pinimg.com\/favicons\/2efb69b6a5cfc7beb1bcf77aeae1a9fbd2f100080ada356cc0560e52.ico?61bcc009fa6d1e1c0b527bafde9a0fda"
        }
      }
    },
    {
      "attribution":null,
      "creator":{
        "url":"https:\/\/www.pinterest.com\/georgetakei\/",
        "first_name":"George Takei",
        "last_name":"",
        "id":"182888572276183278"
      },
      "url":"https:\/\/www.pinterest.com\/pin\/182888434845305539\/",
      "media":{
        "type":"image"
      },
      "created_at":"2015-10-09T13:30:02",
      "original_link":"https:\/\/www.facebook.com\/georgehtakei?utm_content=buffer2f0de&utm_medium=social&utm_source=pinterest.com&utm_campaign=buffer",
      "note":"Choc yourself on this one.",
      "color":"#49301e",
      "link":"https:\/\/www.pinterest.com\/r\/pin\/182888434845305539\/4779055074072594921\/b6c1edc29760cc7cd90b26a860913600807cf8cf5085c0b8ab227542d4688cda",
      "board":{
        "url":"https:\/\/www.pinterest.com\/georgetakei\/celebrities\/",
        "id":"182888503556739382",
        "name":"Celebrities"
      },
      "image":{
        "original":{
          "url":"https:\/\/s-media-cache-ak0.pinimg.com\/originals\/00\/f6\/c0\/00f6c06423681bb34293624196741bec.jpg",
          "width":700,
          "height":691
        }
      },
      "counts":{
        "likes":68,
        "comments":0,
        "repins":198
      },
      "id":"182888434845305539",
      "metadata":{
      }
    },
    {
      "attribution":null,
      "creator":{
        "url":"https:\/\/www.pinterest.com\/georgetakei\/",
        "first_name":"George Takei",
        "last_name":"",
        "id":"182888572276183278"
      },
      "url":"https:\/\/www.pinterest.com\/pin\/182888434845302639\/",
      "media":{
        "type":"image"
      },
      "created_at":"2015-10-09T01:45:10",
      "original_link":"https:\/\/www.facebook.com\/georgehtakei?utm_content=bufferaa8fd&utm_medium=social&utm_source=pinterest.com&utm_campaign=buffer",
      "note":"Holy cow.",
      "color":"#5f4036",
      "link":"https:\/\/www.pinterest.com\/r\/pin\/182888434845302639\/4779055074072594921\/394a86e49ef92d84df709fe411e0fcf0c18444ff3423b381b885caa8e28d9635",
      "board":{
        "url":"https:\/\/www.pinterest.com\/georgetakei\/celebrities\/",
        "id":"182888503556739382",
        "name":"Celebrities"
      },
      "image":{
        "original":{
          "url":"https:\/\/s-media-cache-ak0.pinimg.com\/originals\/66\/38\/33\/663833ba0ff3ada9030e58ba072616eb.jpg",
          "width":460,
          "height":359
        }
      },
      "counts":{
        "likes":31,
        "comments":2,
        "repins":84
      },
      "id":"182888434845302639",
      "metadata":{
      }
    },
    {
      "attribution":null,
      "creator":{
        "url":"https:\/\/www.pinterest.com\/georgetakei\/",
        "first_name":"George Takei",
        "last_name":"",
        "id":"182888572276183278"
      },
      "url":"https:\/\/www.pinterest.com\/pin\/182888434845301776\/",
      "media":{
        "type":"image"
      },
      "created_at":"2015-10-08T22:00:21",
      "original_link":"https:\/\/www.distractify.com\/jennahopkins-best-couples-halloween-costumes-1381274425.html?ts_pid=6&utm_content=buffer6601e&utm_medium=social&utm_source=pinterest.com&utm_campaign=buffer",
      "note":"These are good Halloween ins-pair-ation.",
      "color":"#7d7e5d",
      "link":"https:\/\/www.pinterest.com\/r\/pin\/182888434845301776\/4779055074072594921\/487c4aa4a1b6d0332a67ac18699b114e634169bdd6d727a6c9ac409e1698b71f",
      "board":{
        "url":"https:\/\/www.pinterest.com\/georgetakei\/celebrities\/",
        "id":"182888503556739382",
        "name":"Celebrities"
      },
      "image":{
        "original":{
          "url":"https:\/\/s-media-cache-ak0.pinimg.com\/originals\/af\/54\/e9\/af54e915d9dc8c1b5d34e8a89bfcc50f.jpg",
          "width":600,
          "height":602
        }
      },
      "counts":{
        "likes":18,
        "comments":0,
        "repins":41
      },
      "id":"182888434845301776",
      "metadata":{
      }
    },
    {
      "attribution":null,
      "creator":{
        "url":"https:\/\/www.pinterest.com\/georgetakei\/",
        "first_name":"George Takei",
        "last_name":"",
        "id":"182888572276183278"
      },
      "url":"https:\/\/www.pinterest.com\/pin\/182888434845300861\/",
      "media":{
        "type":"image"
      },
      "created_at":"2015-10-08T18:40:06",
      "original_link":"https:\/\/www.facebook.com\/georgehtakei?utm_content=bufferd78fd&utm_medium=social&utm_source=pinterest.com&utm_campaign=buffer",
      "note":"I can heart-ly tell the difference.",
      "color":"#8e4789",
      "link":"https:\/\/www.pinterest.com\/r\/pin\/182888434845300861\/4779055074072594921\/860792c2796ca9ffb79276f85956cfd0eecdd04c9472644c8d0a814f730d2343",
      "board":{
        "url":"https:\/\/www.pinterest.com\/georgetakei\/celebrities\/",
        "id":"182888503556739382",
        "name":"Celebrities"
      },
      "image":{
        "original":{
          "url":"https:\/\/s-media-cache-ak0.pinimg.com\/originals\/5f\/7a\/45\/5f7a4573f93b511ca4b9fc33f1ac183c.jpg",
          "width":480,
          "height":477
        }
      },
      "counts":{
        "likes":33,
        "comments":1,
        "repins":47
      },
      "id":"182888434845300861",
      "metadata":{
      }
    },
    {
      "attribution":null,
      "creator":{
        "url":"https:\/\/www.pinterest.com\/georgetakei\/",
        "first_name":"George Takei",
        "last_name":"",
        "id":"182888572276183278"
      },
      "url":"https:\/\/www.pinterest.com\/pin\/182888434845299985\/",
      "media":{
        "type":"image"
      },
      "created_at":"2015-10-08T14:30:23",
      "original_link":"http:\/\/www.tickld.com\/x\/jaw\/15-actual-things-doctors-have-had-to-tell-their-patients-?ts_pid=6&utm_content=buffer91c33&utm_medium=social&utm_source=pinterest.com&utm_campaign=buffer",
      "note":"These weren't doctored.",
      "color":"#e3e6e2",
      "link":"https:\/\/www.pinterest.com\/r\/pin\/182888434845299985\/4779055074072594921\/419dbc1a41cc53ec9699cc951536688a6596db290953781526a94b9ca9cd2764",
      "board":{
        "url":"https:\/\/www.pinterest.com\/georgetakei\/celebrities\/",
        "id":"182888503556739382",
        "name":"Celebrities"
      },
      "image":{
        "original":{
          "url":"https:\/\/s-media-cache-ak0.pinimg.com\/originals\/5f\/2c\/d1\/5f2cd13fa584c9413c8f8bb2b173cc22.png",
          "width":671,
          "height":648
        }
      },
      "counts":{
        "likes":14,
        "comments":0,
        "repins":31
      },
      "id":"182888434845299985",
      "metadata":{
        "article":{
          "published_at":null,
          "description":"You'll cringe hard when you read the hilarious things these doctors had to explain to their patients.",
          "name":"15 Actual Things Doctors Have Had to Tell Their Patients. Are These People Serious?",
          "authors":[]
        },
        "link":{
          "locale":"en",
          "title":"15 Actual Things Doctors Have Had to Tell Their Patients. Are These People Serious?",
          "site_name":"tickld.com",
          "description":"You'll cringe hard when you read the hilarious things these doctors had to explain to their patients.",
          "favicon":"https:\/\/s-media-cache-ak0.pinimg.com\/favicons\/6e665473c3c49ac85364813f11315d748fada9665e9ecec90015310b.gif?c205ebca4705aebac5538ddc51f523b1"
        }
      }
    },
    {
      "attribution":null,
      "creator":{
        "url":"https:\/\/www.pinterest.com\/georgetakei\/",
        "first_name":"George Takei",
        "last_name":"",
        "id":"182888572276183278"
      },
      "url":"https:\/\/www.pinterest.com\/pin\/182888434845296002\/",
      "media":{
        "type":"image"
      },
      "created_at":"2015-10-07T22:00:30",
      "original_link":"http:\/\/www.tickld.com\/x\/jaw\/15-hilariously-misunderstood-words-phrases?ts_pid=6&utm_content=buffer2b4fc&utm_medium=social&utm_source=pinterest.com&utm_campaign=buffer",
      "note":"Supersalad is my favorite kind of salad.",
      "color":"#f8f8f8",
      "link":"https:\/\/www.pinterest.com\/r\/pin\/182888434845296002\/4779055074072594921\/d9160b9bd7b6e371574f0eae6ef0dece846e5f1b6438b96b18919899370b02d9",
      "board":{
        "url":"https:\/\/www.pinterest.com\/georgetakei\/celebrities\/",
        "id":"182888503556739382",
        "name":"Celebrities"
      },
      "image":{
        "original":{
          "url":"https:\/\/s-media-cache-ak0.pinimg.com\/originals\/fd\/fe\/39\/fdfe398b06add3bb9c5d0f67fbeef8cf.png",
          "width":672,
          "height":620
        }
      },
      "counts":{
        "likes":12,
        "comments":2,
        "repins":24
      },
      "id":"182888434845296002",
      "metadata":{
        "article":{
          "published_at":null,
          "description":"Now I'm scared I've been saying something wrong all my life...",
          "name":"15 Hilariously Misunderstood Words & Phrases. Are You Guilty Of Any Of These?",
          "authors":[]
        },
        "link":{
          "locale":"en",
          "title":"403 Forbidden",
          "site_name":"tickld.com",
          "description":"Now I'm scared I've been saying something wrong all my life...",
          "favicon":"https:\/\/s-media-cache-ak0.pinimg.com\/favicons\/6e665473c3c49ac85364813f11315d748fada9665e9ecec90015310b.gif?c205ebca4705aebac5538ddc51f523b1"
        }
      }
    },
    {
      "attribution":null,
      "creator":{
        "url":"https:\/\/www.pinterest.com\/georgetakei\/",
        "first_name":"George Takei",
        "last_name":"",
        "id":"182888572276183278"
      },
      "url":"https:\/\/www.pinterest.com\/pin\/182888434845295196\/",
      "media":{
        "type":"image"
      },
      "created_at":"2015-10-07T18:40:08",
      "original_link":"https:\/\/www.facebook.com\/georgehtakei?utm_content=buffer7f458&utm_medium=social&utm_source=pinterest.com&utm_campaign=buffer",
      "note":"Owl need some coffee after this.",
      "color":"#644031",
      "link":"https:\/\/www.pinterest.com\/r\/pin\/182888434845295196\/4779055074072594921\/0698c2acb76345198dd19fe77d10da20af301567a4ae08690a47def69297762e",
      "board":{
        "url":"https:\/\/www.pinterest.com\/georgetakei\/celebrities\/",
        "id":"182888503556739382",
        "name":"Celebrities"
      },
      "image":{
        "original":{
          "url":"https:\/\/s-media-cache-ak0.pinimg.com\/originals\/cd\/e1\/58\/cde15895aea09e4a92c054299dfb6fe0.jpg",
          "width":540,
          "height":387
        }
      },
      "counts":{
        "likes":36,
        "comments":1,
        "repins":121
      },
      "id":"182888434845295196",
      "metadata":{
      }
    },
    {
      "attribution":null,
      "creator":{
        "url":"https:\/\/www.pinterest.com\/georgetakei\/",
        "first_name":"George Takei",
        "last_name":"",
        "id":"182888572276183278"
      },
      "url":"https:\/\/www.pinterest.com\/pin\/182888434845294370\/",
      "media":{
        "type":"image"
      },
      "created_at":"2015-10-07T14:31:01",
      "original_link":"https:\/\/www.distractify.com\/people-whose-internet-orders-arrived-terribly-1374379151.html?ts_pid=6&utm_content=buffer4b403&utm_medium=social&utm_source=pinterest.com&utm_campaign=buffer",
      "note":"Another reason to not order clothes online.",
      "color":"#b1ac94",
      "link":"https:\/\/www.pinterest.com\/r\/pin\/182888434845294370\/4779055074072594921\/35234a719e8f41f7834a260ad5f5bec8d5a1e5572c155cbf1147a284985364e4",
      "board":{
        "url":"https:\/\/www.pinterest.com\/georgetakei\/celebrities\/",
        "id":"182888503556739382",
        "name":"Celebrities"
      },
      "image":{
        "original":{
          "url":"https:\/\/s-media-cache-ak0.pinimg.com\/originals\/b8\/86\/57\/b88657cd77968da03b815e06c41976de.jpg",
          "width":605,
          "height":596
        }
      },
      "counts":{
        "likes":11,
        "comments":4,
        "repins":7
      },
      "id":"182888434845294370",
      "metadata":{
      }
    },
    {
      "attribution":null,
      "creator":{
        "url":"https:\/\/www.pinterest.com\/georgetakei\/",
        "first_name":"George Takei",
        "last_name":"",
        "id":"182888572276183278"
      },
      "url":"https:\/\/www.pinterest.com\/pin\/182888434845294181\/",
      "media":{
        "type":"image"
      },
      "created_at":"2015-10-07T13:31:00",
      "original_link":"https:\/\/www.facebook.com\/georgehtakei?utm_content=buffer3d8fb&utm_medium=social&utm_source=pinterest.com&utm_campaign=buffer",
      "note":"What a mean girl.",
      "color":"#996048",
      "link":"https:\/\/www.pinterest.com\/r\/pin\/182888434845294181\/4779055074072594921\/99f80c5cd3610e5bba4c77ccf0e4a97e2c69c1100f05a75e2976bf9281ec7491",
      "board":{
        "url":"https:\/\/www.pinterest.com\/georgetakei\/celebrities\/",
        "id":"182888503556739382",
        "name":"Celebrities"
      },
      "image":{
        "original":{
          "url":"https:\/\/s-media-cache-ak0.pinimg.com\/originals\/ec\/e9\/46\/ece946fa5ade8e3bfb5d185e9c656817.jpg",
          "width":540,
          "height":809
        }
      },
      "counts":{
        "likes":45,
        "comments":0,
        "repins":127
      },
      "id":"182888434845294181",
      "metadata":{
      }
    },
    {
      "attribution":null,
      "creator":{
        "url":"https:\/\/www.pinterest.com\/georgetakei\/",
        "first_name":"George Takei",
        "last_name":"",
        "id":"182888572276183278"
      },
      "url":"https:\/\/www.pinterest.com\/pin\/182888434845291574\/",
      "media":{
        "type":"image"
      },
      "created_at":"2015-10-07T01:45:08",
      "original_link":"https:\/\/www.facebook.com\/georgehtakei?utm_content=buffer9998e&utm_medium=social&utm_source=pinterest.com&utm_campaign=buffer",
      "note":"I've been told it's fun to stay there.",
      "color":"#c3b7b2",
      "link":"https:\/\/www.pinterest.com\/r\/pin\/182888434845291574\/4779055074072594921\/a31e5f5c8773cffc5077e43ad0ff7f727fc767300e2660ec44d827d66d186e85",
      "board":{
        "url":"https:\/\/www.pinterest.com\/georgetakei\/celebrities\/",
        "id":"182888503556739382",
        "name":"Celebrities"
      },
      "image":{
        "original":{
          "url":"https:\/\/s-media-cache-ak0.pinimg.com\/originals\/28\/65\/2a\/28652a67b8d6d2cb8cd72578a796305e.jpg",
          "width":499,
          "height":448
        }
      },
      "counts":{
        "likes":27,
        "comments":1,
        "repins":89
      },
      "id":"182888434845291574",
      "metadata":{
      }
    }
  ],
  "page":{
    "cursor":"LT4xODI4ODg0MzQ4NDUyOTE1NzQ6Mjg5fDU5NWZjNTkxNzFkNWQ0YzU4MzZjMDVjNmE2ODBjNTEyODMwZDgxNTQ2OTNlOGRlNTUyYzZjNTA0YjdlM2ZlMTY=",
    "next":"https:\/\/api.pinterest.com\/v1\/boards\/georgetakei\/celebrities\/pins\/?access_token=AZlZE-HOK-Y4205yRft75KyYVaauFCBIs8jxSxdCtrJcomAqbQAAAAA&fields=id%2Clink%2Cnote%2Curl%2Cattribution%2Cmedia%2Cmetadata%2Cboard%2Ccolor%2Ccounts%2Ccreated_at%2Ccreator%2Cimage%2Coriginal_link&cursor=LT4xODI4ODg0MzQ4NDUyOTE1NzQ6Mjg5fDU5NWZjNTkxNzFkNWQ0YzU4MzZjMDVjNmE2ODBjNTEyODMwZDgxNTQ2OTNlOGRlNTUyYzZjNTA0YjdlM2ZlMTY%3D"
  }
}
