{
  "data":[
    {
      "attribution":null,
      "creator":{
        "url":"https:\/\/www.pinterest.com\/fashion0725\/",
        "first_name":"Teen",
        "last_name":"Fashion",
        "id":"484911222286727426"
      },
      "url":"https:\/\/www.pinterest.com\/pin\/484911084858058666\/",
      "media":{
        "type":"image"
      },
      "created_at":"2015-10-18T12:25:09",
      "original_link":"",
      "note":"<0> Jennifer Lawrence",
      "color":"#686868",
      "link":"",
      "board":{
        "url":"https:\/\/www.pinterest.com\/fashion0725\/celebrities\/",
        "id":"484911153567318653",
        "name":"Celebrities"
      },
      "image":{
        "original":{
          "url":"https:\/\/s-media-cache-ak0.pinimg.com\/originals\/08\/74\/ec\/0874ecb27b999b75dcb80119289a822f.png",
          "width":500,
          "height":750
        }
      },
      "counts":{
        "likes":4,
        "comments":0,
        "repins":4
      },
      "id":"484911084858058666",
      "metadata":{
      }
    },
    {
      "attribution":null,
      "creator":{
        "url":"https:\/\/www.pinterest.com\/fashion0725\/",
        "first_name":"Teen",
        "last_name":"Fashion",
        "id":"484911222286727426"
      },
      "url":"https:\/\/www.pinterest.com\/pin\/484911084858058665\/",
      "media":{
        "type":"image"
      },
      "created_at":"2015-10-18T12:25:03",
      "original_link":"http:\/\/www.instyle.com\/look-of-the-day\/2015-06-30?crlt.pid=camp.XhzrcvVDyLB1",
      "note":" ",
      "color":"#8c7358",
      "link":"https:\/\/www.pinterest.com\/r\/pin\/484911084858058665\/4779055074072594921\/32ba5b7fb614197363e2df29c1a79f1ddd3deb4baea8070d07ef078c822f8825",
      "board":{
        "url":"https:\/\/www.pinterest.com\/fashion0725\/celebrities\/",
        "id":"484911153567318653",
        "name":"Celebrities"
      },
      "image":{
        "original":{
          "url":"https:\/\/s-media-cache-ak0.pinimg.com\/originals\/57\/19\/e8\/5719e84c6d67118a676a7e0b5db6ddaa.jpg",
          "width":428,
          "height":863
        }
      },
      "counts":{
        "likes":6,
        "comments":0,
        "repins":17
      },
      "id":"484911084858058665",
      "metadata":{
        "article":{
          "published_at":null,
          "description":"InStyle's Look of the Day picks for June 30, 2015 include Jennifer Lawrence, Bella Thorne and Taylor Schilling.",
          "name":"Look of the Day",
          "authors":[]
        },
        "link":{
          "locale":"en",
          "title":"Look of the Day",
          "site_name":"InStyle.com",
          "description":"InStyle's Look of the Day picks for June 30, 2015 include Jennifer Lawrence, Bella Thorne and Taylor Schilling.",
          "favicon":"https:\/\/s-media-cache-ak0.pinimg.com\/favicons\/86b607478efb915a1e63b16745debc1b6e62dd83ecc810001ada2d72.ico?570a8b09cb2cd1f4d7f3c29b9da23885"
        }
      }
    },
    {
      "attribution":null,
      "creator":{
        "url":"https:\/\/www.pinterest.com\/fashion0725\/",
        "first_name":"Teen",
        "last_name":"Fashion",
        "id":"484911222286727426"
      },
      "url":"https:\/\/www.pinterest.com\/pin\/484911084858058654\/",
      "media":{
        "type":"image"
      },
      "created_at":"2015-10-18T12:23:29",
      "original_link":"",
      "note":"Oh my gosh. Harry",
      "color":"#36353f",
      "link":"",
      "board":{
        "url":"https:\/\/www.pinterest.com\/fashion0725\/celebrities\/",
        "id":"484911153567318653",
        "name":"Celebrities"
      },
      "image":{
        "original":{
          "url":"https:\/\/s-media-cache-ak0.pinimg.com\/originals\/a4\/3e\/39\/a43e39efbed984adbe6c57a47f967bea.jpg",
          "width":440,
          "height":604
        }
      },
      "counts":{
        "likes":5,
        "comments":0,
        "repins":16
      },
      "id":"484911084858058654",
      "metadata":{
      }
    },
    {
      "attribution":null,
      "creator":{
        "url":"https:\/\/www.pinterest.com\/fashion0725\/",
        "first_name":"Teen",
        "last_name":"Fashion",
        "id":"484911222286727426"
      },
      "url":"https:\/\/www.pinterest.com\/pin\/484911084858058650\/",
      "media":{
        "type":"image"
      },
      "created_at":"2015-10-18T12:23:05",
      "original_link":"",
      "note":"Can't handle them",
      "color":"#fdfdfd",
      "link":"",
      "board":{
        "url":"https:\/\/www.pinterest.com\/fashion0725\/celebrities\/",
        "id":"484911153567318653",
        "name":"Celebrities"
      },
      "image":{
        "original":{
          "url":"https:\/\/s-media-cache-ak0.pinimg.com\/originals\/0d\/49\/95\/0d4995eca89e3ce03bcbf821b135fd1b.jpg",
          "width":400,
          "height":534
        }
      },
      "counts":{
        "likes":5,
        "comments":0,
        "repins":12
      },
      "id":"484911084858058650",
      "metadata":{
      }
    },
    {
      "attribution":null,
      "creator":{
        "url":"https:\/\/www.pinterest.com\/fashion0725\/",
        "first_name":"Teen",
        "last_name":"Fashion",
        "id":"484911222286727426"
      },
      "url":"https:\/\/www.pinterest.com\/pin\/484911084858005089\/",
      "media":{
        "type":"image"
      },
      "created_at":"2015-10-14T22:36:44",
      "original_link":"http:\/\/www.glamour.com\/entertainment\/blogs\/obsessed\/2013\/10\/josh-hutcherson-hunger-games.html",
      "note":"JOSH HUTCHERSON: Katniss is an \u201cI\u2019ll just shoot somebody with an arrow\u201d person, and Peeta is a \u201cLet\u2019s talk this through\u201d kind of guy. I have his mind-set.",
      "color":"#9f9182",
      "link":"https:\/\/www.pinterest.com\/r\/pin\/484911084858005089\/4779055074072594921\/be553d0e463c1c43f544a5afe546b733abf4e55855e402b9a71b656fef8c0c0d",
      "board":{
        "url":"https:\/\/www.pinterest.com\/fashion0725\/celebrities\/",
        "id":"484911153567318653",
        "name":"Celebrities"
      },
      "image":{
        "original":{
          "url":"https:\/\/s-media-cache-ak0.pinimg.com\/originals\/22\/d9\/ce\/22d9ce1fda12eed9ab8dc5b4dd40ffa7.jpg",
          "width":352,
          "height":527
        }
      },
      "counts":{
        "likes":8,
        "comments":0,
        "repins":11
      },
      "id":"484911084858005089",
      "metadata":{
        "article":{
          "published_at":null,
          "description":"He\u2019s acted in almost 40 films, but before last year you probably only knew Josh Hutcherson, 20, from his role as the son of a lesbian couple in 2010\u2019s The Kids Are All Right. It...",
          "name":"The Hunger Games' Josh Hutcherson Really Is a Nice Guy. Come See",
          "authors":[]
        },
        "link":{
          "locale":"en_US",
          "title":"The Hunger Games' Josh Hutcherson Really Is a Nice Guy. Come See",
          "site_name":"Glamour",
          "description":"He\u2019s acted in almost 40 films, but before last year you probably only knew Josh Hutcherson, 20, from his role as the son of a lesbian couple in 2010\u2019s The Kids Are All Right. It...",
          "favicon":"https:\/\/s-media-cache-ak0.pinimg.com\/favicons\/efb9ec7a878a8085ba532bb4e7fcb5511924448ddfa6d0a4bdd6a02d.ico?04add631474f5df03f16dc6e63215447"
        }
      }
    },
    {
      "attribution":null,
      "creator":{
        "url":"https:\/\/www.pinterest.com\/fashion0725\/",
        "first_name":"Teen",
        "last_name":"Fashion",
        "id":"484911222286727426"
      },
      "url":"https:\/\/www.pinterest.com\/pin\/484911084857993119\/",
      "media":{
        "type":"image"
      },
      "created_at":"2015-10-14T01:26:53",
      "original_link":"http:\/\/releasings.net\/post\/48053987970",
      "note":"\/\/ cara delevingne",
      "color":"#7d7d7d",
      "link":"https:\/\/www.pinterest.com\/r\/pin\/484911084857993119\/4779055074072594921\/b1af0531b2ccab997303d4645f7c0c0064d7670b9e878578792ee4e7b62f3380",
      "board":{
        "url":"https:\/\/www.pinterest.com\/fashion0725\/celebrities\/",
        "id":"484911153567318653",
        "name":"Celebrities"
      },
      "image":{
        "original":{
          "url":"https:\/\/s-media-cache-ak0.pinimg.com\/originals\/02\/63\/c8\/0263c81dc24ba27f090ba24d456c7f32.jpg",
          "width":500,
          "height":1124
        }
      },
      "counts":{
        "likes":9,
        "comments":0,
        "repins":35
      },
      "id":"484911084857993119",
      "metadata":{
      }
    },
    {
      "attribution":null,
      "creator":{
        "url":"https:\/\/www.pinterest.com\/fashion0725\/",
        "first_name":"Teen",
        "last_name":"Fashion",
        "id":"484911222286727426"
      },
      "url":"https:\/\/www.pinterest.com\/pin\/484911084857993110\/",
      "media":{
        "type":"image"
      },
      "created_at":"2015-10-14T01:26:26",
      "original_link":"http:\/\/recycledvinyl.tumblr.com\/",
      "note":"Chris Evans",
      "color":"#c69959",
      "link":"https:\/\/www.pinterest.com\/r\/pin\/484911084857993110\/4779055074072594921\/07306ba2744a921b03146d49b859cb0e339cfd61c2bcf1e40bde55f8c61b456b",
      "board":{
        "url":"https:\/\/www.pinterest.com\/fashion0725\/celebrities\/",
        "id":"484911153567318653",
        "name":"Celebrities"
      },
      "image":{
        "original":{
          "url":"https:\/\/s-media-cache-ak0.pinimg.com\/originals\/e4\/19\/a5\/e419a579254e230009b62490f4a63198.jpg",
          "width":500,
          "height":610
        }
      },
      "counts":{
        "likes":1,
        "comments":0,
        "repins":2
      },
      "id":"484911084857993110",
      "metadata":{
        "link":{
          "locale":"en",
          "title":"Not found.",
          "site_name":"recycledvinyl.tumblr.com",
          "description":"recycledvinyl",
          "favicon":"https:\/\/s-media-cache-ak0.pinimg.com\/favicons\/255a179156a08b2b3a0f2de3d133e8e21a36f24bf5529d8dc473fa90.ico?f9b03df5b8e19a9a821ec1997d011c19"
        }
      }
    },
    {
      "attribution":null,
      "creator":{
        "url":"https:\/\/www.pinterest.com\/fashion0725\/",
        "first_name":"Teen",
        "last_name":"Fashion",
        "id":"484911222286727426"
      },
      "url":"https:\/\/www.pinterest.com\/pin\/484911084857993100\/",
      "media":{
        "type":"image"
      },
      "created_at":"2015-10-14T01:25:56",
      "original_link":"http:\/\/www.elle.com\/fashion\/celebrity-style\/rihanna-best-fashion-moments?click=next#slide-19",
      "note":"Rihanna's Best Fashion Moments - Rihanna Style Photos -",
      "color":"#b4b3aa",
      "link":"https:\/\/www.pinterest.com\/r\/pin\/484911084857993100\/4779055074072594921\/b6499bedb09bb1d26a968fe337ed40c6b5a93bcba77385c51cbc67b084652538",
      "board":{
        "url":"https:\/\/www.pinterest.com\/fashion0725\/celebrities\/",
        "id":"484911153567318653",
        "name":"Celebrities"
      },
      "image":{
        "original":{
          "url":"https:\/\/s-media-cache-ak0.pinimg.com\/originals\/9e\/e5\/d0\/9ee5d07d0ffe2c66125af648c8addf1c.jpg",
          "width":800,
          "height":1200
        }
      },
      "counts":{
        "likes":1,
        "comments":0,
        "repins":2
      },
      "id":"484911084857993100",
      "metadata":{
        "article":{
          "published_at":"2015-11-08T00:00:00",
          "description":"Only RiRi could pull off a shearling coat as evening wear.",
          "name":"Rihanna's Best Looks",
          "authors":[
            {
              "name":"ELLE. com."
            }
          ]
        },
        "link":{
          "locale":"en",
          "title":"Rihanna's Best Looks",
          "site_name":"ELLE",
          "description":"See Rihanna's best fashion moments.",
          "favicon":"https:\/\/s-media-cache-ak0.pinimg.com\/favicons\/a356e418c2ca7f03b0c2d4ec5c41ef6977631cdd2e4b8e7dc607fcc6.ico?9b59e9ee546c882083ffbda09ffeb225"
        }
      }
    },
    {
      "attribution":null,
      "creator":{
        "url":"https:\/\/www.pinterest.com\/fashion0725\/",
        "first_name":"Teen",
        "last_name":"Fashion",
        "id":"484911222286727426"
      },
      "url":"https:\/\/www.pinterest.com\/pin\/484911084857927092\/",
      "media":{
        "type":"image"
      },
      "created_at":"2015-10-09T20:49:18",
      "original_link":"",
      "note":"EMMA WATSON",
      "color":"#8c8b85",
      "link":"",
      "board":{
        "url":"https:\/\/www.pinterest.com\/fashion0725\/celebrities\/",
        "id":"484911153567318653",
        "name":"Celebrities"
      },
      "image":{
        "original":{
          "url":"https:\/\/s-media-cache-ak0.pinimg.com\/originals\/63\/ef\/3c\/63ef3c2e42e2d26038c0e649246caad9.jpg",
          "width":500,
          "height":640
        }
      },
      "counts":{
        "likes":3,
        "comments":0,
        "repins":16
      },
      "id":"484911084857927092",
      "metadata":{
      }
    },
    {
      "attribution":null,
      "creator":{
        "url":"https:\/\/www.pinterest.com\/fashion0725\/",
        "first_name":"Teen",
        "last_name":"Fashion",
        "id":"484911222286727426"
      },
      "url":"https:\/\/www.pinterest.com\/pin\/484911084857927091\/",
      "media":{
        "type":"image"
      },
      "created_at":"2015-10-09T20:49:09",
      "original_link":"",
      "note":"Blake.",
      "color":"#bda88f",
      "link":"",
      "board":{
        "url":"https:\/\/www.pinterest.com\/fashion0725\/celebrities\/",
        "id":"484911153567318653",
        "name":"Celebrities"
      },
      "image":{
        "original":{
          "url":"https:\/\/s-media-cache-ak0.pinimg.com\/originals\/08\/32\/5d\/08325d9e39c720fed34108b98e14df7b.jpg",
          "width":500,
          "height":614
        }
      },
      "counts":{
        "likes":15,
        "comments":0,
        "repins":31
      },
      "id":"484911084857927091",
      "metadata":{
      }
    },
    {
      "attribution":null,
      "creator":{
        "url":"https:\/\/www.pinterest.com\/fashion0725\/",
        "first_name":"Teen",
        "last_name":"Fashion",
        "id":"484911222286727426"
      },
      "url":"https:\/\/www.pinterest.com\/pin\/484911084857927071\/",
      "media":{
        "type":"image"
      },
      "created_at":"2015-10-09T20:46:19",
      "original_link":"",
      "note":"YASSSSSSS",
      "color":"#8b8769",
      "link":"",
      "board":{
        "url":"https:\/\/www.pinterest.com\/fashion0725\/celebrities\/",
        "id":"484911153567318653",
        "name":"Celebrities"
      },
      "image":{
        "original":{
          "url":"https:\/\/s-media-cache-ak0.pinimg.com\/originals\/41\/df\/c3\/41dfc3d80a5f313aab982fb56a32291c.jpg",
          "width":640,
          "height":413
        }
      },
      "counts":{
        "likes":1,
        "comments":0,
        "repins":0
      },
      "id":"484911084857927071",
      "metadata":{
      }
    },
    {
      "attribution":null,
      "creator":{
        "url":"https:\/\/www.pinterest.com\/fashion0725\/",
        "first_name":"Teen",
        "last_name":"Fashion",
        "id":"484911222286727426"
      },
      "url":"https:\/\/www.pinterest.com\/pin\/484911084857383174\/",
      "media":{
        "type":"image"
      },
      "created_at":"2015-09-02T12:22:47",
      "original_link":"http:\/\/www.bloglovin.com\/frame?post=1760901209&group=0&frame_type=a&blog=2227519&link=aHR0cDovL2N1YmljbGVyZWZ1Z2VlLnR1bWJsci5jb20vcG9zdC82NDM2MDg2MDI4NA&frame=1&click=0&user=0",
      "note":"Mary-Kate & Ashley Olsen",
      "color":"#353535",
      "link":"https:\/\/www.pinterest.com\/r\/pin\/484911084857383174\/4779055074072594921\/b6a6725b95b46cbfd0d0c34ab93572ab274941445c5857d613f6e39855dd6c81",
      "board":{
        "url":"https:\/\/www.pinterest.com\/fashion0725\/celebrities\/",
        "id":"484911153567318653",
        "name":"Celebrities"
      },
      "image":{
        "original":{
          "url":"https:\/\/s-media-cache-ak0.pinimg.com\/originals\/cf\/48\/4d\/cf484dd78815548928887b019eb57e4e.png",
          "width":500,
          "height":647
        }
      },
      "counts":{
        "likes":1,
        "comments":0,
        "repins":2
      },
      "id":"484911084857383174",
      "metadata":{
        "article":{
          "published_at":"2013-10-18T00:00:00",
          "description":"Photo, , a post from the blog CUBICLE REFUGEE on Bloglovin\u2019",
          "name":"Photo (CUBICLE REFUGEE)",
          "authors":[]
        },
        "link":{
          "locale":"en",
          "title":"Photo (CUBICLE REFUGEE)",
          "site_name":"Bloglovin\u2019",
          "description":"Photo, , a post from the blog CUBICLE REFUGEE on Bloglovin\u2019",
          "favicon":"https:\/\/s-media-cache-ak0.pinimg.com\/favicons\/98f538101077f643814847abf4e720d9b5dbb9178a3c9301670ed1a9.ico?165720caf3ca124999a0eff64bcca0cc"
        }
      }
    },
    {
      "attribution":null,
      "creator":{
        "url":"https:\/\/www.pinterest.com\/fashion0725\/",
        "first_name":"Teen",
        "last_name":"Fashion",
        "id":"484911222286727426"
      },
      "url":"https:\/\/www.pinterest.com\/pin\/484911084857222000\/",
      "media":{
        "type":"image"
      },
      "created_at":"2015-08-22T13:02:27",
      "original_link":"http:\/\/zsazsabellagio.blogspot.cz\/2013\/08\/in-mens-room_18.html",
      "note":" ",
      "color":"#584249",
      "link":"https:\/\/www.pinterest.com\/r\/pin\/484911084857222000\/4779055074072594921\/6bd8a63ece7414d62e6422d46ad15a39df33b329ae6bcfb66be073b2574c7b0d",
      "board":{
        "url":"https:\/\/www.pinterest.com\/fashion0725\/celebrities\/",
        "id":"484911153567318653",
        "name":"Celebrities"
      },
      "image":{
        "original":{
          "url":"https:\/\/s-media-cache-ak0.pinimg.com\/originals\/ba\/30\/9e\/ba309ed207beeb25c3aaf8ec29f579d8.jpg",
          "width":500,
          "height":656
        }
      },
      "counts":{
        "likes":2,
        "comments":0,
        "repins":10
      },
      "id":"484911084857222000",
      "metadata":{
      }
    },
    {
      "attribution":{
        "title":"\"12 Years A Slave\" Premiere - Arrivals - 2013 Toronto International Film Festival",
        "provider_favicon_url":"https:\/\/s-passets-cache-ak0.pinimg.com\/images\/api\/attrib\/getty images.png",
        "author_name":"Jason Merritt",
        "url":"http:\/\/www.gettyimages.com\/detail\/179722658",
        "author_url":"http:\/\/www.gettyimages.com\/detail\/179722658",
        "provider_name":"Getty Images"
      },
      "creator":{
        "url":"https:\/\/www.pinterest.com\/fashion0725\/",
        "first_name":"Teen",
        "last_name":"Fashion",
        "id":"484911222286727426"
      },
      "url":"https:\/\/www.pinterest.com\/pin\/484911084857183370\/",
      "media":{
        "type":"image"
      },
      "created_at":"2015-08-19T14:26:48",
      "original_link":"http:\/\/www.fabsugar.com\/What-Lupita-Nyongo-Wear-Met-Gala-34643933",
      "note":"Lupita Nyong'o in Prada at the Toronto Film Festival.",
      "color":"#c3b9b2",
      "link":"https:\/\/www.pinterest.com\/r\/pin\/484911084857183370\/4779055074072594921\/7d7e34ad7a5a17a388daa3e93139069d11a5102f9a9ff412ab144545e4ad9039",
      "board":{
        "url":"https:\/\/www.pinterest.com\/fashion0725\/celebrities\/",
        "id":"484911153567318653",
        "name":"Celebrities"
      },
      "image":{
        "original":{
          "url":"https:\/\/s-media-cache-ak0.pinimg.com\/originals\/14\/37\/33\/1437335ea303ddc576aa234ba3e7919d.jpg",
          "width":728,
          "height":2728
        }
      },
      "counts":{
        "likes":3,
        "comments":0,
        "repins":5
      },
      "id":"484911084857183370",
      "metadata":{
        "article":{
          "published_at":"2014-04-23T00:00:00",
          "description":"Now that Lupita Nyong'o has been declared People's most beautiful, the red carpet standout is in a whole new class of star. Sure an Oscar is nice, but how many actresses can say they've earned the coveted spot atop this list, after all? All that's left",
          "name":"The Red Carpet Stakes Have Been Raised For Lupita Nyong'o",
          "authors":[
            {
              "name":"Randy Miller"
            }
          ]
        },
        "link":{
          "locale":"en_US",
          "title":"The Red Carpet Stakes Have Been Raised For Lupita Nyong'o",
          "site_name":"POPSUGAR Fashion",
          "description":"Now that Lupita Nyong'o has been declared People's most beautiful, the red carpet standout is in a whole new class of star. Sure an Oscar is nice, but how many actresses can say they've earned the coveted spot atop this list, after all? All that's left",
          "favicon":"https:\/\/s-media-cache-ak0.pinimg.com\/favicons\/55140f0e6022978fa18a38afc790d98bba79a502f390e5a2bd99c0de.ico?6c7b2cad05de0cc4d8bb6d83f7600cbc"
        }
      }
    },
    {
      "attribution":null,
      "creator":{
        "url":"https:\/\/www.pinterest.com\/fashion0725\/",
        "first_name":"Teen",
        "last_name":"Fashion",
        "id":"484911222286727426"
      },
      "url":"https:\/\/www.pinterest.com\/pin\/484911084857183364\/",
      "media":{
        "type":"image"
      },
      "created_at":"2015-08-19T14:26:38",
      "original_link":"http:\/\/bybloom.tumblr.com\/post\/80825832399",
      "note":"Emma Stone.",
      "color":"#e3d6cb",
      "link":"https:\/\/www.pinterest.com\/r\/pin\/484911084857183364\/4779055074072594921\/1c683eb17f00797033869e0115d4f92edae4be96972c9e9a59ac2e1c2dcd2602",
      "board":{
        "url":"https:\/\/www.pinterest.com\/fashion0725\/celebrities\/",
        "id":"484911153567318653",
        "name":"Celebrities"
      },
      "image":{
        "original":{
          "url":"https:\/\/s-media-cache-ak0.pinimg.com\/originals\/f5\/e8\/21\/f5e8216ca37efc326389685d2a7c8a7b.png",
          "width":500,
          "height":700
        }
      },
      "counts":{
        "likes":2,
        "comments":0,
        "repins":17
      },
      "id":"484911084857183364",
      "metadata":{
        "link":{
          "locale":"en",
          "title":"bybloom",
          "site_name":"bybloom.tumblr.com",
          "description":"shop: bloomdowntown.com | See: KendiEveryday.com",
          "favicon":"https:\/\/s-media-cache-ak0.pinimg.com\/favicons\/248046d885145398749cf6fc2eb1f49149416ea4f727f612d3478f9e.png?6c9a57002d60192174c7a214ea32e20f"
        }
      }
    },
    {
      "attribution":null,
      "creator":{
        "url":"https:\/\/www.pinterest.com\/fashion0725\/",
        "first_name":"Teen",
        "last_name":"Fashion",
        "id":"484911222286727426"
      },
      "url":"https:\/\/www.pinterest.com\/pin\/484911084857138996\/",
      "media":{
        "type":"image"
      },
      "created_at":"2015-08-16T12:01:50",
      "original_link":"",
      "note":"blake lively. my woman crush since Gossip Girl. XoXo",
      "color":"#b49572",
      "link":"",
      "board":{
        "url":"https:\/\/www.pinterest.com\/fashion0725\/celebrities\/",
        "id":"484911153567318653",
        "name":"Celebrities"
      },
      "image":{
        "original":{
          "url":"https:\/\/s-media-cache-ak0.pinimg.com\/originals\/45\/23\/52\/4523526ae61c2d0415b181b0ec2883d1.jpg",
          "width":735,
          "height":1222
        }
      },
      "counts":{
        "likes":2,
        "comments":0,
        "repins":26
      },
      "id":"484911084857138996",
      "metadata":{
      }
    },
    {
      "attribution":null,
      "creator":{
        "url":"https:\/\/www.pinterest.com\/fashion0725\/",
        "first_name":"Teen",
        "last_name":"Fashion",
        "id":"484911222286727426"
      },
      "url":"https:\/\/www.pinterest.com\/pin\/484911084857138995\/",
      "media":{
        "type":"image"
      },
      "created_at":"2015-08-16T12:01:44",
      "original_link":"",
      "note":"Emma",
      "color":"#211e2d",
      "link":"",
      "board":{
        "url":"https:\/\/www.pinterest.com\/fashion0725\/celebrities\/",
        "id":"484911153567318653",
        "name":"Celebrities"
      },
      "image":{
        "original":{
          "url":"https:\/\/s-media-cache-ak0.pinimg.com\/originals\/87\/ee\/15\/87ee1535c2d9989adef16ad113b44f23.jpg",
          "width":500,
          "height":603
        }
      },
      "counts":{
        "likes":1,
        "comments":0,
        "repins":8
      },
      "id":"484911084857138995",
      "metadata":{
      }
    },
    {
      "attribution":null,
      "creator":{
        "url":"https:\/\/www.pinterest.com\/fashion0725\/",
        "first_name":"Teen",
        "last_name":"Fashion",
        "id":"484911222286727426"
      },
      "url":"https:\/\/www.pinterest.com\/pin\/484911084857138992\/",
      "media":{
        "type":"image"
      },
      "created_at":"2015-08-16T12:00:58",
      "original_link":"",
      "note":"Amanda Seyfried || Fresh makeup... so beautiful",
      "color":"#bb9578",
      "link":"",
      "board":{
        "url":"https:\/\/www.pinterest.com\/fashion0725\/celebrities\/",
        "id":"484911153567318653",
        "name":"Celebrities"
      },
      "image":{
        "original":{
          "url":"https:\/\/s-media-cache-ak0.pinimg.com\/originals\/85\/f5\/a2\/85f5a2952975a363e4dd6f37ebeb393c.jpg",
          "width":1000,
          "height":1500
        }
      },
      "counts":{
        "likes":2,
        "comments":0,
        "repins":31
      },
      "id":"484911084857138992",
      "metadata":{
      }
    },
    {
      "attribution":null,
      "creator":{
        "url":"https:\/\/www.pinterest.com\/fashion0725\/",
        "first_name":"Teen",
        "last_name":"Fashion",
        "id":"484911222286727426"
      },
      "url":"https:\/\/www.pinterest.com\/pin\/484911084857138990\/",
      "media":{
        "type":"image"
      },
      "created_at":"2015-08-16T12:00:44",
      "original_link":"http:\/\/www.heavy.com\/entertainment\/2014\/03\/theo-james-shailene-woodley-divergent-four-tris\/",
      "note":"Theo James & Shailene Woodley",
      "color":"#42624e",
      "link":"https:\/\/www.pinterest.com\/r\/pin\/484911084857138990\/4779055074072594921\/f710fdd244f7e665bd2032ab5222a2b3f05e4f72ef96d2fc1e0418ee9641e143",
      "board":{
        "url":"https:\/\/www.pinterest.com\/fashion0725\/celebrities\/",
        "id":"484911153567318653",
        "name":"Celebrities"
      },
      "image":{
        "original":{
          "url":"https:\/\/s-media-cache-ak0.pinimg.com\/originals\/14\/bf\/6b\/14bf6b297cfb5c7329f8cb52dce0dfbd.jpg",
          "width":640,
          "height":854
        }
      },
      "counts":{
        "likes":7,
        "comments":0,
        "repins":11
      },
      "id":"484911084857138990",
      "metadata":{
      }
    },
    {
      "attribution":null,
      "creator":{
        "url":"https:\/\/www.pinterest.com\/fashion0725\/",
        "first_name":"Teen",
        "last_name":"Fashion",
        "id":"484911222286727426"
      },
      "url":"https:\/\/www.pinterest.com\/pin\/484911084857104195\/",
      "media":{
        "type":"image"
      },
      "created_at":"2015-08-13T13:54:51",
      "original_link":"http:\/\/www.pouted.com\/2014-latest-mens-hair-trends-spring-summer\/",
      "note":"Zac Efron Charlie St. Cloud...love this movie.",
      "color":"#796249",
      "link":"https:\/\/www.pinterest.com\/r\/pin\/484911084857104195\/4779055074072594921\/439d6f534a2211edaf92e5332ab2aa84a0d66e580d1a4585bcc139434a3d8383",
      "board":{
        "url":"https:\/\/www.pinterest.com\/fashion0725\/celebrities\/",
        "id":"484911153567318653",
        "name":"Celebrities"
      },
      "image":{
        "original":{
          "url":"https:\/\/s-media-cache-ak0.pinimg.com\/originals\/5c\/43\/04\/5c430454dcad63e038b94d23d722b754.jpg",
          "width":550,
          "height":1029
        }
      },
      "counts":{
        "likes":5,
        "comments":0,
        "repins":14
      },
      "id":"484911084857104195",
      "metadata":{
        "article":{
          "published_at":"2014-05-02T00:00:00",
          "description":"It is not fair to talk most of the time, if it is not all of it, about women and the latest fashion",
          "name":"2014 Latest Men\u2019s Hair Trends for Spring & Summer",
          "authors":[]
        },
        "link":{
          "locale":"en_US",
          "title":"2014 Latest Men\u2019s Hair Trends for Spring & Summer - Pouted Online Magazine - Latest Design Trends, Creative Decorating Ideas, Stylish Interior Designs & Gift Ideas",
          "site_name":"Pouted Online Magazine - Latest Design Trends, Creative Decorating Ideas, Stylish Interior Designs & Gift Ideas",
          "description":"It is not fair to talk most of the time, if it is not all of it, about women and the latest fashion trends that are presented to them without caring about men...",
          "favicon":"https:\/\/s-media-cache-ak0.pinimg.com\/favicons\/356cfd34b486c4901ab94ee69df268e634a3771fd5fe1c1ddf0a1366.png?5cd5aaa1e159cf66491091e5c2a9a992"
        }
      }
    },
    {
      "attribution":null,
      "creator":{
        "url":"https:\/\/www.pinterest.com\/fashion0725\/",
        "first_name":"Teen",
        "last_name":"Fashion",
        "id":"484911222286727426"
      },
      "url":"https:\/\/www.pinterest.com\/pin\/484911084857104162\/",
      "media":{
        "type":"image"
      },
      "created_at":"2015-08-13T13:53:11",
      "original_link":"",
      "note":" ",
      "color":"#bdbdbd",
      "link":"",
      "board":{
        "url":"https:\/\/www.pinterest.com\/fashion0725\/celebrities\/",
        "id":"484911153567318653",
        "name":"Celebrities"
      },
      "image":{
        "original":{
          "url":"https:\/\/s-media-cache-ak0.pinimg.com\/originals\/c9\/16\/db\/c916dbbdf7f8c499b820a03cda731fe9.jpg",
          "width":500,
          "height":500
        }
      },
      "counts":{
        "likes":1,
        "comments":0,
        "repins":6
      },
      "id":"484911084857104162",
      "metadata":{
      }
    },
    {
      "attribution":null,
      "creator":{
        "url":"https:\/\/www.pinterest.com\/fashion0725\/",
        "first_name":"Teen",
        "last_name":"Fashion",
        "id":"484911222286727426"
      },
      "url":"https:\/\/www.pinterest.com\/pin\/484911084856986251\/",
      "media":{
        "type":"image"
      },
      "created_at":"2015-08-04T14:01:17",
      "original_link":"http:\/\/bonelegs.tumblr.com\/post\/25647617706\/niall-h0jumped-cutie",
      "note":"Ed Sheeran cuddling a cat {gif} awwwwww....adorablest thing ever!!!!",
      "color":"#3b3b3b",
      "link":"https:\/\/www.pinterest.com\/r\/pin\/484911084856986251\/4779055074072594921\/b8b64fa5d1e5795e7a7fa4c1f0266ac099c13031d611711aa99bab45d0c74048",
      "board":{
        "url":"https:\/\/www.pinterest.com\/fashion0725\/celebrities\/",
        "id":"484911153567318653",
        "name":"Celebrities"
      },
      "image":{
        "original":{
          "url":"https:\/\/s-media-cache-ak0.pinimg.com\/originals\/c2\/c4\/7f\/c2c47f61e44b439972628a0e91792418.jpg",
          "width":400,
          "height":171
        }
      },
      "counts":{
        "likes":5,
        "comments":0,
        "repins":5
      },
      "id":"484911084856986251",
      "metadata":{
        "link":{
          "locale":"en",
          "title":"bonelegs",
          "site_name":"bonelegs.tumblr.com",
          "description":"niall-h0jumped: \u201c cutie. \u201d",
          "favicon":"https:\/\/s-media-cache-ak0.pinimg.com\/favicons\/429308caab850d3fec40814ce1cd4092b523ebed670fc175bb076913.png?212f7423241dd795e614f9dffbeab589"
        }
      }
    },
    {
      "attribution":null,
      "creator":{
        "url":"https:\/\/www.pinterest.com\/fashion0725\/",
        "first_name":"Teen",
        "last_name":"Fashion",
        "id":"484911222286727426"
      },
      "url":"https:\/\/www.pinterest.com\/pin\/484911084856986250\/",
      "media":{
        "type":"image"
      },
      "created_at":"2015-08-04T14:01:13",
      "original_link":"http:\/\/tswiftdaily.com\/post\/108384783556",
      "note":"1\/17\/15",
      "color":"#490c11",
      "link":"https:\/\/www.pinterest.com\/r\/pin\/484911084856986250\/4779055074072594921\/9d7627f751dcac3dfae94c950be5c1ad630e08e0867225c3989f4a279c2b12f2",
      "board":{
        "url":"https:\/\/www.pinterest.com\/fashion0725\/celebrities\/",
        "id":"484911153567318653",
        "name":"Celebrities"
      },
      "image":{
        "original":{
          "url":"https:\/\/s-media-cache-ak0.pinimg.com\/originals\/dd\/51\/ea\/dd51ea34ab65fe5a5e14de335a963509.jpg",
          "width":1280,
          "height":1402
        }
      },
      "counts":{
        "likes":0,
        "comments":0,
        "repins":4
      },
      "id":"484911084856986250",
      "metadata":{
      }
    },
    {
      "attribution":null,
      "creator":{
        "url":"https:\/\/www.pinterest.com\/fashion0725\/",
        "first_name":"Teen",
        "last_name":"Fashion",
        "id":"484911222286727426"
      },
      "url":"https:\/\/www.pinterest.com\/pin\/484911084856905616\/",
      "media":{
        "type":"image"
      },
      "created_at":"2015-07-29T11:15:45",
      "original_link":"http:\/\/matome.naver.jp\/odai\/2130899921879651501\/2131039121604931603",
      "note":"if i had a time machine, the first place i'd go is to the time when leonardo dicaprio looked like this",
      "color":"#393939",
      "link":"https:\/\/www.pinterest.com\/r\/pin\/484911084856905616\/4779055074072594921\/a4a79261cb1292f55748b9e9318f2d2f1a66a0aa4f7c2702e559837477a133b8",
      "board":{
        "url":"https:\/\/www.pinterest.com\/fashion0725\/celebrities\/",
        "id":"484911153567318653",
        "name":"Celebrities"
      },
      "image":{
        "original":{
          "url":"https:\/\/s-media-cache-ak0.pinimg.com\/originals\/11\/3a\/18\/113a188c1412b5d5641e34401b2f48f2.jpg",
          "width":579,
          "height":756
        }
      },
      "counts":{
        "likes":7,
        "comments":0,
        "repins":9
      },
      "id":"484911084856905616",
      "metadata":{
      }
    },
    {
      "attribution":null,
      "creator":{
        "url":"https:\/\/www.pinterest.com\/fashion0725\/",
        "first_name":"Teen",
        "last_name":"Fashion",
        "id":"484911222286727426"
      },
      "url":"https:\/\/www.pinterest.com\/pin\/484911084856905615\/",
      "media":{
        "type":"image"
      },
      "created_at":"2015-07-29T11:15:17",
      "original_link":"http:\/\/theniftyfifties.tumblr.com\/page\/3",
      "note":"Marilyn #Monroe, 1959.",
      "color":"#b2a89a",
      "link":"https:\/\/www.pinterest.com\/r\/pin\/484911084856905615\/4779055074072594921\/71489fb2aaabae5e8530c063206725dde9760355e2e81f939f5c8b6e1c8402fd",
      "board":{
        "url":"https:\/\/www.pinterest.com\/fashion0725\/celebrities\/",
        "id":"484911153567318653",
        "name":"Celebrities"
      },
      "image":{
        "original":{
          "url":"https:\/\/s-media-cache-ak0.pinimg.com\/originals\/e8\/a0\/0c\/e8a00c3ba6b27a5a91b86debd3c38c7c.jpg",
          "width":500,
          "height":693
        }
      },
      "counts":{
        "likes":1,
        "comments":0,
        "repins":4
      },
      "id":"484911084856905615",
      "metadata":{
        "link":{
          "locale":"en",
          "title":"The Nifty Fifties",
          "site_name":"theniftyfifties.tumblr.com",
          "description":"A celebration of fashion and popular culture of the atomic age. Long live '50's glamour!",
          "favicon":"https:\/\/s-media-cache-ak0.pinimg.com\/favicons\/aa7039e86afb284aa6b47a4eafa8918c64c95e018945658666435c1c.png?554ffd3ae64560ea11bf5550f07aecd8"
        }
      }
    }
  ],
  "page":{
    "cursor":"LT40ODQ5MTEwODQ4NTY5MDU2MTU6NDl8NTM5YzkxN2VjYWEyMzFiYmFjZjgyOTM2Zjk5ZGMzODFlYjRlMjE3OTRjNjhhODI5MTc3ODY0Zjc2MTI2M2I3Mg==",
    "next":"https:\/\/api.pinterest.com\/v1\/boards\/fashion0725\/celebrities\/pins\/?access_token=AZlZE-HOK-Y4205yRft75KyYVaauFCBIs8jxSxdCtrJcomAqbQAAAAA&fields=id%2Clink%2Cnote%2Curl%2Cattribution%2Cmedia%2Cmetadata%2Cboard%2Ccolor%2Ccounts%2Ccreated_at%2Ccreator%2Cimage%2Coriginal_link&cursor=LT40ODQ5MTEwODQ4NTY5MDU2MTU6NDl8NTM5YzkxN2VjYWEyMzFiYmFjZjgyOTM2Zjk5ZGMzODFlYjRlMjE3OTRjNjhhODI5MTc3ODY0Zjc2MTI2M2I3Mg%3D%3D"
  }
}
