{
  "data":[
    {
      "attribution":null,
      "creator":{
        "url":"https:\/\/www.pinterest.com\/dailymail\/",
        "first_name":"Daily Mail",
        "last_name":"",
        "id":"536561880513118266"
      },
      "url":"https:\/\/www.pinterest.com\/pin\/536561743080539078\/",
      "media":{
        "type":"image"
      },
      "created_at":"2015-03-10T15:11:44",
      "original_link":"http:\/\/www.dailymail.co.uk\/tvshowbiz\/article-2987822\/Cara-Delevingne-FINALLY-hits-catwalk-Paris-Fashion-Week-BFF-Kendall-Jenner-walk-Chanel.html",
      "note":"Here we go: Anna Wintour and photographer Mario Testino didn't look too impressed as they took their seats for the show",
      "color":"#3b2026",
      "link":"https:\/\/www.pinterest.com\/r\/pin\/536561743080539078\/4779055074072594921\/e36936c254ff3edd3ee2107e415641e419a0f14ebb1d6847e5212aa5fb8159b0",
      "board":{
        "url":"https:\/\/www.pinterest.com\/dailymail\/celebrities\/",
        "id":"536561811793888186",
        "name":"Celebrities"
      },
      "image":{
        "original":{
          "url":"https:\/\/s-media-cache-ak0.pinimg.com\/originals\/fa\/3b\/96\/fa3b96281441034782972c232a006dab.jpg",
          "width":962,
          "height":786
        }
      },
      "counts":{
        "likes":0,
        "comments":0,
        "repins":0
      },
      "id":"536561743080539078",
      "metadata":{
        "article":{
          "published_at":null,
          "description":"The 22-year-old British supermodel finally walked the catwalk for Chanel on Tuesday and she was accompanied by her model BFF Kendall Jenner.",
          "name":"Cara Delevingne and BFF Kendall Jenner walk for Chanel at PFW",
          "authors":[]
        },
        "link":{
          "locale":"en_GB",
          "title":"Cara Delevingne and BFF Kendall Jenner walk for Chanel at PFW",
          "site_name":"Mail Online",
          "description":"The 22-year-old British supermodel finally walked the catwalk for Chanel on Tuesday and she was accompanied by her model BFF Kendall Jenner.",
          "favicon":"https:\/\/s-media-cache-ak0.pinimg.com\/favicons\/ba8856b627a2bf282a5dab73c40812571f90daf57fe69780aa1096ab.ico?a8690769c53090d08b0560db0144a818"
        }
      }
    },
    {
      "attribution":null,
      "creator":{
        "url":"https:\/\/www.pinterest.com\/dailymail\/",
        "first_name":"Daily Mail",
        "last_name":"",
        "id":"536561880513118266"
      },
      "url":"https:\/\/www.pinterest.com\/pin\/536561743080539034\/",
      "media":{
        "type":"image"
      },
      "created_at":"2015-03-10T15:07:32",
      "original_link":"http:\/\/www.dailymail.co.uk\/tvshowbiz\/article-2987822\/Cara-Delevingne-FINALLY-hits-catwalk-Paris-Fashion-Week-BFF-Kendall-Jenner-walk-Chanel.html",
      "note":"Dream team: Chanel designer Karl Lagerfeld posed with Kendall and Cara at the Chanel Autumn\/ Winter show",
      "color":"#a19f9a",
      "link":"https:\/\/www.pinterest.com\/r\/pin\/536561743080539034\/4779055074072594921\/44bfe658ae1804a71d31ea9d1b18a25e43c9357fc94ef14b671b8c6d3cd0ca55",
      "board":{
        "url":"https:\/\/www.pinterest.com\/dailymail\/celebrities\/",
        "id":"536561811793888186",
        "name":"Celebrities"
      },
      "image":{
        "original":{
          "url":"https:\/\/s-media-cache-ak0.pinimg.com\/originals\/13\/ce\/3a\/13ce3ad1c15221797cbb9ea1a2ff0450.jpg",
          "width":962,
          "height":1228
        }
      },
      "counts":{
        "likes":3,
        "comments":0,
        "repins":1
      },
      "id":"536561743080539034",
      "metadata":{
        "article":{
          "published_at":null,
          "description":"The 22-year-old British supermodel finally walked the catwalk for Chanel on Tuesday and she was accompanied by her model BFF Kendall Jenner.",
          "name":"Cara Delevingne and BFF Kendall Jenner walk for Chanel at PFW",
          "authors":[]
        },
        "link":{
          "locale":"en_GB",
          "title":"Cara Delevingne and BFF Kendall Jenner walk for Chanel at PFW",
          "site_name":"Mail Online",
          "description":"The 22-year-old British supermodel finally walked the catwalk for Chanel on Tuesday and she was accompanied by her model BFF Kendall Jenner.",
          "favicon":"https:\/\/s-media-cache-ak0.pinimg.com\/favicons\/ba8856b627a2bf282a5dab73c40812571f90daf57fe69780aa1096ab.ico?a8690769c53090d08b0560db0144a818"
        }
      }
    },
    {
      "attribution":null,
      "creator":{
        "url":"https:\/\/www.pinterest.com\/dailymail\/",
        "first_name":"Daily Mail",
        "last_name":"",
        "id":"536561880513118266"
      },
      "url":"https:\/\/www.pinterest.com\/pin\/536561743080538792\/",
      "media":{
        "type":"image"
      },
      "created_at":"2015-03-10T14:44:06",
      "original_link":"http:\/\/www.dailymail.co.uk\/tvshowbiz\/article-2237932\/X-Factor-boyband-Emblem3-turned-chance-perform-Kendall-Jenners-birthday-party.html",
      "note":"Famous pals: Kendall skated hand-in-hand with Jaden Smith, 14, on the freshly frozen Kardashian family swimming pool",
      "color":"#38302e",
      "link":"https:\/\/www.pinterest.com\/r\/pin\/536561743080538792\/4779055074072594921\/25b95f21695550748c73196500485bf5b4dc954408d3a678f52e524583321429",
      "board":{
        "url":"https:\/\/www.pinterest.com\/dailymail\/celebrities\/",
        "id":"536561811793888186",
        "name":"Celebrities"
      },
      "image":{
        "original":{
          "url":"https:\/\/s-media-cache-ak0.pinimg.com\/originals\/57\/b3\/91\/57b391495a6082696611e274c636328b.jpg",
          "width":634,
          "height":679
        }
      },
      "counts":{
        "likes":0,
        "comments":0,
        "repins":0
      },
      "id":"536561743080538792",
      "metadata":{
        "article":{
          "published_at":"2012-11-24T00:00:00",
          "description":"Kendall Jenner tried to book X Factor finalists Emblem3 for her 17th birthday party but was promptly turned down by the hot boyband",
          "name":"X Factor boyband Emblem3 turned down chance to perform at Kendall Jenner's birthday party",
          "authors":[]
        },
        "link":{
          "locale":"en_GB",
          "title":"Denied: X Factor boyband Emblem3 turned down chance to perform at Kendall Jenner's birthday party",
          "site_name":"Mail Online",
          "description":"Kendall Jenner tried to book X Factor finalists Emblem3 for her 17th birthday party but was promptly turned down by the hot boyband",
          "favicon":"https:\/\/s-media-cache-ak0.pinimg.com\/favicons\/ba8856b627a2bf282a5dab73c40812571f90daf57fe69780aa1096ab.ico?a8690769c53090d08b0560db0144a818"
        }
      }
    },
    {
      "attribution":null,
      "creator":{
        "url":"https:\/\/www.pinterest.com\/dailymail\/",
        "first_name":"Daily Mail",
        "last_name":"",
        "id":"536561880513118266"
      },
      "url":"https:\/\/www.pinterest.com\/pin\/536561743080538548\/",
      "media":{
        "type":"image"
      },
      "created_at":"2015-03-10T14:21:02",
      "original_link":"http:\/\/www.dailymail.co.uk\/tvshowbiz\/article-2982085\/Gaga-Gigi-showcase-version-ugly-pretty-CR-Fashion-Book-spread.html",
      "note":"'Transforms in front of the camera with absolutely no limits': Lady Gaga donned an ultra-short wig and showcased her distinctive profile in the sixth issue of CR Fashion Book - on newsstands Thursday",
      "color":"#525051",
      "link":"https:\/\/www.pinterest.com\/r\/pin\/536561743080538548\/4779055074072594921\/823a87a1fbbbd4e39b3dba5c2da8ad569d59ea381d0ba556bb6eeb70528e4365",
      "board":{
        "url":"https:\/\/www.pinterest.com\/dailymail\/celebrities\/",
        "id":"536561811793888186",
        "name":"Celebrities"
      },
      "image":{
        "original":{
          "url":"https:\/\/s-media-cache-ak0.pinimg.com\/originals\/c0\/76\/fb\/c076fb0422908ac458cd3a783f4c747b.jpg",
          "width":634,
          "height":747
        }
      },
      "counts":{
        "likes":2,
        "comments":0,
        "repins":1
      },
      "id":"536561743080538548",
      "metadata":{
        "article":{
          "published_at":null,
          "description":"Both ladies are now enjoying Paris Fashion Week",
          "name":"Gaga and Gigi showcase their 'ugly pretty' for CR Fashion Book spread",
          "authors":[]
        },
        "link":{
          "locale":"en_GB",
          "title":"Gaga and Gigi showcase their 'ugly pretty' for CR Fashion Book spread",
          "site_name":"Mail Online",
          "description":"Both ladies are now enjoying Paris Fashion Week",
          "favicon":"https:\/\/s-media-cache-ak0.pinimg.com\/favicons\/ba8856b627a2bf282a5dab73c40812571f90daf57fe69780aa1096ab.ico?a8690769c53090d08b0560db0144a818"
        }
      }
    },
    {
      "attribution":null,
      "creator":{
        "url":"https:\/\/www.pinterest.com\/dailymail\/",
        "first_name":"Daily Mail",
        "last_name":"",
        "id":"536561880513118266"
      },
      "url":"https:\/\/www.pinterest.com\/pin\/536561743080538064\/",
      "media":{
        "type":"image"
      },
      "created_at":"2015-03-10T13:09:55",
      "original_link":"http:\/\/www.dailymail.co.uk\/tvshowbiz\/article-2982282\/Alessandra-Ambrosio-draws-attention-lithe-physique-lace-jumpsuit-attends-Balmain-PFW-aftershow-dinner.html",
      "note":"Daring to bare:\u00a0Victoria\u2019s Secret beauty Alessandra Ambrosio couldn\u2019t help but flash the flesh at the Balmain aftershow dinner at Laperouse restaurant on Thursday night",
      "color":"#1d1a1c",
      "link":"https:\/\/www.pinterest.com\/r\/pin\/536561743080538064\/4779055074072594921\/ca720754ce1b3d72f26995e051db6b3df350ea3e03c288ee264b0b1c4c2c118a",
      "board":{
        "url":"https:\/\/www.pinterest.com\/dailymail\/celebrities\/",
        "id":"536561811793888186",
        "name":"Celebrities"
      },
      "image":{
        "original":{
          "url":"https:\/\/s-media-cache-ak0.pinimg.com\/originals\/c8\/86\/21\/c88621db7f217de042d6b025774a6c5d.jpg",
          "width":634,
          "height":934
        }
      },
      "counts":{
        "likes":1,
        "comments":0,
        "repins":1
      },
      "id":"536561743080538064",
      "metadata":{
        "article":{
          "published_at":null,
          "description":"The Victoria\u2019s Secret beauty Alessandra Ambrosio couldn\u2019t help but flash the flesh at the Balmain aftershow dinner at Laperouse restaurant on Thursday night.",
          "name":"Alessandra Ambrosio rocks sheer lace jumpsuit at Balmain PFW dinner",
          "authors":[]
        },
        "link":{
          "locale":"en_GB",
          "title":"Alessandra Ambrosio rocks sheer lace jumpsuit at Balmain PFW dinner",
          "site_name":"Mail Online",
          "description":"The Victoria\u2019s Secret beauty Alessandra Ambrosio couldn\u2019t help but flash the flesh at the Balmain aftershow dinner at Laperouse restaurant on Thursday night.",
          "favicon":"https:\/\/s-media-cache-ak0.pinimg.com\/favicons\/ba8856b627a2bf282a5dab73c40812571f90daf57fe69780aa1096ab.ico?a8690769c53090d08b0560db0144a818"
        }
      }
    },
    {
      "attribution":null,
      "creator":{
        "url":"https:\/\/www.pinterest.com\/dailymail\/",
        "first_name":"Daily Mail",
        "last_name":"",
        "id":"536561880513118266"
      },
      "url":"https:\/\/www.pinterest.com\/pin\/536561743080538026\/",
      "media":{
        "type":"image"
      },
      "created_at":"2015-03-10T13:05:23",
      "original_link":"http:\/\/www.dailymail.co.uk\/tvshowbiz\/article-2983255\/Kendall-Jenner-receives-unwanted-attention-overly-eager-fan-love-lock-bridge.html",
      "note":"Done: The ladies were seen throwing away the keys after they'd attached their lock",
      "color":"#78706f",
      "link":"https:\/\/www.pinterest.com\/r\/pin\/536561743080538026\/4779055074072594921\/28c963aeeb0d1753489a26c16adf17a7a0f705eeddf6a206d33065862f7378b9",
      "board":{
        "url":"https:\/\/www.pinterest.com\/dailymail\/celebrities\/",
        "id":"536561811793888186",
        "name":"Celebrities"
      },
      "image":{
        "original":{
          "url":"https:\/\/s-media-cache-ak0.pinimg.com\/originals\/d8\/18\/13\/d8181363cfbdda294d70d945f243ce29.jpg",
          "width":634,
          "height":508
        }
      },
      "counts":{
        "likes":0,
        "comments":0,
        "repins":2
      },
      "id":"536561743080538026",
      "metadata":{
        "article":{
          "published_at":null,
          "description":"As a member of the one of world's most famous families she has grown accustomed to being centre of attention wherever she goes.",
          "name":"Kendall Jenner gets unwanted kiss from eager fan on love lock bridge",
          "authors":[]
        },
        "link":{
          "locale":"en_GB",
          "title":"Kendall Jenner gets unwanted kiss from eager fan on love lock bridge\u00a0",
          "site_name":"Mail Online",
          "description":"As a member of the one of world's most famous families she has grown accustomed to being centre of attention wherever she goes.",
          "favicon":"https:\/\/s-media-cache-ak0.pinimg.com\/favicons\/ba8856b627a2bf282a5dab73c40812571f90daf57fe69780aa1096ab.ico?a8690769c53090d08b0560db0144a818"
        }
      }
    },
    {
      "attribution":null,
      "creator":{
        "url":"https:\/\/www.pinterest.com\/dailymail\/",
        "first_name":"Daily Mail",
        "last_name":"",
        "id":"536561880513118266"
      },
      "url":"https:\/\/www.pinterest.com\/pin\/536561743080538013\/",
      "media":{
        "type":"image"
      },
      "created_at":"2015-03-10T13:04:17",
      "original_link":"http:\/\/www.dailymail.co.uk\/tvshowbiz\/article-2983255\/Kendall-Jenner-receives-unwanted-attention-overly-eager-fan-love-lock-bridge.html",
      "note":"Close proximity: As Kendall and fellow model Gigi Hadid walked along the bridge her admirer stood close by",
      "color":"#777778",
      "link":"https:\/\/www.pinterest.com\/r\/pin\/536561743080538013\/4779055074072594921\/c530187b620e52206c6331e459525dfdaf0cdd53226314c131f8d853c2249fc6",
      "board":{
        "url":"https:\/\/www.pinterest.com\/dailymail\/celebrities\/",
        "id":"536561811793888186",
        "name":"Celebrities"
      },
      "image":{
        "original":{
          "url":"https:\/\/s-media-cache-ak0.pinimg.com\/originals\/fc\/ee\/71\/fcee715137fe3acce438ff9c8bc1f670.jpg",
          "width":634,
          "height":1175
        }
      },
      "counts":{
        "likes":0,
        "comments":0,
        "repins":5
      },
      "id":"536561743080538013",
      "metadata":{
        "article":{
          "published_at":null,
          "description":"As a member of the one of world's most famous families she has grown accustomed to being centre of attention wherever she goes.",
          "name":"Kendall Jenner gets unwanted kiss from eager fan on love lock bridge",
          "authors":[]
        },
        "link":{
          "locale":"en_GB",
          "title":"Kendall Jenner gets unwanted kiss from eager fan on love lock bridge\u00a0",
          "site_name":"Mail Online",
          "description":"As a member of the one of world's most famous families she has grown accustomed to being centre of attention wherever she goes.",
          "favicon":"https:\/\/s-media-cache-ak0.pinimg.com\/favicons\/ba8856b627a2bf282a5dab73c40812571f90daf57fe69780aa1096ab.ico?a8690769c53090d08b0560db0144a818"
        }
      }
    },
    {
      "attribution":null,
      "creator":{
        "url":"https:\/\/www.pinterest.com\/dailymail\/",
        "first_name":"Daily Mail",
        "last_name":"",
        "id":"536561880513118266"
      },
      "url":"https:\/\/www.pinterest.com\/pin\/536561743080537994\/",
      "media":{
        "type":"image"
      },
      "created_at":"2015-03-10T13:01:16",
      "original_link":"http:\/\/www.dailymail.co.uk\/tvshowbiz\/article-2983908\/Kim-Kardashian-squeezes-curvy-assets-silver-latex-leggings.html",
      "note":"Tress-ed to impress: Kim's newly blonde hair was straightened and worn down with a centre parting",
      "color":"#4d4949",
      "link":"https:\/\/www.pinterest.com\/r\/pin\/536561743080537994\/4779055074072594921\/d518d7116f4dc254c98c1333ce909ac9ea184aa28e2898458715b51c58b7dc68",
      "board":{
        "url":"https:\/\/www.pinterest.com\/dailymail\/celebrities\/",
        "id":"536561811793888186",
        "name":"Celebrities"
      },
      "image":{
        "original":{
          "url":"https:\/\/s-media-cache-ak0.pinimg.com\/originals\/fd\/65\/35\/fd6535089967c7218f3a0db2d4683764.jpg",
          "width":634,
          "height":832
        }
      },
      "counts":{
        "likes":0,
        "comments":0,
        "repins":2
      },
      "id":"536561743080537994",
      "metadata":{
        "article":{
          "published_at":"2015-03-07T00:00:00",
          "description":"Since touching down in the French capital for Paris Fashion Week, Kim Kardashian has done an efficient job of attracting all the attention each time she steps out in a fresh ensemble.",
          "name":"Kim Kardashian squeezes her curvy assets into pewter latex leggings",
          "authors":[]
        },
        "link":{
          "locale":"en_GB",
          "title":"Kim Kardashian squeezes her curvy assets into pewter latex leggings",
          "site_name":"Mail Online",
          "description":"Since touching down in the French capital for Paris Fashion Week, Kim Kardashian has done an efficient job of attracting all the attention each time she steps out in a fresh ensemble.",
          "favicon":"https:\/\/s-media-cache-ak0.pinimg.com\/favicons\/ba8856b627a2bf282a5dab73c40812571f90daf57fe69780aa1096ab.ico?a8690769c53090d08b0560db0144a818"
        }
      }
    },
    {
      "attribution":null,
      "creator":{
        "url":"https:\/\/www.pinterest.com\/dailymail\/",
        "first_name":"Daily Mail",
        "last_name":"",
        "id":"536561880513118266"
      },
      "url":"https:\/\/www.pinterest.com\/pin\/536561743080537978\/",
      "media":{
        "type":"image"
      },
      "created_at":"2015-03-10T13:00:07",
      "original_link":"http:\/\/www.dailymail.co.uk\/tvshowbiz\/article-2984262\/Kim-Kardashian-reveals-ash-white-scalp-spending-THREE-hours-betting-newlocks-lightened-Paris-salon.html",
      "note":"She debuted her newly blonde locks at Paris Fashion Week on Thursday afternoon, but seemingly not content with the drastically different look Kim Kardashian has made a swift return to the salon \u2013 where she dyed her hair an even lighter shade.",
      "color":"#7a7774",
      "link":"https:\/\/www.pinterest.com\/r\/pin\/536561743080537978\/4779055074072594921\/920a8d50b47f8246d0d98958bb762a1842b16b9e3f52c287ee896a86de420fcf",
      "board":{
        "url":"https:\/\/www.pinterest.com\/dailymail\/celebrities\/",
        "id":"536561811793888186",
        "name":"Celebrities"
      },
      "image":{
        "original":{
          "url":"https:\/\/s-media-cache-ak0.pinimg.com\/originals\/e8\/cb\/04\/e8cb046996f7bab4993f014d6fdc1734.jpg",
          "width":306,
          "height":514
        }
      },
      "counts":{
        "likes":1,
        "comments":0,
        "repins":3
      },
      "id":"536561743080537978",
      "metadata":{
        "article":{
          "published_at":null,
          "description":"With a hand pressed to her temple, Kim kept her head bowed as she made her way towards a waiting car \u2013 but in doing so revealed an ash white scalp",
          "name":"Kim Kardashian reveals white scalp",
          "authors":[]
        },
        "link":{
          "locale":"en_GB",
          "title":"Kim Kardashian reveals white scalp",
          "site_name":"Mail Online",
          "description":"With a hand pressed to her temple, Kim kept her head bowed as she made her way towards a waiting car \u2013 but in doing so revealed an ash white scalp",
          "favicon":"https:\/\/s-media-cache-ak0.pinimg.com\/favicons\/ba8856b627a2bf282a5dab73c40812571f90daf57fe69780aa1096ab.ico?a8690769c53090d08b0560db0144a818"
        }
      }
    },
    {
      "attribution":null,
      "creator":{
        "url":"https:\/\/www.pinterest.com\/dailymail\/",
        "first_name":"Daily Mail",
        "last_name":"",
        "id":"536561880513118266"
      },
      "url":"https:\/\/www.pinterest.com\/pin\/536561743080537074\/",
      "media":{
        "type":"image"
      },
      "created_at":"2015-03-10T10:30:19",
      "original_link":"http:\/\/www.dailymail.co.uk\/tvshowbiz\/article-2985462\/Braless-Kim-Kardashian-displays-cleavage-DEEPLY-plunging-catsuit-Paris.html",
      "note":"VIP: Actress Amanda Seyfried was also among the high-profile names in attendance at the PFW show",
      "color":"#232123",
      "link":"https:\/\/www.pinterest.com\/r\/pin\/536561743080537074\/4779055074072594921\/46f946fde0353cbede692b43c9b07962514e68aca83a1d1ac729046c3a34d8f3",
      "board":{
        "url":"https:\/\/www.pinterest.com\/dailymail\/celebrities\/",
        "id":"536561811793888186",
        "name":"Celebrities"
      },
      "image":{
        "original":{
          "url":"https:\/\/s-media-cache-ak0.pinimg.com\/originals\/71\/65\/9c\/71659c83122656b341259c97ff51ffb2.jpg",
          "width":306,
          "height":822
        }
      },
      "counts":{
        "likes":3,
        "comments":0,
        "repins":2
      },
      "id":"536561743080537074",
      "metadata":{
        "article":{
          "published_at":null,
          "description":"From her platinum blonde tresses to her daring choice of ensembles, Kim Kardashian has been able to keep everybody looking - and talking - on her most recent trip to Paris.",
          "name":"Braless Kim Kardashian displays cleavage in DEEPLY plunging catsuit",
          "authors":[]
        },
        "link":{
          "locale":"en_GB",
          "title":"Braless Kim Kardashian displays cleavage in DEEPLY plunging catsuit",
          "site_name":"Mail Online",
          "description":"From her platinum blonde tresses to her daring choice of ensembles, Kim Kardashian has been able to keep everybody looking - and talking - on her most recent trip to Paris.",
          "favicon":"https:\/\/s-media-cache-ak0.pinimg.com\/favicons\/ba8856b627a2bf282a5dab73c40812571f90daf57fe69780aa1096ab.ico?a8690769c53090d08b0560db0144a818"
        }
      }
    },
    {
      "attribution":null,
      "creator":{
        "url":"https:\/\/www.pinterest.com\/dailymail\/",
        "first_name":"Daily Mail",
        "last_name":"",
        "id":"536561880513118266"
      },
      "url":"https:\/\/www.pinterest.com\/pin\/536561743080537052\/",
      "media":{
        "type":"image"
      },
      "created_at":"2015-03-10T10:29:07",
      "original_link":"http:\/\/www.dailymail.co.uk\/tvshowbiz\/article-2985462\/Braless-Kim-Kardashian-displays-cleavage-DEEPLY-plunging-catsuit-Paris.html",
      "note":"Three's company: At the show, Kimye posed for snapshots with chart-topping singer Katy Perry",
      "color":"#08070a",
      "link":"https:\/\/www.pinterest.com\/r\/pin\/536561743080537052\/4779055074072594921\/03b48e32dc3cc994031c05af7f8d3bf428a78285be09af29671eef00459164e8",
      "board":{
        "url":"https:\/\/www.pinterest.com\/dailymail\/celebrities\/",
        "id":"536561811793888186",
        "name":"Celebrities"
      },
      "image":{
        "original":{
          "url":"https:\/\/s-media-cache-ak0.pinimg.com\/originals\/87\/89\/51\/8789511b5cb993f7da0cfd5fb239a85a.jpg",
          "width":634,
          "height":901
        }
      },
      "counts":{
        "likes":0,
        "comments":0,
        "repins":1
      },
      "id":"536561743080537052",
      "metadata":{
        "article":{
          "published_at":null,
          "description":"From her platinum blonde tresses to her daring choice of ensembles, Kim Kardashian has been able to keep everybody looking - and talking - on her most recent trip to Paris.",
          "name":"Braless Kim Kardashian displays cleavage in DEEPLY plunging catsuit",
          "authors":[]
        },
        "link":{
          "locale":"en_GB",
          "title":"Braless Kim Kardashian displays cleavage in DEEPLY plunging catsuit",
          "site_name":"Mail Online",
          "description":"From her platinum blonde tresses to her daring choice of ensembles, Kim Kardashian has been able to keep everybody looking - and talking - on her most recent trip to Paris.",
          "favicon":"https:\/\/s-media-cache-ak0.pinimg.com\/favicons\/ba8856b627a2bf282a5dab73c40812571f90daf57fe69780aa1096ab.ico?a8690769c53090d08b0560db0144a818"
        }
      }
    },
    {
      "attribution":null,
      "creator":{
        "url":"https:\/\/www.pinterest.com\/dailymail\/",
        "first_name":"Daily Mail",
        "last_name":"",
        "id":"536561880513118266"
      },
      "url":"https:\/\/www.pinterest.com\/pin\/536561743080536972\/",
      "media":{
        "type":"image"
      },
      "created_at":"2015-03-10T10:23:55",
      "original_link":"http:\/\/www.dailymail.co.uk\/tvshowbiz\/article-2985181\/Blonde-bombshell-Kim-Kardashian-leaves-little-imagination-squeezes-racy-cage-dress.html",
      "note":"Racy:\u00a0Kim paired the outfit, from Balmain's Spring\/ Summer 2015 collection with a pair of black knickers and a bandeau bra for a photo shoot",
      "color":"#6c6f70",
      "link":"https:\/\/www.pinterest.com\/r\/pin\/536561743080536972\/4779055074072594921\/75df68b3eb76c9f42bb4b68ad8e88e39dec8ff2bb9cce9340685eb8f023436ce",
      "board":{
        "url":"https:\/\/www.pinterest.com\/dailymail\/celebrities\/",
        "id":"536561811793888186",
        "name":"Celebrities"
      },
      "image":{
        "original":{
          "url":"https:\/\/s-media-cache-ak0.pinimg.com\/originals\/15\/69\/31\/1569317992cfe188a191ae5b01487d22.jpg",
          "width":634,
          "height":951
        }
      },
      "counts":{
        "likes":1,
        "comments":2,
        "repins":1
      },
      "id":"536561743080536972",
      "metadata":{
        "article":{
          "published_at":"2015-03-08T00:00:00",
          "description":"Kendall Jenner may be lighting up the catwalk during Paris Fashion Week but her sister Kim Kardashian is determined to steal the spotlight.",
          "name":"Kim Kardashian squeezes herself into racy see-through cage dress",
          "authors":[]
        },
        "link":{
          "locale":"en_GB",
          "title":"Kim Kardashian squeezes herself into racy see-through cage dress \u00a0",
          "site_name":"Mail Online",
          "description":"Kendall Jenner may be lighting up the catwalk during Paris Fashion Week but her sister Kim Kardashian is determined to steal the spotlight.",
          "favicon":"https:\/\/s-media-cache-ak0.pinimg.com\/favicons\/ba8856b627a2bf282a5dab73c40812571f90daf57fe69780aa1096ab.ico?a8690769c53090d08b0560db0144a818"
        }
      }
    },
    {
      "attribution":null,
      "creator":{
        "url":"https:\/\/www.pinterest.com\/dailymail\/",
        "first_name":"Daily Mail",
        "last_name":"",
        "id":"536561880513118266"
      },
      "url":"https:\/\/www.pinterest.com\/pin\/536561743080536377\/",
      "media":{
        "type":"image"
      },
      "created_at":"2015-03-10T08:07:05",
      "original_link":"http:\/\/www.dailymail.co.uk\/tvshowbiz\/article-2987185\/Calum-Best-girlfriend-Ianthe-Rose-enjoy-romantic-beach-break-Dubai.html",
      "note":"Calum Best took to his Instagram to share a snapshot of Ianthe biting his black cap",
      "color":"#bc907e",
      "link":"https:\/\/www.pinterest.com\/r\/pin\/536561743080536377\/4779055074072594921\/6f5d7838fb30b086522e6c2dedb0df19fba198d538024b2ead48b0f1f55efc78",
      "board":{
        "url":"https:\/\/www.pinterest.com\/dailymail\/celebrities\/",
        "id":"536561811793888186",
        "name":"Celebrities"
      },
      "image":{
        "original":{
          "url":"https:\/\/s-media-cache-ak0.pinimg.com\/originals\/5d\/3d\/4e\/5d3d4ecd7c9d137e253dfdb13a9420b9.jpg",
          "width":634,
          "height":558
        }
      },
      "counts":{
        "likes":2,
        "comments":0,
        "repins":1
      },
      "id":"536561743080536377",
      "metadata":{
        "article":{
          "published_at":null,
          "description":"Over the past several days, Calum Best and his stunning girlfriend, Ianthe Rose Cochrane-Stack, have been sharing a steady stream of photographs from their break in the United Arab Emirates.",
          "name":"Calum Best and girlfriend Ianthe Rose enjoy a romantic break in Dubai",
          "authors":[]
        },
        "link":{
          "locale":"en_GB",
          "title":"Calum Best and girlfriend Ianthe Rose enjoy a romantic break in Dubai\u00a0",
          "site_name":"Mail Online",
          "description":"Over the past several days, Calum Best and his stunning girlfriend, Ianthe Rose Cochrane-Stack, have been sharing a steady stream of photographs from their break in the United Arab Emirates.",
          "favicon":"https:\/\/s-media-cache-ak0.pinimg.com\/favicons\/ba8856b627a2bf282a5dab73c40812571f90daf57fe69780aa1096ab.ico?a8690769c53090d08b0560db0144a818"
        }
      }
    },
    {
      "attribution":null,
      "creator":{
        "url":"https:\/\/www.pinterest.com\/dailymail\/",
        "first_name":"Daily Mail",
        "last_name":"",
        "id":"536561880513118266"
      },
      "url":"https:\/\/www.pinterest.com\/pin\/536561743080536372\/",
      "media":{
        "type":"image"
      },
      "created_at":"2015-03-10T08:05:14",
      "original_link":"http:\/\/www.dailymail.co.uk\/tvshowbiz\/article-2986907\/New-parents-Ryan-Gosling-Eva-Mendes-spotted-public-time-baby-daughter-tow-celebrate-41st-birthday.html",
      "note":"Blooming lovely: Mendes, who gave birth to her daughter with Gosling in September, look radiant as she was showered with flowers and gifts for her 41st birthday on Thursday",
      "color":"#3c86af",
      "link":"https:\/\/www.pinterest.com\/r\/pin\/536561743080536372\/4779055074072594921\/5d5336ca1f5e68dc6f5f10d01b03e41f019d239c2094243f3ec96e5e95864608",
      "board":{
        "url":"https:\/\/www.pinterest.com\/dailymail\/celebrities\/",
        "id":"536561811793888186",
        "name":"Celebrities"
      },
      "image":{
        "original":{
          "url":"https:\/\/s-media-cache-ak0.pinimg.com\/originals\/2c\/68\/0f\/2c680f6967b8fe631bc295f06f481ef7.jpg",
          "width":634,
          "height":500
        }
      },
      "counts":{
        "likes":1,
        "comments":0,
        "repins":0
      },
      "id":"536561743080536372",
      "metadata":{
        "article":{
          "published_at":null,
          "description":"Ryan Gosling threw a birthday party for partner Eva Mendes, who turned 41 on Thursday, but the secretive couple kept their baby under wraps",
          "name":"Eva Mendes and Ryan Gosling celebrate her birthday with baby in LA",
          "authors":[]
        },
        "link":{
          "locale":"en_GB",
          "title":"Eva Mendes and Ryan Gosling celebrate her birthday with baby in LA",
          "site_name":"Mail Online",
          "description":"Ryan Gosling threw a birthday party for partner Eva Mendes, who turned 41 on Thursday, but the secretive couple kept their baby under wraps",
          "favicon":"https:\/\/s-media-cache-ak0.pinimg.com\/favicons\/ba8856b627a2bf282a5dab73c40812571f90daf57fe69780aa1096ab.ico?a8690769c53090d08b0560db0144a818"
        }
      }
    },
    {
      "attribution":null,
      "creator":{
        "url":"https:\/\/www.pinterest.com\/dailymail\/",
        "first_name":"Daily Mail",
        "last_name":"",
        "id":"536561880513118266"
      },
      "url":"https:\/\/www.pinterest.com\/pin\/536561743080482994\/",
      "media":{
        "type":"image"
      },
      "created_at":"2015-03-06T17:51:56",
      "original_link":"http:\/\/www.dailymail.co.uk\/tvshowbiz\/article-2982851\/Dakota-Johnson-wears-black-trouser-suit-Christian-Dior-s-PFW-show.html",
      "note":"Passion for fashion: Dakota Johnson was seen arriving at Christian Dior's ready-to-wear fall-winter 2015\/2016 presentation as a part of Paris Fashion Week on Friday",
      "color":"#c2b7a9",
      "link":"https:\/\/www.pinterest.com\/r\/pin\/536561743080482994\/4779055074072594921\/c8ac6e7741347fec0a485beb4b7957947e2ce29a74e0cf0f5a2f3b67a7320c7d",
      "board":{
        "url":"https:\/\/www.pinterest.com\/dailymail\/celebrities\/",
        "id":"536561811793888186",
        "name":"Celebrities"
      },
      "image":{
        "original":{
          "url":"https:\/\/s-media-cache-ak0.pinimg.com\/originals\/49\/57\/58\/4957585b588e7b9a07b9943f894c1d51.jpg",
          "width":634,
          "height":875
        }
      },
      "counts":{
        "likes":6,
        "comments":1,
        "repins":26
      },
      "id":"536561743080482994",
      "metadata":{
        "article":{
          "published_at":"2015-03-06T00:00:00",
          "description":"Critiques aside, Fifty Shades Of Grey's Dakota Johnson was in one of the hottest films of the year thus far, so it's only fitting that she was seated front row for one of Paris' hottest runway shows.",
          "name":"Dakota Johnson wears black trouser suit to Christian Dior's PFW show",
          "authors":[]
        },
        "link":{
          "locale":"en_GB",
          "title":"Dakota Johnson wears black trouser suit to Christian Dior's PFW sho",
          "site_name":"Mail Online",
          "description":"Critiques aside, Fifty Shades Of Grey's Dakota Johnson was in one of the hottest films of the year thus far, so it's only fitting that she was seated front row for one of Paris' hottest runway shows.",
          "favicon":"https:\/\/s-media-cache-ak0.pinimg.com\/favicons\/ba8856b627a2bf282a5dab73c40812571f90daf57fe69780aa1096ab.ico?a8690769c53090d08b0560db0144a818"
        }
      }
    },
    {
      "attribution":null,
      "creator":{
        "url":"https:\/\/www.pinterest.com\/dailymail\/",
        "first_name":"Daily Mail",
        "last_name":"",
        "id":"536561880513118266"
      },
      "url":"https:\/\/www.pinterest.com\/pin\/536561743080482991\/",
      "media":{
        "type":"image"
      },
      "created_at":"2015-03-06T17:51:40",
      "original_link":"http:\/\/www.dailymail.co.uk\/tvshowbiz\/article-2982840\/Kanye-West-photobombs-Lorde-s-stylish-photo-Paris-Fashion-Week.html",
      "note":"Photo bomb: On Friday Kanye West was pictured in the same frame as New Zealand singer Lorde at Paris Fashion Week, though it seems the photo bomb was completely unintentional",
      "color":"#82766b",
      "link":"https:\/\/www.pinterest.com\/r\/pin\/536561743080482991\/4779055074072594921\/eca0e195759d2b68963fa0a6cf50b5d2ea77220112eae9a73ab580b0ed9f2a44",
      "board":{
        "url":"https:\/\/www.pinterest.com\/dailymail\/celebrities\/",
        "id":"536561811793888186",
        "name":"Celebrities"
      },
      "image":{
        "original":{
          "url":"https:\/\/s-media-cache-ak0.pinimg.com\/originals\/b9\/a7\/40\/b9a7400702dbbc59fddef4d375f6939a.jpg",
          "width":634,
          "height":690
        }
      },
      "counts":{
        "likes":3,
        "comments":0,
        "repins":3
      },
      "id":"536561743080482991",
      "metadata":{
        "article":{
          "published_at":null,
          "description":"He's been photographed with wife Kim Kardashian in Paris during fashion week.",
          "name":"Kanye West photobombs Lorde's stylish photo at Paris Fashion Week",
          "authors":[]
        },
        "link":{
          "locale":"en_GB",
          "title":"Kanye West photobombs Lorde's stylish photo at Paris Fashion Week",
          "site_name":"Mail Online",
          "description":"He's been photographed with wife Kim Kardashian in Paris during fashion week.",
          "favicon":"https:\/\/s-media-cache-ak0.pinimg.com\/favicons\/ba8856b627a2bf282a5dab73c40812571f90daf57fe69780aa1096ab.ico?a8690769c53090d08b0560db0144a818"
        }
      }
    },
    {
      "attribution":null,
      "creator":{
        "url":"https:\/\/www.pinterest.com\/dailymail\/",
        "first_name":"Daily Mail",
        "last_name":"",
        "id":"536561880513118266"
      },
      "url":"https:\/\/www.pinterest.com\/pin\/536561743080474189\/",
      "media":{
        "type":"image"
      },
      "created_at":"2015-03-06T01:48:06",
      "original_link":"http:\/\/www.dailymail.co.uk\/tvshowbiz\/article-2981973\/Wild-Wild-Mrs-West-Kim-Kardashian-rocks-cowgirl-inspired-look-fringed-jacket-matching-skirt-star-studded-Balmain-PFW-dinner.html",
      "note":"Angels assemble: Karlie Kloss and Jourdan Dunn were just two of the Victoria's Secret Angels present",
      "color":"#211719",
      "link":"https:\/\/www.pinterest.com\/r\/pin\/536561743080474189\/4779055074072594921\/293ea8099c3b63051b2cefb9dfbe8aa32b4160047564d4c39b5c43b0e3dd00eb",
      "board":{
        "url":"https:\/\/www.pinterest.com\/dailymail\/celebrities\/",
        "id":"536561811793888186",
        "name":"Celebrities"
      },
      "image":{
        "original":{
          "url":"https:\/\/s-media-cache-ak0.pinimg.com\/originals\/d7\/52\/22\/d752222f935cf670fde1b1acad38307d.jpg",
          "width":634,
          "height":946
        }
      },
      "counts":{
        "likes":0,
        "comments":1,
        "repins":1
      },
      "id":"536561743080474189",
      "metadata":{
        "article":{
          "published_at":null,
          "description":"Just when you thought she had tried out every look possible, Kim Kardashian decided to take some inspiration from the Wild Wild West.",
          "name":"Kim Kardashian rocks a cowgirl-inspired look at Balmain PFW dinner",
          "authors":[]
        },
        "link":{
          "locale":"en_GB",
          "title":"Kim Kardashian rocks a cowgirl-inspired look at Balmain PFW dinner",
          "site_name":"Mail Online",
          "description":"Just when you thought she had tried out every look possible, Kim Kardashian decided to take some inspiration from the Wild Wild West.",
          "favicon":"https:\/\/s-media-cache-ak0.pinimg.com\/favicons\/ba8856b627a2bf282a5dab73c40812571f90daf57fe69780aa1096ab.ico?a8690769c53090d08b0560db0144a818"
        }
      }
    },
    {
      "attribution":null,
      "creator":{
        "url":"https:\/\/www.pinterest.com\/dailymail\/",
        "first_name":"Daily Mail",
        "last_name":"",
        "id":"536561880513118266"
      },
      "url":"https:\/\/www.pinterest.com\/pin\/536561743080474186\/",
      "media":{
        "type":"image"
      },
      "created_at":"2015-03-06T01:47:57",
      "original_link":"http:\/\/www.dailymail.co.uk\/tvshowbiz\/article-2981973\/Wild-Wild-Mrs-West-Kim-Kardashian-rocks-cowgirl-inspired-look-fringed-jacket-matching-skirt-star-studded-Balmain-PFW-dinner.html",
      "note":"Daring:\u00a0Cindy Bruna and Riley Montana both chose daring outfits which showed off their long legs",
      "color":"#2f1f1f",
      "link":"https:\/\/www.pinterest.com\/r\/pin\/536561743080474186\/4779055074072594921\/c49d4bf45bd6e70f5434b1c58b6e7332381fec90779e1ec89445cc8e307def20",
      "board":{
        "url":"https:\/\/www.pinterest.com\/dailymail\/celebrities\/",
        "id":"536561811793888186",
        "name":"Celebrities"
      },
      "image":{
        "original":{
          "url":"https:\/\/s-media-cache-ak0.pinimg.com\/originals\/9f\/82\/8e\/9f828e62b8d5b0a69009ffdba0ba4d31.jpg",
          "width":634,
          "height":895
        }
      },
      "counts":{
        "likes":1,
        "comments":1,
        "repins":1
      },
      "id":"536561743080474186",
      "metadata":{
        "article":{
          "published_at":null,
          "description":"Just when you thought she had tried out every look possible, Kim Kardashian decided to take some inspiration from the Wild Wild West.",
          "name":"Kim Kardashian rocks a cowgirl-inspired look at Balmain PFW dinner",
          "authors":[]
        },
        "link":{
          "locale":"en_GB",
          "title":"Kim Kardashian rocks a cowgirl-inspired look at Balmain PFW dinner",
          "site_name":"Mail Online",
          "description":"Just when you thought she had tried out every look possible, Kim Kardashian decided to take some inspiration from the Wild Wild West.",
          "favicon":"https:\/\/s-media-cache-ak0.pinimg.com\/favicons\/ba8856b627a2bf282a5dab73c40812571f90daf57fe69780aa1096ab.ico?a8690769c53090d08b0560db0144a818"
        }
      }
    },
    {
      "attribution":null,
      "creator":{
        "url":"https:\/\/www.pinterest.com\/dailymail\/",
        "first_name":"Daily Mail",
        "last_name":"",
        "id":"536561880513118266"
      },
      "url":"https:\/\/www.pinterest.com\/pin\/536561743080474183\/",
      "media":{
        "type":"image"
      },
      "created_at":"2015-03-06T01:47:50",
      "original_link":"http:\/\/www.dailymail.co.uk\/tvshowbiz\/article-2981973\/Wild-Wild-Mrs-West-Kim-Kardashian-rocks-cowgirl-inspired-look-fringed-jacket-matching-skirt-star-studded-Balmain-PFW-dinner.html",
      "note":"Daring:\u00a0Costance Jablonski wore a cleavage baring top with a pair of patterned flares",
      "color":"#3a2623",
      "link":"https:\/\/www.pinterest.com\/r\/pin\/536561743080474183\/4779055074072594921\/fed9b3f856f6991cc410545e2aca66bb429bae0ffae32bb5565ce6c35ec38951",
      "board":{
        "url":"https:\/\/www.pinterest.com\/dailymail\/celebrities\/",
        "id":"536561811793888186",
        "name":"Celebrities"
      },
      "image":{
        "original":{
          "url":"https:\/\/s-media-cache-ak0.pinimg.com\/originals\/ab\/2c\/8f\/ab2c8fe5474f738bbabe078eb72ac89a.jpg",
          "width":634,
          "height":1003
        }
      },
      "counts":{
        "likes":0,
        "comments":0,
        "repins":2
      },
      "id":"536561743080474183",
      "metadata":{
        "article":{
          "published_at":null,
          "description":"Just when you thought she had tried out every look possible, Kim Kardashian decided to take some inspiration from the Wild Wild West.",
          "name":"Kim Kardashian rocks a cowgirl-inspired look at Balmain PFW dinner",
          "authors":[]
        },
        "link":{
          "locale":"en_GB",
          "title":"Kim Kardashian rocks a cowgirl-inspired look at Balmain PFW dinner",
          "site_name":"Mail Online",
          "description":"Just when you thought she had tried out every look possible, Kim Kardashian decided to take some inspiration from the Wild Wild West.",
          "favicon":"https:\/\/s-media-cache-ak0.pinimg.com\/favicons\/ba8856b627a2bf282a5dab73c40812571f90daf57fe69780aa1096ab.ico?a8690769c53090d08b0560db0144a818"
        }
      }
    },
    {
      "attribution":{
        "title":"Balmain : Aftershow Dinner - Paris Fashion Week Womenswear Fall\/Winter 2015\/2016",
        "provider_favicon_url":"https:\/\/s-passets-cache-ak0.pinimg.com\/images\/api\/attrib\/getty images.png",
        "author_name":"Jacopo Raule",
        "url":"http:\/\/www.gettyimages.com\/detail\/465299860",
        "author_url":"http:\/\/www.gettyimages.com\/detail\/465299860",
        "provider_name":"Getty Images"
      },
      "creator":{
        "url":"https:\/\/www.pinterest.com\/dailymail\/",
        "first_name":"Daily Mail",
        "last_name":"",
        "id":"536561880513118266"
      },
      "url":"https:\/\/www.pinterest.com\/pin\/536561743080474181\/",
      "media":{
        "type":"image"
      },
      "created_at":"2015-03-06T01:47:40",
      "original_link":"http:\/\/www.dailymail.co.uk\/tvshowbiz\/article-2981973\/Wild-Wild-Mrs-West-Kim-Kardashian-rocks-cowgirl-inspired-look-fringed-jacket-matching-skirt-star-studded-Balmain-PFW-dinner.html",
      "note":"Model behaviour: Jessica Stam and\u00a0Daria Strokous were among the well-heeled beauties at the bash",
      "color":"#744c3c",
      "link":"https:\/\/www.pinterest.com\/r\/pin\/536561743080474181\/4779055074072594921\/7798b86f94679193458f836bf67e0916585e696c95628220e5ae5e9668e697f8",
      "board":{
        "url":"https:\/\/www.pinterest.com\/dailymail\/celebrities\/",
        "id":"536561811793888186",
        "name":"Celebrities"
      },
      "image":{
        "original":{
          "url":"https:\/\/s-media-cache-ak0.pinimg.com\/originals\/07\/10\/8a\/07108a846d71bf6f4f4518a423a47872.jpg",
          "width":306,
          "height":779
        }
      },
      "counts":{
        "likes":1,
        "comments":0,
        "repins":1
      },
      "id":"536561743080474181",
      "metadata":{
        "article":{
          "published_at":null,
          "description":"Just when you thought she had tried out every look possible, Kim Kardashian decided to take some inspiration from the Wild Wild West.",
          "name":"Kim Kardashian rocks a cowgirl-inspired look at Balmain PFW dinner",
          "authors":[]
        },
        "link":{
          "locale":"en_GB",
          "title":"Kim Kardashian rocks a cowgirl-inspired look at Balmain PFW dinner",
          "site_name":"Mail Online",
          "description":"Just when you thought she had tried out every look possible, Kim Kardashian decided to take some inspiration from the Wild Wild West.",
          "favicon":"https:\/\/s-media-cache-ak0.pinimg.com\/favicons\/ba8856b627a2bf282a5dab73c40812571f90daf57fe69780aa1096ab.ico?a8690769c53090d08b0560db0144a818"
        }
      }
    },
    {
      "attribution":null,
      "creator":{
        "url":"https:\/\/www.pinterest.com\/dailymail\/",
        "first_name":"Daily Mail",
        "last_name":"",
        "id":"536561880513118266"
      },
      "url":"https:\/\/www.pinterest.com\/pin\/536561743080474180\/",
      "media":{
        "type":"image"
      },
      "created_at":"2015-03-06T01:47:33",
      "original_link":"http:\/\/www.dailymail.co.uk\/tvshowbiz\/article-2981973\/Wild-Wild-Mrs-West-Kim-Kardashian-rocks-cowgirl-inspired-look-fringed-jacket-matching-skirt-star-studded-Balmain-PFW-dinner.html",
      "note":"Sheer delight: Joan Smalls rocked a see-through lace skirt which showed off her slim pins",
      "color":"#2f181d",
      "link":"https:\/\/www.pinterest.com\/r\/pin\/536561743080474180\/4779055074072594921\/9136add07b1b948e397b654f5acb7b9ea98b2a1f839ef66cfc6f71d5fcf598a6",
      "board":{
        "url":"https:\/\/www.pinterest.com\/dailymail\/celebrities\/",
        "id":"536561811793888186",
        "name":"Celebrities"
      },
      "image":{
        "original":{
          "url":"https:\/\/s-media-cache-ak0.pinimg.com\/originals\/04\/c6\/ea\/04c6eaaffa6c54e02c6c2be1c3ac6209.jpg",
          "width":634,
          "height":875
        }
      },
      "counts":{
        "likes":0,
        "comments":0,
        "repins":5
      },
      "id":"536561743080474180",
      "metadata":{
        "article":{
          "published_at":null,
          "description":"Just when you thought she had tried out every look possible, Kim Kardashian decided to take some inspiration from the Wild Wild West.",
          "name":"Kim Kardashian rocks a cowgirl-inspired look at Balmain PFW dinner",
          "authors":[]
        },
        "link":{
          "locale":"en_GB",
          "title":"Kim Kardashian rocks a cowgirl-inspired look at Balmain PFW dinner",
          "site_name":"Mail Online",
          "description":"Just when you thought she had tried out every look possible, Kim Kardashian decided to take some inspiration from the Wild Wild West.",
          "favicon":"https:\/\/s-media-cache-ak0.pinimg.com\/favicons\/ba8856b627a2bf282a5dab73c40812571f90daf57fe69780aa1096ab.ico?a8690769c53090d08b0560db0144a818"
        }
      }
    },
    {
      "attribution":null,
      "creator":{
        "url":"https:\/\/www.pinterest.com\/dailymail\/",
        "first_name":"Daily Mail",
        "last_name":"",
        "id":"536561880513118266"
      },
      "url":"https:\/\/www.pinterest.com\/pin\/536561743080474175\/",
      "media":{
        "type":"image"
      },
      "created_at":"2015-03-06T01:47:21",
      "original_link":"http:\/\/www.dailymail.co.uk\/tvshowbiz\/article-2981973\/Wild-Wild-Mrs-West-Kim-Kardashian-rocks-cowgirl-inspired-look-fringed-jacket-matching-skirt-star-studded-Balmain-PFW-dinner.html",
      "note":"Polar opposites: Kendall matched her outfit to her dark hair, while blonde Gigi was sunny in blue",
      "color":"#512f20",
      "link":"https:\/\/www.pinterest.com\/r\/pin\/536561743080474175\/4779055074072594921\/a0e38a20080ec5b2c0c21f5360201005a83585e74c0eaaa9a56069e96407c57e",
      "board":{
        "url":"https:\/\/www.pinterest.com\/dailymail\/celebrities\/",
        "id":"536561811793888186",
        "name":"Celebrities"
      },
      "image":{
        "original":{
          "url":"https:\/\/s-media-cache-ak0.pinimg.com\/originals\/42\/ef\/dc\/42efdc068b1905627a240f0163ab774e.jpg",
          "width":634,
          "height":402
        }
      },
      "counts":{
        "likes":0,
        "comments":0,
        "repins":0
      },
      "id":"536561743080474175",
      "metadata":{
        "article":{
          "published_at":null,
          "description":"Just when you thought she had tried out every look possible, Kim Kardashian decided to take some inspiration from the Wild Wild West.",
          "name":"Kim Kardashian rocks a cowgirl-inspired look at Balmain PFW dinner",
          "authors":[]
        },
        "link":{
          "locale":"en_GB",
          "title":"Kim Kardashian rocks a cowgirl-inspired look at Balmain PFW dinner",
          "site_name":"Mail Online",
          "description":"Just when you thought she had tried out every look possible, Kim Kardashian decided to take some inspiration from the Wild Wild West.",
          "favicon":"https:\/\/s-media-cache-ak0.pinimg.com\/favicons\/ba8856b627a2bf282a5dab73c40812571f90daf57fe69780aa1096ab.ico?a8690769c53090d08b0560db0144a818"
        }
      }
    },
    {
      "attribution":null,
      "creator":{
        "url":"https:\/\/www.pinterest.com\/dailymail\/",
        "first_name":"Daily Mail",
        "last_name":"",
        "id":"536561880513118266"
      },
      "url":"https:\/\/www.pinterest.com\/pin\/536561743080473896\/",
      "media":{
        "type":"image"
      },
      "created_at":"2015-03-06T01:26:29",
      "original_link":"http:\/\/www.dailymail.co.uk\/tvshowbiz\/article-2980797\/Karrueche-Tran-puts-brave-face-spirited-night-splitting-Chris-Brown-claims-fathered-child.html",
      "note":"Moving on: Karrueche Tran decided to put the drama of her personal life behind her as she put a brave face on things to head out for an evening at Warwick nightclub in Hollywood, pictured with a publicist Shae Savin",
      "color":"#434147",
      "link":"https:\/\/www.pinterest.com\/r\/pin\/536561743080473896\/4779055074072594921\/c6e9ffe291fc5540b900abe0510e94c3e95d4a7a97b0bb2e65b01676e64b1e2b",
      "board":{
        "url":"https:\/\/www.pinterest.com\/dailymail\/celebrities\/",
        "id":"536561811793888186",
        "name":"Celebrities"
      },
      "image":{
        "original":{
          "url":"https:\/\/s-media-cache-ak0.pinimg.com\/originals\/57\/73\/07\/5773071390075acab5c17f1425a7ac70.jpg",
          "width":634,
          "height":958
        }
      },
      "counts":{
        "likes":0,
        "comments":0,
        "repins":1
      },
      "id":"536561743080473896",
      "metadata":{
        "article":{
          "published_at":null,
          "description":"She has just split up with long-term on-off boyfriend Chris Brown after it emerged that he had fathered a child with another woman.",
          "name":"Karrueche holds hands with a handsome man after dumping Chris Brown",
          "authors":[]
        },
        "link":{
          "locale":"en_GB",
          "title":"Karrueche holds hands with a handsome man after dumping Chris Brown",
          "site_name":"Mail Online",
          "description":"She has just split up with long-term on-off boyfriend Chris Brown after it emerged that he had fathered a child with another woman.",
          "favicon":"https:\/\/s-media-cache-ak0.pinimg.com\/favicons\/ba8856b627a2bf282a5dab73c40812571f90daf57fe69780aa1096ab.ico?a8690769c53090d08b0560db0144a818"
        }
      }
    },
    {
      "attribution":null,
      "creator":{
        "url":"https:\/\/www.pinterest.com\/dailymail\/",
        "first_name":"Daily Mail",
        "last_name":"",
        "id":"536561880513118266"
      },
      "url":"https:\/\/www.pinterest.com\/pin\/536561743080473856\/",
      "media":{
        "type":"image"
      },
      "created_at":"2015-03-06T01:24:10",
      "original_link":"http:\/\/www.dailymail.co.uk\/tvshowbiz\/article-2981417\/Gwen-Stefani-flashes-10-approaches-valet-stand-outside-pricey-Beverly-Hills-restaurant-Palm.html",
      "note":"I'd have all the money in the world: Singer Gwen Stefani rocked her usual quirky style, matching a pair of tartan shorts with a polka-dot blouse",
      "color":"#121716",
      "link":"https:\/\/www.pinterest.com\/r\/pin\/536561743080473856\/4779055074072594921\/07d300e153268c767aa532c3ff7a07d5f3682b30b9fe92454fad2a3b7064fe88",
      "board":{
        "url":"https:\/\/www.pinterest.com\/dailymail\/celebrities\/",
        "id":"536561811793888186",
        "name":"Celebrities"
      },
      "image":{
        "original":{
          "url":"https:\/\/s-media-cache-ak0.pinimg.com\/originals\/90\/b2\/ce\/90b2ceac1fb6f0d3e8ebaa0423a31f03.jpg",
          "width":634,
          "height":1252
        }
      },
      "counts":{
        "likes":0,
        "comments":0,
        "repins":3
      },
      "id":"536561743080473856",
      "metadata":{
        "article":{
          "published_at":null,
          "description":"The singer looked like a million and ten dollars as she left Palms restaurant in Beverly Hills on Wednesday night after dinner with friends.",
          "name":"Gwen Stefani flashes her wads cash outside LA restaurant",
          "authors":[]
        },
        "link":{
          "locale":"en_GB",
          "title":"Gwen Stefani flashes her wads cash outside LA restaurant\u00a0",
          "site_name":"Mail Online",
          "description":"The singer looked like a million and ten dollars as she left Palms restaurant in Beverly Hills on Wednesday night after dinner with friends.",
          "favicon":"https:\/\/s-media-cache-ak0.pinimg.com\/favicons\/ba8856b627a2bf282a5dab73c40812571f90daf57fe69780aa1096ab.ico?a8690769c53090d08b0560db0144a818"
        }
      }
    },
    {
      "attribution":null,
      "creator":{
        "url":"https:\/\/www.pinterest.com\/dailymail\/",
        "first_name":"Daily Mail",
        "last_name":"",
        "id":"536561880513118266"
      },
      "url":"https:\/\/www.pinterest.com\/pin\/536561743080473582\/",
      "media":{
        "type":"image"
      },
      "created_at":"2015-03-06T01:02:53",
      "original_link":"http:\/\/www.dailymail.co.uk\/tvshowbiz\/article-2982000\/Helena-Bonham-Carter-parties-night-away-plunging-dress-disco-themed-bash.html",
      "note":"Ready to party! Playing the role of host with the most Helena was on hand to welcome Dominic West",
      "color":"#3c2b21",
      "link":"https:\/\/www.pinterest.com\/r\/pin\/536561743080473582\/4779055074072594921\/da7ca8c85f558aec83b9dafeca4301425d3f3d1e641702ea2f8671d262f9f442",
      "board":{
        "url":"https:\/\/www.pinterest.com\/dailymail\/celebrities\/",
        "id":"536561811793888186",
        "name":"Celebrities"
      },
      "image":{
        "original":{
          "url":"https:\/\/s-media-cache-ak0.pinimg.com\/originals\/e6\/b4\/96\/e6b4963ff4d9deac8916ebdae8993959.jpg",
          "width":306,
          "height":482
        }
      },
      "counts":{
        "likes":2,
        "comments":0,
        "repins":2
      },
      "id":"536561743080473582",
      "metadata":{
        "article":{
          "published_at":null,
          "description":"In December 2014, her 13 year union with British film director Tim Burton came to an end.",
          "name":"Helena Bonham Carter parties in plunging dress at disco themed bash",
          "authors":[]
        },
        "link":{
          "locale":"en_GB",
          "title":"Helena Bonham Carter parties in plunging dress at disco themed bash\u00a0",
          "site_name":"Mail Online",
          "description":"In December 2014, her 13 year union with British film director Tim Burton came to an end.",
          "favicon":"https:\/\/s-media-cache-ak0.pinimg.com\/favicons\/ba8856b627a2bf282a5dab73c40812571f90daf57fe69780aa1096ab.ico?a8690769c53090d08b0560db0144a818"
        }
      }
    }
  ],
  "page":{
    "cursor":"LT41MzY1NjE3NDMwODA0NzM1ODI6ODE4fDIzMTNiNjMwMGVjMWZlN2VkYTA3YTE3YzgyZjZmMzhhY2Q1YWYwZTc3YmU2NjQ2OWE1OGI3MzljY2MzNjJkZmQ=",
    "next":"https:\/\/api.pinterest.com\/v1\/boards\/dailymail\/celebrities\/pins\/?access_token=AZlZE-HOK-Y4205yRft75KyYVaauFCBIs8jxSxdCtrJcomAqbQAAAAA&fields=id%2Clink%2Cnote%2Curl%2Cattribution%2Cmedia%2Cmetadata%2Cboard%2Ccolor%2Ccounts%2Ccreated_at%2Ccreator%2Cimage%2Coriginal_link&cursor=LT41MzY1NjE3NDMwODA0NzM1ODI6ODE4fDIzMTNiNjMwMGVjMWZlN2VkYTA3YTE3YzgyZjZmMzhhY2Q1YWYwZTc3YmU2NjQ2OWE1OGI3MzljY2MzNjJkZmQ%3D"
  }
}
