{
  "data":[
    {
      "attribution":null,
      "creator":{
        "url":"https:\/\/www.pinterest.com\/bustledotcom\/",
        "first_name":"Bustle.com",
        "last_name":"",
        "id":"291115700821437607"
      },
      "url":"https:\/\/www.pinterest.com\/pin\/291115563385655680\/",
      "media":{
        "type":"image"
      },
      "created_at":"2014-03-31T13:55:03",
      "original_link":"http:\/\/www.bustle.com\/articles\/19561-kids-choice-awards-2014-red-carpet-the-good-the-bad-and-the-quirky\/1",
      "note":"Lea Michele",
      "color":"#cc7651",
      "link":"https:\/\/www.pinterest.com\/r\/pin\/291115563385655680\/4779055074072594921\/bc75709e0059cd027b4a754e3e56e0b2c18cef73f591e79ac911adc0bc8971b6",
      "board":{
        "url":"https:\/\/www.pinterest.com\/bustledotcom\/celebrities\/",
        "id":"291115632102001124",
        "name":"Celebrities"
      },
      "image":{
        "original":{
          "url":"https:\/\/s-media-cache-ak0.pinimg.com\/originals\/0f\/21\/79\/0f217948b3b9926b5502cb5073dab46a.jpg",
          "width":659,
          "height":1000
        }
      },
      "counts":{
        "likes":1,
        "comments":0,
        "repins":8
      },
      "id":"291115563385655680",
      "metadata":{
        "link":{
          "locale":"en",
          "title":"Bustle",
          "site_name":"bustle.com",
          "description":null,
          "favicon":"https:\/\/s-media-cache-ak0.pinimg.com\/favicons\/09fcfaa24e8d55522f924b8c50d539782755bd3d462075b60be391d7.ico?62f85fa1f99ababbf76a32fc8fc0d05e"
        }
      }
    },
    {
      "attribution":null,
      "creator":{
        "url":"https:\/\/www.pinterest.com\/bustledotcom\/",
        "first_name":"Bustle.com",
        "last_name":"",
        "id":"291115700821437607"
      },
      "url":"https:\/\/www.pinterest.com\/pin\/291115563385614927\/",
      "media":{
        "type":"image"
      },
      "created_at":"2014-03-27T14:58:43",
      "original_link":"http:\/\/www.bustle.com\/articles\/19251-emma-watson-and-jennifer-connelly-go-to-opposite-extremes-at-noah-premiere-in-nyc",
      "note":"Emma Watson",
      "color":"#6b3343",
      "link":"https:\/\/www.pinterest.com\/r\/pin\/291115563385614927\/4779055074072594921\/bcd792318d0b1ef5aed5a575ee02e3eb82f6b2be7720f4d20b51e27a4ebc49e9",
      "board":{
        "url":"https:\/\/www.pinterest.com\/bustledotcom\/celebrities\/",
        "id":"291115632102001124",
        "name":"Celebrities"
      },
      "image":{
        "original":{
          "url":"https:\/\/s-media-cache-ak0.pinimg.com\/originals\/4e\/08\/09\/4e08094a680193a386715bbbd8667ceb.jpg",
          "width":373,
          "height":550
        }
      },
      "counts":{
        "likes":4,
        "comments":0,
        "repins":24
      },
      "id":"291115563385614927",
      "metadata":{
        "link":{
          "locale":"en",
          "title":"Bustle",
          "site_name":"bustle.com",
          "description":null,
          "favicon":"https:\/\/s-media-cache-ak0.pinimg.com\/favicons\/09fcfaa24e8d55522f924b8c50d539782755bd3d462075b60be391d7.ico?62f85fa1f99ababbf76a32fc8fc0d05e"
        }
      }
    },
    {
      "attribution":null,
      "creator":{
        "url":"https:\/\/www.pinterest.com\/bustledotcom\/",
        "first_name":"Bustle.com",
        "last_name":"",
        "id":"291115700821437607"
      },
      "url":"https:\/\/www.pinterest.com\/pin\/291115563385548812\/",
      "media":{
        "type":"image"
      },
      "created_at":"2014-03-20T16:43:17",
      "original_link":"http:\/\/blog.modcloth.com\/2014\/03\/17\/taylor-swift-keds-campaign\/?crlt.pid=camp.ccOx6SgZmGMn",
      "note":"Get the look: Taylor Swift wears the And Many More dress! #modcloth",
      "color":"#6a4f39",
      "link":"https:\/\/www.pinterest.com\/r\/pin\/291115563385548812\/4779055074072594921\/4cbae81d3559ea007fee72667f4dcf808404a21b7d9d44f151b44727ac0d8375",
      "board":{
        "url":"https:\/\/www.pinterest.com\/bustledotcom\/celebrities\/",
        "id":"291115632102001124",
        "name":"Celebrities"
      },
      "image":{
        "original":{
          "url":"https:\/\/s-media-cache-ak0.pinimg.com\/originals\/82\/32\/fe\/8232fef480a4f2f7ae27c9c06c77d007.jpg",
          "width":420,
          "height":630
        }
      },
      "counts":{
        "likes":5,
        "comments":0,
        "repins":24
      },
      "id":"291115563385548812",
      "metadata":{
        "article":{
          "published_at":"2014-03-17T00:00:00",
          "description":"We nearly dropped our morning coffee when we spied Taylor Swift rocking a ModCloth dress in the latest issue of Seventeen magazine! Check out her full campaign video and find out how to get the look in today's post.",
          "name":"Get The Look: Taylor Swift's Dress from Her Latest Keds Ad",
          "authors":[]
        },
        "link":{
          "locale":"en_US",
          "title":"Get The Look: Taylor Swift's Dress from Her Latest Keds Ad - Story by ModCloth",
          "site_name":"Story by ModCloth",
          "description":"We nearly dropped our morning coffee when we spied Taylor Swift rocking a ModCloth dress in the latest issue of Seventeen magazine! Check out her full campaign video and find out how to get the look in today's post.",
          "favicon":"https:\/\/s-media-cache-ak0.pinimg.com\/favicons\/4bee85053630483554f2ffb625648c60ca12f8064d3c634e35f414b2.png?2f62ba9b9d2caa689cf9d057d031fe32"
        }
      }
    },
    {
      "attribution":null,
      "creator":{
        "url":"https:\/\/www.pinterest.com\/bustledotcom\/",
        "first_name":"Bustle.com",
        "last_name":"",
        "id":"291115700821437607"
      },
      "url":"https:\/\/www.pinterest.com\/pin\/291115563385530212\/",
      "media":{
        "type":"image"
      },
      "created_at":"2014-03-18T14:53:44",
      "original_link":"http:\/\/www.bustle.com\/articles\/18411-emma-watson-scarlett-johansson-prove-cropped-pants-are-in-5-ways-to-wear-them-right-now",
      "note":"Allison Williams",
      "color":"#c8c6ca",
      "link":"https:\/\/www.pinterest.com\/r\/pin\/291115563385530212\/4779055074072594921\/b9168b1b944bf45a6daacac208cda05614a08a01579cfa17db8b5eee6daaa625",
      "board":{
        "url":"https:\/\/www.pinterest.com\/bustledotcom\/celebrities\/",
        "id":"291115632102001124",
        "name":"Celebrities"
      },
      "image":{
        "original":{
          "url":"https:\/\/s-media-cache-ak0.pinimg.com\/originals\/ce\/94\/b9\/ce94b98bc7fa5f81e30d4e02a416e71c.jpg",
          "width":345,
          "height":550
        }
      },
      "counts":{
        "likes":1,
        "comments":0,
        "repins":7
      },
      "id":"291115563385530212",
      "metadata":{
        "link":{
          "locale":"en",
          "title":"Bustle",
          "site_name":"bustle.com",
          "description":null,
          "favicon":"https:\/\/s-media-cache-ak0.pinimg.com\/favicons\/09fcfaa24e8d55522f924b8c50d539782755bd3d462075b60be391d7.ico?62f85fa1f99ababbf76a32fc8fc0d05e"
        }
      }
    },
    {
      "attribution":null,
      "creator":{
        "url":"https:\/\/www.pinterest.com\/bustledotcom\/",
        "first_name":"Bustle.com",
        "last_name":"",
        "id":"291115700821437607"
      },
      "url":"https:\/\/www.pinterest.com\/pin\/291115563385530211\/",
      "media":{
        "type":"image"
      },
      "created_at":"2014-03-18T14:53:37",
      "original_link":"http:\/\/www.bustle.com\/articles\/18411-emma-watson-scarlett-johansson-prove-cropped-pants-are-in-5-ways-to-wear-them-right-now",
      "note":"Scarlett Johansson",
      "color":"#9d1922",
      "link":"https:\/\/www.pinterest.com\/r\/pin\/291115563385530211\/4779055074072594921\/927f5c88f747b5d3a744e316ef61dc06632e9210b06cb5e218f1022ed6ea28f1",
      "board":{
        "url":"https:\/\/www.pinterest.com\/bustledotcom\/celebrities\/",
        "id":"291115632102001124",
        "name":"Celebrities"
      },
      "image":{
        "original":{
          "url":"https:\/\/s-media-cache-ak0.pinimg.com\/originals\/f6\/6e\/2e\/f66e2ece2d9855313cd4158f3bbcf383.jpg",
          "width":365,
          "height":550
        }
      },
      "counts":{
        "likes":6,
        "comments":0,
        "repins":23
      },
      "id":"291115563385530211",
      "metadata":{
        "link":{
          "locale":"en",
          "title":"Bustle",
          "site_name":"bustle.com",
          "description":null,
          "favicon":"https:\/\/s-media-cache-ak0.pinimg.com\/favicons\/09fcfaa24e8d55522f924b8c50d539782755bd3d462075b60be391d7.ico?62f85fa1f99ababbf76a32fc8fc0d05e"
        }
      }
    },
    {
      "attribution":null,
      "creator":{
        "url":"https:\/\/www.pinterest.com\/bustledotcom\/",
        "first_name":"Bustle.com",
        "last_name":"",
        "id":"291115700821437607"
      },
      "url":"https:\/\/www.pinterest.com\/pin\/291115563385530210\/",
      "media":{
        "type":"image"
      },
      "created_at":"2014-03-18T14:53:26",
      "original_link":"http:\/\/www.bustle.com\/articles\/18411-emma-watson-scarlett-johansson-prove-cropped-pants-are-in-5-ways-to-wear-them-right-now",
      "note":"Emma Watson",
      "color":"#122f37",
      "link":"https:\/\/www.pinterest.com\/r\/pin\/291115563385530210\/4779055074072594921\/994f235ab10eead4625e6476768c46ce616c0cab892433170280fe4b944baba8",
      "board":{
        "url":"https:\/\/www.pinterest.com\/bustledotcom\/celebrities\/",
        "id":"291115632102001124",
        "name":"Celebrities"
      },
      "image":{
        "original":{
          "url":"https:\/\/s-media-cache-ak0.pinimg.com\/originals\/e1\/d3\/50\/e1d3507b73db4303576b3f607fad51db.jpg",
          "width":366,
          "height":550
        }
      },
      "counts":{
        "likes":3,
        "comments":0,
        "repins":23
      },
      "id":"291115563385530210",
      "metadata":{
        "link":{
          "locale":"en",
          "title":"Bustle",
          "site_name":"bustle.com",
          "description":null,
          "favicon":"https:\/\/s-media-cache-ak0.pinimg.com\/favicons\/09fcfaa24e8d55522f924b8c50d539782755bd3d462075b60be391d7.ico?62f85fa1f99ababbf76a32fc8fc0d05e"
        }
      }
    },
    {
      "attribution":{
        "title":"The Paley Center For Media's PaleyFest 2014 Honoring \"Orange Is The New Black\"",
        "provider_favicon_url":"https:\/\/s-passets-cache-ak0.pinimg.com\/images\/api\/attrib\/getty images.png",
        "author_name":"Frazer Harrison",
        "url":"http:\/\/www.gettyimages.com\/detail\/478795799",
        "author_url":"http:\/\/www.gettyimages.com\/detail\/478795799",
        "provider_name":"Getty Images"
      },
      "creator":{
        "url":"https:\/\/www.pinterest.com\/bustledotcom\/",
        "first_name":"Bustle.com",
        "last_name":"",
        "id":"291115700821437607"
      },
      "url":"https:\/\/www.pinterest.com\/pin\/291115563385521414\/",
      "media":{
        "type":"image"
      },
      "created_at":"2014-03-17T15:42:46",
      "original_link":"http:\/\/www.bustle.com\/articles\/18295-lucy-hale-taylor-schilling-and-more-are-the-best-dressed-stars-of-paleyfest-2014s-opening-weekend\/3",
      "note":"Taylor Schilling at Paleyfest",
      "color":"#d8d2cd",
      "link":"https:\/\/www.pinterest.com\/r\/pin\/291115563385521414\/4779055074072594921\/e67904c23cc5788d7a875123426441995d3bab91340a289a364af7d871244f12",
      "board":{
        "url":"https:\/\/www.pinterest.com\/bustledotcom\/celebrities\/",
        "id":"291115632102001124",
        "name":"Celebrities"
      },
      "image":{
        "original":{
          "url":"https:\/\/s-media-cache-ak0.pinimg.com\/originals\/99\/94\/45\/99944559ec6ead4ce271a2368ee6d581.jpg",
          "width":651,
          "height":1000
        }
      },
      "counts":{
        "likes":0,
        "comments":0,
        "repins":5
      },
      "id":"291115563385521414",
      "metadata":{
        "link":{
          "locale":"en",
          "title":"Bustle",
          "site_name":"bustle.com",
          "description":null,
          "favicon":"https:\/\/s-media-cache-ak0.pinimg.com\/favicons\/09fcfaa24e8d55522f924b8c50d539782755bd3d462075b60be391d7.ico?62f85fa1f99ababbf76a32fc8fc0d05e"
        }
      }
    },
    {
      "attribution":null,
      "creator":{
        "url":"https:\/\/www.pinterest.com\/bustledotcom\/",
        "first_name":"Bustle.com",
        "last_name":"",
        "id":"291115700821437607"
      },
      "url":"https:\/\/www.pinterest.com\/pin\/291115563385521410\/",
      "media":{
        "type":"image"
      },
      "created_at":"2014-03-17T15:41:21",
      "original_link":"http:\/\/www.bustle.com\/articles\/18295-lucy-hale-taylor-schilling-and-more-are-the-best-dressed-stars-of-paleyfest-2014s-opening-weekend\/1",
      "note":"Lucy Hale at Paleyfest",
      "color":"#e4e4ed",
      "link":"https:\/\/www.pinterest.com\/r\/pin\/291115563385521410\/4779055074072594921\/71d8a19ba88990be2d2baf9f03b9064cc95cdfe97f21c8fc89e2c2611736f1c3",
      "board":{
        "url":"https:\/\/www.pinterest.com\/bustledotcom\/celebrities\/",
        "id":"291115632102001124",
        "name":"Celebrities"
      },
      "image":{
        "original":{
          "url":"https:\/\/s-media-cache-ak0.pinimg.com\/originals\/b9\/f1\/02\/b9f1021dde62c61256142ed8f603f9f7.jpg",
          "width":640,
          "height":1000
        }
      },
      "counts":{
        "likes":1,
        "comments":0,
        "repins":10
      },
      "id":"291115563385521410",
      "metadata":{
        "link":{
          "locale":"en",
          "title":"Bustle",
          "site_name":"bustle.com",
          "description":null,
          "favicon":"https:\/\/s-media-cache-ak0.pinimg.com\/favicons\/09fcfaa24e8d55522f924b8c50d539782755bd3d462075b60be391d7.ico?62f85fa1f99ababbf76a32fc8fc0d05e"
        }
      }
    },
    {
      "attribution":null,
      "creator":{
        "url":"https:\/\/www.pinterest.com\/bustledotcom\/",
        "first_name":"Bustle.com",
        "last_name":"",
        "id":"291115700821437607"
      },
      "url":"https:\/\/www.pinterest.com\/pin\/291115563385520827\/",
      "media":{
        "type":"image"
      },
      "created_at":"2014-03-17T13:49:55",
      "original_link":"http:\/\/www.marieclaire.com\/celebrity-lifestyle\/this-is-what-badass-looks-like-2",
      "note":"Shailene Woodley",
      "color":"#e698af",
      "link":"https:\/\/www.pinterest.com\/r\/pin\/291115563385520827\/4779055074072594921\/115f682b8207997af684d95c012eb27aa8b2bcbf19d377e93b2f4acb6d868e9c",
      "board":{
        "url":"https:\/\/www.pinterest.com\/bustledotcom\/celebrities\/",
        "id":"291115632102001124",
        "name":"Celebrities"
      },
      "image":{
        "original":{
          "url":"https:\/\/s-media-cache-ak0.pinimg.com\/originals\/76\/f0\/15\/76f0150a9e57f1395df338d2d6fa083d.jpg",
          "width":600,
          "height":829
        }
      },
      "counts":{
        "likes":7,
        "comments":0,
        "repins":21
      },
      "id":"291115563385520827",
      "metadata":{
        "article":{
          "published_at":"2014-03-17T00:00:00",
          "description":"Oh yes.",
          "name":"Shailene Woodley: This is What Badass Looks Like",
          "authors":[
            {
              "name":"Gaby Wood"
            },
            {
              "name":"Kate Storey"
            },
            {
              "name":"Megan Friedman"
            },
            {
              "name":"Kristina Rodulfo"
            },
            {
              "name":"Mehera Bonner"
            }
          ]
        },
        "link":{
          "locale":"en",
          "title":"Shailene Woodley: This is What Badass Looks Like",
          "site_name":"Marie Claire",
          "description":"The Online Women's Magazine for Fashion, Sex Advice, Dating Tips, and Celebrity News",
          "favicon":"https:\/\/s-media-cache-ak0.pinimg.com\/favicons\/64d627e99e0c02a0426765c9ff1d7c256fd3787c2ae50ba29bd27a4b.ico?5658a55280b4af364915317613c70881"
        }
      }
    },
    {
      "attribution":null,
      "creator":{
        "url":"https:\/\/www.pinterest.com\/bustledotcom\/",
        "first_name":"Bustle.com",
        "last_name":"",
        "id":"291115700821437607"
      },
      "url":"https:\/\/www.pinterest.com\/pin\/291115563385520824\/",
      "media":{
        "type":"image"
      },
      "created_at":"2014-03-17T13:49:43",
      "original_link":"http:\/\/www.marieclaire.com\/celebrity-lifestyle\/this-is-what-badass-looks-like-4",
      "note":"Shailene Woodley",
      "color":"#97b3c0",
      "link":"https:\/\/www.pinterest.com\/r\/pin\/291115563385520824\/4779055074072594921\/72ed8356fa43955643b88eb8330cef675ff861f015894c005ac9539eb3cb268d",
      "board":{
        "url":"https:\/\/www.pinterest.com\/bustledotcom\/celebrities\/",
        "id":"291115632102001124",
        "name":"Celebrities"
      },
      "image":{
        "original":{
          "url":"https:\/\/s-media-cache-ak0.pinimg.com\/originals\/1c\/e7\/3a\/1ce73a7eadc32b5333801bc76a1a2628.jpg",
          "width":600,
          "height":829
        }
      },
      "counts":{
        "likes":5,
        "comments":0,
        "repins":13
      },
      "id":"291115563385520824",
      "metadata":{
        "article":{
          "published_at":"2014-03-17T00:00:00",
          "description":"Oh yes.",
          "name":"Shailene Woodley: This is What Badass Looks Like",
          "authors":[
            {
              "name":"Gaby Wood"
            },
            {
              "name":"Kate Storey"
            },
            {
              "name":"Megan Friedman"
            },
            {
              "name":"Kristina Rodulfo"
            },
            {
              "name":"Mehera Bonner"
            }
          ]
        },
        "link":{
          "locale":"en",
          "title":"Shailene Woodley: This is What Badass Looks Like",
          "site_name":"Marie Claire",
          "description":"The Online Women's Magazine for Fashion, Sex Advice, Dating Tips, and Celebrity News",
          "favicon":"https:\/\/s-media-cache-ak0.pinimg.com\/favicons\/64d627e99e0c02a0426765c9ff1d7c256fd3787c2ae50ba29bd27a4b.ico?5658a55280b4af364915317613c70881"
        }
      }
    },
    {
      "attribution":null,
      "creator":{
        "url":"https:\/\/www.pinterest.com\/bustledotcom\/",
        "first_name":"Bustle.com",
        "last_name":"",
        "id":"291115700821437607"
      },
      "url":"https:\/\/www.pinterest.com\/pin\/291115563385503462\/",
      "media":{
        "type":"image"
      },
      "created_at":"2014-03-16T00:44:23",
      "original_link":"http:\/\/gabifresh.tumblr.com\/post\/42563743857\/olivemylove-allison-williams-and-zosia-mamet",
      "note":"allison williams and zosia Mamet",
      "color":"#f1d3d3",
      "link":"https:\/\/www.pinterest.com\/r\/pin\/291115563385503462\/4779055074072594921\/85b51bbfc1e2afb37b6d6d33035383fb12be3e5982c8e7066ae210f8039c7743",
      "board":{
        "url":"https:\/\/www.pinterest.com\/bustledotcom\/celebrities\/",
        "id":"291115632102001124",
        "name":"Celebrities"
      },
      "image":{
        "original":{
          "url":"https:\/\/s-media-cache-ak0.pinimg.com\/originals\/fa\/18\/25\/fa18251fa80b12f27828a387e93b1ecc.jpg",
          "width":500,
          "height":600
        }
      },
      "counts":{
        "likes":0,
        "comments":0,
        "repins":10
      },
      "id":"291115563385503462",
      "metadata":{
        "link":{
          "locale":"en",
          "title":"gabifresh",
          "site_name":"gabifresh.tumblr.com",
          "description":"olivemylove: \u201c Allison Williams and Zosia Mamet \u201d",
          "favicon":"https:\/\/s-media-cache-ak0.pinimg.com\/favicons\/eb37e9b51658024227d431441837bf5855b0a2824498e49122911319.png?2c601976ed80ea67952c6ad73dd527a7"
        }
      }
    },
    {
      "attribution":null,
      "creator":{
        "url":"https:\/\/www.pinterest.com\/bustledotcom\/",
        "first_name":"Bustle.com",
        "last_name":"",
        "id":"291115700821437607"
      },
      "url":"https:\/\/www.pinterest.com\/pin\/291115563385453290\/",
      "media":{
        "type":"image"
      },
      "created_at":"2014-03-10T13:41:23",
      "original_link":"http:\/\/www.bustle.com\/articles\/17667-kristen-bell-mindy-kaling-and-more-are-at-sxsw-and-their-festival-frocks-are-as-hot\/2",
      "note":"Mindy Kaling at SXSW",
      "color":"#75363d",
      "link":"https:\/\/www.pinterest.com\/r\/pin\/291115563385453290\/4779055074072594921\/3756e89c6a66d8f2b2c7b9d86ee6c52da3f83964dac081012fc45b9c444bd12b",
      "board":{
        "url":"https:\/\/www.pinterest.com\/bustledotcom\/celebrities\/",
        "id":"291115632102001124",
        "name":"Celebrities"
      },
      "image":{
        "original":{
          "url":"https:\/\/s-media-cache-ak0.pinimg.com\/originals\/08\/78\/50\/08785063a0813034ad38db2a71df46f0.jpg",
          "width":640,
          "height":640
        }
      },
      "counts":{
        "likes":0,
        "comments":0,
        "repins":3
      },
      "id":"291115563385453290",
      "metadata":{
        "link":{
          "locale":"en",
          "title":"Bustle",
          "site_name":"bustle.com",
          "description":null,
          "favicon":"https:\/\/s-media-cache-ak0.pinimg.com\/favicons\/09fcfaa24e8d55522f924b8c50d539782755bd3d462075b60be391d7.ico?62f85fa1f99ababbf76a32fc8fc0d05e"
        }
      }
    },
    {
      "attribution":{
        "title":"\"Veronica Mars\" Premiere - 2014 SXSW Music, Film + Interactive Festival",
        "provider_favicon_url":"https:\/\/s-passets-cache-ak0.pinimg.com\/images\/api\/attrib\/getty images.png",
        "author_name":"Michael Buckner",
        "url":"http:\/\/www.gettyimages.com\/detail\/477318279",
        "author_url":"http:\/\/www.gettyimages.com\/detail\/477318279",
        "provider_name":"Getty Images"
      },
      "creator":{
        "url":"https:\/\/www.pinterest.com\/bustledotcom\/",
        "first_name":"Bustle.com",
        "last_name":"",
        "id":"291115700821437607"
      },
      "url":"https:\/\/www.pinterest.com\/pin\/291115563385453288\/",
      "media":{
        "type":"image"
      },
      "created_at":"2014-03-10T13:41:13",
      "original_link":"http:\/\/www.bustle.com\/articles\/17667-kristen-bell-mindy-kaling-and-more-are-at-sxsw-and-their-festival-frocks-are-as-hot\/1",
      "note":"Kristen Bell at SXSW",
      "color":"#695916",
      "link":"https:\/\/www.pinterest.com\/r\/pin\/291115563385453288\/4779055074072594921\/d100fcf98c7643182a2ca82b09a80cf0c18884c8ede1ef31d98f5a1f21e05057",
      "board":{
        "url":"https:\/\/www.pinterest.com\/bustledotcom\/celebrities\/",
        "id":"291115632102001124",
        "name":"Celebrities"
      },
      "image":{
        "original":{
          "url":"https:\/\/s-media-cache-ak0.pinimg.com\/originals\/9d\/13\/c8\/9d13c8d50094b9fef9e9de9f2e128bf6.jpg",
          "width":737,
          "height":1000
        }
      },
      "counts":{
        "likes":0,
        "comments":0,
        "repins":4
      },
      "id":"291115563385453288",
      "metadata":{
        "link":{
          "locale":"en",
          "title":"Bustle",
          "site_name":"bustle.com",
          "description":null,
          "favicon":"https:\/\/s-media-cache-ak0.pinimg.com\/favicons\/09fcfaa24e8d55522f924b8c50d539782755bd3d462075b60be391d7.ico?62f85fa1f99ababbf76a32fc8fc0d05e"
        }
      }
    },
    {
      "attribution":null,
      "creator":{
        "url":"https:\/\/www.pinterest.com\/bustledotcom\/",
        "first_name":"Bustle.com",
        "last_name":"",
        "id":"291115700821437607"
      },
      "url":"https:\/\/www.pinterest.com\/pin\/291115563385423928\/",
      "media":{
        "type":"image"
      },
      "created_at":"2014-03-07T02:22:17",
      "original_link":"http:\/\/intothegloss.com\/2014\/03\/celebrities-without-makeup\/?crlt.pid=camp.IB27E8SdTGJ7",
      "note":" ",
      "color":"#ddba95",
      "link":"https:\/\/www.pinterest.com\/r\/pin\/291115563385423928\/4779055074072594921\/c954e526d3a6fa52d48408d5df57f5b08fad361cf73b0b203c224e8362c21193",
      "board":{
        "url":"https:\/\/www.pinterest.com\/bustledotcom\/celebrities\/",
        "id":"291115632102001124",
        "name":"Celebrities"
      },
      "image":{
        "original":{
          "url":"https:\/\/s-media-cache-ak0.pinimg.com\/originals\/fc\/ef\/13\/fcef1345b05136e195199a5e9733789a.jpg",
          "width":750,
          "height":994
        }
      },
      "counts":{
        "likes":6,
        "comments":0,
        "repins":8
      },
      "id":"291115563385423928",
      "metadata":{
      }
    },
    {
      "attribution":null,
      "creator":{
        "url":"https:\/\/www.pinterest.com\/bustledotcom\/",
        "first_name":"Bustle.com",
        "last_name":"",
        "id":"291115700821437607"
      },
      "url":"https:\/\/www.pinterest.com\/pin\/291115563385414283\/",
      "media":{
        "type":"image"
      },
      "created_at":"2014-03-05T19:36:52",
      "original_link":"http:\/\/fashion1psychology.com\/2014\/03\/02\/2014-oscars-favorites\/",
      "note":"Looking back on Oscars passed, here's a peek at what every Best Actress wore to Academy Awards! #congratscate",
      "color":"#f2f2da",
      "link":"https:\/\/www.pinterest.com\/r\/pin\/291115563385414283\/4779055074072594921\/2e80584736fa3dd1d99451c4ae57f61c1851e31f6696f8e158da166a38258ee5",
      "board":{
        "url":"https:\/\/www.pinterest.com\/bustledotcom\/celebrities\/",
        "id":"291115632102001124",
        "name":"Celebrities"
      },
      "image":{
        "original":{
          "url":"https:\/\/s-media-cache-ak0.pinimg.com\/originals\/2b\/37\/5a\/2b375aba29d2b24c30bd7b14e59a8851.jpg",
          "width":1390,
          "height":3233
        }
      },
      "counts":{
        "likes":6,
        "comments":0,
        "repins":14
      },
      "id":"291115563385414283",
      "metadata":{
      }
    },
    {
      "attribution":null,
      "creator":{
        "url":"https:\/\/www.pinterest.com\/bustledotcom\/",
        "first_name":"Bustle.com",
        "last_name":"",
        "id":"291115700821437607"
      },
      "url":"https:\/\/www.pinterest.com\/pin\/291115563385366480\/",
      "media":{
        "type":"image"
      },
      "created_at":"2014-02-28T15:48:30",
      "original_link":"http:\/\/www.bustle.com\/articles\/16816-paris-fashion-week-fall-2014s-top-8-celebrity-looks\/6",
      "note":"Jessica Alba at Nina Ricci",
      "color":"#b0aeae",
      "link":"https:\/\/www.pinterest.com\/r\/pin\/291115563385366480\/4779055074072594921\/a889f0911d0718257ff0900bc494152bfb671696cb5f685bc03430f3ab414e30",
      "board":{
        "url":"https:\/\/www.pinterest.com\/bustledotcom\/celebrities\/",
        "id":"291115632102001124",
        "name":"Celebrities"
      },
      "image":{
        "original":{
          "url":"https:\/\/s-media-cache-ak0.pinimg.com\/originals\/6c\/02\/0d\/6c020d564dcf25632657d2c57573a605.jpg",
          "width":666,
          "height":1000
        }
      },
      "counts":{
        "likes":1,
        "comments":0,
        "repins":9
      },
      "id":"291115563385366480",
      "metadata":{
        "link":{
          "locale":"en",
          "title":"Bustle",
          "site_name":"bustle.com",
          "description":null,
          "favicon":"https:\/\/s-media-cache-ak0.pinimg.com\/favicons\/09fcfaa24e8d55522f924b8c50d539782755bd3d462075b60be391d7.ico?62f85fa1f99ababbf76a32fc8fc0d05e"
        }
      }
    },
    {
      "attribution":null,
      "creator":{
        "url":"https:\/\/www.pinterest.com\/bustledotcom\/",
        "first_name":"Bustle.com",
        "last_name":"",
        "id":"291115700821437607"
      },
      "url":"https:\/\/www.pinterest.com\/pin\/291115563385366474\/",
      "media":{
        "type":"image"
      },
      "created_at":"2014-02-28T15:47:50",
      "original_link":"http:\/\/www.bustle.com\/articles\/16816-paris-fashion-week-fall-2014s-top-8-celebrity-looks\/2",
      "note":"Zosia Mamet at Carven",
      "color":"#685e55",
      "link":"https:\/\/www.pinterest.com\/r\/pin\/291115563385366474\/4779055074072594921\/cd78ec5764d922ba120fcc6e053ae5041efd11958c184fe9f2bd0c2c1394f31e",
      "board":{
        "url":"https:\/\/www.pinterest.com\/bustledotcom\/celebrities\/",
        "id":"291115632102001124",
        "name":"Celebrities"
      },
      "image":{
        "original":{
          "url":"https:\/\/s-media-cache-ak0.pinimg.com\/originals\/fd\/05\/67\/fd056797fafb025a45aa7c5b68220e99.jpg",
          "width":665,
          "height":1000
        }
      },
      "counts":{
        "likes":0,
        "comments":0,
        "repins":1
      },
      "id":"291115563385366474",
      "metadata":{
        "link":{
          "locale":"en",
          "title":"Bustle",
          "site_name":"bustle.com",
          "description":null,
          "favicon":"https:\/\/s-media-cache-ak0.pinimg.com\/favicons\/09fcfaa24e8d55522f924b8c50d539782755bd3d462075b60be391d7.ico?62f85fa1f99ababbf76a32fc8fc0d05e"
        }
      }
    },
    {
      "attribution":null,
      "creator":{
        "url":"https:\/\/www.pinterest.com\/bustledotcom\/",
        "first_name":"Bustle.com",
        "last_name":"",
        "id":"291115700821437607"
      },
      "url":"https:\/\/www.pinterest.com\/pin\/291115563385358721\/",
      "media":{
        "type":"image"
      },
      "created_at":"2014-02-27T17:30:54",
      "original_link":"http:\/\/blog.modcloth.com\/2014\/02\/25\/vintage-oscar-pictures\/?crlt.pid=camp.CjODEFi2b9fw",
      "note":"Presenters Audrey Hepburn and Grace Kelly wait backstage at the 1956 Academy Awards. #oscars",
      "color":"#484848",
      "link":"https:\/\/www.pinterest.com\/r\/pin\/291115563385358721\/4779055074072594921\/15b121d7351c2a21ce7484da4e59804ac3dc19eb8e52ff70fd8a50aee1b19425",
      "board":{
        "url":"https:\/\/www.pinterest.com\/bustledotcom\/celebrities\/",
        "id":"291115632102001124",
        "name":"Celebrities"
      },
      "image":{
        "original":{
          "url":"https:\/\/s-media-cache-ak0.pinimg.com\/originals\/8a\/4a\/d6\/8a4ad6ca1280fb5267a6d446cf439d10.jpg",
          "width":800,
          "height":1031
        }
      },
      "counts":{
        "likes":2,
        "comments":0,
        "repins":20
      },
      "id":"291115563385358721",
      "metadata":{
        "article":{
          "published_at":"2014-02-25T00:00:00",
          "description":"The 86th annual Academy Awards air this weekend, which means we'll be parked in front of our televisions, rooting for our fave films of 2013, and 'ohh'-ing and 'ahh'-ing over all those gorgeous gowns.",
          "name":"Vintage Oscar Pics to Inspire Your Red Carpet Weekend",
          "authors":[]
        },
        "link":{
          "locale":"en_US",
          "title":"Vintage Oscar Pics to Inspire Your Red Carpet Weekend - Story by ModCloth",
          "site_name":"Story by ModCloth",
          "description":"The 86th annual Academy Awards air this weekend, which means we'll be parked in front of our televisions, rooting for our fave films of 2013, and 'ohh'-ing and 'ahh'-ing over all those gorgeous gowns.",
          "favicon":"https:\/\/s-media-cache-ak0.pinimg.com\/favicons\/4bee85053630483554f2ffb625648c60ca12f8064d3c634e35f414b2.png?2f62ba9b9d2caa689cf9d057d031fe32"
        }
      }
    },
    {
      "attribution":null,
      "creator":{
        "url":"https:\/\/www.pinterest.com\/bustledotcom\/",
        "first_name":"Bustle.com",
        "last_name":"",
        "id":"291115700821437607"
      },
      "url":"https:\/\/www.pinterest.com\/pin\/291115563385358705\/",
      "media":{
        "type":"image"
      },
      "created_at":"2014-02-27T17:28:27",
      "original_link":"http:\/\/blog.modcloth.com\/2014\/02\/25\/vintage-oscar-pictures\/?crlt.pid=camp.emNdJZtoI9it",
      "note":"Audrey Hepburn cradles the award she won for Roman Holiday.",
      "color":"#161616",
      "link":"https:\/\/www.pinterest.com\/r\/pin\/291115563385358705\/4779055074072594921\/5119a0543a369a26c345fe85a2d35c231016dd0185c8a5afc5204ad2db6c8458",
      "board":{
        "url":"https:\/\/www.pinterest.com\/bustledotcom\/celebrities\/",
        "id":"291115632102001124",
        "name":"Celebrities"
      },
      "image":{
        "original":{
          "url":"https:\/\/s-media-cache-ak0.pinimg.com\/originals\/3b\/ca\/87\/3bca878ded4db12494118495a488e8ca.jpg",
          "width":800,
          "height":1199
        }
      },
      "counts":{
        "likes":2,
        "comments":0,
        "repins":22
      },
      "id":"291115563385358705",
      "metadata":{
        "article":{
          "published_at":"2014-02-25T00:00:00",
          "description":"The 86th annual Academy Awards air this weekend, which means we'll be parked in front of our televisions, rooting for our fave films of 2013, and 'ohh'-ing and 'ahh'-ing over all those gorgeous gowns.",
          "name":"Vintage Oscar Pics to Inspire Your Red Carpet Weekend",
          "authors":[]
        },
        "link":{
          "locale":"en_US",
          "title":"Vintage Oscar Pics to Inspire Your Red Carpet Weekend - Story by ModCloth",
          "site_name":"Story by ModCloth",
          "description":"The 86th annual Academy Awards air this weekend, which means we'll be parked in front of our televisions, rooting for our fave films of 2013, and 'ohh'-ing and 'ahh'-ing over all those gorgeous gowns.",
          "favicon":"https:\/\/s-media-cache-ak0.pinimg.com\/favicons\/4bee85053630483554f2ffb625648c60ca12f8064d3c634e35f414b2.png?2f62ba9b9d2caa689cf9d057d031fe32"
        }
      }
    },
    {
      "attribution":null,
      "creator":{
        "url":"https:\/\/www.pinterest.com\/bustledotcom\/",
        "first_name":"Bustle.com",
        "last_name":"",
        "id":"291115700821437607"
      },
      "url":"https:\/\/www.pinterest.com\/pin\/291115563385339902\/",
      "media":{
        "type":"image"
      },
      "created_at":"2014-02-25T17:05:59",
      "original_link":"http:\/\/www.dazeddigital.com\/artsandculture\/article\/18443\/1\/lupita-nyongo-free-spirit",
      "note":"Lupita Nyong'o",
      "color":"#547b39",
      "link":"https:\/\/www.pinterest.com\/r\/pin\/291115563385339902\/4779055074072594921\/ee4c915e02934814c4aa2e4ab0443dc04930c873ac030c9fe1c03ab340d5c429",
      "board":{
        "url":"https:\/\/www.pinterest.com\/bustledotcom\/celebrities\/",
        "id":"291115632102001124",
        "name":"Celebrities"
      },
      "image":{
        "original":{
          "url":"https:\/\/s-media-cache-ak0.pinimg.com\/originals\/96\/07\/f5\/9607f5a2fca8fe312ce92418ea51d60a.jpg",
          "width":786,
          "height":1019
        }
      },
      "counts":{
        "likes":1,
        "comments":0,
        "repins":13
      },
      "id":"291115563385339902",
      "metadata":{
        "article":{
          "published_at":"2014-02-17T00:00:00",
          "description":"Hollywood's most striking new role model on how it feels to bewitch the world with her very first film",
          "name":"Lupita Nyong'o: free spirit",
          "authors":[
            {
              "name":"Sharif Hamza"
            },
            {
              "name":"Robbie Spencer"
            },
            {
              "name":"Ayesha A Siddiqi"
            }
          ]
        },
        "link":{
          "locale":"en",
          "title":"Lupita Nyong'o: free spirit",
          "site_name":"Dazed",
          "description":"Hollywood's most striking new role model on how it feels to bewitch the world with her very first film",
          "favicon":"https:\/\/s-media-cache-ak0.pinimg.com\/favicons\/6a3ba7d361673647604affa8d1122b526bcabc7664a60dfa4a52c3de.ico?4b1bc7666fd119f8a3262703acb0596f"
        }
      }
    },
    {
      "attribution":{
        "title":"16th Costume Designers Guild Awards With Presenting Sponsor Lacoste - Red Carpet",
        "provider_favicon_url":"https:\/\/s-passets-cache-ak0.pinimg.com\/images\/api\/attrib\/getty images.png",
        "author_name":"Christopher Polk",
        "url":"http:\/\/www.gettyimages.com\/detail\/474291149",
        "author_url":"http:\/\/www.gettyimages.com\/detail\/474291149",
        "provider_name":"Getty Images"
      },
      "creator":{
        "url":"https:\/\/www.pinterest.com\/bustledotcom\/",
        "first_name":"Bustle.com",
        "last_name":"",
        "id":"291115700821437607"
      },
      "url":"https:\/\/www.pinterest.com\/pin\/291115563385329626\/",
      "media":{
        "type":"image"
      },
      "created_at":"2014-02-24T15:47:28",
      "original_link":"http:\/\/www.bustle.com\/articles\/16339-mindy-kaling-marvels-in-custom-made-gown-at-the-2014-costume-designers-guild-awards",
      "note":"Mindy Kaling at the 2014 Costume Designers Guild Awards",
      "color":"#363939",
      "link":"https:\/\/www.pinterest.com\/r\/pin\/291115563385329626\/4779055074072594921\/57312851731d769563a4e2061490ca519837250d9eed48cbde0c968540d1971c",
      "board":{
        "url":"https:\/\/www.pinterest.com\/bustledotcom\/celebrities\/",
        "id":"291115632102001124",
        "name":"Celebrities"
      },
      "image":{
        "original":{
          "url":"https:\/\/s-media-cache-ak0.pinimg.com\/originals\/74\/83\/cd\/7483cd18a317c8ab2db7f52f59265efe.jpg",
          "width":366,
          "height":550
        }
      },
      "counts":{
        "likes":1,
        "comments":0,
        "repins":5
      },
      "id":"291115563385329626",
      "metadata":{
        "link":{
          "locale":"en",
          "title":"Bustle",
          "site_name":"bustle.com",
          "description":null,
          "favicon":"https:\/\/s-media-cache-ak0.pinimg.com\/favicons\/09fcfaa24e8d55522f924b8c50d539782755bd3d462075b60be391d7.ico?62f85fa1f99ababbf76a32fc8fc0d05e"
        }
      }
    },
    {
      "attribution":null,
      "creator":{
        "url":"https:\/\/www.pinterest.com\/bustledotcom\/",
        "first_name":"Bustle.com",
        "last_name":"",
        "id":"291115700821437607"
      },
      "url":"https:\/\/www.pinterest.com\/pin\/291115563385329486\/",
      "media":{
        "type":"image"
      },
      "created_at":"2014-02-24T15:27:35",
      "original_link":"http:\/\/www.bustle.com\/articles\/16342-at-the-2014-naacp-image-awards-who-was-best-dressed\/6",
      "note":"Katie Lowes at the 2014 NAACP Image Awards",
      "color":"#bd473e",
      "link":"https:\/\/www.pinterest.com\/r\/pin\/291115563385329486\/4779055074072594921\/1eb73dcf8d245e0a4806ab9c4c65f430b01f608b1804b25a314e1b2a7fa1aa67",
      "board":{
        "url":"https:\/\/www.pinterest.com\/bustledotcom\/celebrities\/",
        "id":"291115632102001124",
        "name":"Celebrities"
      },
      "image":{
        "original":{
          "url":"https:\/\/s-media-cache-ak0.pinimg.com\/originals\/c9\/a7\/9e\/c9a79edb0c6fc801783cda4ab3f75859.jpg",
          "width":610,
          "height":1000
        }
      },
      "counts":{
        "likes":1,
        "comments":0,
        "repins":2
      },
      "id":"291115563385329486",
      "metadata":{
        "link":{
          "locale":"en",
          "title":"Bustle",
          "site_name":"bustle.com",
          "description":null,
          "favicon":"https:\/\/s-media-cache-ak0.pinimg.com\/favicons\/09fcfaa24e8d55522f924b8c50d539782755bd3d462075b60be391d7.ico?62f85fa1f99ababbf76a32fc8fc0d05e"
        }
      }
    },
    {
      "attribution":null,
      "creator":{
        "url":"https:\/\/www.pinterest.com\/bustledotcom\/",
        "first_name":"Bustle.com",
        "last_name":"",
        "id":"291115700821437607"
      },
      "url":"https:\/\/www.pinterest.com\/pin\/291115563385329482\/",
      "media":{
        "type":"image"
      },
      "created_at":"2014-02-24T15:27:01",
      "original_link":"http:\/\/www.bustle.com\/articles\/16342-at-the-2014-naacp-image-awards-who-was-best-dressed\/2",
      "note":"Kerry Washington at the 2014 NAACP Image Awards",
      "color":"#ccbcc2",
      "link":"https:\/\/www.pinterest.com\/r\/pin\/291115563385329482\/4779055074072594921\/daef513cc58e39fe79ece45dc1e5a2c8dfe1ca8f1352a8abc75d06f5ec44a9fb",
      "board":{
        "url":"https:\/\/www.pinterest.com\/bustledotcom\/celebrities\/",
        "id":"291115632102001124",
        "name":"Celebrities"
      },
      "image":{
        "original":{
          "url":"https:\/\/s-media-cache-ak0.pinimg.com\/originals\/f3\/6b\/b5\/f36bb57af94f858e59417069201f0d9c.jpg",
          "width":662,
          "height":1000
        }
      },
      "counts":{
        "likes":0,
        "comments":0,
        "repins":3
      },
      "id":"291115563385329482",
      "metadata":{
        "link":{
          "locale":"en",
          "title":"Bustle",
          "site_name":"bustle.com",
          "description":null,
          "favicon":"https:\/\/s-media-cache-ak0.pinimg.com\/favicons\/09fcfaa24e8d55522f924b8c50d539782755bd3d462075b60be391d7.ico?62f85fa1f99ababbf76a32fc8fc0d05e"
        }
      }
    },
    {
      "attribution":{
        "title":"45th NAACP Image Awards Presented By TV One - Red Carpet",
        "provider_favicon_url":"https:\/\/s-passets-cache-ak0.pinimg.com\/images\/api\/attrib\/getty images.png",
        "author_name":"Alberto E. Rodriguez",
        "url":"http:\/\/www.gettyimages.com\/detail\/474270147",
        "author_url":"http:\/\/www.gettyimages.com\/detail\/474270147",
        "provider_name":"Getty Images"
      },
      "creator":{
        "url":"https:\/\/www.pinterest.com\/bustledotcom\/",
        "first_name":"Bustle.com",
        "last_name":"",
        "id":"291115700821437607"
      },
      "url":"https:\/\/www.pinterest.com\/pin\/291115563385329479\/",
      "media":{
        "type":"image"
      },
      "created_at":"2014-02-24T15:26:52",
      "original_link":"http:\/\/www.bustle.com\/articles\/16342-at-the-2014-naacp-image-awards-who-was-best-dressed\/1",
      "note":"Lupita Nyong'o at the 2014 NAACP Image Awards",
      "color":"#d59689",
      "link":"https:\/\/www.pinterest.com\/r\/pin\/291115563385329479\/4779055074072594921\/885f29e990aebc0c6b9d952e8b28b444fc6655e64cbc4cd1e5612fba9537c91e",
      "board":{
        "url":"https:\/\/www.pinterest.com\/bustledotcom\/celebrities\/",
        "id":"291115632102001124",
        "name":"Celebrities"
      },
      "image":{
        "original":{
          "url":"https:\/\/s-media-cache-ak0.pinimg.com\/originals\/8a\/34\/59\/8a3459f1448b6ae7ab382f4050488a0b.jpg",
          "width":664,
          "height":1000
        }
      },
      "counts":{
        "likes":0,
        "comments":0,
        "repins":2
      },
      "id":"291115563385329479",
      "metadata":{
        "link":{
          "locale":"en",
          "title":"Bustle",
          "site_name":"bustle.com",
          "description":null,
          "favicon":"https:\/\/s-media-cache-ak0.pinimg.com\/favicons\/09fcfaa24e8d55522f924b8c50d539782755bd3d462075b60be391d7.ico?62f85fa1f99ababbf76a32fc8fc0d05e"
        }
      }
    },
    {
      "attribution":null,
      "creator":{
        "url":"https:\/\/www.pinterest.com\/bustledotcom\/",
        "first_name":"Bustle.com",
        "last_name":"",
        "id":"291115700821437607"
      },
      "url":"https:\/\/www.pinterest.com\/pin\/291115563385325773\/",
      "media":{
        "type":"image"
      },
      "created_at":"2014-02-24T01:55:21",
      "original_link":"http:\/\/heytinafey.tumblr.com\/post\/14323205065\/msknope-i-dont-really-like-being-the",
      "note":"Jimmy Fallon",
      "color":"#e0e1e8",
      "link":"https:\/\/www.pinterest.com\/r\/pin\/291115563385325773\/4779055074072594921\/0592eb7caf4066326e329c2e4c87069105900211b5031f7984123a01eaaa5268",
      "board":{
        "url":"https:\/\/www.pinterest.com\/bustledotcom\/celebrities\/",
        "id":"291115632102001124",
        "name":"Celebrities"
      },
      "image":{
        "original":{
          "url":"https:\/\/s-media-cache-ak0.pinimg.com\/originals\/b0\/3e\/8e\/b03e8e31b5d7bfb82782a2732c991142.jpg",
          "width":500,
          "height":690
        }
      },
      "counts":{
        "likes":2,
        "comments":0,
        "repins":32
      },
      "id":"291115563385325773",
      "metadata":{
        "link":{
          "locale":"en",
          "title":"heytinafey",
          "site_name":"heytinafey.tumblr.com",
          "description":"msknope: \u201c \u201c\u201cI don\u2019t really like being the center of attention that much. It\u2019s kind of ironic.\u201d \u201d",
          "favicon":"https:\/\/s-media-cache-ak0.pinimg.com\/favicons\/dac52b47affb9d6445f2b2ba178fa5339e48c02855a8172445795891.png?5f64c08a773708ab8c62054eb778b77d"
        }
      }
    }
  ],
  "page":{
    "cursor":"LT4yOTExMTU1NjMzODUzMjU3NzM6NzN8NTg2ZWM0ZGIzZGZhNGVhZTEyMzdmNTc2MTQ3YTgwMDZlNTU4Nzk2Y2U3MGMwZWY3YjA4YzdlNjQyZWZmY2ExYw==",
    "next":"https:\/\/api.pinterest.com\/v1\/boards\/bustledotcom\/celebrities\/pins\/?access_token=AZlZE-HOK-Y4205yRft75KyYVaauFCBIs8jxSxdCtrJcomAqbQAAAAA&fields=id%2Clink%2Cnote%2Curl%2Cattribution%2Cmedia%2Cmetadata%2Cboard%2Ccolor%2Ccounts%2Ccreated_at%2Ccreator%2Cimage%2Coriginal_link&cursor=LT4yOTExMTU1NjMzODUzMjU3NzM6NzN8NTg2ZWM0ZGIzZGZhNGVhZTEyMzdmNTc2MTQ3YTgwMDZlNTU4Nzk2Y2U3MGMwZWY3YjA4YzdlNjQyZWZmY2ExYw%3D%3D"
  }
}
