{
  "data":[
    {
      "attribution":null,
      "creator":{
        "url":"https:\/\/www.pinterest.com\/dailymail\/",
        "first_name":"Daily Mail",
        "last_name":"",
        "id":"536561880513118266"
      },
      "url":"https:\/\/www.pinterest.com\/pin\/536561743079896869\/",
      "media":{
        "type":"image"
      },
      "created_at":"2015-01-21T19:49:05",
      "original_link":"http:\/\/dailym.ai\/1uqhbxb#i-d8a7dd857c32605d",
      "note":"Debonair: Chris Evans had his hair perfectly slicked back with a bit of scruff around his chin",
      "color":"#76565a",
      "link":"https:\/\/www.pinterest.com\/r\/pin\/536561743079896869\/4779055074072594921\/6daf0f8c74f6af4ee3b5b5ce5c1a29520be8f01cbd2a0972599e33dfef316fe6",
      "board":{
        "url":"https:\/\/www.pinterest.com\/dailymail\/celebrities\/",
        "id":"536561811793888186",
        "name":"Celebrities"
      },
      "image":{
        "original":{
          "url":"https:\/\/s-media-cache-ak0.pinimg.com\/originals\/29\/76\/c0\/2976c02acc2ad6f5cb416a870201402d.jpg",
          "width":634,
          "height":833
        }
      },
      "counts":{
        "likes":0,
        "comments":0,
        "repins":3
      },
      "id":"536561743079896869",
      "metadata":{
      }
    },
    {
      "attribution":null,
      "creator":{
        "url":"https:\/\/www.pinterest.com\/dailymail\/",
        "first_name":"Daily Mail",
        "last_name":"",
        "id":"536561880513118266"
      },
      "url":"https:\/\/www.pinterest.com\/pin\/536561743079896859\/",
      "media":{
        "type":"image"
      },
      "created_at":"2015-01-21T19:48:04",
      "original_link":"http:\/\/dailym.ai\/1us7yOw#i-7b2f3cac9f3c67be",
      "note":"Bare-faced chic: Gisele Bundchen went make-up free as she headed to an exercise class",
      "color":"#333535",
      "link":"https:\/\/www.pinterest.com\/r\/pin\/536561743079896859\/4779055074072594921\/3258e871c3805ffb58374ff35be92675543bf7160d476843f30fe9609e6847ac",
      "board":{
        "url":"https:\/\/www.pinterest.com\/dailymail\/celebrities\/",
        "id":"536561811793888186",
        "name":"Celebrities"
      },
      "image":{
        "original":{
          "url":"https:\/\/s-media-cache-ak0.pinimg.com\/originals\/f7\/46\/7f\/f7467fe1e2e2297b9539bac1592715b6.jpg",
          "width":634,
          "height":1065
        }
      },
      "counts":{
        "likes":1,
        "comments":0,
        "repins":1
      },
      "id":"536561743079896859",
      "metadata":{
      }
    },
    {
      "attribution":null,
      "creator":{
        "url":"https:\/\/www.pinterest.com\/dailymail\/",
        "first_name":"Daily Mail",
        "last_name":"",
        "id":"536561880513118266"
      },
      "url":"https:\/\/www.pinterest.com\/pin\/536561743079896848\/",
      "media":{
        "type":"image"
      },
      "created_at":"2015-01-21T19:45:41",
      "original_link":"http:\/\/dailym.ai\/1Bcu1yH#i-2932fe1fa461aab4",
      "note":"To the rescue: Selena Gomez saved her bestie Cara Delevingne from a wardrobe disaster at last week's Golden Globes",
      "color":"#352820",
      "link":"https:\/\/www.pinterest.com\/r\/pin\/536561743079896848\/4779055074072594921\/cdde5bebabe886f0cc8ca00fc4e66061134f771fe20d076609c3e49893038604",
      "board":{
        "url":"https:\/\/www.pinterest.com\/dailymail\/celebrities\/",
        "id":"536561811793888186",
        "name":"Celebrities"
      },
      "image":{
        "original":{
          "url":"https:\/\/s-media-cache-ak0.pinimg.com\/originals\/cf\/4c\/37\/cf4c370cee843fa4f5216943c1f5ad2b.jpg",
          "width":634,
          "height":454
        }
      },
      "counts":{
        "likes":1,
        "comments":0,
        "repins":2
      },
      "id":"536561743079896848",
      "metadata":{
      }
    },
    {
      "attribution":null,
      "creator":{
        "url":"https:\/\/www.pinterest.com\/dailymail\/",
        "first_name":"Daily Mail",
        "last_name":"",
        "id":"536561880513118266"
      },
      "url":"https:\/\/www.pinterest.com\/pin\/536561743079896832\/",
      "media":{
        "type":"image"
      },
      "created_at":"2015-01-21T19:43:30",
      "original_link":"http:\/\/dailym.ai\/1BdLCWP#i-c97e5b0364bbb2f3",
      "note":"Baby on board: Mila Kunis took daughter Wyatt with her to a hair salon in Beverly Hills",
      "color":"#6e7271",
      "link":"https:\/\/www.pinterest.com\/r\/pin\/536561743079896832\/4779055074072594921\/3c90698ca087c6a1cdbf39bf7fea7beb66bc2b8b6fb2f75d4a7f228cc3455021",
      "board":{
        "url":"https:\/\/www.pinterest.com\/dailymail\/celebrities\/",
        "id":"536561811793888186",
        "name":"Celebrities"
      },
      "image":{
        "original":{
          "url":"https:\/\/s-media-cache-ak0.pinimg.com\/originals\/36\/9f\/66\/369f66d14b5a9a9500f8e782ca618f33.jpg",
          "width":634,
          "height":755
        }
      },
      "counts":{
        "likes":0,
        "comments":0,
        "repins":0
      },
      "id":"536561743079896832",
      "metadata":{
      }
    },
    {
      "attribution":null,
      "creator":{
        "url":"https:\/\/www.pinterest.com\/dailymail\/",
        "first_name":"Daily Mail",
        "last_name":"",
        "id":"536561880513118266"
      },
      "url":"https:\/\/www.pinterest.com\/pin\/536561743079896823\/",
      "media":{
        "type":"image"
      },
      "created_at":"2015-01-21T19:42:20",
      "original_link":"http:\/\/dailym.ai\/1uqDaUJ#i-47ceb60debca6489",
      "note":"Family man: Kevin Costner was outshone by his glamorous wife\u00a0Christine Baumgartner (left) and daughter Lily Costner (right) at the LA premiere of Black or White",
      "color":"#5b242d",
      "link":"https:\/\/www.pinterest.com\/r\/pin\/536561743079896823\/4779055074072594921\/1523ba1474f38b28c37251fb55f316f2ed1c0dbb002c15d41207bfb039cb2edd",
      "board":{
        "url":"https:\/\/www.pinterest.com\/dailymail\/celebrities\/",
        "id":"536561811793888186",
        "name":"Celebrities"
      },
      "image":{
        "original":{
          "url":"https:\/\/s-media-cache-ak0.pinimg.com\/originals\/08\/cb\/28\/08cb2849177b6f33b6acc66e7bb6fd94.jpg",
          "width":634,
          "height":860
        }
      },
      "counts":{
        "likes":1,
        "comments":0,
        "repins":1
      },
      "id":"536561743079896823",
      "metadata":{
      }
    },
    {
      "attribution":null,
      "creator":{
        "url":"https:\/\/www.pinterest.com\/dailymail\/",
        "first_name":"Daily Mail",
        "last_name":"",
        "id":"536561880513118266"
      },
      "url":"https:\/\/www.pinterest.com\/pin\/536561743079896819\/",
      "media":{
        "type":"image"
      },
      "created_at":"2015-01-21T19:41:51",
      "original_link":"http:\/\/dailym.ai\/1utwTYv#i-16d568aaaeb885a8",
      "note":"'Slytherin for life': Harry Potter star Tom Felton was left 'heart broken' on Wednesday when he was sorted into Gryffindor House on the Pottermore website",
      "color":"#988976",
      "link":"https:\/\/www.pinterest.com\/r\/pin\/536561743079896819\/4779055074072594921\/0d27b36d8506e5ba639eacb57ef198dea114e6e5351ee225f53506f66474372f",
      "board":{
        "url":"https:\/\/www.pinterest.com\/dailymail\/celebrities\/",
        "id":"536561811793888186",
        "name":"Celebrities"
      },
      "image":{
        "original":{
          "url":"https:\/\/s-media-cache-ak0.pinimg.com\/originals\/e1\/b8\/45\/e1b8451f53c771c58789c61a1722a1a4.jpg",
          "width":634,
          "height":860
        }
      },
      "counts":{
        "likes":1,
        "comments":0,
        "repins":0
      },
      "id":"536561743079896819",
      "metadata":{
      }
    },
    {
      "attribution":null,
      "creator":{
        "url":"https:\/\/www.pinterest.com\/dailymail\/",
        "first_name":"Daily Mail",
        "last_name":"",
        "id":"536561880513118266"
      },
      "url":"https:\/\/www.pinterest.com\/pin\/536561743079896751\/",
      "media":{
        "type":"image"
      },
      "created_at":"2015-01-21T19:33:52",
      "original_link":"http:\/\/dailym.ai\/1Bep9sS#i-e3abfc30af8e55ee",
      "note":"Talented:\u00a0Justin Bieber strummed his guitar and belted four numbers at a West Hollywood gastropub",
      "color":"#08112b",
      "link":"https:\/\/www.pinterest.com\/r\/pin\/536561743079896751\/4779055074072594921\/45f850e6974bb96b4815e908c90cb14a5919c49390cf95223935cfb4fd08876e",
      "board":{
        "url":"https:\/\/www.pinterest.com\/dailymail\/celebrities\/",
        "id":"536561811793888186",
        "name":"Celebrities"
      },
      "image":{
        "original":{
          "url":"https:\/\/s-media-cache-ak0.pinimg.com\/originals\/f3\/5e\/d2\/f35ed242a34ffa6ff6a413904450b173.jpg",
          "width":634,
          "height":778
        }
      },
      "counts":{
        "likes":0,
        "comments":0,
        "repins":0
      },
      "id":"536561743079896751",
      "metadata":{
      }
    },
    {
      "attribution":null,
      "creator":{
        "url":"https:\/\/www.pinterest.com\/dailymail\/",
        "first_name":"Daily Mail",
        "last_name":"",
        "id":"536561880513118266"
      },
      "url":"https:\/\/www.pinterest.com\/pin\/536561743079896679\/",
      "media":{
        "type":"image"
      },
      "created_at":"2015-01-21T19:25:27",
      "original_link":"http:\/\/dailym.ai\/1BeKan3#i-ba8174a7b94b8d7c",
      "note":"Too much fun! The VS Angels almost appeared to be enjoying themselves more than their tots",
      "color":"#c7b1a9",
      "link":"https:\/\/www.pinterest.com\/r\/pin\/536561743079896679\/4779055074072594921\/2f7ced21aa221112e418a3e89e239e1ec87310a73cf086c3d1ebe32eb20b6a34",
      "board":{
        "url":"https:\/\/www.pinterest.com\/dailymail\/celebrities\/",
        "id":"536561811793888186",
        "name":"Celebrities"
      },
      "image":{
        "original":{
          "url":"https:\/\/s-media-cache-ak0.pinimg.com\/originals\/13\/d8\/4b\/13d84b39f24ae1d3629e829bcd26f53b.jpg",
          "width":634,
          "height":607
        }
      },
      "counts":{
        "likes":0,
        "comments":0,
        "repins":0
      },
      "id":"536561743079896679",
      "metadata":{
      }
    },
    {
      "attribution":null,
      "creator":{
        "url":"https:\/\/www.pinterest.com\/dailymail\/",
        "first_name":"Daily Mail",
        "last_name":"",
        "id":"536561880513118266"
      },
      "url":"https:\/\/www.pinterest.com\/pin\/536561743079896631\/",
      "media":{
        "type":"image"
      },
      "created_at":"2015-01-21T19:18:19",
      "original_link":"http:\/\/dailym.ai\/1ut06mo#i-cc3997fda94d29f1",
      "note":"He's back for the fourth time:\u00a0On Wednesday the Recording Academy announced former rapper and current TV star LL Cool J would host the 57th annual Grammy Awards",
      "color":"#d4c3c7",
      "link":"https:\/\/www.pinterest.com\/r\/pin\/536561743079896631\/4779055074072594921\/a38e4a361ffae393b9c8044377c7c4d0d1f7337a5332b4db111eb40ccb0d9007",
      "board":{
        "url":"https:\/\/www.pinterest.com\/dailymail\/celebrities\/",
        "id":"536561811793888186",
        "name":"Celebrities"
      },
      "image":{
        "original":{
          "url":"https:\/\/s-media-cache-ak0.pinimg.com\/originals\/b6\/e0\/96\/b6e096a9fd619a2762aab5908ad1c6fe.jpg",
          "width":634,
          "height":1030
        }
      },
      "counts":{
        "likes":1,
        "comments":0,
        "repins":1
      },
      "id":"536561743079896631",
      "metadata":{
      }
    },
    {
      "attribution":null,
      "creator":{
        "url":"https:\/\/www.pinterest.com\/dailymail\/",
        "first_name":"Daily Mail",
        "last_name":"",
        "id":"536561880513118266"
      },
      "url":"https:\/\/www.pinterest.com\/pin\/536561743079896616\/",
      "media":{
        "type":"image"
      },
      "created_at":"2015-01-21T19:16:06",
      "original_link":"http:\/\/dailym.ai\/1BewSa8#i-8e23623ede356528",
      "note":"Animal magnetism:\u00a0Chloe Grace Moretz, 17, has been announced as the face of Coach's new Dreamers campaign",
      "color":"#a3a1a0",
      "link":"https:\/\/www.pinterest.com\/r\/pin\/536561743079896616\/4779055074072594921\/1c24e535d4c64c4708601c28ac53588f7f7a50ff66a819c13fb8ecfa0389bedf",
      "board":{
        "url":"https:\/\/www.pinterest.com\/dailymail\/celebrities\/",
        "id":"536561811793888186",
        "name":"Celebrities"
      },
      "image":{
        "original":{
          "url":"https:\/\/s-media-cache-ak0.pinimg.com\/originals\/9c\/04\/39\/9c04399ed21c7fd99d433cf9e8d6fdec.jpg",
          "width":634,
          "height":860
        }
      },
      "counts":{
        "likes":0,
        "comments":0,
        "repins":3
      },
      "id":"536561743079896616",
      "metadata":{
      }
    },
    {
      "attribution":null,
      "creator":{
        "url":"https:\/\/www.pinterest.com\/dailymail\/",
        "first_name":"Daily Mail",
        "last_name":"",
        "id":"536561880513118266"
      },
      "url":"https:\/\/www.pinterest.com\/pin\/536561743079896609\/",
      "media":{
        "type":"image"
      },
      "created_at":"2015-01-21T19:15:24",
      "original_link":"http:\/\/dailym.ai\/1Beyd0T#i-4bf19364d658aa76",
      "note":"Chasing Waterfalls? Rozonda 'Chilli' Thomas and Tionne 'T-Boz' Watkins are now $44,000 away from their original $150,000 goal; they were pictured on Nov. 24, 2013",
      "color":"#cd7fb4",
      "link":"https:\/\/www.pinterest.com\/r\/pin\/536561743079896609\/4779055074072594921\/baa80b375c200e34752c82424017acdd6e2bf44ebb16985ef34cd77f33373db6",
      "board":{
        "url":"https:\/\/www.pinterest.com\/dailymail\/celebrities\/",
        "id":"536561811793888186",
        "name":"Celebrities"
      },
      "image":{
        "original":{
          "url":"https:\/\/s-media-cache-ak0.pinimg.com\/originals\/e5\/15\/05\/e51505ff27c74e8916dea9e6cf27ca0a.jpg",
          "width":634,
          "height":916
        }
      },
      "counts":{
        "likes":1,
        "comments":0,
        "repins":1
      },
      "id":"536561743079896609",
      "metadata":{
      }
    },
    {
      "attribution":null,
      "creator":{
        "url":"https:\/\/www.pinterest.com\/dailymail\/",
        "first_name":"Daily Mail",
        "last_name":"",
        "id":"536561880513118266"
      },
      "url":"https:\/\/www.pinterest.com\/pin\/536561743079896605\/",
      "media":{
        "type":"image"
      },
      "created_at":"2015-01-21T19:14:57",
      "original_link":"http:\/\/dailym.ai\/1Beyd0T#i-84f334831c97780c",
      "note":"Generous: Katy Perry (pictured February 18, 2014) is said to have donated $5,000 towards TLC's Kickstarter campaign to fund their 'last and final album'",
      "color":"#dacfd2",
      "link":"https:\/\/www.pinterest.com\/r\/pin\/536561743079896605\/4779055074072594921\/0f000086e8b7cba431b1c8ec2df227478654faf7732d5e2cf91cd2fb133d23ca",
      "board":{
        "url":"https:\/\/www.pinterest.com\/dailymail\/celebrities\/",
        "id":"536561811793888186",
        "name":"Celebrities"
      },
      "image":{
        "original":{
          "url":"https:\/\/s-media-cache-ak0.pinimg.com\/originals\/21\/ed\/65\/21ed658f65605b59b4c37fcb5301d1db.jpg",
          "width":634,
          "height":906
        }
      },
      "counts":{
        "likes":0,
        "comments":0,
        "repins":1
      },
      "id":"536561743079896605",
      "metadata":{
      }
    },
    {
      "attribution":null,
      "creator":{
        "url":"https:\/\/www.pinterest.com\/dailymail\/",
        "first_name":"Daily Mail",
        "last_name":"",
        "id":"536561880513118266"
      },
      "url":"https:\/\/www.pinterest.com\/pin\/536561743079896588\/",
      "media":{
        "type":"image"
      },
      "created_at":"2015-01-21T19:12:26",
      "original_link":"http:\/\/dailym.ai\/1utx4mG#i-4ae6646189851d66",
      "note":"All about the clothes:\u00a0Meghan Trainor has admitted that she won\u2019t be putting her derri\u00e8re on show anytime soon",
      "color":"#cac8c9",
      "link":"https:\/\/www.pinterest.com\/r\/pin\/536561743079896588\/4779055074072594921\/393918b6757fcb5a7cf9bb01861b062cafdf4614470a2459a8f838f9a87b99c0",
      "board":{
        "url":"https:\/\/www.pinterest.com\/dailymail\/celebrities\/",
        "id":"536561811793888186",
        "name":"Celebrities"
      },
      "image":{
        "original":{
          "url":"https:\/\/s-media-cache-ak0.pinimg.com\/originals\/e0\/50\/b0\/e050b0164ab65e119426bfe1c2e8e7c0.jpg",
          "width":634,
          "height":835
        }
      },
      "counts":{
        "likes":1,
        "comments":0,
        "repins":0
      },
      "id":"536561743079896588",
      "metadata":{
      }
    },
    {
      "attribution":null,
      "creator":{
        "url":"https:\/\/www.pinterest.com\/dailymail\/",
        "first_name":"Daily Mail",
        "last_name":"",
        "id":"536561880513118266"
      },
      "url":"https:\/\/www.pinterest.com\/pin\/536561743079896572\/",
      "media":{
        "type":"image"
      },
      "created_at":"2015-01-21T19:11:03",
      "original_link":"http:\/\/dailym.ai\/1usLFia#i-27e482da1fd8c0f8",
      "note":"Red and black and chic all over: Jennifer Connelly was the epitome of classy daytime glamour as she posed at the Madrid photocall for new film Aloft on Wednesday",
      "color":"#bbbcbf",
      "link":"https:\/\/www.pinterest.com\/r\/pin\/536561743079896572\/4779055074072594921\/7c4bb10790523a928c7d6f0180791dc35811043c0b53e84b03414cf0b4132fcc",
      "board":{
        "url":"https:\/\/www.pinterest.com\/dailymail\/celebrities\/",
        "id":"536561811793888186",
        "name":"Celebrities"
      },
      "image":{
        "original":{
          "url":"https:\/\/s-media-cache-ak0.pinimg.com\/originals\/96\/44\/1a\/96441a8e8af5b21d6a0cc59f1e133815.jpg",
          "width":634,
          "height":1008
        }
      },
      "counts":{
        "likes":1,
        "comments":0,
        "repins":3
      },
      "id":"536561743079896572",
      "metadata":{
      }
    },
    {
      "attribution":null,
      "creator":{
        "url":"https:\/\/www.pinterest.com\/dailymail\/",
        "first_name":"Daily Mail",
        "last_name":"",
        "id":"536561880513118266"
      },
      "url":"https:\/\/www.pinterest.com\/pin\/536561743079896531\/",
      "media":{
        "type":"image"
      },
      "created_at":"2015-01-21T19:06:34",
      "original_link":"http:\/\/dailym.ai\/1utyVYM#i-13b2a44f6680c49",
      "note":"'Finland...freezing?? Not for the Hoff!' David Hasselhoff went shirtless in snowy, freezing Finland while filming his talk show",
      "color":"#696055",
      "link":"https:\/\/www.pinterest.com\/r\/pin\/536561743079896531\/4779055074072594921\/fad852fd0e08d5cbf9cf0cc30a8d357521d3763ede75c54cbbf0bd95f7a35db1",
      "board":{
        "url":"https:\/\/www.pinterest.com\/dailymail\/celebrities\/",
        "id":"536561811793888186",
        "name":"Celebrities"
      },
      "image":{
        "original":{
          "url":"https:\/\/s-media-cache-ak0.pinimg.com\/originals\/60\/a7\/38\/60a738226796b8126d5fbc402920cc8c.jpg",
          "width":634,
          "height":744
        }
      },
      "counts":{
        "likes":0,
        "comments":0,
        "repins":0
      },
      "id":"536561743079896531",
      "metadata":{
      }
    },
    {
      "attribution":null,
      "creator":{
        "url":"https:\/\/www.pinterest.com\/dailymail\/",
        "first_name":"Daily Mail",
        "last_name":"",
        "id":"536561880513118266"
      },
      "url":"https:\/\/www.pinterest.com\/pin\/536561743079896522\/",
      "media":{
        "type":"image"
      },
      "created_at":"2015-01-21T19:06:08",
      "original_link":"http:\/\/dailym.ai\/1utgwev#i-221940c61557a666",
      "note":"LeAnn Rimes and husband Eddie Cibrian's reality series has been cancelled by VH1 after just one season",
      "color":"#322626",
      "link":"https:\/\/www.pinterest.com\/r\/pin\/536561743079896522\/4779055074072594921\/cfe9dc67ad5e11401fb0d00b3afe20876e8ab132e849df036d20e03f3558329e",
      "board":{
        "url":"https:\/\/www.pinterest.com\/dailymail\/celebrities\/",
        "id":"536561811793888186",
        "name":"Celebrities"
      },
      "image":{
        "original":{
          "url":"https:\/\/s-media-cache-ak0.pinimg.com\/originals\/1b\/07\/37\/1b07376dcbeb442421a577a84613d380.jpg",
          "width":634,
          "height":956
        }
      },
      "counts":{
        "likes":1,
        "comments":0,
        "repins":0
      },
      "id":"536561743079896522",
      "metadata":{
      }
    },
    {
      "attribution":{
        "title":"Celebrities Visit SiriusXM Studios - August 6, 2013",
        "provider_favicon_url":"https:\/\/s-passets-cache-ak0.pinimg.com\/images\/api\/attrib\/getty images.png",
        "author_name":"Robin Marchant",
        "url":"http:\/\/www.gettyimages.com\/detail\/175697955",
        "author_url":"http:\/\/www.gettyimages.com\/detail\/175697955",
        "provider_name":"Getty Images"
      },
      "creator":{
        "url":"https:\/\/www.pinterest.com\/dailymail\/",
        "first_name":"Daily Mail",
        "last_name":"",
        "id":"536561880513118266"
      },
      "url":"https:\/\/www.pinterest.com\/pin\/536561743079896451\/",
      "media":{
        "type":"image"
      },
      "created_at":"2015-01-21T18:59:59",
      "original_link":"http:\/\/dailym.ai\/1BemGyz#i-1d47fa34a959d01c",
      "note":"The newly pledged Mr. and Mrs. Siegfried",
      "color":"#dcd8d7",
      "link":"https:\/\/www.pinterest.com\/r\/pin\/536561743079896451\/4779055074072594921\/03c493ed0fd0a5968ca62fc04113c3fe7d1770a476928f2930929ac3f32aec4f",
      "board":{
        "url":"https:\/\/www.pinterest.com\/dailymail\/celebrities\/",
        "id":"536561811793888186",
        "name":"Celebrities"
      },
      "image":{
        "original":{
          "url":"https:\/\/s-media-cache-ak0.pinimg.com\/originals\/75\/d9\/a4\/75d9a439b6129d45198284bbf5da37b3.jpg",
          "width":634,
          "height":871
        }
      },
      "counts":{
        "likes":0,
        "comments":0,
        "repins":3
      },
      "id":"536561743079896451",
      "metadata":{
      }
    },
    {
      "attribution":null,
      "creator":{
        "url":"https:\/\/www.pinterest.com\/dailymail\/",
        "first_name":"Daily Mail",
        "last_name":"",
        "id":"536561880513118266"
      },
      "url":"https:\/\/www.pinterest.com\/pin\/536561743079881103\/",
      "media":{
        "type":"image"
      },
      "created_at":"2015-01-20T14:49:41",
      "original_link":"http:\/\/www.dailymail.co.uk\/tvshowbiz\/article-2917939\/David-Beckham-shows-toned-physique-boxers-H-M-campaign.html",
      "note":"A crisp white number flattered David Beckham's toned frame as the sportsman wows in new H&M campaign",
      "color":"#7b7e83",
      "link":"https:\/\/www.pinterest.com\/r\/pin\/536561743079881103\/4779055074072594921\/0c6b5190c129a2239dfcf26b68f9d27f2144d7d2c5dc14de01744139f1a2e9b1",
      "board":{
        "url":"https:\/\/www.pinterest.com\/dailymail\/celebrities\/",
        "id":"536561811793888186",
        "name":"Celebrities"
      },
      "image":{
        "original":{
          "url":"https:\/\/s-media-cache-ak0.pinimg.com\/originals\/48\/85\/61\/4885615dcf3763f40a2b332b5431de4e.jpg",
          "width":634,
          "height":809
        }
      },
      "counts":{
        "likes":1,
        "comments":0,
        "repins":3
      },
      "id":"536561743079881103",
      "metadata":{
        "article":{
          "published_at":"2015-01-20T00:00:00",
          "description":"Modelling his Modern Essentials and new Bodywear collection, the husband of Victoria models the Spring 2015 range, which includes a selection of loungewear pieces.",
          "name":"David Beckham shows off his toned physique in boxers for H&M campaign",
          "authors":[]
        },
        "link":{
          "locale":"en_AI",
          "title":"David Beckham shows off his toned physique in boxers for H&M campaign",
          "site_name":"Mail Online",
          "description":"Modelling his Modern Essentials and new Bodywear collection, the husband of Victoria models the Spring 2015 range, which includes a selection of loungewear pieces.",
          "favicon":"https:\/\/s-media-cache-ak0.pinimg.com\/favicons\/152fc9e245847e7b5739c44de12a0e477491b0409cba00d2e497e29d.ico?ce0260c17b7f1dbdb7726ef7e8fd8c7a"
        }
      }
    },
    {
      "attribution":null,
      "creator":{
        "url":"https:\/\/www.pinterest.com\/dailymail\/",
        "first_name":"Daily Mail",
        "last_name":"",
        "id":"536561880513118266"
      },
      "url":"https:\/\/www.pinterest.com\/pin\/536561743079880290\/",
      "media":{
        "type":"image"
      },
      "created_at":"2015-01-20T12:56:27",
      "original_link":"http:\/\/www.dailymail.co.uk\/tvshowbiz\/article-2918045\/Beyonce-Jay-Z-LA-house-hunt-ice-outbid-70m-Beverly-Hills-mansion-billionaire-Minecraft-creator.html",
      "note":"Still smiling: It has been reported last year that the couple had also been eyeing up a new home in Paris after stopping to view a villa near the beautiful Seine River in October",
      "color":"#242830",
      "link":"https:\/\/www.pinterest.com\/r\/pin\/536561743079880290\/4779055074072594921\/b2178359a76ac0cc66b8caa749ea57272edbfd27a192c441e5173d7531b06ff7",
      "board":{
        "url":"https:\/\/www.pinterest.com\/dailymail\/celebrities\/",
        "id":"536561811793888186",
        "name":"Celebrities"
      },
      "image":{
        "original":{
          "url":"https:\/\/s-media-cache-ak0.pinimg.com\/originals\/6c\/de\/e7\/6cdee76b23671f8f37286d410b932bb2.jpg",
          "width":634,
          "height":479
        }
      },
      "counts":{
        "likes":0,
        "comments":0,
        "repins":1
      },
      "id":"536561743079880290",
      "metadata":{
        "article":{
          "published_at":null,
          "description":"Jay Z and Beyonce have reportedly put a hold on their house hunt in Los Angeles.",
          "name":"Beyonce and Jay Z put their LA house hunt \u2018on ice\u2019 after being outbid",
          "authors":[]
        },
        "link":{
          "locale":"en_GB",
          "title":"Beyonce and Jay Z put their LA house hunt \u2018on ice\u2019 after being outbid",
          "site_name":"Mail Online",
          "description":"Jay Z and Beyonce have reportedly put a hold on their house hunt in Los Angeles.",
          "favicon":"https:\/\/s-media-cache-ak0.pinimg.com\/favicons\/ba8856b627a2bf282a5dab73c40812571f90daf57fe69780aa1096ab.ico?a8690769c53090d08b0560db0144a818"
        }
      }
    },
    {
      "attribution":null,
      "creator":{
        "url":"https:\/\/www.pinterest.com\/dailymail\/",
        "first_name":"Daily Mail",
        "last_name":"",
        "id":"536561880513118266"
      },
      "url":"https:\/\/www.pinterest.com\/pin\/536561743079880284\/",
      "media":{
        "type":"image"
      },
      "created_at":"2015-01-20T12:55:55",
      "original_link":"http:\/\/www.dailymail.co.uk\/tvshowbiz\/article-2918045\/Beyonce-Jay-Z-LA-house-hunt-ice-outbid-70m-Beverly-Hills-mansion-billionaire-Minecraft-creator.html",
      "note":"Next time: Jay Z and Beyonce have reportedly put a hold on their house hunt in Los Angeles",
      "color":"#1d1817",
      "link":"https:\/\/www.pinterest.com\/r\/pin\/536561743079880284\/4779055074072594921\/74c7f4b1fd7851fe8fd05a9ee753fa17a88e43e0201dd26031c8c20460bcd436",
      "board":{
        "url":"https:\/\/www.pinterest.com\/dailymail\/celebrities\/",
        "id":"536561811793888186",
        "name":"Celebrities"
      },
      "image":{
        "original":{
          "url":"https:\/\/s-media-cache-ak0.pinimg.com\/originals\/2d\/1c\/f9\/2d1cf9ccd3787b687985075f9d386fc1.jpg",
          "width":634,
          "height":854
        }
      },
      "counts":{
        "likes":1,
        "comments":0,
        "repins":2
      },
      "id":"536561743079880284",
      "metadata":{
        "article":{
          "published_at":null,
          "description":"Jay Z and Beyonce have reportedly put a hold on their house hunt in Los Angeles.",
          "name":"Beyonce and Jay Z put their LA house hunt \u2018on ice\u2019 after being outbid",
          "authors":[]
        },
        "link":{
          "locale":"en_GB",
          "title":"Beyonce and Jay Z put their LA house hunt \u2018on ice\u2019 after being outbid",
          "site_name":"Mail Online",
          "description":"Jay Z and Beyonce have reportedly put a hold on their house hunt in Los Angeles.",
          "favicon":"https:\/\/s-media-cache-ak0.pinimg.com\/favicons\/ba8856b627a2bf282a5dab73c40812571f90daf57fe69780aa1096ab.ico?a8690769c53090d08b0560db0144a818"
        }
      }
    },
    {
      "attribution":null,
      "creator":{
        "url":"https:\/\/www.pinterest.com\/dailymail\/",
        "first_name":"Daily Mail",
        "last_name":"",
        "id":"536561880513118266"
      },
      "url":"https:\/\/www.pinterest.com\/pin\/536561743079879812\/",
      "media":{
        "type":"image"
      },
      "created_at":"2015-01-20T10:59:05",
      "original_link":"http:\/\/www.dailymail.co.uk\/tvshowbiz\/article-2917065\/PICTURE-EXCLUSIVE-Shirtless-Justin-Bieber-shows-chest-muscles-kicks-garden-Kendall-Jenner.html",
      "note":"Making Justin jealous? If that was Selena's intention then it seems to have done the trick",
      "color":"#2b1907",
      "link":"https:\/\/www.pinterest.com\/r\/pin\/536561743079879812\/4779055074072594921\/c6838cbea172b84db75309505321f77b2cd7d95d123e143a1bb022150926d79a",
      "board":{
        "url":"https:\/\/www.pinterest.com\/dailymail\/celebrities\/",
        "id":"536561811793888186",
        "name":"Celebrities"
      },
      "image":{
        "original":{
          "url":"https:\/\/s-media-cache-ak0.pinimg.com\/originals\/3d\/b5\/ca\/3db5ca402a7cd2ef409623bf430f38a8.jpg",
          "width":629,
          "height":929
        }
      },
      "counts":{
        "likes":0,
        "comments":0,
        "repins":2
      },
      "id":"536561743079879812",
      "metadata":{
        "article":{
          "published_at":null,
          "description":"Justin was spotted enjoying a low-key dinner date with on\/off girlfriend Selena Gomez in Beverly Hills last week.",
          "name":"PICTURE EXC. Shirtless Justin Bieber kicks back with Kendall Jenner",
          "authors":[]
        },
        "link":{
          "locale":"en_GB",
          "title":"PICTURE EXC. Shirtless Justin Bieber kicks back with Kendall Jenner",
          "site_name":"Mail Online",
          "description":"Justin was spotted enjoying a low-key dinner date with on\/off girlfriend Selena Gomez in Beverly Hills last week.",
          "favicon":"https:\/\/s-media-cache-ak0.pinimg.com\/favicons\/ba8856b627a2bf282a5dab73c40812571f90daf57fe69780aa1096ab.ico?a8690769c53090d08b0560db0144a818"
        }
      }
    },
    {
      "attribution":null,
      "creator":{
        "url":"https:\/\/www.pinterest.com\/dailymail\/",
        "first_name":"Daily Mail",
        "last_name":"",
        "id":"536561880513118266"
      },
      "url":"https:\/\/www.pinterest.com\/pin\/536561743079879556\/",
      "media":{
        "type":"image"
      },
      "created_at":"2015-01-20T10:02:47",
      "original_link":"http:\/\/www.dailymail.co.uk\/tvshowbiz\/article-2917455\/Not-exactly-blending-Gwen-Stefani-attracts-attention-trendy-military-fatigues-acupuncture-visit.html",
      "note":"Camouflage cool: Gwen Stefani howed off her unique style on Monday after one of her regular sessions at Jesun Acupuncture Clinic in Los Angeles",
      "color":"#8e948e",
      "link":"https:\/\/www.pinterest.com\/r\/pin\/536561743079879556\/4779055074072594921\/a1cda0a8fbd636d2b403d3b4fa68dd71648c0f347e26701f6d8b9d48dad169c4",
      "board":{
        "url":"https:\/\/www.pinterest.com\/dailymail\/celebrities\/",
        "id":"536561811793888186",
        "name":"Celebrities"
      },
      "image":{
        "original":{
          "url":"https:\/\/s-media-cache-ak0.pinimg.com\/originals\/6f\/6a\/68\/6f6a68a1adab21e5b15975f9a12c71d7.jpg",
          "width":634,
          "height":834
        }
      },
      "counts":{
        "likes":1,
        "comments":0,
        "repins":2
      },
      "id":"536561743079879556",
      "metadata":{
        "article":{
          "published_at":"2015-01-20T00:00:00",
          "description":"Not many people can pull off some of the wild ensembles that she favors",
          "name":"Not exactly blending in! Gwen Stefani attracts attention in trendy military fatigues for acupuncture visit",
          "authors":[]
        },
        "link":{
          "locale":"en_GB",
          "title":"Gwen Stefani attracts attention in trendy military fatigues",
          "site_name":"Mail Online",
          "description":"Not many people can pull off some of the wild ensembles that she favors",
          "favicon":"https:\/\/s-media-cache-ak0.pinimg.com\/favicons\/ba8856b627a2bf282a5dab73c40812571f90daf57fe69780aa1096ab.ico?a8690769c53090d08b0560db0144a818"
        }
      }
    },
    {
      "attribution":null,
      "creator":{
        "url":"https:\/\/www.pinterest.com\/dailymail\/",
        "first_name":"Daily Mail",
        "last_name":"",
        "id":"536561880513118266"
      },
      "url":"https:\/\/www.pinterest.com\/pin\/536561743079879048\/",
      "media":{
        "type":"image"
      },
      "created_at":"2015-01-20T08:18:22",
      "original_link":"http:\/\/www.dailymail.co.uk\/tvshowbiz\/article-2916851\/Vicky-Pattison-posts-provocative-snap-just-slogan-top.html",
      "note":"Looking leggy: Vicky boasted tan legs and a top tan as she stepped out in Manchester on Saturday",
      "color":"#0d0c0c",
      "link":"https:\/\/www.pinterest.com\/r\/pin\/536561743079879048\/4779055074072594921\/8bae08c9e22771b696d92629a3338989797542b20545ca2fd15664d2f5d113f9",
      "board":{
        "url":"https:\/\/www.pinterest.com\/dailymail\/celebrities\/",
        "id":"536561811793888186",
        "name":"Celebrities"
      },
      "image":{
        "original":{
          "url":"https:\/\/s-media-cache-ak0.pinimg.com\/originals\/bd\/a3\/79\/bda3790553d15c80c96bd3aed7110490.jpg",
          "width":634,
          "height":935
        }
      },
      "counts":{
        "likes":0,
        "comments":0,
        "repins":2
      },
      "id":"536561743079879048",
      "metadata":{
        "article":{
          "published_at":"2015-01-19T00:00:00",
          "description":"The Geordie Shore star shared a cheeky snap with her Instagram followers that showed her standing in just a slogan top, while revealing her refined shape. She had hit the gym that morning.",
          "name":"Vicky Pattison posts provocative snap in just a slogan top",
          "authors":[]
        },
        "link":{
          "locale":"en_GB",
          "title":"Vicky Pattison posts provocative snap in just a slogan top",
          "site_name":"Mail Online",
          "description":"The Geordie Shore star shared a cheeky snap with her Instagram followers that showed her standing in just a slogan top, while revealing her refined shape. She had hit the gym that morning.",
          "favicon":"https:\/\/s-media-cache-ak0.pinimg.com\/favicons\/ba8856b627a2bf282a5dab73c40812571f90daf57fe69780aa1096ab.ico?a8690769c53090d08b0560db0144a818"
        }
      }
    },
    {
      "attribution":null,
      "creator":{
        "url":"https:\/\/www.pinterest.com\/dailymail\/",
        "first_name":"Daily Mail",
        "last_name":"",
        "id":"536561880513118266"
      },
      "url":"https:\/\/www.pinterest.com\/pin\/536561743079879031\/",
      "media":{
        "type":"image"
      },
      "created_at":"2015-01-20T08:15:45",
      "original_link":"http:\/\/www.dailymail.co.uk\/femail\/article-2916363\/Coleen-Rooney-ultimate-Sixties-siren-modelling-SS15-fashion-range-busy-mums-want-look-stylish-school-run.html",
      "note":"This WAG and designer, Coleen Rooney, cites this yellow coat as her absolute school-run must-have",
      "color":"#939090",
      "link":"https:\/\/www.pinterest.com\/r\/pin\/536561743079879031\/4779055074072594921\/30e6fe8fdbf6736ae045a115f41364415a3cc67ef56bc94d8527d00ba1e422f7",
      "board":{
        "url":"https:\/\/www.pinterest.com\/dailymail\/celebrities\/",
        "id":"536561811793888186",
        "name":"Celebrities"
      },
      "image":{
        "original":{
          "url":"https:\/\/s-media-cache-ak0.pinimg.com\/originals\/e5\/6c\/2e\/e56c2ecece595b016e977f953803d3ed.jpg",
          "width":634,
          "height":423
        }
      },
      "counts":{
        "likes":0,
        "comments":0,
        "repins":0
      },
      "id":"536561743079879031",
      "metadata":{
        "article":{
          "published_at":"2015-01-19T00:00:00",
          "description":"The WAG and designer has unveiled her SS15 range for Littlewoods.com and exudes vintage glamour in a new Sixties-inspired shoot.",
          "name":"Coleen Rooney models her SS15 fashion range for 'busy mums'",
          "authors":[]
        },
        "link":{
          "locale":"en_GB",
          "title":"Coleen Rooney models her SS15 fashion range",
          "site_name":"Mail Online",
          "description":"The WAG and designer has unveiled her SS15 range for Littlewoods.com and exudes vintage glamour in a new Sixties-inspired shoot.",
          "favicon":"https:\/\/s-media-cache-ak0.pinimg.com\/favicons\/ba8856b627a2bf282a5dab73c40812571f90daf57fe69780aa1096ab.ico?a8690769c53090d08b0560db0144a818"
        }
      }
    },
    {
      "attribution":null,
      "creator":{
        "url":"https:\/\/www.pinterest.com\/dailymail\/",
        "first_name":"Daily Mail",
        "last_name":"",
        "id":"536561880513118266"
      },
      "url":"https:\/\/www.pinterest.com\/pin\/536561743079879009\/",
      "media":{
        "type":"image"
      },
      "created_at":"2015-01-20T08:10:32",
      "original_link":"http:\/\/www.dailymail.co.uk\/tvshowbiz\/article-2917381\/Suited-booted-Kimberley-Garner-stuns-plunging-white-two-piece-Amy-Willerton-cuts-demure-figure-black-ensemble-Mortdecai-premiere.html",
      "note":"Lovebirds! Johnny Depp was supported by his fiance Amber Heard,\u00a0who also rocked a black suit but in a loose-fit style",
      "color":"#291a1e",
      "link":"https:\/\/www.pinterest.com\/r\/pin\/536561743079879009\/4779055074072594921\/a79f28a01da49a320348f547321aa93cee0218d6b63d32dbb82e981d943fe63b",
      "board":{
        "url":"https:\/\/www.pinterest.com\/dailymail\/celebrities\/",
        "id":"536561811793888186",
        "name":"Celebrities"
      },
      "image":{
        "original":{
          "url":"https:\/\/s-media-cache-ak0.pinimg.com\/originals\/18\/16\/d5\/1816d5739b1910d3235d732bd6a59560.jpg",
          "width":634,
          "height":966
        }
      },
      "counts":{
        "likes":0,
        "comments":0,
        "repins":2
      },
      "id":"536561743079879009",
      "metadata":{
        "article":{
          "published_at":"2015-01-19T00:00:00",
          "description":"The stars were out in full force on Monday evening, but it was Kimberley Garner and Amy Willerton who managed to steal most of the limelight.",
          "name":"Kimberley Garner and Amy Willerton rock suits at Mortdecai premiere",
          "authors":[]
        },
        "link":{
          "locale":"en_GB",
          "title":"Kimberley Garner and Amy Willerton rock suits at Mortdecai premiere",
          "site_name":"Mail Online",
          "description":"The stars were out in full force on Monday evening, but it was Kimberley Garner and Amy Willerton who managed to steal most of the limelight.",
          "favicon":"https:\/\/s-media-cache-ak0.pinimg.com\/favicons\/ba8856b627a2bf282a5dab73c40812571f90daf57fe69780aa1096ab.ico?a8690769c53090d08b0560db0144a818"
        }
      }
    }
  ],
  "page":{
    "cursor":"LT41MzY1NjE3NDMwNzk4NzkwMDk6MTQ2N3w2ZGYzYTg4MDI5ZDAzY2U1Mzg1YWFlZDNjMDVlNDg1NmQwOTdmODcxYjhkODVhNmUxY2EwMjMxZjFmYTVkOGNk",
    "next":"https:\/\/api.pinterest.com\/v1\/boards\/dailymail\/celebrities\/pins\/?access_token=AZlZE-HOK-Y4205yRft75KyYVaauFCBIs8jxSxdCtrJcomAqbQAAAAA&fields=id%2Clink%2Cnote%2Curl%2Cattribution%2Cmedia%2Cmetadata%2Cboard%2Ccolor%2Ccounts%2Ccreated_at%2Ccreator%2Cimage%2Coriginal_link&cursor=LT41MzY1NjE3NDMwNzk4NzkwMDk6MTQ2N3w2ZGYzYTg4MDI5ZDAzY2U1Mzg1YWFlZDNjMDVlNDg1NmQwOTdmODcxYjhkODVhNmUxY2EwMjMxZjFmYTVkOGNk"
  }
}
