{
  "data":[
    {
      "attribution":{
        "title":"20th IFP Independent Sprirt Awards - Arrivals",
        "provider_favicon_url":"https:\/\/s-passets-cache-ak0.pinimg.com\/images\/api\/attrib\/getty images.png",
        "author_name":"Carlo Allegri",
        "url":"http:\/\/www.gettyimages.com\/detail\/52245671",
        "author_url":"http:\/\/www.gettyimages.com\/detail\/52245671",
        "provider_name":"Getty Images"
      },
      "creator":{
        "url":"https:\/\/www.pinterest.com\/firstlookstudio\/",
        "first_name":"First Look Studio",
        "last_name":"",
        "id":"317363242399748263"
      },
      "url":"https:\/\/www.pinterest.com\/pin\/317363104970962557\/",
      "media":{
        "type":"image"
      },
      "created_at":"2015-09-22T17:14:16",
      "original_link":"http:\/\/www.buzzfeed.com\/kimberleydadds\/a-ranking-of-the-hottest-buzz-cuts-in-hollywood?sub=3190054_2827744",
      "note":"Jake Gyllenhaal. | A Ranking Of The Hottest Buzz Cuts In Hollywood",
      "color":"#567d4c",
      "link":"https:\/\/www.pinterest.com\/r\/pin\/317363104970962557\/4779055074072594921\/e73924971ee1b3be7717f821a4eaf352354e625dd8f0b5855db1515d59b8638e",
      "board":{
        "url":"https:\/\/www.pinterest.com\/firstlookstudio\/celebrities\/",
        "id":"317363173680567594",
        "name":"Celebrities"
      },
      "image":{
        "original":{
          "url":"https:\/\/s-media-cache-ak0.pinimg.com\/originals\/4e\/75\/1a\/4e751a4cb05bfa72f00f6fa27062daea.jpg",
          "width":625,
          "height":873
        }
      },
      "counts":{
        "likes":3,
        "comments":0,
        "repins":7
      },
      "id":"317363104970962557",
      "metadata":{
      }
    },
    {
      "attribution":null,
      "creator":{
        "url":"https:\/\/www.pinterest.com\/firstlookstudio\/",
        "first_name":"First Look Studio",
        "last_name":"",
        "id":"317363242399748263"
      },
      "url":"https:\/\/www.pinterest.com\/pin\/317363104970961646\/",
      "media":{
        "type":"image"
      },
      "created_at":"2015-09-22T15:23:53",
      "original_link":"http:\/\/blog-girl-on-film.tumblr.com\/post\/86492839682\/photoset_iframe\/blog-girl-on-film\/tumblr_n5z25q3XED1qggzxl\/0\/false",
      "note":"Michael Fassbender",
      "color":"#706355",
      "link":"https:\/\/www.pinterest.com\/r\/pin\/317363104970961646\/4779055074072594921\/2fad6a6ea9ae56569df04964ba4f662a0f6ce8d26e58d17ebd1634906d01171e",
      "board":{
        "url":"https:\/\/www.pinterest.com\/firstlookstudio\/celebrities\/",
        "id":"317363173680567594",
        "name":"Celebrities"
      },
      "image":{
        "original":{
          "url":"https:\/\/s-media-cache-ak0.pinimg.com\/originals\/17\/84\/f9\/1784f95e66fd9714f213f0e3694edc21.jpg",
          "width":830,
          "height":1200
        }
      },
      "counts":{
        "likes":2,
        "comments":0,
        "repins":6
      },
      "id":"317363104970961646",
      "metadata":{
      }
    },
    {
      "attribution":{
        "title":"2009 MTV Video Music Awards - Arrivals",
        "provider_favicon_url":"https:\/\/s-passets-cache-ak0.pinimg.com\/images\/api\/attrib\/getty images.png",
        "author_name":"Jeffrey Mayer",
        "url":"http:\/\/www.gettyimages.com\/detail\/97454661",
        "author_url":"http:\/\/www.gettyimages.com\/detail\/97454661",
        "provider_name":"Getty Images"
      },
      "creator":{
        "url":"https:\/\/www.pinterest.com\/firstlookstudio\/",
        "first_name":"First Look Studio",
        "last_name":"",
        "id":"317363242399748263"
      },
      "url":"https:\/\/www.pinterest.com\/pin\/317363104970960601\/",
      "media":{
        "type":"image"
      },
      "created_at":"2015-09-22T13:37:34",
      "original_link":"",
      "note":"Since being dark i get katy perry all the time.",
      "color":"#845033",
      "link":"",
      "board":{
        "url":"https:\/\/www.pinterest.com\/firstlookstudio\/celebrities\/",
        "id":"317363173680567594",
        "name":"Celebrities"
      },
      "image":{
        "original":{
          "url":"https:\/\/s-media-cache-ak0.pinimg.com\/originals\/57\/ce\/9b\/57ce9b45a104d7dde34dac78eaf24963.jpg",
          "width":682,
          "height":999
        }
      },
      "counts":{
        "likes":3,
        "comments":0,
        "repins":9
      },
      "id":"317363104970960601",
      "metadata":{
      }
    },
    {
      "attribution":null,
      "creator":{
        "url":"https:\/\/www.pinterest.com\/firstlookstudio\/",
        "first_name":"First Look Studio",
        "last_name":"",
        "id":"317363242399748263"
      },
      "url":"https:\/\/www.pinterest.com\/pin\/317363104970949882\/",
      "media":{
        "type":"image"
      },
      "created_at":"2015-09-21T19:53:44",
      "original_link":"http:\/\/www.justjaredjr.com\/photo-gallery\/468361\/sasha-janel-shay-avengers-08\/",
      "note":"Shay Mitchell",
      "color":"#7b2226",
      "link":"https:\/\/www.pinterest.com\/r\/pin\/317363104970949882\/4779055074072594921\/ec5b3246c43e5fb91bbc090b9ff18548fb29b83746f75586cf0d467d417980ec",
      "board":{
        "url":"https:\/\/www.pinterest.com\/firstlookstudio\/celebrities\/",
        "id":"317363173680567594",
        "name":"Celebrities"
      },
      "image":{
        "original":{
          "url":"https:\/\/s-media-cache-ak0.pinimg.com\/originals\/ad\/5c\/56\/ad5c566030289210066a37fa489eeeed.jpg",
          "width":844,
          "height":1222
        }
      },
      "counts":{
        "likes":0,
        "comments":0,
        "repins":3
      },
      "id":"317363104970949882",
      "metadata":{
      }
    },
    {
      "attribution":null,
      "creator":{
        "url":"https:\/\/www.pinterest.com\/firstlookstudio\/",
        "first_name":"First Look Studio",
        "last_name":"",
        "id":"317363242399748263"
      },
      "url":"https:\/\/www.pinterest.com\/pin\/317363104970948397\/",
      "media":{
        "type":"image"
      },
      "created_at":"2015-09-21T17:46:25",
      "original_link":"http:\/\/factoseintolerant.tumblr.com\/post\/7196618856",
      "note":"Cary Grant",
      "color":"#0c0c0c",
      "link":"https:\/\/www.pinterest.com\/r\/pin\/317363104970948397\/4779055074072594921\/9bff0b647a65fff1f7deba882a72baa3918e381dfafa6bdef250b045d0a1139e",
      "board":{
        "url":"https:\/\/www.pinterest.com\/firstlookstudio\/celebrities\/",
        "id":"317363173680567594",
        "name":"Celebrities"
      },
      "image":{
        "original":{
          "url":"https:\/\/s-media-cache-ak0.pinimg.com\/originals\/a0\/02\/66\/a0026629cb9c209d107e7517b3b3c9f5.jpg",
          "width":500,
          "height":640
        }
      },
      "counts":{
        "likes":4,
        "comments":0,
        "repins":15
      },
      "id":"317363104970948397",
      "metadata":{
        "link":{
          "locale":"en",
          "title":"factoseintolerant",
          "site_name":"factoseintolerant.tumblr.com",
          "description":"Mel (Melanie). 25. Cheese enthusiast.\u00a0",
          "favicon":"https:\/\/s-media-cache-ak0.pinimg.com\/favicons\/667ce49613312e657c1a54d53f749b811e4fc1207c2ddbf3bbabc8ab.png?a3f3c5679def11861ba312ef3141dc0b"
        }
      }
    },
    {
      "attribution":null,
      "creator":{
        "url":"https:\/\/www.pinterest.com\/firstlookstudio\/",
        "first_name":"First Look Studio",
        "last_name":"",
        "id":"317363242399748263"
      },
      "url":"https:\/\/www.pinterest.com\/pin\/317363104970947322\/",
      "media":{
        "type":"image"
      },
      "created_at":"2015-09-21T15:19:51",
      "original_link":"http:\/\/www.huffingtonpost.com\/2012\/08\/18\/celebrity-divorce-7-divor_n_1798462.html",
      "note":"Robbin Williams - need some good laughter at the table, Great actor, wonderful talent!",
      "color":"#4d3b2a",
      "link":"https:\/\/www.pinterest.com\/r\/pin\/317363104970947322\/4779055074072594921\/81f5a1057327070b477035d709097109056769a6238b9445ebf73438f2e23373",
      "board":{
        "url":"https:\/\/www.pinterest.com\/firstlookstudio\/celebrities\/",
        "id":"317363173680567594",
        "name":"Celebrities"
      },
      "image":{
        "original":{
          "url":"https:\/\/s-media-cache-ak0.pinimg.com\/originals\/15\/fb\/34\/15fb342cb5f83272acafca409006f6cc.jpg",
          "width":683,
          "height":1000
        }
      },
      "counts":{
        "likes":6,
        "comments":0,
        "repins":16
      },
      "id":"317363104970947322",
      "metadata":{
        "article":{
          "published_at":null,
          "description":"There's nothing like a tough divorce to turn you off from marriage altogether. The divorced celebs in the slideshow below all vowed they would never marry again... but then they went ahead and did",
          "name":"7 Celebs Who Vowed To Never Marry Again... Then Did Anyway",
          "authors":[]
        },
        "link":{
          "locale":"en_US",
          "title":"7 Celebs Who Vowed To Never Marry Again... Then Did Anyway",
          "site_name":"The Huffington Post",
          "description":"There's nothing like a tough divorce to turn you off from marriage altogether.  The divorced celebs in the slideshow below all vowed they would never marry again... but then they went ahead and did",
          "favicon":"https:\/\/s-media-cache-ak0.pinimg.com\/favicons\/4d87b78c9596b668b2cd348ac46cab0a4b2df27d75c739556aaa40e6.ico?e5abfb98e95306addaa35d01aad2c6f6"
        }
      }
    },
    {
      "attribution":null,
      "creator":{
        "url":"https:\/\/www.pinterest.com\/firstlookstudio\/",
        "first_name":"First Look Studio",
        "last_name":"",
        "id":"317363242399748263"
      },
      "url":"https:\/\/www.pinterest.com\/pin\/317363104970946170\/",
      "media":{
        "type":"image"
      },
      "created_at":"2015-09-21T13:52:15",
      "original_link":"http:\/\/3.bp.blogspot.com\/_TdofRgsCoGU\/TAJ4OnqwJOI\/AAAAAAAACDo\/YgtoIivbDoI\/s400\/Untitled.jpg",
      "note":"Michael Clarke Duncan",
      "color":"#000000",
      "link":"https:\/\/www.pinterest.com\/r\/pin\/317363104970946170\/4779055074072594921\/43998fade21fc0eae63a524a0e1bbfc70719aa3c46e56ac537c49913d7e6f806",
      "board":{
        "url":"https:\/\/www.pinterest.com\/firstlookstudio\/celebrities\/",
        "id":"317363173680567594",
        "name":"Celebrities"
      },
      "image":{
        "original":{
          "url":"https:\/\/s-media-cache-ak0.pinimg.com\/originals\/52\/1b\/95\/521b957fd5391e9a41a419c98f2eb46b.jpg",
          "width":300,
          "height":360
        }
      },
      "counts":{
        "likes":3,
        "comments":0,
        "repins":11
      },
      "id":"317363104970946170",
      "metadata":{
      }
    },
    {
      "attribution":null,
      "creator":{
        "url":"https:\/\/www.pinterest.com\/firstlookstudio\/",
        "first_name":"First Look Studio",
        "last_name":"",
        "id":"317363242399748263"
      },
      "url":"https:\/\/www.pinterest.com\/pin\/317363104970934884\/",
      "media":{
        "type":"image"
      },
      "created_at":"2015-09-20T19:15:20",
      "original_link":"http:\/\/www.hairstylesdesign.com\/gallery\/patricia_heaton_2634.php",
      "note":"Patricia Heaton",
      "color":"#674f3e",
      "link":"https:\/\/www.pinterest.com\/r\/pin\/317363104970934884\/4779055074072594921\/8bcae58b297e4fa306fdb1f2b6e185dc77444fc6603d7430b2795215d19c52ad",
      "board":{
        "url":"https:\/\/www.pinterest.com\/firstlookstudio\/celebrities\/",
        "id":"317363173680567594",
        "name":"Celebrities"
      },
      "image":{
        "original":{
          "url":"https:\/\/s-media-cache-ak0.pinimg.com\/originals\/4c\/31\/bf\/4c31bf49f5002bb11eb9595acd312f61.jpg",
          "width":400,
          "height":600
        }
      },
      "counts":{
        "likes":3,
        "comments":0,
        "repins":6
      },
      "id":"317363104970934884",
      "metadata":{
      }
    },
    {
      "attribution":null,
      "creator":{
        "url":"https:\/\/www.pinterest.com\/firstlookstudio\/",
        "first_name":"First Look Studio",
        "last_name":"",
        "id":"317363242399748263"
      },
      "url":"https:\/\/www.pinterest.com\/pin\/317363104970932067\/",
      "media":{
        "type":"image"
      },
      "created_at":"2015-09-20T15:16:23",
      "original_link":"http:\/\/www.stylebistro.com\/Barefaced+Beauties+-+Celebrities+Without+Makeup\/articles\/WFKg302cSPn\/Angelina+Jolie",
      "note":"Angelina Jolie",
      "color":"#505f8b",
      "link":"https:\/\/www.pinterest.com\/r\/pin\/317363104970932067\/4779055074072594921\/38ee076398b1347e430e2b00796f01a4a954ba52c5576c6963a7e73b32017dd5",
      "board":{
        "url":"https:\/\/www.pinterest.com\/firstlookstudio\/celebrities\/",
        "id":"317363173680567594",
        "name":"Celebrities"
      },
      "image":{
        "original":{
          "url":"https:\/\/s-media-cache-ak0.pinimg.com\/originals\/56\/b0\/c1\/56b0c1890e9b319753330a1e60c6a1aa.jpg",
          "width":396,
          "height":594
        }
      },
      "counts":{
        "likes":9,
        "comments":0,
        "repins":4
      },
      "id":"317363104970932067",
      "metadata":{
        "article":{
          "published_at":null,
          "description":"We can't help but do a double take when Hollywood's hottest celebrities decide to cast aside the cosmetics to flaunt the beauty they're born with. Check out Drew Barrymore, Beyonc\u00e9, Jessica Alba and many more all-natural stars as they hit the streets makeup-free.",
          "name":"Barefaced Beauties - Celebrities Without Makeup",
          "authors":[]
        },
        "link":{
          "locale":"en",
          "title":"Barefaced Beauties - Celebrities Without Makeup",
          "site_name":"StyleBistro",
          "description":"Au Naturale - There is something oddly gratifying about seeing famous faces without makeup. After constantly being dolled up, a makeup-free celebrity embracing her natural beauty is a refreshing sight. Check out stars, including Drew Barrymore,\u00a0Jessica Alba\u00a0and Beyonc\u00e9, in their au naturale form. No cosmetics, flattering studio lighting or airbrushing here.",
          "favicon":"https:\/\/s-media-cache-ak0.pinimg.com\/favicons\/06ce9af6274693ae2b9cbd9f447d1516c5c314c5db6877ad9e660af7.ico?bb5b5f482cd5197d44f0b618e2d6d7e5"
        }
      }
    },
    {
      "attribution":null,
      "creator":{
        "url":"https:\/\/www.pinterest.com\/firstlookstudio\/",
        "first_name":"First Look Studio",
        "last_name":"",
        "id":"317363242399748263"
      },
      "url":"https:\/\/www.pinterest.com\/pin\/317363104970931069\/",
      "media":{
        "type":"image"
      },
      "created_at":"2015-09-20T13:54:10",
      "original_link":"http:\/\/www.dailymail.co.uk\/tvshowbiz\/article-3193531\/Taylor-Swift-puts-leggy-display-tiny-flared-skirt-teamed-plunging-bralet-steps-amid-reports-s-splashing-4-6million-Scottish-estate.html",
      "note":"Taylor Swift wears a cute pale colored skirt and a white bralet for a low-key lunch date with friends",
      "color":"#564a55",
      "link":"https:\/\/www.pinterest.com\/r\/pin\/317363104970931069\/4779055074072594921\/5b94ede5fb6b5a10bcfaea497bde455b1d481e8f1255a342c30bad2ca9a6e472",
      "board":{
        "url":"https:\/\/www.pinterest.com\/firstlookstudio\/celebrities\/",
        "id":"317363173680567594",
        "name":"Celebrities"
      },
      "image":{
        "original":{
          "url":"https:\/\/s-media-cache-ak0.pinimg.com\/originals\/a3\/f2\/c2\/a3f2c27c099a6d724bea9a925a131bbb.jpg",
          "width":634,
          "height":986
        }
      },
      "counts":{
        "likes":2,
        "comments":0,
        "repins":4
      },
      "id":"317363104970931069",
      "metadata":{
        "article":{
          "published_at":null,
          "description":"Taylor Swift was seen making the most of her free time as she headed out for a low-key lunch date with friends in Studio City, California on Monday afternoon.",
          "name":"Taylor Swift stuns in flared skirt and plunging bralet during outing",
          "authors":[]
        },
        "link":{
          "locale":"en_GB",
          "title":"Taylor Swift stuns in flared skirt and plunging bralet during outing",
          "site_name":"Mail Online",
          "description":"Taylor Swift was seen making the most of her free time as she headed out for a low-key lunch date with friends in Studio City, California on Monday afternoon.",
          "favicon":"https:\/\/s-media-cache-ak0.pinimg.com\/favicons\/ba8856b627a2bf282a5dab73c40812571f90daf57fe69780aa1096ab.ico?a8690769c53090d08b0560db0144a818"
        }
      }
    },
    {
      "attribution":null,
      "creator":{
        "url":"https:\/\/www.pinterest.com\/firstlookstudio\/",
        "first_name":"First Look Studio",
        "last_name":"",
        "id":"317363242399748263"
      },
      "url":"https:\/\/www.pinterest.com\/pin\/317363104970919781\/",
      "media":{
        "type":"image"
      },
      "created_at":"2015-09-19T19:32:19",
      "original_link":"http:\/\/bestof.provocateuse.com\/show\/daniel_craig",
      "note":"daniel craig",
      "color":"#a1724f",
      "link":"https:\/\/www.pinterest.com\/r\/pin\/317363104970919781\/4779055074072594921\/7c07fdffddcaa3cde29c45a67f4b4e8f953832c31909e6f1ffb2ef5453475de3",
      "board":{
        "url":"https:\/\/www.pinterest.com\/firstlookstudio\/celebrities\/",
        "id":"317363173680567594",
        "name":"Celebrities"
      },
      "image":{
        "original":{
          "url":"https:\/\/s-media-cache-ak0.pinimg.com\/originals\/5a\/a9\/d3\/5aa9d34598c043f8a890c59d04e0938e.jpg",
          "width":687,
          "height":800
        }
      },
      "counts":{
        "likes":1,
        "comments":0,
        "repins":3
      },
      "id":"317363104970919781",
      "metadata":{
      }
    },
    {
      "attribution":null,
      "creator":{
        "url":"https:\/\/www.pinterest.com\/firstlookstudio\/",
        "first_name":"First Look Studio",
        "last_name":"",
        "id":"317363242399748263"
      },
      "url":"https:\/\/www.pinterest.com\/pin\/317363104970918377\/",
      "media":{
        "type":"image"
      },
      "created_at":"2015-09-19T17:22:31",
      "original_link":"http:\/\/blueruins.tumblr.com\/post\/24393336313",
      "note":"Helena Bonham Carter",
      "color":"#161616",
      "link":"https:\/\/www.pinterest.com\/r\/pin\/317363104970918377\/4779055074072594921\/a8a48ef8b1b3eeb649ffdb492ae14e475104c424408896e79ce44b109d3dffff",
      "board":{
        "url":"https:\/\/www.pinterest.com\/firstlookstudio\/celebrities\/",
        "id":"317363173680567594",
        "name":"Celebrities"
      },
      "image":{
        "original":{
          "url":"https:\/\/s-media-cache-ak0.pinimg.com\/originals\/a3\/aa\/53\/a3aa53f5e7321983144de951b2194c05.jpg",
          "width":500,
          "height":564
        }
      },
      "counts":{
        "likes":7,
        "comments":0,
        "repins":6
      },
      "id":"317363104970918377",
      "metadata":{
        "link":{
          "locale":"en",
          "title":"blueruins",
          "site_name":"blueruins.tumblr.com",
          "description":"suicideblonde: \u201c Helena Bonham Carter \u201d",
          "favicon":"https:\/\/s-media-cache-ak0.pinimg.com\/favicons\/cdbb4ce2adf356a334e219f1e11508f2a0730e1451c64eb6bff17483.png?ddbadc745d36a23092fb7afe07d43eeb"
        }
      }
    },
    {
      "attribution":null,
      "creator":{
        "url":"https:\/\/www.pinterest.com\/firstlookstudio\/",
        "first_name":"First Look Studio",
        "last_name":"",
        "id":"317363242399748263"
      },
      "url":"https:\/\/www.pinterest.com\/pin\/317363104970917510\/",
      "media":{
        "type":"image"
      },
      "created_at":"2015-09-19T15:58:07",
      "original_link":"http:\/\/www.hairstylesdesign.com\/gallery\/patricia_heaton_2634.php",
      "note":"Patricia Heaton",
      "color":"#674f3e",
      "link":"https:\/\/www.pinterest.com\/r\/pin\/317363104970917510\/4779055074072594921\/d0978da7b17e921555daf1595844462936196b502e4cec3a2b41bccdc392fae2",
      "board":{
        "url":"https:\/\/www.pinterest.com\/firstlookstudio\/celebrities\/",
        "id":"317363173680567594",
        "name":"Celebrities"
      },
      "image":{
        "original":{
          "url":"https:\/\/s-media-cache-ak0.pinimg.com\/originals\/4c\/31\/bf\/4c31bf49f5002bb11eb9595acd312f61.jpg",
          "width":400,
          "height":600
        }
      },
      "counts":{
        "likes":0,
        "comments":0,
        "repins":0
      },
      "id":"317363104970917510",
      "metadata":{
      }
    },
    {
      "attribution":null,
      "creator":{
        "url":"https:\/\/www.pinterest.com\/firstlookstudio\/",
        "first_name":"First Look Studio",
        "last_name":"",
        "id":"317363242399748263"
      },
      "url":"https:\/\/www.pinterest.com\/pin\/317363104970915856\/",
      "media":{
        "type":"image"
      },
      "created_at":"2015-09-19T13:06:59",
      "original_link":"http:\/\/weheartit.com\/fadingmemories2",
      "note":"Amanda is gorgeous",
      "color":"#c1a06c",
      "link":"https:\/\/www.pinterest.com\/r\/pin\/317363104970915856\/4779055074072594921\/41511767ebf500ea96dc5e4f1fc8729cf30c83dca100a483a394bbdbd66ba97c",
      "board":{
        "url":"https:\/\/www.pinterest.com\/firstlookstudio\/celebrities\/",
        "id":"317363173680567594",
        "name":"Celebrities"
      },
      "image":{
        "original":{
          "url":"https:\/\/s-media-cache-ak0.pinimg.com\/originals\/91\/e4\/84\/91e48478cd741361aab6c246c7cf5dc5.jpg",
          "width":240,
          "height":200
        }
      },
      "counts":{
        "likes":3,
        "comments":0,
        "repins":6
      },
      "id":"317363104970915856",
      "metadata":{
      }
    },
    {
      "attribution":null,
      "creator":{
        "url":"https:\/\/www.pinterest.com\/firstlookstudio\/",
        "first_name":"First Look Studio",
        "last_name":"",
        "id":"317363242399748263"
      },
      "url":"https:\/\/www.pinterest.com\/pin\/317363104970907665\/",
      "media":{
        "type":"image"
      },
      "created_at":"2015-09-18T19:20:04",
      "original_link":"http:\/\/img.poptower.com\/pic-82053\/kathleen-turner.jpg?d=1024",
      "note":"Kathleen Turner",
      "color":"#888888",
      "link":"https:\/\/www.pinterest.com\/r\/pin\/317363104970907665\/4779055074072594921\/313978e85b623766c7d3e420ba42747704858414027e61408ecb89beeb2917d8",
      "board":{
        "url":"https:\/\/www.pinterest.com\/firstlookstudio\/celebrities\/",
        "id":"317363173680567594",
        "name":"Celebrities"
      },
      "image":{
        "original":{
          "url":"https:\/\/s-media-cache-ak0.pinimg.com\/originals\/86\/c1\/3f\/86c13f98b2880567d290367fa7c5a6a1.jpg",
          "width":891,
          "height":1024
        }
      },
      "counts":{
        "likes":2,
        "comments":0,
        "repins":4
      },
      "id":"317363104970907665",
      "metadata":{
      }
    },
    {
      "attribution":null,
      "creator":{
        "url":"https:\/\/www.pinterest.com\/firstlookstudio\/",
        "first_name":"First Look Studio",
        "last_name":"",
        "id":"317363242399748263"
      },
      "url":"https:\/\/www.pinterest.com\/pin\/317363104970905634\/",
      "media":{
        "type":"image"
      },
      "created_at":"2015-09-18T15:52:13",
      "original_link":"http:\/\/laurenconrad.com\/blog\/2014\/03\/letter-from-lauren-march-spring-fashion",
      "note":".",
      "color":"#ecd9bb",
      "link":"https:\/\/www.pinterest.com\/r\/pin\/317363104970905634\/4779055074072594921\/2e3a97f5a22b4133f6faeb374b71aa7228400ae9339daf49b9fa413422bc4ca3",
      "board":{
        "url":"https:\/\/www.pinterest.com\/firstlookstudio\/celebrities\/",
        "id":"317363173680567594",
        "name":"Celebrities"
      },
      "image":{
        "original":{
          "url":"https:\/\/s-media-cache-ak0.pinimg.com\/originals\/c6\/8e\/cf\/c68ecf376503dee5bbd8a718fec18921.jpg",
          "width":600,
          "height":900
        }
      },
      "counts":{
        "likes":9,
        "comments":0,
        "repins":10
      },
      "id":"317363104970905634",
      "metadata":{
        "article":{
          "published_at":null,
          "description":"Read on to hear what posts we have coming up on LaurenConrad.com this month\u2026",
          "name":"Letter From Lauren: March Spring Fashion",
          "authors":[]
        },
        "link":{
          "locale":"en_US",
          "title":"Letter From Lauren: March Spring Fashion",
          "site_name":"Lauren Conrad",
          "description":"The official site of Lauren Conrad is a VIP Pass. Here you will get insider knowledge on the latest beauty and fashion trends from Lauren Conrad.",
          "favicon":"https:\/\/s-media-cache-ak0.pinimg.com\/favicons\/9d3e57e89ffcaa42a293bc7e66d2a10ed4857f327e6e023788259150.ico?a8a77611109daa84741784d9c5728c84"
        }
      }
    },
    {
      "attribution":null,
      "creator":{
        "url":"https:\/\/www.pinterest.com\/firstlookstudio\/",
        "first_name":"First Look Studio",
        "last_name":"",
        "id":"317363242399748263"
      },
      "url":"https:\/\/www.pinterest.com\/pin\/317363104970904459\/",
      "media":{
        "type":"image"
      },
      "created_at":"2015-09-18T13:43:56",
      "original_link":"http:\/\/s1.zetaboards.com\/anthroscape\/topic\/5129815\/1\/",
      "note":"Christopher Walken",
      "color":"#7d827e",
      "link":"https:\/\/www.pinterest.com\/r\/pin\/317363104970904459\/4779055074072594921\/45bd5c7e67488e2610363e4a7fe7f47eeafee5c7fa0d8a55e8a6e1d2430697d8",
      "board":{
        "url":"https:\/\/www.pinterest.com\/firstlookstudio\/celebrities\/",
        "id":"317363173680567594",
        "name":"Celebrities"
      },
      "image":{
        "original":{
          "url":"https:\/\/s-media-cache-ak0.pinimg.com\/originals\/f5\/71\/a3\/f571a3872e2cf15e642b7242225c3802.jpg",
          "width":936,
          "height":1179
        }
      },
      "counts":{
        "likes":0,
        "comments":0,
        "repins":5
      },
      "id":"317363104970904459",
      "metadata":{
      }
    },
    {
      "attribution":null,
      "creator":{
        "url":"https:\/\/www.pinterest.com\/firstlookstudio\/",
        "first_name":"First Look Studio",
        "last_name":"",
        "id":"317363242399748263"
      },
      "url":"https:\/\/www.pinterest.com\/pin\/317363104970895118\/",
      "media":{
        "type":"image"
      },
      "created_at":"2015-09-17T19:59:41",
      "original_link":"http:\/\/jeanjeanie61.tumblr.com\/post\/35322203117",
      "note":"Ursula Andress",
      "color":"#7b5d3c",
      "link":"https:\/\/www.pinterest.com\/r\/pin\/317363104970895118\/4779055074072594921\/948c437bee3efa0555424edadf7497f0c6f9ea3daaafd3fadb6e66a33d0c3829",
      "board":{
        "url":"https:\/\/www.pinterest.com\/firstlookstudio\/celebrities\/",
        "id":"317363173680567594",
        "name":"Celebrities"
      },
      "image":{
        "original":{
          "url":"https:\/\/s-media-cache-ak0.pinimg.com\/originals\/a6\/0c\/b2\/a60cb2f6be376c7743a2e4cc45d1b77b.jpg",
          "width":500,
          "height":748
        }
      },
      "counts":{
        "likes":2,
        "comments":0,
        "repins":4
      },
      "id":"317363104970895118",
      "metadata":{
        "link":{
          "locale":"en",
          "title":"jeanjeanie61",
          "site_name":"jeanjeanie61.tumblr.com",
          "description":"Ursula Andress\nhttp:\/\/www.theplace.ru",
          "favicon":"https:\/\/s-media-cache-ak0.pinimg.com\/favicons\/4c9ab7fafaeaeff1093120e223d08447f50479d339104c9ea2c1b5ad.png?10ee154b8de1f8b1bd4bb14e91531d1e"
        }
      }
    },
    {
      "attribution":null,
      "creator":{
        "url":"https:\/\/www.pinterest.com\/firstlookstudio\/",
        "first_name":"First Look Studio",
        "last_name":"",
        "id":"317363242399748263"
      },
      "url":"https:\/\/www.pinterest.com\/pin\/317363104970893879\/",
      "media":{
        "type":"image"
      },
      "created_at":"2015-09-17T17:35:38",
      "original_link":"http:\/\/hotcelebboys.tumblr.com\/post\/6146204753",
      "note":"Gerard Butler",
      "color":"#24221a",
      "link":"https:\/\/www.pinterest.com\/r\/pin\/317363104970893879\/4779055074072594921\/53ee71f969f4e85c127dfb0840bf56e87d842aca76a19ceddf8a3c955b0d7818",
      "board":{
        "url":"https:\/\/www.pinterest.com\/firstlookstudio\/celebrities\/",
        "id":"317363173680567594",
        "name":"Celebrities"
      },
      "image":{
        "original":{
          "url":"https:\/\/s-media-cache-ak0.pinimg.com\/originals\/c1\/3c\/08\/c13c08f55b217d0bc72f50cf8e8421c9.jpg",
          "width":426,
          "height":640
        }
      },
      "counts":{
        "likes":1,
        "comments":0,
        "repins":10
      },
      "id":"317363104970893879",
      "metadata":{
        "link":{
          "locale":"en",
          "title":"boys",
          "site_name":"hotcelebboys.tumblr.com",
          "description":"+",
          "favicon":"https:\/\/s-media-cache-ak0.pinimg.com\/favicons\/1b207e90ce81f60e4ff39f42d9dec608b44920790f9d2c87dfa44f88.png?3637d01a2fa5fda6a2371ae0c42bd451"
        }
      }
    },
    {
      "attribution":null,
      "creator":{
        "url":"https:\/\/www.pinterest.com\/firstlookstudio\/",
        "first_name":"First Look Studio",
        "last_name":"",
        "id":"317363242399748263"
      },
      "url":"https:\/\/www.pinterest.com\/pin\/317363104970893069\/",
      "media":{
        "type":"image"
      },
      "created_at":"2015-09-17T15:47:47",
      "original_link":"http:\/\/gryffon.tumblr.com\/post\/11172802546",
      "note":"Sean Connery",
      "color":"#696969",
      "link":"https:\/\/www.pinterest.com\/r\/pin\/317363104970893069\/4779055074072594921\/0e2b7715851fb996387cba14003f3bfd3396e18671c9ab46fd2cbf513e4c4861",
      "board":{
        "url":"https:\/\/www.pinterest.com\/firstlookstudio\/celebrities\/",
        "id":"317363173680567594",
        "name":"Celebrities"
      },
      "image":{
        "original":{
          "url":"https:\/\/s-media-cache-ak0.pinimg.com\/originals\/3b\/79\/c6\/3b79c63878ed744eee3185450b86a7a4.jpg",
          "width":423,
          "height":549
        }
      },
      "counts":{
        "likes":3,
        "comments":0,
        "repins":5
      },
      "id":"317363104970893069",
      "metadata":{
        "link":{
          "locale":"en_US",
          "title":"gryffon",
          "site_name":"gryffon.tumblr.com",
          "description":"My imagination is a monastery and I am its monk.   \nJohn Keats\n\nPlease also visit:\nTurk, After Hours        for late night aesthetic; or ",
          "favicon":"https:\/\/s-media-cache-ak0.pinimg.com\/favicons\/315cd30b49e399f167b5499512792078c89db9fb5335a1f765b0e31d.png?e2112c51bb0ebab9ba3c15bbdf263e99"
        }
      }
    },
    {
      "attribution":null,
      "creator":{
        "url":"https:\/\/www.pinterest.com\/firstlookstudio\/",
        "first_name":"First Look Studio",
        "last_name":"",
        "id":"317363242399748263"
      },
      "url":"https:\/\/www.pinterest.com\/pin\/317363104970891843\/",
      "media":{
        "type":"image"
      },
      "created_at":"2015-09-17T13:25:57",
      "original_link":"http:\/\/prettystuff.tumblr.com\/post\/36336213526\/meryl-streep-academy-awards-1979",
      "note":"Meryl Streep\u00a0Academy Awards 1979 #WomenWhoInspire",
      "color":"#2c2928",
      "link":"https:\/\/www.pinterest.com\/r\/pin\/317363104970891843\/4779055074072594921\/dbdebe44938fa59143f65406740fe84e64022f8a637d73ba46997d41b1dbe7bf",
      "board":{
        "url":"https:\/\/www.pinterest.com\/firstlookstudio\/celebrities\/",
        "id":"317363173680567594",
        "name":"Celebrities"
      },
      "image":{
        "original":{
          "url":"https:\/\/s-media-cache-ak0.pinimg.com\/originals\/8e\/b6\/a9\/8eb6a906559f55d5b8f88f9acd2ffb50.png",
          "width":500,
          "height":700
        }
      },
      "counts":{
        "likes":5,
        "comments":0,
        "repins":4
      },
      "id":"317363104970891843",
      "metadata":{
        "link":{
          "locale":"en",
          "title":"prettystuff",
          "site_name":"prettystuff.tumblr.com",
          "description":"ingridsbergman:\n\u201c Meryl Streep\nAcademy Awards 1979\n\u201d",
          "favicon":"https:\/\/s-media-cache-ak0.pinimg.com\/favicons\/f06ccacc18bfa4003e23b6f9607fefde64860925ec6b1f793c234510.png?da001ca717b5bddaed08cbda192a3fc6"
        }
      }
    },
    {
      "attribution":null,
      "creator":{
        "url":"https:\/\/www.pinterest.com\/firstlookstudio\/",
        "first_name":"First Look Studio",
        "last_name":"",
        "id":"317363242399748263"
      },
      "url":"https:\/\/www.pinterest.com\/pin\/317363104970882933\/",
      "media":{
        "type":"image"
      },
      "created_at":"2015-09-16T19:10:07",
      "original_link":"http:\/\/edithshead.tumblr.com\/post\/38437589292\/drew-barrymore-by-firooz-zahedi",
      "note":"Drew Barrymore by Firooz Zahedi",
      "color":"#d0ab7e",
      "link":"https:\/\/www.pinterest.com\/r\/pin\/317363104970882933\/4779055074072594921\/3684afdb33090bac5f94e8dc49acd4c4254fba1f15851afab2405200188f0530",
      "board":{
        "url":"https:\/\/www.pinterest.com\/firstlookstudio\/celebrities\/",
        "id":"317363173680567594",
        "name":"Celebrities"
      },
      "image":{
        "original":{
          "url":"https:\/\/s-media-cache-ak0.pinimg.com\/originals\/9a\/62\/7b\/9a627b4077e64ca7a7bf3a6da59d5fb2.jpg",
          "width":500,
          "height":616
        }
      },
      "counts":{
        "likes":4,
        "comments":1,
        "repins":3
      },
      "id":"317363104970882933",
      "metadata":{
        "link":{
          "locale":"en",
          "title":"edithshead",
          "site_name":"edithshead.tumblr.com",
          "description":"Drew Barrymore by Firooz Zahedi",
          "favicon":"https:\/\/s-media-cache-ak0.pinimg.com\/favicons\/e592fb7b9ae31a81c1a30b9c64ab96af6f8fda09e370803a4bd08fcc.png?9729761f9d1724b0197d1a719277abcc"
        }
      }
    },
    {
      "attribution":null,
      "creator":{
        "url":"https:\/\/www.pinterest.com\/firstlookstudio\/",
        "first_name":"First Look Studio",
        "last_name":"",
        "id":"317363242399748263"
      },
      "url":"https:\/\/www.pinterest.com\/pin\/317363104970881974\/",
      "media":{
        "type":"image"
      },
      "created_at":"2015-09-16T17:40:06",
      "original_link":"http:\/\/www.aol.com\/video\/kaley-cuocos-sexy-shoot\/517622176\/?icid=maing-grid7%7Cmaing10%7Cdaily-buzz6%7Csec7_lnk1%7C249166",
      "note":".",
      "color":"#4e4037",
      "link":"https:\/\/www.pinterest.com\/r\/pin\/317363104970881974\/4779055074072594921\/dae68fe66ca637af1916621fb418d41d07a13bd51715efa52a728bf245d53e0f",
      "board":{
        "url":"https:\/\/www.pinterest.com\/firstlookstudio\/celebrities\/",
        "id":"317363173680567594",
        "name":"Celebrities"
      },
      "image":{
        "original":{
          "url":"https:\/\/s-media-cache-ak0.pinimg.com\/originals\/15\/b1\/1c\/15b11cb2f2a41ea80b1447ceed7536b6.jpg",
          "width":156,
          "height":104
        }
      },
      "counts":{
        "likes":0,
        "comments":0,
        "repins":0
      },
      "id":"317363104970881974",
      "metadata":{
      }
    },
    {
      "attribution":null,
      "creator":{
        "url":"https:\/\/www.pinterest.com\/firstlookstudio\/",
        "first_name":"First Look Studio",
        "last_name":"",
        "id":"317363242399748263"
      },
      "url":"https:\/\/www.pinterest.com\/pin\/317363104970880611\/",
      "media":{
        "type":"image"
      },
      "created_at":"2015-09-16T15:06:25",
      "original_link":"",
      "note":"Sean Penn",
      "color":"#969696",
      "link":"",
      "board":{
        "url":"https:\/\/www.pinterest.com\/firstlookstudio\/celebrities\/",
        "id":"317363173680567594",
        "name":"Celebrities"
      },
      "image":{
        "original":{
          "url":"https:\/\/s-media-cache-ak0.pinimg.com\/originals\/fd\/b1\/a7\/fdb1a71ca155fce23838fa6425b9bbdf.jpg",
          "width":1772,
          "height":1772
        }
      },
      "counts":{
        "likes":4,
        "comments":0,
        "repins":6
      },
      "id":"317363104970880611",
      "metadata":{
      }
    },
    {
      "attribution":null,
      "creator":{
        "url":"https:\/\/www.pinterest.com\/firstlookstudio\/",
        "first_name":"First Look Studio",
        "last_name":"",
        "id":"317363242399748263"
      },
      "url":"https:\/\/www.pinterest.com\/pin\/317363104970879664\/",
      "media":{
        "type":"image"
      },
      "created_at":"2015-09-16T13:21:30",
      "original_link":"http:\/\/zsazsabellagio.blogspot.gr\/2013\/01\/mysterious.html?utm_source=feedburner&utm_medium=feed&utm_campaign=Feed:+ZsazsaBellagio+(ZsaZsa+Bellagio)",
      "note":"Marilyn Monroe by Ben Ross Hollywood, 1953",
      "color":"#6c6259",
      "link":"https:\/\/www.pinterest.com\/r\/pin\/317363104970879664\/4779055074072594921\/fe861096753711121ab820fecd7d2923ea330c438454af7f2b85dd0e374be7ad",
      "board":{
        "url":"https:\/\/www.pinterest.com\/firstlookstudio\/celebrities\/",
        "id":"317363173680567594",
        "name":"Celebrities"
      },
      "image":{
        "original":{
          "url":"https:\/\/s-media-cache-ak0.pinimg.com\/originals\/32\/7c\/9a\/327c9a97ba2d6625aa481285624ac686.jpg",
          "width":486,
          "height":700
        }
      },
      "counts":{
        "likes":8,
        "comments":0,
        "repins":18
      },
      "id":"317363104970879664",
      "metadata":{
      }
    }
  ],
  "page":{
    "cursor":"LT4zMTczNjMxMDQ5NzA4Nzk2NjQ6Mjg5fDc5YzJiZTQ0ZTViOWFiODgyODM2ZDlmOTdmMmJiODM0ZjdmM2UxOGZiMTIwMjBlZjZmMTcwZjA3MjliYzM0NWM=",
    "next":"https:\/\/api.pinterest.com\/v1\/boards\/firstlookstudio\/celebrities\/pins\/?access_token=AZlZE-HOK-Y4205yRft75KyYVaauFCBIs8jxSxdCtrJcomAqbQAAAAA&fields=id%2Clink%2Cnote%2Curl%2Cattribution%2Cmedia%2Cmetadata%2Cboard%2Ccolor%2Ccounts%2Ccreated_at%2Ccreator%2Cimage%2Coriginal_link&cursor=LT4zMTczNjMxMDQ5NzA4Nzk2NjQ6Mjg5fDc5YzJiZTQ0ZTViOWFiODgyODM2ZDlmOTdmMmJiODM0ZjdmM2UxOGZiMTIwMjBlZjZmMTcwZjA3MjliYzM0NWM%3D"
  }
}
