{
  "data":[
    {
      "attribution":null,
      "creator":{
        "url":"https:\/\/www.pinterest.com\/catskittles\/",
        "first_name":"Miranda",
        "last_name":"Prisley",
        "id":"367325050765843917"
      },
      "url":"https:\/\/www.pinterest.com\/pin\/367324913331354151\/",
      "media":{
        "type":"image"
      },
      "created_at":"2014-08-13T01:16:36",
      "original_link":"http:\/\/www.last.fm\/music\/Lily+Allen\/+images\/20746401",
      "note":"Lily Allen. I've been listening to her music a lot lately...",
      "color":"#4c4c4c",
      "link":"https:\/\/www.pinterest.com\/r\/pin\/367324913331354151\/4779055074072594921\/b44f1596dbd2ec29bc57b752d1e9aeff10c4c71677a2e88f110fe49c28c78931",
      "board":{
        "url":"https:\/\/www.pinterest.com\/catskittles\/celebrities\/",
        "id":"367324982046492293",
        "name":"Celebrities"
      },
      "image":{
        "original":{
          "url":"https:\/\/s-media-cache-ak0.pinimg.com\/originals\/13\/37\/ca\/1337ca222205624608889b202574f80b.jpg",
          "width":359,
          "height":539
        }
      },
      "counts":{
        "likes":0,
        "comments":0,
        "repins":1
      },
      "id":"367324913331354151",
      "metadata":{
      }
    },
    {
      "attribution":null,
      "creator":{
        "url":"https:\/\/www.pinterest.com\/catskittles\/",
        "first_name":"Miranda",
        "last_name":"Prisley",
        "id":"367325050765843917"
      },
      "url":"https:\/\/www.pinterest.com\/pin\/367324913331354134\/",
      "media":{
        "type":"image"
      },
      "created_at":"2014-08-13T01:15:38",
      "original_link":"http:\/\/www.vanitatis.com\/fotos\/lily-allen-coco-coon-chanel-20090825.html",
      "note":"Sophisticated Lady- Chanel, Lily Allen- Via ~LadyLuxury~",
      "color":"#f0f0f0",
      "link":"https:\/\/www.pinterest.com\/r\/pin\/367324913331354134\/4779055074072594921\/3026dec411cb53364e0fe145616dffff498576294cdcbc3f3fee70710c0cf3bd",
      "board":{
        "url":"https:\/\/www.pinterest.com\/catskittles\/celebrities\/",
        "id":"367324982046492293",
        "name":"Celebrities"
      },
      "image":{
        "original":{
          "url":"https:\/\/s-media-cache-ak0.pinimg.com\/originals\/7f\/a7\/74\/7fa7746582a7b023de252a9855e33012.jpg",
          "width":330,
          "height":695
        }
      },
      "counts":{
        "likes":0,
        "comments":0,
        "repins":0
      },
      "id":"367324913331354134",
      "metadata":{
      }
    },
    {
      "attribution":null,
      "creator":{
        "url":"https:\/\/www.pinterest.com\/catskittles\/",
        "first_name":"Miranda",
        "last_name":"Prisley",
        "id":"367325050765843917"
      },
      "url":"https:\/\/www.pinterest.com\/pin\/367324913331354132\/",
      "media":{
        "type":"image"
      },
      "created_at":"2014-08-13T01:15:31",
      "original_link":"http:\/\/staygold-dieyoung.tumblr.com\/post\/4030214380\/photoshopmepretty-lily-allen-is-fucking-dope",
      "note":"lily allen",
      "color":"#726c69",
      "link":"https:\/\/www.pinterest.com\/r\/pin\/367324913331354132\/4779055074072594921\/b4d0ca19e4dbf082052f60cc010f0409c48cf6482659f463733643e00d68fc57",
      "board":{
        "url":"https:\/\/www.pinterest.com\/catskittles\/celebrities\/",
        "id":"367324982046492293",
        "name":"Celebrities"
      },
      "image":{
        "original":{
          "url":"https:\/\/s-media-cache-ak0.pinimg.com\/originals\/23\/a7\/29\/23a72999bc2f5908b21a574def695076.jpg",
          "width":400,
          "height":550
        }
      },
      "counts":{
        "likes":0,
        "comments":0,
        "repins":0
      },
      "id":"367324913331354132",
      "metadata":{
      }
    },
    {
      "attribution":null,
      "creator":{
        "url":"https:\/\/www.pinterest.com\/catskittles\/",
        "first_name":"Miranda",
        "last_name":"Prisley",
        "id":"367325050765843917"
      },
      "url":"https:\/\/www.pinterest.com\/pin\/367324913331354131\/",
      "media":{
        "type":"image"
      },
      "created_at":"2014-08-13T01:15:24",
      "original_link":"",
      "note":"Lily Allen.",
      "color":"#512d10",
      "link":"",
      "board":{
        "url":"https:\/\/www.pinterest.com\/catskittles\/celebrities\/",
        "id":"367324982046492293",
        "name":"Celebrities"
      },
      "image":{
        "original":{
          "url":"https:\/\/s-media-cache-ak0.pinimg.com\/originals\/e1\/ce\/32\/e1ce32e768e414a7ceff5db0ca00c624.jpg",
          "width":1608,
          "height":2000
        }
      },
      "counts":{
        "likes":0,
        "comments":0,
        "repins":0
      },
      "id":"367324913331354131",
      "metadata":{
      }
    },
    {
      "attribution":null,
      "creator":{
        "url":"https:\/\/www.pinterest.com\/catskittles\/",
        "first_name":"Miranda",
        "last_name":"Prisley",
        "id":"367325050765843917"
      },
      "url":"https:\/\/www.pinterest.com\/pin\/367324913331354127\/",
      "media":{
        "type":"image"
      },
      "created_at":"2014-08-13T01:14:56",
      "original_link":"http:\/\/miss-lilyallen.tumblr.com\/tagged\/2014",
      "note":"Lily Allen #celebrities",
      "color":"#ad9071",
      "link":"https:\/\/www.pinterest.com\/r\/pin\/367324913331354127\/4779055074072594921\/47f6b2ec78cd6fdfb272cdf25a9bcbb6a025b3c4232893715c9345c884527dd3",
      "board":{
        "url":"https:\/\/www.pinterest.com\/catskittles\/celebrities\/",
        "id":"367324982046492293",
        "name":"Celebrities"
      },
      "image":{
        "original":{
          "url":"https:\/\/s-media-cache-ak0.pinimg.com\/originals\/dc\/5f\/82\/dc5f82a68cd3c44dbb9a081d99f22a03.jpg",
          "width":500,
          "height":700
        }
      },
      "counts":{
        "likes":0,
        "comments":0,
        "repins":0
      },
      "id":"367324913331354127",
      "metadata":{
        "link":{
          "locale":"en",
          "title":"miss-lilyallen",
          "site_name":"miss-lilyallen.tumblr.com",
          "description":"killing them all on my own little mission",
          "favicon":"https:\/\/s-media-cache-ak0.pinimg.com\/favicons\/35b210cc21e112f2f28431aee65e3a31aad8ecc802d158f4e7bc72f8.png?b63959d8f91acf2313993ad7c8504111"
        }
      }
    },
    {
      "attribution":null,
      "creator":{
        "url":"https:\/\/www.pinterest.com\/catskittles\/",
        "first_name":"Miranda",
        "last_name":"Prisley",
        "id":"367325050765843917"
      },
      "url":"https:\/\/www.pinterest.com\/pin\/367324913331354126\/",
      "media":{
        "type":"image"
      },
      "created_at":"2014-08-13T01:14:51",
      "original_link":"",
      "note":"Lily Allen, singer, Vogue Festival speaker. Buy tickets to this year's Vogue Festival: http:\/\/www.vogue.co.uk\/special-events\/vogue-festival-2014\/buy-tickets",
      "color":"#dca928",
      "link":"",
      "board":{
        "url":"https:\/\/www.pinterest.com\/catskittles\/celebrities\/",
        "id":"367324982046492293",
        "name":"Celebrities"
      },
      "image":{
        "original":{
          "url":"https:\/\/s-media-cache-ak0.pinimg.com\/originals\/83\/13\/f9\/8313f957b45581e1707816cc63061818.jpg",
          "width":1280,
          "height":1920
        }
      },
      "counts":{
        "likes":0,
        "comments":0,
        "repins":0
      },
      "id":"367324913331354126",
      "metadata":{
      }
    },
    {
      "attribution":null,
      "creator":{
        "url":"https:\/\/www.pinterest.com\/catskittles\/",
        "first_name":"Miranda",
        "last_name":"Prisley",
        "id":"367325050765843917"
      },
      "url":"https:\/\/www.pinterest.com\/pin\/367324913331354124\/",
      "media":{
        "type":"image"
      },
      "created_at":"2014-08-13T01:14:46",
      "original_link":"http:\/\/nickdrake.tumblr.com\/page\/2929",
      "note":"Lily Allen coming out with new music!??? So excited!!!!!!!!!!!!!",
      "color":"#070605",
      "link":"https:\/\/www.pinterest.com\/r\/pin\/367324913331354124\/4779055074072594921\/2b7a785119533ff5dda8690c43c04379967c0345e68035d2b299def43d4e71ab",
      "board":{
        "url":"https:\/\/www.pinterest.com\/catskittles\/celebrities\/",
        "id":"367324982046492293",
        "name":"Celebrities"
      },
      "image":{
        "original":{
          "url":"https:\/\/s-media-cache-ak0.pinimg.com\/originals\/ff\/bd\/d1\/ffbdd14f5c934c0e7de4c77043f32783.jpg",
          "width":503,
          "height":640
        }
      },
      "counts":{
        "likes":0,
        "comments":0,
        "repins":0
      },
      "id":"367324913331354124",
      "metadata":{
      }
    },
    {
      "attribution":null,
      "creator":{
        "url":"https:\/\/www.pinterest.com\/catskittles\/",
        "first_name":"Miranda",
        "last_name":"Prisley",
        "id":"367325050765843917"
      },
      "url":"https:\/\/www.pinterest.com\/pin\/367324913331354121\/",
      "media":{
        "type":"image"
      },
      "created_at":"2014-08-13T01:14:33",
      "original_link":"http:\/\/theberry.com\/2012\/07\/26\/uhh-you-dropped-some-red-on-your-lips-33-photos\/red-lips-31\/",
      "note":"Lily Allen <3",
      "color":"#97766a",
      "link":"https:\/\/www.pinterest.com\/r\/pin\/367324913331354121\/4779055074072594921\/032d64921d97039226e188a944b90b7c668826d4499c6013bcc01dcd22d2bb1c",
      "board":{
        "url":"https:\/\/www.pinterest.com\/catskittles\/celebrities\/",
        "id":"367324982046492293",
        "name":"Celebrities"
      },
      "image":{
        "original":{
          "url":"https:\/\/s-media-cache-ak0.pinimg.com\/originals\/7f\/54\/52\/7f545252026db04604812938743f2fbd.jpg",
          "width":1002,
          "height":1279
        }
      },
      "counts":{
        "likes":0,
        "comments":0,
        "repins":0
      },
      "id":"367324913331354121",
      "metadata":{
      }
    },
    {
      "attribution":null,
      "creator":{
        "url":"https:\/\/www.pinterest.com\/catskittles\/",
        "first_name":"Miranda",
        "last_name":"Prisley",
        "id":"367325050765843917"
      },
      "url":"https:\/\/www.pinterest.com\/pin\/367324913331354120\/",
      "media":{
        "type":"image"
      },
      "created_at":"2014-08-13T01:14:28",
      "original_link":"http:\/\/arneldo.tumblr.com\/page\/27",
      "note":"Lily Allen. <3",
      "color":"#3c3330",
      "link":"https:\/\/www.pinterest.com\/r\/pin\/367324913331354120\/4779055074072594921\/b4d472d0cae654e2d6e48b21a44ef29e1345dc58274a402a0fad2358e4a7c357",
      "board":{
        "url":"https:\/\/www.pinterest.com\/catskittles\/celebrities\/",
        "id":"367324982046492293",
        "name":"Celebrities"
      },
      "image":{
        "original":{
          "url":"https:\/\/s-media-cache-ak0.pinimg.com\/originals\/57\/39\/95\/573995d881b31d5c1a18891fd23145b7.jpg",
          "width":544,
          "height":719
        }
      },
      "counts":{
        "likes":0,
        "comments":0,
        "repins":0
      },
      "id":"367324913331354120",
      "metadata":{
        "link":{
          "locale":"en",
          "title":"Not found.",
          "site_name":"arneldo.tumblr.com",
          "description":"arneldo",
          "favicon":"https:\/\/s-media-cache-ak0.pinimg.com\/favicons\/255a179156a08b2b3a0f2de3d133e8e21a36f24bf5529d8dc473fa90.ico?f9b03df5b8e19a9a821ec1997d011c19"
        }
      }
    },
    {
      "attribution":null,
      "creator":{
        "url":"https:\/\/www.pinterest.com\/catskittles\/",
        "first_name":"Miranda",
        "last_name":"Prisley",
        "id":"367325050765843917"
      },
      "url":"https:\/\/www.pinterest.com\/pin\/367324913331354117\/",
      "media":{
        "type":"image"
      },
      "created_at":"2014-08-13T01:14:19",
      "original_link":"http:\/\/lostinthegroove.wordpress.com\/2010\/10\/20\/nadav-kander-photographer\/",
      "note":"Lily Allen - really love this hair. It's always one that I come back to.",
      "color":"#324d5e",
      "link":"https:\/\/www.pinterest.com\/r\/pin\/367324913331354117\/4779055074072594921\/602229b57121cfe6766757cd9b659b147b4f4aa6e862d751e736f3b4487c067f",
      "board":{
        "url":"https:\/\/www.pinterest.com\/catskittles\/celebrities\/",
        "id":"367324982046492293",
        "name":"Celebrities"
      },
      "image":{
        "original":{
          "url":"https:\/\/s-media-cache-ak0.pinimg.com\/originals\/86\/46\/42\/864642d9768690e833490e910b9a92e8.jpg",
          "width":659,
          "height":839
        }
      },
      "counts":{
        "likes":0,
        "comments":0,
        "repins":1
      },
      "id":"367324913331354117",
      "metadata":{
        "article":{
          "published_at":"2010-10-20T00:00:00",
          "description":"Visit the post for more.",
          "name":"Nadav Kander, photographer",
          "authors":[]
        },
        "link":{
          "locale":"en_US",
          "title":"Nadav Kander, photographer",
          "site_name":"Photography; Semester Two",
          "description":"ashleigh|inglis (by Ashleigh Inglis)",
          "favicon":"https:\/\/s-media-cache-ak0.pinimg.com\/favicons\/ee25e2c257ff7c76b27531b6de6f86f68695cbd89cebcac8bb3de517.ico?c291c057816f71ce15ba5c496f1a965a"
        }
      }
    },
    {
      "attribution":null,
      "creator":{
        "url":"https:\/\/www.pinterest.com\/catskittles\/",
        "first_name":"Miranda",
        "last_name":"Prisley",
        "id":"367325050765843917"
      },
      "url":"https:\/\/www.pinterest.com\/pin\/367324913331354115\/",
      "media":{
        "type":"image"
      },
      "created_at":"2014-08-13T01:14:17",
      "original_link":"http:\/\/www.lastfm.es\/music\/Lily+Allen\/+images\/26699791",
      "note":"Lily Allen. I wish someone would have told me sooner that I'd love her music which is perfectly clever and fun!",
      "color":"#718295",
      "link":"https:\/\/www.pinterest.com\/r\/pin\/367324913331354115\/4779055074072594921\/402a7604d9b294f66cd1cb1a94b764850411849bb013c1bf2f8c1fa49b63f5e7",
      "board":{
        "url":"https:\/\/www.pinterest.com\/catskittles\/celebrities\/",
        "id":"367324982046492293",
        "name":"Celebrities"
      },
      "image":{
        "original":{
          "url":"https:\/\/s-media-cache-ak0.pinimg.com\/originals\/92\/7b\/b2\/927bb263bad294836ff88b0357b14a30.jpg",
          "width":500,
          "height":729
        }
      },
      "counts":{
        "likes":0,
        "comments":0,
        "repins":0
      },
      "id":"367324913331354115",
      "metadata":{
      }
    },
    {
      "attribution":null,
      "creator":{
        "url":"https:\/\/www.pinterest.com\/catskittles\/",
        "first_name":"Miranda",
        "last_name":"Prisley",
        "id":"367325050765843917"
      },
      "url":"https:\/\/www.pinterest.com\/pin\/367324913331354112\/",
      "media":{
        "type":"image"
      },
      "created_at":"2014-08-13T01:14:12",
      "original_link":"http:\/\/clmus.com\/photography\/david-slijper\/celebrity\/elle-uk-jul-2011\/lily-allen-7",
      "note":"Somewhere that only we know is one of the hundred reasons WHY I love Lilly Allen \u2764\ufe0f",
      "color":"#584a54",
      "link":"https:\/\/www.pinterest.com\/r\/pin\/367324913331354112\/4779055074072594921\/c6b6dd2a2e9793d6bdaff4d4616c4b24e93f2bebc90c9eafbdf40ebad2954763",
      "board":{
        "url":"https:\/\/www.pinterest.com\/catskittles\/celebrities\/",
        "id":"367324982046492293",
        "name":"Celebrities"
      },
      "image":{
        "original":{
          "url":"https:\/\/s-media-cache-ak0.pinimg.com\/originals\/c4\/e1\/ca\/c4e1ca47e60dfcad1f5c6a09c49c78de.jpg",
          "width":750,
          "height":1000
        }
      },
      "counts":{
        "likes":0,
        "comments":0,
        "repins":0
      },
      "id":"367324913331354112",
      "metadata":{
      }
    },
    {
      "attribution":null,
      "creator":{
        "url":"https:\/\/www.pinterest.com\/catskittles\/",
        "first_name":"Miranda",
        "last_name":"Prisley",
        "id":"367325050765843917"
      },
      "url":"https:\/\/www.pinterest.com\/pin\/367324913331351284\/",
      "media":{
        "type":"image"
      },
      "created_at":"2014-08-12T19:58:37",
      "original_link":"http:\/\/www.ebay.com\/itm\/Custom-Popular-Cute-Black-Flower-Sash-Long-Lace-Sleeve-Tea-Length-Wedding-Dress-\/321296707046",
      "note":"Lynn-Ann, I know you already have a different idea in mind but I had to post this just because it is so beautiful!",
      "color":"#655c51",
      "link":"https:\/\/www.pinterest.com\/r\/pin\/367324913331351284\/4779055074072594921\/591344ced70aa18a09b937533741bc316aab5b002b0da24bda2566612aaf1502",
      "board":{
        "url":"https:\/\/www.pinterest.com\/catskittles\/celebrities\/",
        "id":"367324982046492293",
        "name":"Celebrities"
      },
      "image":{
        "original":{
          "url":"https:\/\/s-media-cache-ak0.pinimg.com\/originals\/61\/23\/f9\/6123f9183f297067c50f9e5d87970892.jpg",
          "width":424,
          "height":723
        }
      },
      "counts":{
        "likes":0,
        "comments":0,
        "repins":1
      },
      "id":"367324913331351284",
      "metadata":{
      }
    },
    {
      "attribution":null,
      "creator":{
        "url":"https:\/\/www.pinterest.com\/catskittles\/",
        "first_name":"Miranda",
        "last_name":"Prisley",
        "id":"367325050765843917"
      },
      "url":"https:\/\/www.pinterest.com\/pin\/367324913331351282\/",
      "media":{
        "type":"image"
      },
      "created_at":"2014-08-12T19:58:27",
      "original_link":"http:\/\/cdn.indulgy.com\/aI\/1a\/aZ\/98234835591810983QifWx4JOc.jpg",
      "note":"Audrey Hepburn with her deer :)",
      "color":"#a6a6a6",
      "link":"https:\/\/www.pinterest.com\/r\/pin\/367324913331351282\/4779055074072594921\/324ba9ce91390614c46d21ce33f7adce11b1a274d4d519d063bf67c9481729ae",
      "board":{
        "url":"https:\/\/www.pinterest.com\/catskittles\/celebrities\/",
        "id":"367324982046492293",
        "name":"Celebrities"
      },
      "image":{
        "original":{
          "url":"https:\/\/s-media-cache-ak0.pinimg.com\/originals\/33\/7d\/77\/337d77a8e37b95097500e8b47de1787e.jpg",
          "width":500,
          "height":680
        }
      },
      "counts":{
        "likes":1,
        "comments":0,
        "repins":1
      },
      "id":"367324913331351282",
      "metadata":{
      }
    },
    {
      "attribution":null,
      "creator":{
        "url":"https:\/\/www.pinterest.com\/catskittles\/",
        "first_name":"Miranda",
        "last_name":"Prisley",
        "id":"367325050765843917"
      },
      "url":"https:\/\/www.pinterest.com\/pin\/367324913331351270\/",
      "media":{
        "type":"image"
      },
      "created_at":"2014-08-12T19:57:49",
      "original_link":"http:\/\/fortheloveofmegan.tumblr.com\/",
      "note":"Audrey Hepburn",
      "color":"#676767",
      "link":"https:\/\/www.pinterest.com\/r\/pin\/367324913331351270\/4779055074072594921\/5023658346bff7b49f329ebec4a8e34250eebda4834734a5920b98e9196993e6",
      "board":{
        "url":"https:\/\/www.pinterest.com\/catskittles\/celebrities\/",
        "id":"367324982046492293",
        "name":"Celebrities"
      },
      "image":{
        "original":{
          "url":"https:\/\/s-media-cache-ak0.pinimg.com\/originals\/c9\/da\/bd\/c9dabde00d092a5b7e92dfde1dbc652d.jpg",
          "width":400,
          "height":556
        }
      },
      "counts":{
        "likes":1,
        "comments":0,
        "repins":1
      },
      "id":"367324913331351270",
      "metadata":{
        "link":{
          "locale":"en",
          "title":"for the love of megan",
          "site_name":"fortheloveofmegan.tumblr.com",
          "description":"fortheloveofmegan",
          "favicon":"https:\/\/s-media-cache-ak0.pinimg.com\/favicons\/8156de27b8a70b214647de42dc9ee364536684c71165bfb91b7bfcb8.png?accd8418afbe42d28d1c7dfcbaa06865"
        }
      }
    },
    {
      "attribution":null,
      "creator":{
        "url":"https:\/\/www.pinterest.com\/catskittles\/",
        "first_name":"Miranda",
        "last_name":"Prisley",
        "id":"367325050765843917"
      },
      "url":"https:\/\/www.pinterest.com\/pin\/367324913331343496\/",
      "media":{
        "type":"image"
      },
      "created_at":"2014-08-11T21:45:48",
      "original_link":"",
      "note":"2014 Teen Choice Awards",
      "color":"#3e262b",
      "link":"",
      "board":{
        "url":"https:\/\/www.pinterest.com\/catskittles\/celebrities\/",
        "id":"367324982046492293",
        "name":"Celebrities"
      },
      "image":{
        "original":{
          "url":"https:\/\/s-media-cache-ak0.pinimg.com\/originals\/2d\/a1\/e2\/2da1e2da075520094f2b832b3b13d43b.jpg",
          "width":594,
          "height":406
        }
      },
      "counts":{
        "likes":0,
        "comments":0,
        "repins":0
      },
      "id":"367324913331343496",
      "metadata":{
      }
    },
    {
      "attribution":{
        "title":"The Perks Of Being A Wallflower - Special Screening",
        "provider_favicon_url":"https:\/\/s-passets-cache-ak0.pinimg.com\/images\/api\/attrib\/getty images.png",
        "author_name":"Ian Gavan",
        "url":"http:\/\/www.gettyimages.com\/detail\/152796631",
        "author_url":"http:\/\/www.gettyimages.com\/detail\/152796631",
        "provider_name":"Getty Images"
      },
      "creator":{
        "url":"https:\/\/www.pinterest.com\/catskittles\/",
        "first_name":"Miranda",
        "last_name":"Prisley",
        "id":"367325050765843917"
      },
      "url":"https:\/\/www.pinterest.com\/pin\/367324913331326213\/",
      "media":{
        "type":"image"
      },
      "created_at":"2014-08-10T03:14:24",
      "original_link":"http:\/\/www.buzzfeed.com\/samir\/emma-watson-is-flawless?sub=3283086_3017985",
      "note":"Emma Watson = Most Flawless Woman Of The Decade",
      "color":"#d8cec7",
      "link":"https:\/\/www.pinterest.com\/r\/pin\/367324913331326213\/4779055074072594921\/1336198d8863dbb08192e11d6f5261d04dbbd7fb70c8bd3acd31ce541b708656",
      "board":{
        "url":"https:\/\/www.pinterest.com\/catskittles\/celebrities\/",
        "id":"367324982046492293",
        "name":"Celebrities"
      },
      "image":{
        "original":{
          "url":"https:\/\/s-media-cache-ak0.pinimg.com\/originals\/c5\/03\/64\/c50364574c5b5f1bae863ae2f51bbced.jpg",
          "width":990,
          "height":1467
        }
      },
      "counts":{
        "likes":0,
        "comments":0,
        "repins":0
      },
      "id":"367324913331326213",
      "metadata":{
      }
    },
    {
      "attribution":null,
      "creator":{
        "url":"https:\/\/www.pinterest.com\/catskittles\/",
        "first_name":"Miranda",
        "last_name":"Prisley",
        "id":"367325050765843917"
      },
      "url":"https:\/\/www.pinterest.com\/pin\/367324913331293952\/",
      "media":{
        "type":"image"
      },
      "created_at":"2014-08-06T15:31:32",
      "original_link":"http:\/\/theres-a-worldoutside.tumblr.com\/search\/teen+wolf\/page\/2",
      "note":" ",
      "color":"#d5cdc2",
      "link":"https:\/\/www.pinterest.com\/r\/pin\/367324913331293952\/4779055074072594921\/8504dd794847645c0ef6f852bc14341816a9301b125d8056f93e878af1b1a8d5",
      "board":{
        "url":"https:\/\/www.pinterest.com\/catskittles\/celebrities\/",
        "id":"367324982046492293",
        "name":"Celebrities"
      },
      "image":{
        "original":{
          "url":"https:\/\/s-media-cache-ak0.pinimg.com\/originals\/8c\/d6\/ce\/8cd6cea0b145935815a18d08957ea89f.jpg",
          "width":400,
          "height":432
        }
      },
      "counts":{
        "likes":0,
        "comments":0,
        "repins":0
      },
      "id":"367324913331293952",
      "metadata":{
        "link":{
          "locale":"en",
          "title":"Here's To Teenage Memories...",
          "site_name":"theres-a-worldoutside.tumblr.com",
          "description":"Hi I'm Lottie. I'm just an average teenage girl who is in love with 5 Seconds Of Summer, Pll, Ahs, Teen Wolf and loads of other stuff. My mind is like Hollister, a dark place filled with hot guys...",
          "favicon":"https:\/\/s-media-cache-ak0.pinimg.com\/favicons\/e2ce9e7238f95e336a524c49b0ed43504164f8395c5743d1c2993845.png?19b5ba53710af55babbba9e8a20c5523"
        }
      }
    },
    {
      "attribution":null,
      "creator":{
        "url":"https:\/\/www.pinterest.com\/catskittles\/",
        "first_name":"Miranda",
        "last_name":"Prisley",
        "id":"367325050765843917"
      },
      "url":"https:\/\/www.pinterest.com\/pin\/367324913331135670\/",
      "media":{
        "type":"image"
      },
      "created_at":"2014-07-21T17:57:08",
      "original_link":"",
      "note":"theo james and shailene woodley",
      "color":"#02010a",
      "link":"",
      "board":{
        "url":"https:\/\/www.pinterest.com\/catskittles\/celebrities\/",
        "id":"367324982046492293",
        "name":"Celebrities"
      },
      "image":{
        "original":{
          "url":"https:\/\/s-media-cache-ak0.pinimg.com\/originals\/99\/71\/bd\/9971bd87fa69594f3e6c360a10e518d3.jpg",
          "width":500,
          "height":735
        }
      },
      "counts":{
        "likes":0,
        "comments":0,
        "repins":1
      },
      "id":"367324913331135670",
      "metadata":{
      }
    },
    {
      "attribution":null,
      "creator":{
        "url":"https:\/\/www.pinterest.com\/catskittles\/",
        "first_name":"Miranda",
        "last_name":"Prisley",
        "id":"367325050765843917"
      },
      "url":"https:\/\/www.pinterest.com\/pin\/367324913331076863\/",
      "media":{
        "type":"image"
      },
      "created_at":"2014-07-15T02:39:54",
      "original_link":"http:\/\/www.redbookmag.com\/beauty-fashion\/celebrity-hairstyles\/celebrity-bang-ideas-emma-stone",
      "note":"side swept bangs - Google Search",
      "color":"#7d5d36",
      "link":"https:\/\/www.pinterest.com\/r\/pin\/367324913331076863\/4779055074072594921\/5c063130130feb7f8829bec8e833b5e6d642e63eaec022ad8147434258826385",
      "board":{
        "url":"https:\/\/www.pinterest.com\/catskittles\/celebrities\/",
        "id":"367324982046492293",
        "name":"Celebrities"
      },
      "image":{
        "original":{
          "url":"https:\/\/s-media-cache-ak0.pinimg.com\/originals\/a9\/c0\/23\/a9c023cdf6ab83d1080db089389fb072.jpg",
          "width":500,
          "height":575
        }
      },
      "counts":{
        "likes":1,
        "comments":0,
        "repins":3
      },
      "id":"367324913331076863",
      "metadata":{
        "article":{
          "published_at":"2012-09-27T00:00:00",
          "description":"They can hide wrinkles and transform your look, but the best part about incorporating bangs into your hairstyle? They can flatter everyone. Take a cue from these fringed celebs to find a pair that will work on you!",
          "name":"Celeb Bang Ideas That Work on Everyone",
          "authors":[
            {
              "name":"Kayleigh Donahue Hodes"
            }
          ]
        },
        "link":{
          "locale":"en",
          "title":"Celeb Bang Ideas That Work on Everyone",
          "site_name":"Redbook",
          "description":"They can hide wrinkles and transform your look, but the best part about incorporating bangs into your hairstyle? They can flatter everyone. Take a cue from these fringed celebs to find a pair that will work on you!",
          "favicon":"https:\/\/s-media-cache-ak0.pinimg.com\/favicons\/ef7d94e43f766b81b4f8a5b761b8bf7aa572f60bcc75b1a8b1763180.ico?46d7d3c2dd918573838664bbf8eba33e"
        }
      }
    },
    {
      "attribution":null,
      "creator":{
        "url":"https:\/\/www.pinterest.com\/catskittles\/",
        "first_name":"Miranda",
        "last_name":"Prisley",
        "id":"367325050765843917"
      },
      "url":"https:\/\/www.pinterest.com\/pin\/367324913328561209\/",
      "media":{
        "type":"image"
      },
      "created_at":"2013-09-08T00:55:42",
      "original_link":"http:\/\/weheartit.com\/entry\/8492454",
      "note":"Lucy Hale",
      "color":"#ad6a50",
      "link":"https:\/\/www.pinterest.com\/r\/pin\/367324913328561209\/4779055074072594921\/8a77e315d9f976d2b571127ecfebd1054c55410dd405897b34f8c5fe4801bc8a",
      "board":{
        "url":"https:\/\/www.pinterest.com\/catskittles\/celebrities\/",
        "id":"367324982046492293",
        "name":"Celebrities"
      },
      "image":{
        "original":{
          "url":"https:\/\/s-media-cache-ak0.pinimg.com\/originals\/59\/33\/83\/5933831fb3f0865986e9bd3f92ae2569.jpg",
          "width":500,
          "height":518
        }
      },
      "counts":{
        "likes":0,
        "comments":0,
        "repins":1
      },
      "id":"367324913328561209",
      "metadata":{
      }
    },
    {
      "attribution":null,
      "creator":{
        "url":"https:\/\/www.pinterest.com\/catskittles\/",
        "first_name":"Miranda",
        "last_name":"Prisley",
        "id":"367325050765843917"
      },
      "url":"https:\/\/www.pinterest.com\/pin\/367324913328156613\/",
      "media":{
        "type":"image"
      },
      "created_at":"2013-07-11T18:59:47",
      "original_link":"http:\/\/www.lucyhale.com\/projects\/pll.php",
      "note":"lucy hale",
      "color":"#4f4238",
      "link":"https:\/\/www.pinterest.com\/r\/pin\/367324913328156613\/4779055074072594921\/f1b551bde3958993fc4cc54f706314e0eedba7fb86703b7ef431810b1b199c23",
      "board":{
        "url":"https:\/\/www.pinterest.com\/catskittles\/celebrities\/",
        "id":"367324982046492293",
        "name":"Celebrities"
      },
      "image":{
        "original":{
          "url":"https:\/\/s-media-cache-ak0.pinimg.com\/originals\/e8\/ce\/d2\/e8ced2f6ddf3fdb586d19499cf4c18bd.jpg",
          "width":222,
          "height":315
        }
      },
      "counts":{
        "likes":0,
        "comments":0,
        "repins":3
      },
      "id":"367324913328156613",
      "metadata":{
      }
    },
    {
      "attribution":null,
      "creator":{
        "url":"https:\/\/www.pinterest.com\/catskittles\/",
        "first_name":"Miranda",
        "last_name":"Prisley",
        "id":"367325050765843917"
      },
      "url":"https:\/\/www.pinterest.com\/pin\/367324913330930061\/",
      "media":{
        "type":"image"
      },
      "created_at":"2014-06-29T03:43:01",
      "original_link":"http:\/\/tommy.hardpin.com\/tracker\/c.php?m=HardPin&u=type56&cid=1533&hscpid=762904&url=http%253A%252F%252Fusa.tommy.com%252Fshop%252Fen%252Fthb2cus%252FFEATURES%253Ficid%253D2014%253AAPRIL%253AMAINSITE%253A0410%253AWMNLP%253ATOP%253AZOOEYFEATURES%2526medium%253DHardPin%2526source%253DPinterest%2526campaign%253Dtype56%2526ref%253Dhardpin_type56",
      "note":"Zooey Deschanel",
      "color":"#bda59c",
      "link":"https:\/\/www.pinterest.com\/r\/pin\/367324913330930061\/4779055074072594921\/ff9521ec1f0eabe8ab2710c9966da09369d8881687dcb42ff06cbd8c5c8b89ba",
      "board":{
        "url":"https:\/\/www.pinterest.com\/catskittles\/celebrities\/",
        "id":"367324982046492293",
        "name":"Celebrities"
      },
      "image":{
        "original":{
          "url":"https:\/\/s-media-cache-ak0.pinimg.com\/originals\/25\/be\/16\/25be166425f375b74bd97cdc24c244c1.jpg",
          "width":384,
          "height":533
        }
      },
      "counts":{
        "likes":0,
        "comments":0,
        "repins":2
      },
      "id":"367324913330930061",
      "metadata":{
      }
    },
    {
      "attribution":null,
      "creator":{
        "url":"https:\/\/www.pinterest.com\/catskittles\/",
        "first_name":"Miranda",
        "last_name":"Prisley",
        "id":"367325050765843917"
      },
      "url":"https:\/\/www.pinterest.com\/pin\/367324913330930052\/",
      "media":{
        "type":"image"
      },
      "created_at":"2014-06-29T03:42:12",
      "original_link":"https:\/\/twitter.com\/HornyFacts\/status\/418963613055852544",
      "note":"Jennifer Lawrence",
      "color":"#a57a3b",
      "link":"https:\/\/www.pinterest.com\/r\/pin\/367324913330930052\/4779055074072594921\/b4c64fabfb27665c772b62e6c684483a1f19c80896133b34e3182b22907c6c99",
      "board":{
        "url":"https:\/\/www.pinterest.com\/catskittles\/celebrities\/",
        "id":"367324982046492293",
        "name":"Celebrities"
      },
      "image":{
        "original":{
          "url":"https:\/\/s-media-cache-ak0.pinimg.com\/originals\/c8\/f3\/66\/c8f366692861512dbc9efaa9abe1ca1a.jpg",
          "width":592,
          "height":826
        }
      },
      "counts":{
        "likes":2,
        "comments":0,
        "repins":6
      },
      "id":"367324913330930052",
      "metadata":{
      }
    },
    {
      "attribution":null,
      "creator":{
        "url":"https:\/\/www.pinterest.com\/catskittles\/",
        "first_name":"Miranda",
        "last_name":"Prisley",
        "id":"367325050765843917"
      },
      "url":"https:\/\/www.pinterest.com\/pin\/367324913330930051\/",
      "media":{
        "type":"image"
      },
      "created_at":"2014-06-29T03:42:07",
      "original_link":"http:\/\/imgur.com\/a\/vmAC4",
      "note":"Jennifer Lawrence",
      "color":"#464642",
      "link":"https:\/\/www.pinterest.com\/r\/pin\/367324913330930051\/4779055074072594921\/d822a5ceb12da29487d98f92e66dd5c000da8365488ce0206ec70e7340f4a697",
      "board":{
        "url":"https:\/\/www.pinterest.com\/catskittles\/celebrities\/",
        "id":"367324982046492293",
        "name":"Celebrities"
      },
      "image":{
        "original":{
          "url":"https:\/\/s-media-cache-ak0.pinimg.com\/originals\/55\/3b\/d9\/553bd9e2430644b3182063686cbc7ee5.jpg",
          "width":500,
          "height":659
        }
      },
      "counts":{
        "likes":1,
        "comments":0,
        "repins":1
      },
      "id":"367324913330930051",
      "metadata":{
      }
    }
  ],
  "page":{
    "cursor":"LT4zNjczMjQ5MTMzMzA5MzAwNTE6MTkzfGQ1NTEyN2UyNGU2NTQ4MmZkZmY4MjdiYzI3NTlhMTI4MzFkMWUxMWQ0YTk1YjgwODczYzExODRhZDVhMjUxODM=",
    "next":"https:\/\/api.pinterest.com\/v1\/boards\/catskittles\/celebrities\/pins\/?access_token=AZlZE-HOK-Y4205yRft75KyYVaauFCBIs8jxSxdCtrJcomAqbQAAAAA&fields=id%2Clink%2Cnote%2Curl%2Cattribution%2Cmedia%2Cmetadata%2Cboard%2Ccolor%2Ccounts%2Ccreated_at%2Ccreator%2Cimage%2Coriginal_link&cursor=LT4zNjczMjQ5MTMzMzA5MzAwNTE6MTkzfGQ1NTEyN2UyNGU2NTQ4MmZkZmY4MjdiYzI3NTlhMTI4MzFkMWUxMWQ0YTk1YjgwODczYzExODRhZDVhMjUxODM%3D"
  }
}
