{
  "data":[
    {
      "attribution":null,
      "creator":{
        "url":"https:\/\/www.pinterest.com\/ranker\/",
        "first_name":"Ranker.com",
        "last_name":"",
        "id":"273382777288657365"
      },
      "url":"https:\/\/www.pinterest.com\/pin\/291115563393577078\/",
      "media":{
        "type":"image"
      },
      "created_at":"2015-12-17T22:45:50",
      "original_link":"http:\/\/www.ranker.com\/list\/famous-women-beer-list\/greg?utm_source=pinterest&utm_medium=post",
      "note":"Ranker took a poll of the celebrities you'd most like to get a beer with. See who made the list!",
      "color":"#3d2d1a",
      "link":"https:\/\/www.pinterest.com\/r\/pin\/291115563393577078\/4779055074072594921\/802446aebd7b92cf339c55d98c1545b26ebc3e21dfe842abfb7afd871f0c0d03",
      "board":{
        "url":"https:\/\/www.pinterest.com\/bustledotcom\/celebrities\/",
        "id":"291115632102001124",
        "name":"Celebrities"
      },
      "image":{
        "original":{
          "url":"https:\/\/s-media-cache-ak0.pinimg.com\/originals\/b6\/e8\/69\/b6e86917f328fbdb697d2d06beda3d43.jpg",
          "width":1920,
          "height":1080
        }
      },
      "counts":{
        "likes":0,
        "comments":0,
        "repins":2
      },
      "id":"291115563393577078",
      "metadata":{
        "article":{
          "published_at":null,
          "description":"If given the opportunity to sit down for a beer with any famous female figure, which famous women would you most want to get a drink with? Similar to the list of celebrity men you'd want to have a drink with you're not picking these ladies because you want to get them drunk and see where ...",
          "name":"Famous Women You'd Want to Have a Beer With",
          "authors":[]
        },
        "link":{
          "locale":"en",
          "title":"Famous Women You'd Want to Have a Beer With",
          "site_name":"Ranker",
          "description":"If given the opportunity to sit down for a beer with any famous female figure, which famous women would you most want to get a drink with? Similar to the\u00a0list of cel...",
          "favicon":"https:\/\/s-media-cache-ak0.pinimg.com\/favicons\/d55e3c29e435b423c58235122c1a2d5cc238f8bf728165f93dff2356.png?dd0e565e645850f83d6ec6558ebbd0b6"
        }
      }
    },
    {
      "attribution":null,
      "creator":{
        "url":"https:\/\/www.pinterest.com\/ranker\/",
        "first_name":"Ranker.com",
        "last_name":"",
        "id":"273382777288657365"
      },
      "url":"https:\/\/www.pinterest.com\/pin\/291115563393564927\/",
      "media":{
        "type":"image"
      },
      "created_at":"2015-12-16T20:51:38",
      "original_link":"http:\/\/www.ranker.com\/list\/the-13-most-fascinating-unsolved-hollywood-murders\/william-neckard?utm_source=pinterest&utm_medium=post",
      "note":"A list of unsolved Hollywood homicides and show business crimes, along with the stories, theories and mysteries behind them. #marilynmonroe",
      "color":"#6f7876",
      "link":"https:\/\/www.pinterest.com\/r\/pin\/291115563393564927\/4779055074072594921\/c6a7c400b63975a84b8a3d15cd964285f4c4ef8f2ee42a032e6ed9c7afb4439f",
      "board":{
        "url":"https:\/\/www.pinterest.com\/bustledotcom\/celebrities\/",
        "id":"291115632102001124",
        "name":"Celebrities"
      },
      "image":{
        "original":{
          "url":"https:\/\/s-media-cache-ak0.pinimg.com\/originals\/b3\/64\/8e\/b3648e53192436e31ffbccea25c527d8.jpg",
          "width":1600,
          "height":800
        }
      },
      "counts":{
        "likes":2,
        "comments":0,
        "repins":5
      },
      "id":"291115563393564927",
      "metadata":{
        "article":{
          "published_at":null,
          "description":"A list of unsolved Hollywood homicides and show business crimes, along with the stories, theories and mysteries behind them. Hollywood is a place of glamour (if you take classic movies as documentaries), and it can be a dangerous place if you're famous, partying too hard, becoming insanely depresse...",
          "name":"The 13 Most Fascinating Unsolved Hollywood Murders",
          "authors":[]
        },
        "link":{
          "locale":"en",
          "title":"The 13 Most Fascinating Unsolved Hollywood Murders",
          "site_name":"Ranker",
          "description":"A list of unsolved Hollywood homicides and show business crimes. Hollywood is a place of glamour but it can also be a dangerous place. People in Hollywood may be desperat...",
          "favicon":"https:\/\/s-media-cache-ak0.pinimg.com\/favicons\/d55e3c29e435b423c58235122c1a2d5cc238f8bf728165f93dff2356.png?dd0e565e645850f83d6ec6558ebbd0b6"
        }
      }
    },
    {
      "attribution":null,
      "creator":{
        "url":"https:\/\/www.pinterest.com\/ranker\/",
        "first_name":"Ranker.com",
        "last_name":"",
        "id":"273382777288657365"
      },
      "url":"https:\/\/www.pinterest.com\/pin\/291115563393554639\/",
      "media":{
        "type":"image"
      },
      "created_at":"2015-12-15T21:45:50",
      "original_link":"http:\/\/www.ranker.com\/list\/male-celebrities-youd-want-under-your-christmas-tree\/whitneysmoore?utm_source=pinterest&utm_medium=post",
      "note":"An Ongoing Poll Of The Hot Guys You'd Most Like To See Waiting For You On Christmas Morning... #channingtatum",
      "color":"#c4a681",
      "link":"https:\/\/www.pinterest.com\/r\/pin\/291115563393554639\/4779055074072594921\/41944fe21ed99e0e4f6f692900c449826c75aaa3ddaba006c76d3bd30804017c",
      "board":{
        "url":"https:\/\/www.pinterest.com\/bustledotcom\/celebrities\/",
        "id":"291115632102001124",
        "name":"Celebrities"
      },
      "image":{
        "original":{
          "url":"https:\/\/s-media-cache-ak0.pinimg.com\/originals\/f0\/20\/53\/f020535cac277e24e705294c211c387c.jpg",
          "width":420,
          "height":550
        }
      },
      "counts":{
        "likes":7,
        "comments":0,
        "repins":11
      },
      "id":"291115563393554639",
      "metadata":{
        "article":{
          "published_at":null,
          "description":"Ah, the holiday season. There's no better time of year to cuddle up and get cozy with the one you love. Or, in my case, cuddle up and get cozy with a bottle of wine and a cardboard cutout of Ryan Gosling. Wouldn't it be a Christmas miracle if a hot celebrity magically appeared underneath your Chris...",
          "name":"Male Celebrities You'd Want Under Your Christmas Tree",
          "authors":[]
        },
        "link":{
          "locale":"en",
          "title":"Male Celebrities You'd Want Under Your Christmas Tree",
          "site_name":"Ranker",
          "description":"Ah, the holiday season. There's no better time of year to cuddle up and get cozy with the one you love. Or, in my case, cuddle up and get cozy with a bottle of wine and a...",
          "favicon":"https:\/\/s-media-cache-ak0.pinimg.com\/favicons\/d55e3c29e435b423c58235122c1a2d5cc238f8bf728165f93dff2356.png?dd0e565e645850f83d6ec6558ebbd0b6"
        }
      }
    },
    {
      "attribution":null,
      "creator":{
        "url":"https:\/\/www.pinterest.com\/ranker\/",
        "first_name":"Ranker.com",
        "last_name":"",
        "id":"273382777288657365"
      },
      "url":"https:\/\/www.pinterest.com\/pin\/291115563393553898\/",
      "media":{
        "type":"image"
      },
      "created_at":"2015-12-15T20:05:43",
      "original_link":"http:\/\/www.ranker.com\/list\/celebrities-with-gay-parents\/celebrity-lists?utm_source=pinterest&utm_medium=post",
      "note":"You probably had no idea how many of Hollywood's biggest stars have gay parents!",
      "color":"#8a7e7b",
      "link":"https:\/\/www.pinterest.com\/r\/pin\/291115563393553898\/4779055074072594921\/f37cf5277134210485faf4d9a350a6825f2a16fa0fce7d0c01b060228fc181f9",
      "board":{
        "url":"https:\/\/www.pinterest.com\/bustledotcom\/celebrities\/",
        "id":"291115632102001124",
        "name":"Celebrities"
      },
      "image":{
        "original":{
          "url":"https:\/\/s-media-cache-ak0.pinimg.com\/originals\/f3\/2b\/23\/f32b23301eebfac0ffeb517b8d868426.jpg",
          "width":970,
          "height":711
        }
      },
      "counts":{
        "likes":7,
        "comments":0,
        "repins":1
      },
      "id":"291115563393553898",
      "metadata":{
        "article":{
          "published_at":null,
          "description":"This list contains information about celebrities with gay parents, loosely ranked by fame and popularity. Several famous actors, musicians, athletes, and comedians have gay parents. Some of these famous people were raised by two moms, while others barely knew their gay parents. One famous actress h...",
          "name":"25 Celebrities with Gay Parents",
          "authors":[]
        },
        "link":{
          "locale":"en",
          "title":"25 Celebrities with Gay Parents",
          "site_name":"Ranker",
          "description":"This list contains information about celebrities with gay parents, loosely ranked by fame and popularity. Several famous actors, musicians, athletes, and comedians have g...",
          "favicon":"https:\/\/s-media-cache-ak0.pinimg.com\/favicons\/d55e3c29e435b423c58235122c1a2d5cc238f8bf728165f93dff2356.png?dd0e565e645850f83d6ec6558ebbd0b6"
        }
      }
    },
    {
      "attribution":null,
      "creator":{
        "url":"https:\/\/www.pinterest.com\/bustledotcom\/",
        "first_name":"Bustle.com",
        "last_name":"",
        "id":"291115700821437607"
      },
      "url":"https:\/\/www.pinterest.com\/pin\/291115563393247950\/",
      "media":{
        "type":"image"
      },
      "created_at":"2015-11-20T21:51:38",
      "original_link":"http:\/\/www.bustle.com\/articles\/53104-17-celebrities-who-married-their-fans-because-life-really-can-be-that-good",
      "note":"17 Celebrities Who Married Their Fans",
      "color":"#120f0e",
      "link":"https:\/\/www.pinterest.com\/r\/pin\/291115563393247950\/4779055074072594921\/43e39455c48b4fa2400d3a8e21abe9783ec8be158b02d906b25644853133b0d8",
      "board":{
        "url":"https:\/\/www.pinterest.com\/bustledotcom\/celebrities\/",
        "id":"291115632102001124",
        "name":"Celebrities"
      },
      "image":{
        "original":{
          "url":"https:\/\/s-media-cache-ak0.pinimg.com\/originals\/20\/0a\/f2\/200af2b4e059c740c1580bae84b03393.png",
          "width":511,
          "height":1188
        }
      },
      "counts":{
        "likes":7,
        "comments":0,
        "repins":9
      },
      "id":"291115563393247950",
      "metadata":{
        "link":{
          "locale":"en",
          "title":"Bustle",
          "site_name":"bustle.com",
          "description":null,
          "favicon":"https:\/\/s-media-cache-ak0.pinimg.com\/favicons\/09fcfaa24e8d55522f924b8c50d539782755bd3d462075b60be391d7.ico?62f85fa1f99ababbf76a32fc8fc0d05e"
        }
      }
    },
    {
      "attribution":null,
      "creator":{
        "url":"https:\/\/www.pinterest.com\/bustledotcom\/",
        "first_name":"Bustle.com",
        "last_name":"",
        "id":"291115700821437607"
      },
      "url":"https:\/\/www.pinterest.com\/pin\/291115563393114851\/",
      "media":{
        "type":"image"
      },
      "created_at":"2015-11-10T16:32:00",
      "original_link":"http:\/\/www.bustle.com\/articles\/122273-kim-kardashians-favorite-lotion-is-only-11-shes-not-the-only-celeb-who-favors-drugstore",
      "note":"7 celebrities' all-time favorite drugstore beauty tips",
      "color":"#bdccd4",
      "link":"https:\/\/www.pinterest.com\/r\/pin\/291115563393114851\/4779055074072594921\/15b76f7505a5dc63257b1744e7cd92c3fd14a397826ae49760ad79317ff91511",
      "board":{
        "url":"https:\/\/www.pinterest.com\/bustledotcom\/celebrities\/",
        "id":"291115632102001124",
        "name":"Celebrities"
      },
      "image":{
        "original":{
          "url":"https:\/\/s-media-cache-ak0.pinimg.com\/originals\/8c\/7c\/59\/8c7c5905e8cdfab74a1fb181f0d96d5c.png",
          "width":511,
          "height":1138
        }
      },
      "counts":{
        "likes":11,
        "comments":0,
        "repins":14
      },
      "id":"291115563393114851",
      "metadata":{
        "link":{
          "locale":"en",
          "title":"Bustle",
          "site_name":"bustle.com",
          "description":null,
          "favicon":"https:\/\/s-media-cache-ak0.pinimg.com\/favicons\/09fcfaa24e8d55522f924b8c50d539782755bd3d462075b60be391d7.ico?62f85fa1f99ababbf76a32fc8fc0d05e"
        }
      }
    },
    {
      "attribution":null,
      "creator":{
        "url":"https:\/\/www.pinterest.com\/bustledotcom\/",
        "first_name":"Bustle.com",
        "last_name":"",
        "id":"291115700821437607"
      },
      "url":"https:\/\/www.pinterest.com\/pin\/291115563392635256\/",
      "media":{
        "type":"image"
      },
      "created_at":"2015-10-07T21:20:16",
      "original_link":"http:\/\/www.bustle.com\/articles\/36259-these-celebrity-makeup-transformations-have-to-be-seen-to-be-believed-photos",
      "note":"9 Celebrity Makeup Transformations You Have To See To Believe",
      "color":"#f5e7ee",
      "link":"https:\/\/www.pinterest.com\/r\/pin\/291115563392635256\/4779055074072594921\/0488f15874d7e4c3108b0c3c40b772a6852873bfeaa5b3a7252ea444db0f0c03",
      "board":{
        "url":"https:\/\/www.pinterest.com\/bustledotcom\/celebrities\/",
        "id":"291115632102001124",
        "name":"Celebrities"
      },
      "image":{
        "original":{
          "url":"https:\/\/s-media-cache-ak0.pinimg.com\/originals\/01\/3c\/0a\/013c0a787ab182c382c6a8331b3c5230.png",
          "width":511,
          "height":1188
        }
      },
      "counts":{
        "likes":12,
        "comments":0,
        "repins":17
      },
      "id":"291115563392635256",
      "metadata":{
        "link":{
          "locale":"en",
          "title":"Bustle",
          "site_name":"bustle.com",
          "description":null,
          "favicon":"https:\/\/s-media-cache-ak0.pinimg.com\/favicons\/09fcfaa24e8d55522f924b8c50d539782755bd3d462075b60be391d7.ico?62f85fa1f99ababbf76a32fc8fc0d05e"
        }
      }
    },
    {
      "attribution":{
        "title":"MTV TRL Presents Kim Kardashian, Paula Abdul & Randy Jackson",
        "provider_favicon_url":"https:\/\/s-passets-cache-ak0.pinimg.com\/images\/api\/attrib\/getty images.png",
        "author_name":"Scott Gries",
        "url":"http:\/\/www.gettyimages.com\/detail\/80192174",
        "author_url":"http:\/\/www.gettyimages.com\/detail\/80192174",
        "provider_name":"Getty Images"
      },
      "creator":{
        "url":"https:\/\/www.pinterest.com\/bustledotcom\/",
        "first_name":"Bustle.com",
        "last_name":"",
        "id":"291115700821437607"
      },
      "url":"https:\/\/www.pinterest.com\/pin\/291115563390948527\/",
      "media":{
        "type":"image"
      },
      "created_at":"2015-06-12T19:21:22",
      "original_link":"http:\/\/www.bustle.com\/articles\/38885-50-photos-of-kim-kardashian-that-look-nothing-like-kim-kardashian-turns-out-she-wasnt\/",
      "note":"50 photos of Kim Kardashian that don't look like her",
      "color":"#d3b9b9",
      "link":"https:\/\/www.pinterest.com\/r\/pin\/291115563390948527\/4779055074072594921\/f2037461ac8a1ebb3250ca916ae497962cea998aff818764e68ee749ca131695",
      "board":{
        "url":"https:\/\/www.pinterest.com\/bustledotcom\/celebrities\/",
        "id":"291115632102001124",
        "name":"Celebrities"
      },
      "image":{
        "original":{
          "url":"https:\/\/s-media-cache-ak0.pinimg.com\/originals\/cc\/7d\/c6\/cc7dc6fa536d97f507119be5610c441f.jpg",
          "width":511,
          "height":1142
        }
      },
      "counts":{
        "likes":9,
        "comments":0,
        "repins":25
      },
      "id":"291115563390948527",
      "metadata":{
        "link":{
          "locale":"en",
          "title":"Bustle",
          "site_name":"bustle.com",
          "description":null,
          "favicon":"https:\/\/s-media-cache-ak0.pinimg.com\/favicons\/09fcfaa24e8d55522f924b8c50d539782755bd3d462075b60be391d7.ico?62f85fa1f99ababbf76a32fc8fc0d05e"
        }
      }
    },
    {
      "attribution":null,
      "creator":{
        "url":"https:\/\/www.pinterest.com\/bustledotcom\/",
        "first_name":"Bustle.com",
        "last_name":"",
        "id":"291115700821437607"
      },
      "url":"https:\/\/www.pinterest.com\/pin\/291115563388701418\/",
      "media":{
        "type":"image"
      },
      "created_at":"2015-01-12T15:43:34",
      "original_link":"http:\/\/www.bustle.com\/articles\/41541-22-co-stars-who-did-not-get-along-on-set-or-off",
      "note":"22 co-stars who didn't get along on set or off",
      "color":"#5f4a36",
      "link":"https:\/\/www.pinterest.com\/r\/pin\/291115563388701418\/4779055074072594921\/ce3b4f039d5d94f74d9bef0f4b84d3e66fc5797e41145b35409c5a30f249c926",
      "board":{
        "url":"https:\/\/www.pinterest.com\/bustledotcom\/celebrities\/",
        "id":"291115632102001124",
        "name":"Celebrities"
      },
      "image":{
        "original":{
          "url":"https:\/\/s-media-cache-ak0.pinimg.com\/originals\/20\/12\/d8\/2012d81aceb66d3d402a50a7abb229d5.jpg",
          "width":512,
          "height":572
        }
      },
      "counts":{
        "likes":777,
        "comments":45,
        "repins":1519
      },
      "id":"291115563388701418",
      "metadata":{
        "link":{
          "locale":"en",
          "title":"Bustle",
          "site_name":"bustle.com",
          "description":null,
          "favicon":"https:\/\/s-media-cache-ak0.pinimg.com\/favicons\/09fcfaa24e8d55522f924b8c50d539782755bd3d462075b60be391d7.ico?62f85fa1f99ababbf76a32fc8fc0d05e"
        }
      }
    },
    {
      "attribution":null,
      "creator":{
        "url":"https:\/\/www.pinterest.com\/bustledotcom\/",
        "first_name":"Bustle.com",
        "last_name":"",
        "id":"291115700821437607"
      },
      "url":"https:\/\/www.pinterest.com\/pin\/291115563388689246\/",
      "media":{
        "type":"image"
      },
      "created_at":"2015-01-11T20:44:51",
      "original_link":"http:\/\/www.bustle.com\/articles\/56582-37-celebrity-baby-names-that-are-exactly-as-strange-as-you-would-expect",
      "note":"37 celebrity baby names that are as strange as you'd expect",
      "color":"#2d3b54",
      "link":"https:\/\/www.pinterest.com\/r\/pin\/291115563388689246\/4779055074072594921\/209b2d7091a9527e21fca2f41dce71ec8ca61d5bfab7b37c879cf51b9583fb6a",
      "board":{
        "url":"https:\/\/www.pinterest.com\/bustledotcom\/celebrities\/",
        "id":"291115632102001124",
        "name":"Celebrities"
      },
      "image":{
        "original":{
          "url":"https:\/\/s-media-cache-ak0.pinimg.com\/originals\/13\/92\/81\/139281b3076f3303c8a3cd9a9d7ff8ce.jpg",
          "width":512,
          "height":834
        }
      },
      "counts":{
        "likes":85,
        "comments":4,
        "repins":179
      },
      "id":"291115563388689246",
      "metadata":{
        "link":{
          "locale":"en",
          "title":"Bustle",
          "site_name":"bustle.com",
          "description":null,
          "favicon":"https:\/\/s-media-cache-ak0.pinimg.com\/favicons\/09fcfaa24e8d55522f924b8c50d539782755bd3d462075b60be391d7.ico?62f85fa1f99ababbf76a32fc8fc0d05e"
        }
      }
    },
    {
      "attribution":null,
      "creator":{
        "url":"https:\/\/www.pinterest.com\/peopleschoice\/",
        "first_name":"People's Choice",
        "last_name":"",
        "id":"397372504529716557"
      },
      "url":"https:\/\/www.pinterest.com\/pin\/291115563388345485\/",
      "media":{
        "type":"image"
      },
      "created_at":"2014-12-16T17:56:28",
      "original_link":"http:\/\/blog.peopleschoice.com\/2014\/12\/16\/american-country-countdown-awards-2014-best-dressed\/?utm_source=pinterest&utm_medium=organic&utm_campaign=style",
      "note":"Miranda Lambert in Alon Livne at the ACC Awards | See all the red carpet looks from the ACC Awards",
      "color":"#76393a",
      "link":"https:\/\/www.pinterest.com\/r\/pin\/291115563388345485\/4779055074072594921\/57240ae0a8dd67c783253ccc06944fd5bc958d8fdb6d430680674778e00ae032",
      "board":{
        "url":"https:\/\/www.pinterest.com\/bustledotcom\/celebrities\/",
        "id":"291115632102001124",
        "name":"Celebrities"
      },
      "image":{
        "original":{
          "url":"https:\/\/s-media-cache-ak0.pinimg.com\/originals\/af\/a4\/81\/afa481c25c5feb717147e5023075fbea.jpg",
          "width":3040,
          "height":4560
        }
      },
      "counts":{
        "likes":7,
        "comments":0,
        "repins":7
      },
      "id":"291115563388345485",
      "metadata":{
      }
    },
    {
      "attribution":null,
      "creator":{
        "url":"https:\/\/www.pinterest.com\/peopleschoice\/",
        "first_name":"People's Choice",
        "last_name":"",
        "id":"397372504529716557"
      },
      "url":"https:\/\/www.pinterest.com\/pin\/291115563388345478\/",
      "media":{
        "type":"image"
      },
      "created_at":"2014-12-16T17:55:11",
      "original_link":"http:\/\/blog.peopleschoice.com\/2014\/12\/16\/american-country-countdown-awards-2014-best-dressed\/?utm_source=pinterest&utm_medium=organic&utm_campaign=style",
      "note":"Hillary Scott in Lanvin at the ACC Awards | See all the red carpet looks from the ACC Awards",
      "color":"#9c1e19",
      "link":"https:\/\/www.pinterest.com\/r\/pin\/291115563388345478\/4779055074072594921\/a152f276ee178e296d9e56ad17986c6ad2fb3b7eb416a513a88b6ce864047e56",
      "board":{
        "url":"https:\/\/www.pinterest.com\/bustledotcom\/celebrities\/",
        "id":"291115632102001124",
        "name":"Celebrities"
      },
      "image":{
        "original":{
          "url":"https:\/\/s-media-cache-ak0.pinimg.com\/originals\/c5\/c2\/e9\/c5c2e9e8bffa4aff1ffa182f4a0935fb.jpg",
          "width":3084,
          "height":4496
        }
      },
      "counts":{
        "likes":2,
        "comments":0,
        "repins":5
      },
      "id":"291115563388345478",
      "metadata":{
      }
    },
    {
      "attribution":null,
      "creator":{
        "url":"https:\/\/www.pinterest.com\/peopleschoice\/",
        "first_name":"People's Choice",
        "last_name":"",
        "id":"397372504529716557"
      },
      "url":"https:\/\/www.pinterest.com\/pin\/291115563388085914\/",
      "media":{
        "type":"image"
      },
      "created_at":"2014-11-24T02:12:11",
      "original_link":"http:\/\/blog.peopleschoice.com\/2014\/11\/23\/american-music-awards-2014-best-dressed\/",
      "note":"Gigi Hadid | The Best Red Carpet Looks From The 2014 AMAs",
      "color":"#c6bec2",
      "link":"https:\/\/www.pinterest.com\/r\/pin\/291115563388085914\/4779055074072594921\/2b057764b755bca3b5289c9b4b0bdb5738b846033b89082a24a056c86871a633",
      "board":{
        "url":"https:\/\/www.pinterest.com\/bustledotcom\/celebrities\/",
        "id":"291115632102001124",
        "name":"Celebrities"
      },
      "image":{
        "original":{
          "url":"https:\/\/s-media-cache-ak0.pinimg.com\/originals\/f1\/1b\/38\/f11b38f85ad6ce8a2d9f9fbe50e3c727.jpg",
          "width":1986,
          "height":3000
        }
      },
      "counts":{
        "likes":4,
        "comments":0,
        "repins":3
      },
      "id":"291115563388085914",
      "metadata":{
      }
    },
    {
      "attribution":null,
      "creator":{
        "url":"https:\/\/www.pinterest.com\/peopleschoice\/",
        "first_name":"People's Choice",
        "last_name":"",
        "id":"397372504529716557"
      },
      "url":"https:\/\/www.pinterest.com\/pin\/291115563388085879\/",
      "media":{
        "type":"image"
      },
      "created_at":"2014-11-24T02:10:01",
      "original_link":"http:\/\/blog.peopleschoice.com\/2014\/11\/23\/american-music-awards-2014-best-dressed\/",
      "note":"Jennifer Lopez | The Best Red Carpet Looks From The 2014 AMAs",
      "color":"#d9c9d8",
      "link":"https:\/\/www.pinterest.com\/r\/pin\/291115563388085879\/4779055074072594921\/1bb5a05a925620520907072f2dc40f854f5968d3525a792759878aa73be90596",
      "board":{
        "url":"https:\/\/www.pinterest.com\/bustledotcom\/celebrities\/",
        "id":"291115632102001124",
        "name":"Celebrities"
      },
      "image":{
        "original":{
          "url":"https:\/\/s-media-cache-ak0.pinimg.com\/originals\/fd\/96\/ff\/fd96ffac4e8ad21b2b3943ce553c1d85.jpg",
          "width":1972,
          "height":3000
        }
      },
      "counts":{
        "likes":10,
        "comments":0,
        "repins":24
      },
      "id":"291115563388085879",
      "metadata":{
      }
    },
    {
      "attribution":null,
      "creator":{
        "url":"https:\/\/www.pinterest.com\/peopleschoice\/",
        "first_name":"People's Choice",
        "last_name":"",
        "id":"397372504529716557"
      },
      "url":"https:\/\/www.pinterest.com\/pin\/291115563387080077\/",
      "media":{
        "type":"image"
      },
      "created_at":"2014-08-26T18:58:24",
      "original_link":"http:\/\/blog.peopleschoice.com\/2014\/08\/25\/emmys-2014-best-dressed\/",
      "note":"Hayden Panettiere  | See All The Red Carpet Looks From The 2014 Emmys",
      "color":"#e2d4d8",
      "link":"https:\/\/www.pinterest.com\/r\/pin\/291115563387080077\/4779055074072594921\/dcc04364f4dbecfd600c9bb1d9deaccc685cab8eb4cc5ff94aac5d624ea1189c",
      "board":{
        "url":"https:\/\/www.pinterest.com\/bustledotcom\/celebrities\/",
        "id":"291115632102001124",
        "name":"Celebrities"
      },
      "image":{
        "original":{
          "url":"https:\/\/s-media-cache-ak0.pinimg.com\/originals\/da\/d3\/73\/dad37324338d4497ecaa40d71d9da04f.jpg",
          "width":2872,
          "height":4316
        }
      },
      "counts":{
        "likes":9,
        "comments":0,
        "repins":24
      },
      "id":"291115563387080077",
      "metadata":{
      }
    },
    {
      "attribution":null,
      "creator":{
        "url":"https:\/\/www.pinterest.com\/peopleschoice\/",
        "first_name":"People's Choice",
        "last_name":"",
        "id":"397372504529716557"
      },
      "url":"https:\/\/www.pinterest.com\/pin\/291115563387078351\/",
      "media":{
        "type":"image"
      },
      "created_at":"2014-08-26T15:02:00",
      "original_link":"http:\/\/blog.peopleschoice.com\/2014\/08\/25\/emmys-2014-best-dressed\/",
      "note":"Sarah Hyland | See All The Red Carpet Looks From The 2014 Emmys",
      "color":"#fee3dc",
      "link":"https:\/\/www.pinterest.com\/r\/pin\/291115563387078351\/4779055074072594921\/efdb44b5325548401d049263b6dc99537be6a61b5db6e94fa077cd83bdc13f42",
      "board":{
        "url":"https:\/\/www.pinterest.com\/bustledotcom\/celebrities\/",
        "id":"291115632102001124",
        "name":"Celebrities"
      },
      "image":{
        "original":{
          "url":"https:\/\/s-media-cache-ak0.pinimg.com\/originals\/af\/d3\/d5\/afd3d592c1e538bb424bccd1cdabe28b.jpg",
          "width":3228,
          "height":4860
        }
      },
      "counts":{
        "likes":400,
        "comments":1,
        "repins":1415
      },
      "id":"291115563387078351",
      "metadata":{
      }
    },
    {
      "attribution":null,
      "creator":{
        "url":"https:\/\/www.pinterest.com\/peopleschoice\/",
        "first_name":"People's Choice",
        "last_name":"",
        "id":"397372504529716557"
      },
      "url":"https:\/\/www.pinterest.com\/pin\/291115563387078346\/",
      "media":{
        "type":"image"
      },
      "created_at":"2014-08-26T15:00:59",
      "original_link":"http:\/\/blog.peopleschoice.com\/2014\/08\/25\/emmys-2014-best-dressed\/",
      "note":"Lizzy Caplan  | See All The Red Carpet Looks From The 2014 Emmys",
      "color":"#f8f2f2",
      "link":"https:\/\/www.pinterest.com\/r\/pin\/291115563387078346\/4779055074072594921\/f2d7fe52ab0282f69ae0ab06e29dc8620b98ea29021b1440b09f9bc8df904f47",
      "board":{
        "url":"https:\/\/www.pinterest.com\/bustledotcom\/celebrities\/",
        "id":"291115632102001124",
        "name":"Celebrities"
      },
      "image":{
        "original":{
          "url":"https:\/\/s-media-cache-ak0.pinimg.com\/originals\/ca\/38\/be\/ca38bea9a34913bc708b628e61b64a9c.jpg",
          "width":2948,
          "height":4237
        }
      },
      "counts":{
        "likes":9,
        "comments":0,
        "repins":17
      },
      "id":"291115563387078346",
      "metadata":{
      }
    },
    {
      "attribution":null,
      "creator":{
        "url":"https:\/\/www.pinterest.com\/peopleschoice\/",
        "first_name":"People's Choice",
        "last_name":"",
        "id":"397372504529716557"
      },
      "url":"https:\/\/www.pinterest.com\/pin\/291115563387069768\/",
      "media":{
        "type":"image"
      },
      "created_at":"2014-08-25T17:00:01",
      "original_link":"http:\/\/blog.peopleschoice.com\/2014\/08\/24\/vmas-2014-fashion-looks\/",
      "note":"Lucy Hale | The 8 Best Fashion Looks From The 2014 VMAs",
      "color":"#66313b",
      "link":"https:\/\/www.pinterest.com\/r\/pin\/291115563387069768\/4779055074072594921\/e1815cc3fc3efa873f5be7d41cba4235252cee6157dd1043c22899001bb41c9b",
      "board":{
        "url":"https:\/\/www.pinterest.com\/bustledotcom\/celebrities\/",
        "id":"291115632102001124",
        "name":"Celebrities"
      },
      "image":{
        "original":{
          "url":"https:\/\/s-media-cache-ak0.pinimg.com\/originals\/e8\/31\/87\/e83187cdd3eaeb1d587cb4f639538504.jpg",
          "width":2266,
          "height":3411
        }
      },
      "counts":{
        "likes":3,
        "comments":0,
        "repins":14
      },
      "id":"291115563387069768",
      "metadata":{
      }
    },
    {
      "attribution":null,
      "creator":{
        "url":"https:\/\/www.pinterest.com\/peopleschoice\/",
        "first_name":"People's Choice",
        "last_name":"",
        "id":"397372504529716557"
      },
      "url":"https:\/\/www.pinterest.com\/pin\/291115563387069764\/",
      "media":{
        "type":"image"
      },
      "created_at":"2014-08-25T16:59:19",
      "original_link":"http:\/\/blog.peopleschoice.com\/2014\/08\/24\/vmas-2014-fashion-looks\/",
      "note":"Julianne Hough | The 8 Best Fashion Looks From The 2014 VMAs",
      "color":"#573539",
      "link":"https:\/\/www.pinterest.com\/r\/pin\/291115563387069764\/4779055074072594921\/4fe05460fbb0285f0bd1d0df5087beee53fd8cd034f69c38d290b0f3d1bf4169",
      "board":{
        "url":"https:\/\/www.pinterest.com\/bustledotcom\/celebrities\/",
        "id":"291115632102001124",
        "name":"Celebrities"
      },
      "image":{
        "original":{
          "url":"https:\/\/s-media-cache-ak0.pinimg.com\/originals\/8e\/b3\/98\/8eb3989a016ebfae0cbb7733a02d9dcf.jpg",
          "width":1960,
          "height":3016
        }
      },
      "counts":{
        "likes":3,
        "comments":0,
        "repins":13
      },
      "id":"291115563387069764",
      "metadata":{
      }
    },
    {
      "attribution":null,
      "creator":{
        "url":"https:\/\/www.pinterest.com\/bustledotcom\/",
        "first_name":"Bustle.com",
        "last_name":"",
        "id":"291115700821437607"
      },
      "url":"https:\/\/www.pinterest.com\/pin\/291115563387012303\/",
      "media":{
        "type":"image"
      },
      "created_at":"2014-08-20T02:38:15",
      "original_link":"",
      "note":"<3",
      "color":"#c0c0c0",
      "link":"",
      "board":{
        "url":"https:\/\/www.pinterest.com\/bustledotcom\/celebrities\/",
        "id":"291115632102001124",
        "name":"Celebrities"
      },
      "image":{
        "original":{
          "url":"https:\/\/s-media-cache-ak0.pinimg.com\/originals\/65\/49\/1a\/65491ad558c5406344c446de690fefb9.jpg",
          "width":541,
          "height":700
        }
      },
      "counts":{
        "likes":26,
        "comments":0,
        "repins":50
      },
      "id":"291115563387012303",
      "metadata":{
      }
    },
    {
      "attribution":null,
      "creator":{
        "url":"https:\/\/www.pinterest.com\/peopleschoice\/",
        "first_name":"People's Choice",
        "last_name":"",
        "id":"397372504529716557"
      },
      "url":"https:\/\/www.pinterest.com\/pin\/397372367095045377\/",
      "media":{
        "type":"image"
      },
      "created_at":"2014-08-11T18:04:55",
      "original_link":"http:\/\/blog.peopleschoice.com\/2014\/08\/11\/teen-choice-awards-2014-fashion-looks\/",
      "note":"Nina Dobrev at the 2014 Teen Choice Awards",
      "color":"#e6ddd8",
      "link":"https:\/\/www.pinterest.com\/r\/pin\/397372367095045377\/4779055074072594921\/68b1aa8fcb41a40116da98e19b8d0786963955aa2d991b71f09097687502e12e",
      "board":{
        "url":"https:\/\/www.pinterest.com\/bustledotcom\/celebrities\/",
        "id":"291115632102001124",
        "name":"Celebrities"
      },
      "image":{
        "original":{
          "url":"https:\/\/s-media-cache-ak0.pinimg.com\/originals\/a9\/74\/6e\/a9746e0147ab3d0e4069018b32a2a518.jpg",
          "width":2071,
          "height":3000
        }
      },
      "counts":{
        "likes":7,
        "comments":0,
        "repins":19
      },
      "id":"397372367095045377",
      "metadata":{
      }
    },
    {
      "attribution":null,
      "creator":{
        "url":"https:\/\/www.pinterest.com\/peopleschoice\/",
        "first_name":"People's Choice",
        "last_name":"",
        "id":"397372504529716557"
      },
      "url":"https:\/\/www.pinterest.com\/pin\/397372367095045372\/",
      "media":{
        "type":"image"
      },
      "created_at":"2014-08-11T18:04:22",
      "original_link":"http:\/\/blog.peopleschoice.com\/2014\/08\/11\/teen-choice-awards-2014-fashion-looks\/",
      "note":"Shay Mitchell at the 2014 Teen Choice Awards",
      "color":"#ffffff",
      "link":"https:\/\/www.pinterest.com\/r\/pin\/397372367095045372\/4779055074072594921\/8058348f74b4f8a9e05d1cdc54baaad231f0640974ac2fca3f82de37eb830c0a",
      "board":{
        "url":"https:\/\/www.pinterest.com\/bustledotcom\/celebrities\/",
        "id":"291115632102001124",
        "name":"Celebrities"
      },
      "image":{
        "original":{
          "url":"https:\/\/s-media-cache-ak0.pinimg.com\/originals\/5c\/9f\/12\/5c9f120f8a07ed3e83e7133382822b39.jpg",
          "width":2193,
          "height":3252
        }
      },
      "counts":{
        "likes":8,
        "comments":0,
        "repins":35
      },
      "id":"397372367095045372",
      "metadata":{
      }
    },
    {
      "attribution":null,
      "creator":{
        "url":"https:\/\/www.pinterest.com\/peopleschoice\/",
        "first_name":"People's Choice",
        "last_name":"",
        "id":"397372504529716557"
      },
      "url":"https:\/\/www.pinterest.com\/pin\/291115563386789213\/",
      "media":{
        "type":"image"
      },
      "created_at":"2014-07-30T14:15:16",
      "original_link":"http:\/\/blog.peopleschoice.com\/2014\/07\/28\/celebrity-fashion-looks-july-28\/",
      "note":"Ashley Tisdale at the Young Hollywood Awards",
      "color":"#415378",
      "link":"https:\/\/www.pinterest.com\/r\/pin\/291115563386789213\/4779055074072594921\/a8e020ca5307e19b13373bb75f8d04c615489d748d46e461fb8bcfae616437b2",
      "board":{
        "url":"https:\/\/www.pinterest.com\/bustledotcom\/celebrities\/",
        "id":"291115632102001124",
        "name":"Celebrities"
      },
      "image":{
        "original":{
          "url":"https:\/\/s-media-cache-ak0.pinimg.com\/originals\/7e\/64\/dc\/7e64dcf3576429478798953108859ce4.jpg",
          "width":2176,
          "height":3000
        }
      },
      "counts":{
        "likes":0,
        "comments":0,
        "repins":2
      },
      "id":"291115563386789213",
      "metadata":{
      }
    },
    {
      "attribution":null,
      "creator":{
        "url":"https:\/\/www.pinterest.com\/peopleschoice\/",
        "first_name":"People's Choice",
        "last_name":"",
        "id":"397372504529716557"
      },
      "url":"https:\/\/www.pinterest.com\/pin\/291115563386770468\/",
      "media":{
        "type":"image"
      },
      "created_at":"2014-07-28T21:09:50",
      "original_link":"http:\/\/blog.peopleschoice.com\/2014\/07\/28\/celebrity-fashion-looks-july-28\/",
      "note":"Bella Thorne at the 2014 Young Hollywood Awards",
      "color":"#3d5b71",
      "link":"https:\/\/www.pinterest.com\/r\/pin\/291115563386770468\/4779055074072594921\/1a44003de2fee9fe26a68832f20c0d99c9e3cad913ccd11f1e4c4c076f0d1c95",
      "board":{
        "url":"https:\/\/www.pinterest.com\/bustledotcom\/celebrities\/",
        "id":"291115632102001124",
        "name":"Celebrities"
      },
      "image":{
        "original":{
          "url":"https:\/\/s-media-cache-ak0.pinimg.com\/originals\/d4\/69\/f7\/d469f705b78b927d23d8e153c72a5ee8.jpg",
          "width":2325,
          "height":3316
        }
      },
      "counts":{
        "likes":2,
        "comments":0,
        "repins":2
      },
      "id":"291115563386770468",
      "metadata":{
      }
    },
    {
      "attribution":null,
      "creator":{
        "url":"https:\/\/www.pinterest.com\/peopleschoice\/",
        "first_name":"People's Choice",
        "last_name":"",
        "id":"397372504529716557"
      },
      "url":"https:\/\/www.pinterest.com\/pin\/291115563386702180\/",
      "media":{
        "type":"image"
      },
      "created_at":"2014-07-22T23:56:28",
      "original_link":"http:\/\/blog.peopleschoice.com\/2014\/07\/22\/celebrity-fashion-looks-july-22\/",
      "note":"Selena Gomez",
      "color":"#9b8d84",
      "link":"https:\/\/www.pinterest.com\/r\/pin\/291115563386702180\/4779055074072594921\/595a91a680aa317cdbed801d25377eb938639aebf30544c10dc6f3099f183d15",
      "board":{
        "url":"https:\/\/www.pinterest.com\/bustledotcom\/celebrities\/",
        "id":"291115632102001124",
        "name":"Celebrities"
      },
      "image":{
        "original":{
          "url":"https:\/\/s-media-cache-ak0.pinimg.com\/originals\/82\/1d\/cd\/821dcd45efca9ac006814ea0700160d7.jpg",
          "width":2258,
          "height":4054
        }
      },
      "counts":{
        "likes":7,
        "comments":0,
        "repins":10
      },
      "id":"291115563386702180",
      "metadata":{
      }
    }
  ],
  "page":{
    "cursor":"LT4yOTExMTU1NjMzODY3MDIxODA6MjV8M2EzYjAwNzE2NThlZGIzOTIxMzNmODI3M2M2ODU4NjM1ZmFlYjNhZGIzMTQzOTA5MDhmNjZiNjMyMTc3YjRhOA==",
    "next":"https:\/\/api.pinterest.com\/v1\/boards\/bustledotcom\/celebrities\/pins\/?access_token=AZlZE-HOK-Y4205yRft75KyYVaauFCBIs8jxSxdCtrJcomAqbQAAAAA&fields=id%2Clink%2Cnote%2Curl%2Cattribution%2Cmedia%2Cmetadata%2Cboard%2Ccolor%2Ccounts%2Ccreated_at%2Ccreator%2Cimage%2Coriginal_link&cursor=LT4yOTExMTU1NjMzODY3MDIxODA6MjV8M2EzYjAwNzE2NThlZGIzOTIxMzNmODI3M2M2ODU4NjM1ZmFlYjNhZGIzMTQzOTA5MDhmNjZiNjMyMTc3YjRhOA%3D%3D"
  }
}
