{
  "data":[
    {
      "attribution":null,
      "creator":{
        "url":"https:\/\/www.pinterest.com\/artemismarrero\/",
        "first_name":"Artemis",
        "last_name":"Marrero",
        "id":"80642786986035707"
      },
      "url":"https:\/\/www.pinterest.com\/pin\/80642649552433982\/",
      "media":{
        "type":"image"
      },
      "created_at":"2014-04-14T19:09:07",
      "original_link":"",
      "note":"Megan Fox",
      "color":"#202120",
      "link":"",
      "board":{
        "url":"https:\/\/www.pinterest.com\/artemismarrero\/celebrities\/",
        "id":"80642718266676144",
        "name":"celebrities"
      },
      "image":{
        "original":{
          "url":"https:\/\/s-media-cache-ak0.pinimg.com\/originals\/da\/75\/ed\/da75ed16af24cc9ec920263adc7210d0.jpg",
          "width":500,
          "height":652
        }
      },
      "counts":{
        "likes":0,
        "comments":0,
        "repins":6
      },
      "id":"80642649552433982",
      "metadata":{
      }
    },
    {
      "attribution":null,
      "creator":{
        "url":"https:\/\/www.pinterest.com\/artemismarrero\/",
        "first_name":"Artemis",
        "last_name":"Marrero",
        "id":"80642786986035707"
      },
      "url":"https:\/\/www.pinterest.com\/pin\/80642649552433979\/",
      "media":{
        "type":"image"
      },
      "created_at":"2014-04-14T19:08:58",
      "original_link":"",
      "note":"Jennifer Lopez",
      "color":"#828282",
      "link":"",
      "board":{
        "url":"https:\/\/www.pinterest.com\/artemismarrero\/celebrities\/",
        "id":"80642718266676144",
        "name":"celebrities"
      },
      "image":{
        "original":{
          "url":"https:\/\/s-media-cache-ak0.pinimg.com\/originals\/fc\/bc\/a6\/fcbca62e409045584d05bfd07f27be0a.jpg",
          "width":824,
          "height":1200
        }
      },
      "counts":{
        "likes":0,
        "comments":0,
        "repins":7
      },
      "id":"80642649552433979",
      "metadata":{
      }
    },
    {
      "attribution":null,
      "creator":{
        "url":"https:\/\/www.pinterest.com\/artemismarrero\/",
        "first_name":"Artemis",
        "last_name":"Marrero",
        "id":"80642786986035707"
      },
      "url":"https:\/\/www.pinterest.com\/pin\/80642649552433978\/",
      "media":{
        "type":"image"
      },
      "created_at":"2014-04-14T19:08:49",
      "original_link":"",
      "note":"Marilyn Monroe",
      "color":"#8e8e8e",
      "link":"",
      "board":{
        "url":"https:\/\/www.pinterest.com\/artemismarrero\/celebrities\/",
        "id":"80642718266676144",
        "name":"celebrities"
      },
      "image":{
        "original":{
          "url":"https:\/\/s-media-cache-ak0.pinimg.com\/originals\/08\/73\/18\/0873180e4b3fce6a9649817f5bed0590.jpg",
          "width":620,
          "height":870
        }
      },
      "counts":{
        "likes":0,
        "comments":0,
        "repins":5
      },
      "id":"80642649552433978",
      "metadata":{
      }
    },
    {
      "attribution":null,
      "creator":{
        "url":"https:\/\/www.pinterest.com\/artemismarrero\/",
        "first_name":"Artemis",
        "last_name":"Marrero",
        "id":"80642786986035707"
      },
      "url":"https:\/\/www.pinterest.com\/pin\/80642649552433977\/",
      "media":{
        "type":"image"
      },
      "created_at":"2014-04-14T19:08:40",
      "original_link":"http:\/\/www.imdb.com\/media\/rm860653824\/nm0000142",
      "note":"Clint Eastwood #celebrities",
      "color":"#8b8b8b",
      "link":"https:\/\/www.pinterest.com\/r\/pin\/80642649552433977\/4779055074072594921\/b9f3276ff23f94706a22b7180d65fc5cafd4b995ace3e3ef6cb648926534e6da",
      "board":{
        "url":"https:\/\/www.pinterest.com\/artemismarrero\/celebrities\/",
        "id":"80642718266676144",
        "name":"celebrities"
      },
      "image":{
        "original":{
          "url":"https:\/\/s-media-cache-ak0.pinimg.com\/originals\/ee\/b6\/c3\/eeb6c3b5c3a9786a45e401dc290b1413.jpg",
          "width":311,
          "height":400
        }
      },
      "counts":{
        "likes":2,
        "comments":0,
        "repins":8
      },
      "id":"80642649552433977",
      "metadata":{
      }
    },
    {
      "attribution":null,
      "creator":{
        "url":"https:\/\/www.pinterest.com\/artemismarrero\/",
        "first_name":"Artemis",
        "last_name":"Marrero",
        "id":"80642786986035707"
      },
      "url":"https:\/\/www.pinterest.com\/pin\/80642649552433976\/",
      "media":{
        "type":"image"
      },
      "created_at":"2014-04-14T19:08:35",
      "original_link":"http:\/\/www.listal.com\/viewimage\/5083927",
      "note":"Antonio Banderas #celebrities",
      "color":"#878787",
      "link":"https:\/\/www.pinterest.com\/r\/pin\/80642649552433976\/4779055074072594921\/5f06cb703980ea414820cc7b2fe4acfa501d6db2b31131f45263ae3fd89f4a38",
      "board":{
        "url":"https:\/\/www.pinterest.com\/artemismarrero\/celebrities\/",
        "id":"80642718266676144",
        "name":"celebrities"
      },
      "image":{
        "original":{
          "url":"https:\/\/s-media-cache-ak0.pinimg.com\/originals\/5e\/51\/8a\/5e518afc95bbda6d63714bc1755d662d.jpg",
          "width":600,
          "height":805
        }
      },
      "counts":{
        "likes":0,
        "comments":0,
        "repins":13
      },
      "id":"80642649552433976",
      "metadata":{
      }
    },
    {
      "attribution":null,
      "creator":{
        "url":"https:\/\/www.pinterest.com\/artemismarrero\/",
        "first_name":"Artemis",
        "last_name":"Marrero",
        "id":"80642786986035707"
      },
      "url":"https:\/\/www.pinterest.com\/pin\/80642649552433974\/",
      "media":{
        "type":"image"
      },
      "created_at":"2014-04-14T19:08:35",
      "original_link":"",
      "note":"The gentleman - sean connery",
      "color":"#aeaeae",
      "link":"",
      "board":{
        "url":"https:\/\/www.pinterest.com\/artemismarrero\/celebrities\/",
        "id":"80642718266676144",
        "name":"celebrities"
      },
      "image":{
        "original":{
          "url":"https:\/\/s-media-cache-ak0.pinimg.com\/originals\/a8\/da\/6d\/a8da6daf81b58e34cc995c0076957aa2.jpg",
          "width":620,
          "height":825
        }
      },
      "counts":{
        "likes":2,
        "comments":0,
        "repins":6
      },
      "id":"80642649552433974",
      "metadata":{
      }
    },
    {
      "attribution":null,
      "creator":{
        "url":"https:\/\/www.pinterest.com\/artemismarrero\/",
        "first_name":"Artemis",
        "last_name":"Marrero",
        "id":"80642786986035707"
      },
      "url":"https:\/\/www.pinterest.com\/pin\/80642649552433973\/",
      "media":{
        "type":"image"
      },
      "created_at":"2014-04-14T19:08:32",
      "original_link":"http:\/\/www.furfashionguide.com\/furforum\/threads\/10307-Fantasy-Models-in-Fur-II\/page5",
      "note":"Monica Belluci - celebrities",
      "color":"#1c1c1c",
      "link":"https:\/\/www.pinterest.com\/r\/pin\/80642649552433973\/4779055074072594921\/60fe4e85572b4dca94844dbea9529294ecc8a990359508b510fbac883bf64938",
      "board":{
        "url":"https:\/\/www.pinterest.com\/artemismarrero\/celebrities\/",
        "id":"80642718266676144",
        "name":"celebrities"
      },
      "image":{
        "original":{
          "url":"https:\/\/s-media-cache-ak0.pinimg.com\/originals\/52\/d2\/1f\/52d21f68c8820e5dddbe41055e85e47b.jpg",
          "width":441,
          "height":600
        }
      },
      "counts":{
        "likes":1,
        "comments":0,
        "repins":3
      },
      "id":"80642649552433973",
      "metadata":{
      }
    },
    {
      "attribution":null,
      "creator":{
        "url":"https:\/\/www.pinterest.com\/artemismarrero\/",
        "first_name":"Artemis",
        "last_name":"Marrero",
        "id":"80642786986035707"
      },
      "url":"https:\/\/www.pinterest.com\/pin\/80642649552433971\/",
      "media":{
        "type":"image"
      },
      "created_at":"2014-04-14T19:08:08",
      "original_link":"http:\/\/sashastergiou.tumblr.com\/image\/40873466218",
      "note":"Jennifer Connelly - celebrities",
      "color":"#8e8e8e",
      "link":"https:\/\/www.pinterest.com\/r\/pin\/80642649552433971\/4779055074072594921\/61564407013b56ee7aceaca12726532fb113246d13431b02e4cb685498d93f07",
      "board":{
        "url":"https:\/\/www.pinterest.com\/artemismarrero\/celebrities\/",
        "id":"80642718266676144",
        "name":"celebrities"
      },
      "image":{
        "original":{
          "url":"https:\/\/s-media-cache-ak0.pinimg.com\/originals\/24\/b4\/08\/24b4085fcdc9e40f1d949798d72a12ce.jpg",
          "width":900,
          "height":1202
        }
      },
      "counts":{
        "likes":0,
        "comments":0,
        "repins":18
      },
      "id":"80642649552433971",
      "metadata":{
      }
    },
    {
      "attribution":null,
      "creator":{
        "url":"https:\/\/www.pinterest.com\/artemismarrero\/",
        "first_name":"Artemis",
        "last_name":"Marrero",
        "id":"80642786986035707"
      },
      "url":"https:\/\/www.pinterest.com\/pin\/80642649552433970\/",
      "media":{
        "type":"image"
      },
      "created_at":"2014-04-14T19:08:02",
      "original_link":"http:\/\/nemo-odysseus.tumblr.com\/page\/3",
      "note":"Kristen Stewart - celebrities",
      "color":"#434343",
      "link":"https:\/\/www.pinterest.com\/r\/pin\/80642649552433970\/4779055074072594921\/6a8b01993cd54148bf2306175279940b41841c394fcbb631d47ae7f86ab48e90",
      "board":{
        "url":"https:\/\/www.pinterest.com\/artemismarrero\/celebrities\/",
        "id":"80642718266676144",
        "name":"celebrities"
      },
      "image":{
        "original":{
          "url":"https:\/\/s-media-cache-ak0.pinimg.com\/originals\/8b\/45\/1d\/8b451dfab5336a0badae64318d85f9c6.jpg",
          "width":500,
          "height":661
        }
      },
      "counts":{
        "likes":0,
        "comments":0,
        "repins":4
      },
      "id":"80642649552433970",
      "metadata":{
        "link":{
          "locale":"en",
          "title":"Nemo Odysseus",
          "site_name":"nemo-odysseus.tumblr.com",
          "description":"This blog is 18+ ONLY I am No One I am Nemo.",
          "favicon":"https:\/\/s-media-cache-ak0.pinimg.com\/favicons\/090e0120afdbcc1d5db03951ae3297c5229e22bc74abd214041ee1da.png?1da262e7c74556b87ca2a106de34f07c"
        }
      }
    },
    {
      "attribution":null,
      "creator":{
        "url":"https:\/\/www.pinterest.com\/artemismarrero\/",
        "first_name":"Artemis",
        "last_name":"Marrero",
        "id":"80642786986035707"
      },
      "url":"https:\/\/www.pinterest.com\/pin\/80642649552433969\/",
      "media":{
        "type":"image"
      },
      "created_at":"2014-04-14T19:08:01",
      "original_link":"",
      "note":"Sandra Bullock - celebrities",
      "color":"#f2f2f2",
      "link":"",
      "board":{
        "url":"https:\/\/www.pinterest.com\/artemismarrero\/celebrities\/",
        "id":"80642718266676144",
        "name":"celebrities"
      },
      "image":{
        "original":{
          "url":"https:\/\/s-media-cache-ak0.pinimg.com\/originals\/4d\/06\/ef\/4d06ef1b8cabf117380dcafcf429aee8.jpg",
          "width":500,
          "height":652
        }
      },
      "counts":{
        "likes":0,
        "comments":0,
        "repins":13
      },
      "id":"80642649552433969",
      "metadata":{
      }
    },
    {
      "attribution":null,
      "creator":{
        "url":"https:\/\/www.pinterest.com\/artemismarrero\/",
        "first_name":"Artemis",
        "last_name":"Marrero",
        "id":"80642786986035707"
      },
      "url":"https:\/\/www.pinterest.com\/pin\/80642649552433967\/",
      "media":{
        "type":"image"
      },
      "created_at":"2014-04-14T19:07:43",
      "original_link":"",
      "note":"Kate Hudson - celebrities",
      "color":"#b1b1b1",
      "link":"",
      "board":{
        "url":"https:\/\/www.pinterest.com\/artemismarrero\/celebrities\/",
        "id":"80642718266676144",
        "name":"celebrities"
      },
      "image":{
        "original":{
          "url":"https:\/\/s-media-cache-ak0.pinimg.com\/originals\/8f\/62\/02\/8f620238176cfd7a2a7ec66f6b64e1eb.jpg",
          "width":1592,
          "height":1920
        }
      },
      "counts":{
        "likes":0,
        "comments":0,
        "repins":9
      },
      "id":"80642649552433967",
      "metadata":{
      }
    },
    {
      "attribution":null,
      "creator":{
        "url":"https:\/\/www.pinterest.com\/artemismarrero\/",
        "first_name":"Artemis",
        "last_name":"Marrero",
        "id":"80642786986035707"
      },
      "url":"https:\/\/www.pinterest.com\/pin\/80642649552433966\/",
      "media":{
        "type":"image"
      },
      "created_at":"2014-04-14T19:07:42",
      "original_link":"http:\/\/www.listal.com\/viewimage\/2215056h",
      "note":"tom hanks - celebrities",
      "color":"#272727",
      "link":"https:\/\/www.pinterest.com\/r\/pin\/80642649552433966\/4779055074072594921\/686d506e967b2588b1e883bbfb53a3c033908d24da4f35078b09a8e53bd0ed0c",
      "board":{
        "url":"https:\/\/www.pinterest.com\/artemismarrero\/celebrities\/",
        "id":"80642718266676144",
        "name":"celebrities"
      },
      "image":{
        "original":{
          "url":"https:\/\/s-media-cache-ak0.pinimg.com\/originals\/37\/a9\/a0\/37a9a02a0ac70c1bf5d79a5ba06371b7.jpg",
          "width":936,
          "height":1441
        }
      },
      "counts":{
        "likes":2,
        "comments":0,
        "repins":11
      },
      "id":"80642649552433966",
      "metadata":{
      }
    },
    {
      "attribution":null,
      "creator":{
        "url":"https:\/\/www.pinterest.com\/artemismarrero\/",
        "first_name":"Artemis",
        "last_name":"Marrero",
        "id":"80642786986035707"
      },
      "url":"https:\/\/www.pinterest.com\/pin\/80642649552433965\/",
      "media":{
        "type":"image"
      },
      "created_at":"2014-04-14T19:07:39",
      "original_link":"http:\/\/media-cache-ak0.pinimg.com\/1200x\/51\/d9\/04\/51d904bf8827ce8693c227cd3bdc6274.jpg",
      "note":"Billy Crystal, 9 time Oscar host! - celebrities",
      "color":"#615f62",
      "link":"https:\/\/www.pinterest.com\/r\/pin\/80642649552433965\/4779055074072594921\/e68e1188e0f18720f0b0b8a04a71b7a127d96629f920537ebd3b8176af209703",
      "board":{
        "url":"https:\/\/www.pinterest.com\/artemismarrero\/celebrities\/",
        "id":"80642718266676144",
        "name":"celebrities"
      },
      "image":{
        "original":{
          "url":"https:\/\/s-media-cache-ak0.pinimg.com\/originals\/c8\/8f\/06\/c88f064e0522f1d70de5dc383fccfeca.jpg",
          "width":800,
          "height":1200
        }
      },
      "counts":{
        "likes":1,
        "comments":0,
        "repins":12
      },
      "id":"80642649552433965",
      "metadata":{
      }
    },
    {
      "attribution":null,
      "creator":{
        "url":"https:\/\/www.pinterest.com\/artemismarrero\/",
        "first_name":"Artemis",
        "last_name":"Marrero",
        "id":"80642786986035707"
      },
      "url":"https:\/\/www.pinterest.com\/pin\/80642649552433964\/",
      "media":{
        "type":"image"
      },
      "created_at":"2014-04-14T19:07:26",
      "original_link":"http:\/\/www.pimp-my-profile.com\/twitter-backgrounds\/code\/Mathew_McConaughey\/85918\/8\/",
      "note":"Matthew McConaughey - celebrities",
      "color":"#353230",
      "link":"https:\/\/www.pinterest.com\/r\/pin\/80642649552433964\/4779055074072594921\/c80fa60cd85d645b32404318e4aa59114131e4e8e72c370f41c0f385a37f0d90",
      "board":{
        "url":"https:\/\/www.pinterest.com\/artemismarrero\/celebrities\/",
        "id":"80642718266676144",
        "name":"celebrities"
      },
      "image":{
        "original":{
          "url":"https:\/\/s-media-cache-ak0.pinimg.com\/originals\/7c\/84\/f1\/7c84f1ceaf2a10c409be081a3955b04e.jpg",
          "width":600,
          "height":736
        }
      },
      "counts":{
        "likes":1,
        "comments":0,
        "repins":8
      },
      "id":"80642649552433964",
      "metadata":{
      }
    },
    {
      "attribution":null,
      "creator":{
        "url":"https:\/\/www.pinterest.com\/artemismarrero\/",
        "first_name":"Artemis",
        "last_name":"Marrero",
        "id":"80642786986035707"
      },
      "url":"https:\/\/www.pinterest.com\/pin\/80642649552433961\/",
      "media":{
        "type":"image"
      },
      "created_at":"2014-04-14T19:07:02",
      "original_link":"http:\/\/media-cache-ak0.pinimg.com\/originals\/69\/7a\/8e\/697a8e8a20a7d14f6c2713f81b1f5570.jpg",
      "note":"Sharon Stone  #celebrities",
      "color":"#a2a2a2",
      "link":"https:\/\/www.pinterest.com\/r\/pin\/80642649552433961\/4779055074072594921\/2cef132e1bfbb7d7965ff28ed4660b5820160afabbb5b3dafdc4e819eb532c73",
      "board":{
        "url":"https:\/\/www.pinterest.com\/artemismarrero\/celebrities\/",
        "id":"80642718266676144",
        "name":"celebrities"
      },
      "image":{
        "original":{
          "url":"https:\/\/s-media-cache-ak0.pinimg.com\/originals\/69\/7a\/8e\/697a8e8a20a7d14f6c2713f81b1f5570.jpg",
          "width":640,
          "height":800
        }
      },
      "counts":{
        "likes":0,
        "comments":0,
        "repins":3
      },
      "id":"80642649552433961",
      "metadata":{
      }
    },
    {
      "attribution":null,
      "creator":{
        "url":"https:\/\/www.pinterest.com\/artemismarrero\/",
        "first_name":"Artemis",
        "last_name":"Marrero",
        "id":"80642786986035707"
      },
      "url":"https:\/\/www.pinterest.com\/pin\/80642649552433960\/",
      "media":{
        "type":"image"
      },
      "created_at":"2014-04-14T19:07:00",
      "original_link":"",
      "note":"Julianne Moore  #celebrities",
      "color":"#aba0a4",
      "link":"",
      "board":{
        "url":"https:\/\/www.pinterest.com\/artemismarrero\/celebrities\/",
        "id":"80642718266676144",
        "name":"celebrities"
      },
      "image":{
        "original":{
          "url":"https:\/\/s-media-cache-ak0.pinimg.com\/originals\/43\/2d\/9c\/432d9c04c7dc80d355436b5df0ef4492.jpg",
          "width":1683,
          "height":2500
        }
      },
      "counts":{
        "likes":0,
        "comments":0,
        "repins":5
      },
      "id":"80642649552433960",
      "metadata":{
      }
    },
    {
      "attribution":null,
      "creator":{
        "url":"https:\/\/www.pinterest.com\/artemismarrero\/",
        "first_name":"Artemis",
        "last_name":"Marrero",
        "id":"80642786986035707"
      },
      "url":"https:\/\/www.pinterest.com\/pin\/80642649552433958\/",
      "media":{
        "type":"image"
      },
      "created_at":"2014-04-14T19:05:51",
      "original_link":"",
      "note":"Halle Berry, so glamorous.",
      "color":"#7f848a",
      "link":"",
      "board":{
        "url":"https:\/\/www.pinterest.com\/artemismarrero\/celebrities\/",
        "id":"80642718266676144",
        "name":"celebrities"
      },
      "image":{
        "original":{
          "url":"https:\/\/s-media-cache-ak0.pinimg.com\/originals\/89\/81\/71\/898171856fed948e5e672aa6aa7c848c.jpg",
          "width":435,
          "height":580
        }
      },
      "counts":{
        "likes":0,
        "comments":0,
        "repins":9
      },
      "id":"80642649552433958",
      "metadata":{
      }
    },
    {
      "attribution":null,
      "creator":{
        "url":"https:\/\/www.pinterest.com\/artemismarrero\/",
        "first_name":"Artemis",
        "last_name":"Marrero",
        "id":"80642786986035707"
      },
      "url":"https:\/\/www.pinterest.com\/pin\/80642649552433957\/",
      "media":{
        "type":"image"
      },
      "created_at":"2014-04-14T19:05:48",
      "original_link":"http:\/\/fallingfor-hisflaws.tumblr.com\/post\/52114535242",
      "note":"Jennifer Lawrence",
      "color":"#565656",
      "link":"https:\/\/www.pinterest.com\/r\/pin\/80642649552433957\/4779055074072594921\/76213fb4aad3f3efd5ee467209b9776096b701362044ade5d5a10244a2e9dd5f",
      "board":{
        "url":"https:\/\/www.pinterest.com\/artemismarrero\/celebrities\/",
        "id":"80642718266676144",
        "name":"celebrities"
      },
      "image":{
        "original":{
          "url":"https:\/\/s-media-cache-ak0.pinimg.com\/originals\/24\/83\/37\/24833722cd78fcfaa28112b9c23cda91.jpg",
          "width":500,
          "height":700
        }
      },
      "counts":{
        "likes":0,
        "comments":0,
        "repins":4
      },
      "id":"80642649552433957",
      "metadata":{
        "link":{
          "locale":"en",
          "title":"Not Found",
          "site_name":"fallingfor-hisflaws.tumblr.com",
          "description":"The URL you requested could not be found.",
          "favicon":"https:\/\/s-media-cache-ak0.pinimg.com\/favicons\/aae0b0dfe839a80f3ad790fbc47cd12bd551006bd5974b54eac61b04.png?31af6f6d619fa80b39c8b5e8d0d66eff"
        }
      }
    },
    {
      "attribution":null,
      "creator":{
        "url":"https:\/\/www.pinterest.com\/artemismarrero\/",
        "first_name":"Artemis",
        "last_name":"Marrero",
        "id":"80642786986035707"
      },
      "url":"https:\/\/www.pinterest.com\/pin\/80642649552433956\/",
      "media":{
        "type":"image"
      },
      "created_at":"2014-04-14T19:05:48",
      "original_link":"http:\/\/hpstuffs.tumblr.com\/page\/2",
      "note":"Emma Watson",
      "color":"#908d86",
      "link":"https:\/\/www.pinterest.com\/r\/pin\/80642649552433956\/4779055074072594921\/d25d4c4e64281892ffe29bcfd113e419e590788b9329c051a8315bb44f16da83",
      "board":{
        "url":"https:\/\/www.pinterest.com\/artemismarrero\/celebrities\/",
        "id":"80642718266676144",
        "name":"celebrities"
      },
      "image":{
        "original":{
          "url":"https:\/\/s-media-cache-ak0.pinimg.com\/originals\/d0\/39\/48\/d03948e72f9f6fa3d543befe7e07bbc5.jpg",
          "width":500,
          "height":700
        }
      },
      "counts":{
        "likes":0,
        "comments":0,
        "repins":2
      },
      "id":"80642649552433956",
      "metadata":{
        "link":{
          "locale":"en",
          "title":"Harry Potter Stuff",
          "site_name":"hpstuffs.tumblr.com",
          "description":"This tumblr is entirely dedicated to the Harry Potter series and cast! Enjoy! ;) students at Hogwarts",
          "favicon":"https:\/\/s-media-cache-ak0.pinimg.com\/favicons\/6e9582919ff8ee95903ed6554080dc37e1dfff9c181857690666444e.png?9ad4d5fa1dd68244eb4c3b4fa1c669be"
        }
      }
    },
    {
      "attribution":null,
      "creator":{
        "url":"https:\/\/www.pinterest.com\/artemismarrero\/",
        "first_name":"Artemis",
        "last_name":"Marrero",
        "id":"80642786986035707"
      },
      "url":"https:\/\/www.pinterest.com\/pin\/80642649552433953\/",
      "media":{
        "type":"image"
      },
      "created_at":"2014-04-14T19:05:03",
      "original_link":"http:\/\/www.tumblr.com\/reblog\/45809163181\/5YuruGVS?redirect_to=http%3A%2F%2Fdarlingohara.tumblr.com%2Fpost%2F45809163181%2Fphilip-seymour-hoffman",
      "note":"\"The only true currency in this bankrupt world is what we share with someone else when we're uncool.\" - Philip Seymour Hoffman",
      "color":"#3e3e3e",
      "link":"https:\/\/www.pinterest.com\/r\/pin\/80642649552433953\/4779055074072594921\/df52a72a27f4bab6fe834cf9bfe7d92c287ea27f19765efa68cbe950fe053147",
      "board":{
        "url":"https:\/\/www.pinterest.com\/artemismarrero\/celebrities\/",
        "id":"80642718266676144",
        "name":"celebrities"
      },
      "image":{
        "original":{
          "url":"https:\/\/s-media-cache-ak0.pinimg.com\/originals\/66\/b8\/9e\/66b89e1eb6332750ab64868a236317e8.jpg",
          "width":500,
          "height":700
        }
      },
      "counts":{
        "likes":2,
        "comments":0,
        "repins":18
      },
      "id":"80642649552433953",
      "metadata":{
      }
    },
    {
      "attribution":null,
      "creator":{
        "url":"https:\/\/www.pinterest.com\/artemismarrero\/",
        "first_name":"Artemis",
        "last_name":"Marrero",
        "id":"80642786986035707"
      },
      "url":"https:\/\/www.pinterest.com\/pin\/80642649552433952\/",
      "media":{
        "type":"image"
      },
      "created_at":"2014-04-14T19:04:24",
      "original_link":"http:\/\/everdeenes.tumblr.com\/post\/77367232897\/jennifer-lawrences-new-dior-campaign",
      "note":"Jennifer Lawrence for Dior",
      "color":"#8d8d8d",
      "link":"https:\/\/www.pinterest.com\/r\/pin\/80642649552433952\/4779055074072594921\/aeb669cb25f825d11fbbaa24360345ddf70d7b1dde4254b4fee27a37ef4f8813",
      "board":{
        "url":"https:\/\/www.pinterest.com\/artemismarrero\/celebrities\/",
        "id":"80642718266676144",
        "name":"celebrities"
      },
      "image":{
        "original":{
          "url":"https:\/\/s-media-cache-ak0.pinimg.com\/originals\/e5\/7e\/8e\/e57e8e45268b2f718ec957829d1436bb.jpg",
          "width":400,
          "height":554
        }
      },
      "counts":{
        "likes":0,
        "comments":0,
        "repins":1
      },
      "id":"80642649552433952",
      "metadata":{
      }
    },
    {
      "attribution":null,
      "creator":{
        "url":"https:\/\/www.pinterest.com\/artemismarrero\/",
        "first_name":"Artemis",
        "last_name":"Marrero",
        "id":"80642786986035707"
      },
      "url":"https:\/\/www.pinterest.com\/pin\/80642649552433949\/",
      "media":{
        "type":"image"
      },
      "created_at":"2014-04-14T19:03:35",
      "original_link":"http:\/\/putthison.com\/post\/1216225710\/todaystie-mr-tony-curtis-at-londons",
      "note":"tony curtis",
      "color":"#9e9fa3",
      "link":"https:\/\/www.pinterest.com\/r\/pin\/80642649552433949\/4779055074072594921\/f1a5104808365778599de21daf3051a677137e5b9fce50ce2fa08ffdcffea97a",
      "board":{
        "url":"https:\/\/www.pinterest.com\/artemismarrero\/celebrities\/",
        "id":"80642718266676144",
        "name":"celebrities"
      },
      "image":{
        "original":{
          "url":"https:\/\/s-media-cache-ak0.pinimg.com\/originals\/ca\/08\/91\/ca0891ecb3fc69d4bfe68314eb53caa6.jpg",
          "width":409,
          "height":516
        }
      },
      "counts":{
        "likes":1,
        "comments":0,
        "repins":6
      },
      "id":"80642649552433949",
      "metadata":{
      }
    },
    {
      "attribution":null,
      "creator":{
        "url":"https:\/\/www.pinterest.com\/artemismarrero\/",
        "first_name":"Artemis",
        "last_name":"Marrero",
        "id":"80642786986035707"
      },
      "url":"https:\/\/www.pinterest.com\/pin\/80642649552433946\/",
      "media":{
        "type":"image"
      },
      "created_at":"2014-04-14T19:03:25",
      "original_link":"http:\/\/menwithscruff.tumblr.com\/page\/2",
      "note":"colin firth",
      "color":"#3d342e",
      "link":"https:\/\/www.pinterest.com\/r\/pin\/80642649552433946\/4779055074072594921\/ed9b2b73edb671f4cbb2d35083d6d3b28608ffc69176671e5f5adc9e72072e91",
      "board":{
        "url":"https:\/\/www.pinterest.com\/artemismarrero\/celebrities\/",
        "id":"80642718266676144",
        "name":"celebrities"
      },
      "image":{
        "original":{
          "url":"https:\/\/s-media-cache-ak0.pinimg.com\/originals\/f0\/a4\/78\/f0a478ac443d634013feb85790e35d59.jpg",
          "width":500,
          "height":676
        }
      },
      "counts":{
        "likes":0,
        "comments":0,
        "repins":6
      },
      "id":"80642649552433946",
      "metadata":{
        "link":{
          "locale":"en",
          "title":"Men With Scruff",
          "site_name":"menwithscruff.tumblr.com",
          "description":"Five o'clock shadows to perfectly coiffed beards. We like 'em all. Run by duckieoverblane You might also like Men In Cardigans Submit & Requests",
          "favicon":"https:\/\/s-media-cache-ak0.pinimg.com\/favicons\/9e15ec30acd9ef9119ad87ea0c1a2c779b6dc027e4ad1577365105c8.png?1b724d637d1d23bcd53474b88a960ebc"
        }
      }
    },
    {
      "attribution":null,
      "creator":{
        "url":"https:\/\/www.pinterest.com\/artemismarrero\/",
        "first_name":"Artemis",
        "last_name":"Marrero",
        "id":"80642786986035707"
      },
      "url":"https:\/\/www.pinterest.com\/pin\/80642649552433943\/",
      "media":{
        "type":"image"
      },
      "created_at":"2014-04-14T19:03:02",
      "original_link":"http:\/\/zsazsabellagio.blogspot.com\/search\/label\/men?updated-max=2012-10-17T07:34:00-07:00&max-results=20&start=30&by-date=false",
      "note":"Michael Caine, 1965",
      "color":"#dcdcdc",
      "link":"https:\/\/www.pinterest.com\/r\/pin\/80642649552433943\/4779055074072594921\/3bc2ddfbd90eb9b9f644f6758dc3237bbf1eae51736bd7448e69930ec80a4226",
      "board":{
        "url":"https:\/\/www.pinterest.com\/artemismarrero\/celebrities\/",
        "id":"80642718266676144",
        "name":"celebrities"
      },
      "image":{
        "original":{
          "url":"https:\/\/s-media-cache-ak0.pinimg.com\/originals\/d0\/8f\/30\/d08f30878c80490ba7ccc47de0fd618f.jpg",
          "width":500,
          "height":750
        }
      },
      "counts":{
        "likes":0,
        "comments":0,
        "repins":2
      },
      "id":"80642649552433943",
      "metadata":{
      }
    },
    {
      "attribution":null,
      "creator":{
        "url":"https:\/\/www.pinterest.com\/artemismarrero\/",
        "first_name":"Artemis",
        "last_name":"Marrero",
        "id":"80642786986035707"
      },
      "url":"https:\/\/www.pinterest.com\/pin\/80642649552433940\/",
      "media":{
        "type":"image"
      },
      "created_at":"2014-04-14T19:02:30",
      "original_link":"http:\/\/www.vogue.fr\/photo\/le-portfolio-de\/diaporama\/le-chanteur-bryan-adams-expose-ses-photos\/11232\/image\/659444",
      "note":"Mick Jagger by Bryan Adams",
      "color":"#dadada",
      "link":"https:\/\/www.pinterest.com\/r\/pin\/80642649552433940\/4779055074072594921\/2525eea6cdfd11f7e7f22d098b18a00588a9e56739c00dbf4d19938d7a55ad10",
      "board":{
        "url":"https:\/\/www.pinterest.com\/artemismarrero\/celebrities\/",
        "id":"80642718266676144",
        "name":"celebrities"
      },
      "image":{
        "original":{
          "url":"https:\/\/s-media-cache-ak0.pinimg.com\/originals\/3c\/70\/e0\/3c70e09de3c82550c0af173de609553d.jpg",
          "width":883,
          "height":1177
        }
      },
      "counts":{
        "likes":0,
        "comments":0,
        "repins":2
      },
      "id":"80642649552433940",
      "metadata":{
        "article":{
          "published_at":null,
          "description":"On connaissait Bryan Adams le chanteur, voici Bryan Adams le photographe. Depuis plus de dix ans, l'artiste m\u00e8ne une double vie artistique: il capture avec talent le portrait de musiciens, com\u00e9diens et mannequins pour quelques parutions bien en vue. Aujourd'hui, une partie de ses meilleures photographies sont publi\u00e9es dans un premier livre intitul\u00e9 'Bryan Adams Exposed'. Rencontre avec un chanteur passionn\u00e9 de photographie.",
          "name":"Bryan Adams s'expose",
          "authors":[]
        },
        "link":{
          "locale":"fr_FR",
          "title":"Bryan Adams s'expose",
          "site_name":"Vogue",
          "description":"On connaissait Bryan Adams le chanteur, voici Bryan Adams le photographe. Depuis plus de dix ans, l'artiste m\u00e8ne une double vie artistique: il capture avec talent le portrait de m",
          "favicon":"https:\/\/s-media-cache-ak0.pinimg.com\/favicons\/eee6eaabadba9b04891178733f37d4a16456b4b1dd0855357df207ef.ico?b865cafb16394d450855da06b0642221"
        }
      }
    }
  ],
  "page":{
    "cursor":"LT44MDY0MjY0OTU1MjQzMzk0MDozMzd8NjEyNGE1NzFmNTZiOWQ1NTAzYTQ3OTZlYWJlNzUwMTYzZWUwMjQ2ZmYwNWRmYzc5MDk1ZGYzZmY2MjViZDM5Zg==",
    "next":"https:\/\/api.pinterest.com\/v1\/boards\/artemismarrero\/celebrities\/pins\/?access_token=AZlZE-HOK-Y4205yRft75KyYVaauFCBIs8jxSxdCtrJcomAqbQAAAAA&fields=id%2Clink%2Cnote%2Curl%2Cattribution%2Cmedia%2Cmetadata%2Cboard%2Ccolor%2Ccounts%2Ccreated_at%2Ccreator%2Cimage%2Coriginal_link&cursor=LT44MDY0MjY0OTU1MjQzMzk0MDozMzd8NjEyNGE1NzFmNTZiOWQ1NTAzYTQ3OTZlYWJlNzUwMTYzZWUwMjQ2ZmYwNWRmYzc5MDk1ZGYzZmY2MjViZDM5Zg%3D%3D"
  }
}
