{
  "data":[
    {
      "attribution":null,
      "creator":{
        "url":"https:\/\/www.pinterest.com\/catskittles\/",
        "first_name":"Miranda",
        "last_name":"Prisley",
        "id":"367325050765843917"
      },
      "url":"https:\/\/www.pinterest.com\/pin\/367324913330597876\/",
      "media":{
        "type":"image"
      },
      "created_at":"2014-05-20T21:56:47",
      "original_link":"",
      "note":"Lily Collins -- CAN I PLEASE LOOK LIKE HER.",
      "color":"#2a292c",
      "link":"",
      "board":{
        "url":"https:\/\/www.pinterest.com\/catskittles\/celebrities\/",
        "id":"367324982046492293",
        "name":"Celebrities"
      },
      "image":{
        "original":{
          "url":"https:\/\/s-media-cache-ak0.pinimg.com\/originals\/a4\/20\/5a\/a4205a51901bde5048e019b280811acf.jpg",
          "width":500,
          "height":750
        }
      },
      "counts":{
        "likes":2,
        "comments":0,
        "repins":2
      },
      "id":"367324913330597876",
      "metadata":{
      }
    },
    {
      "attribution":null,
      "creator":{
        "url":"https:\/\/www.pinterest.com\/catskittles\/",
        "first_name":"Miranda",
        "last_name":"Prisley",
        "id":"367325050765843917"
      },
      "url":"https:\/\/www.pinterest.com\/pin\/367324913330597874\/",
      "media":{
        "type":"image"
      },
      "created_at":"2014-05-20T21:56:43",
      "original_link":"http:\/\/www.chicprofile.com\/2013\/12\/lancome-french-ballerina-collection-spring-2014.html",
      "note":"Lily Collins in Lancome French Ballerine Collection Spring 2014 Campaign",
      "color":"#eddfdf",
      "link":"https:\/\/www.pinterest.com\/r\/pin\/367324913330597874\/4779055074072594921\/c25f2ddb6b75069da751e8f500731779b428a96bdfc6b33a1bdda17c30dcbd63",
      "board":{
        "url":"https:\/\/www.pinterest.com\/catskittles\/celebrities\/",
        "id":"367324982046492293",
        "name":"Celebrities"
      },
      "image":{
        "original":{
          "url":"https:\/\/s-media-cache-ak0.pinimg.com\/originals\/2b\/46\/9c\/2b469c7bf32df63fb549ab9c221cabeb.jpg",
          "width":480,
          "height":590
        }
      },
      "counts":{
        "likes":0,
        "comments":0,
        "repins":2
      },
      "id":"367324913330597874",
      "metadata":{
      }
    },
    {
      "attribution":null,
      "creator":{
        "url":"https:\/\/www.pinterest.com\/catskittles\/",
        "first_name":"Miranda",
        "last_name":"Prisley",
        "id":"367325050765843917"
      },
      "url":"https:\/\/www.pinterest.com\/pin\/367324913330597868\/",
      "media":{
        "type":"image"
      },
      "created_at":"2014-05-20T21:56:16",
      "original_link":"http:\/\/xstarlitsky.tumblr.com\/page\/22",
      "note":"Logan Lerman",
      "color":"#170e2f",
      "link":"https:\/\/www.pinterest.com\/r\/pin\/367324913330597868\/4779055074072594921\/1d5ee11a025739c8a3ec7ab5074e322242a032d4bd55ec48b102bd56c5b7fad8",
      "board":{
        "url":"https:\/\/www.pinterest.com\/catskittles\/celebrities\/",
        "id":"367324982046492293",
        "name":"Celebrities"
      },
      "image":{
        "original":{
          "url":"https:\/\/s-media-cache-ak0.pinimg.com\/originals\/f6\/21\/eb\/f621ebb462b42bbaf1edb70e22659598.jpg",
          "width":500,
          "height":667
        }
      },
      "counts":{
        "likes":0,
        "comments":0,
        "repins":1
      },
      "id":"367324913330597868",
      "metadata":{
        "link":{
          "locale":"en",
          "title":"Not found.",
          "site_name":"xstarlitsky.tumblr.com",
          "description":"im got7 trash",
          "favicon":"https:\/\/s-media-cache-ak0.pinimg.com\/favicons\/255a179156a08b2b3a0f2de3d133e8e21a36f24bf5529d8dc473fa90.ico?f9b03df5b8e19a9a821ec1997d011c19"
        }
      }
    },
    {
      "attribution":null,
      "creator":{
        "url":"https:\/\/www.pinterest.com\/catskittles\/",
        "first_name":"Miranda",
        "last_name":"Prisley",
        "id":"367325050765843917"
      },
      "url":"https:\/\/www.pinterest.com\/pin\/367324913330597867\/",
      "media":{
        "type":"image"
      },
      "created_at":"2014-05-20T21:56:13",
      "original_link":"",
      "note":" ",
      "color":"#9d9d9f",
      "link":"",
      "board":{
        "url":"https:\/\/www.pinterest.com\/catskittles\/celebrities\/",
        "id":"367324982046492293",
        "name":"Celebrities"
      },
      "image":{
        "original":{
          "url":"https:\/\/s-media-cache-ak0.pinimg.com\/originals\/8c\/ae\/e9\/8caee954d21f10181ad92827c7d832df.jpg",
          "width":640,
          "height":960
        }
      },
      "counts":{
        "likes":0,
        "comments":0,
        "repins":1
      },
      "id":"367324913330597867",
      "metadata":{
      }
    },
    {
      "attribution":null,
      "creator":{
        "url":"https:\/\/www.pinterest.com\/catskittles\/",
        "first_name":"Miranda",
        "last_name":"Prisley",
        "id":"367325050765843917"
      },
      "url":"https:\/\/www.pinterest.com\/pin\/367324913330597858\/",
      "media":{
        "type":"image"
      },
      "created_at":"2014-05-20T21:55:33",
      "original_link":"http:\/\/www.vogue.co.uk\/blogs\/miss-vogue-today\/may-2014\/miss-vogue-elle-fanning",
      "note":"Elle Fanning in June 2014 Vogue",
      "color":"#baa594",
      "link":"https:\/\/www.pinterest.com\/r\/pin\/367324913330597858\/4779055074072594921\/fcedacc877c72c4f17466ebb3adc44ced72f5c84cf44af0332e7cc4f2ead37da",
      "board":{
        "url":"https:\/\/www.pinterest.com\/catskittles\/celebrities\/",
        "id":"367324982046492293",
        "name":"Celebrities"
      },
      "image":{
        "original":{
          "url":"https:\/\/s-media-cache-ak0.pinimg.com\/originals\/19\/9d\/5c\/199d5ce75ac63a133da204c7d40b718f.jpg",
          "width":1280,
          "height":1920
        }
      },
      "counts":{
        "likes":0,
        "comments":0,
        "repins":1
      },
      "id":"367324913330597858",
      "metadata":{
        "article":{
          "published_at":null,
          "description":"Fashion ideas and shopping, trends, celebrity style and news, beauty inspiration, exclusive videos",
          "name":"Miss Vogue",
          "authors":[]
        },
        "link":{
          "locale":"en_GB",
          "title":"Miss Vogue",
          "site_name":"Vogue UK",
          "description":"Fashion ideas and shopping, trends, celebrity style and news, beauty inspiration, exclusive videos",
          "favicon":"https:\/\/s-media-cache-ak0.pinimg.com\/favicons\/0b213173b04dae5569351b4ff153f058e4526714cab563fd729446d0.ico?f27e1e9b1c59951f6c8820542f60fcdb"
        }
      }
    },
    {
      "attribution":null,
      "creator":{
        "url":"https:\/\/www.pinterest.com\/catskittles\/",
        "first_name":"Miranda",
        "last_name":"Prisley",
        "id":"367325050765843917"
      },
      "url":"https:\/\/www.pinterest.com\/pin\/367324913330597854\/",
      "media":{
        "type":"image"
      },
      "created_at":"2014-05-20T21:55:24",
      "original_link":"http:\/\/fassyy.tumblr.com\/post\/43165891107",
      "note":"Elle Fanning is literally perfect",
      "color":"#f2e1ab",
      "link":"https:\/\/www.pinterest.com\/r\/pin\/367324913330597854\/4779055074072594921\/d8ef73c7dbb7a023246d3d936b938f1778779954ef03e9e3cadc4fc9268793a0",
      "board":{
        "url":"https:\/\/www.pinterest.com\/catskittles\/celebrities\/",
        "id":"367324982046492293",
        "name":"Celebrities"
      },
      "image":{
        "original":{
          "url":"https:\/\/s-media-cache-ak0.pinimg.com\/originals\/a3\/3f\/c5\/a33fc5ce38da4e0cfb27d2b3ea0eb5f6.jpg",
          "width":500,
          "height":616
        }
      },
      "counts":{
        "likes":0,
        "comments":0,
        "repins":1
      },
      "id":"367324913330597854",
      "metadata":{
        "link":{
          "locale":"en",
          "title":"fassyy",
          "site_name":"fassyy.tumblr.com",
          "description":"We're only as good as the promises we keep.",
          "favicon":"https:\/\/s-media-cache-ak0.pinimg.com\/favicons\/1d06419f76d4aa786bf76160014310974ec9e62f7ca102a44fc2f072.png?3df9f6cd729906015a74d346b0095bb4"
        }
      }
    },
    {
      "attribution":null,
      "creator":{
        "url":"https:\/\/www.pinterest.com\/catskittles\/",
        "first_name":"Miranda",
        "last_name":"Prisley",
        "id":"367325050765843917"
      },
      "url":"https:\/\/www.pinterest.com\/pin\/367324913330597853\/",
      "media":{
        "type":"image"
      },
      "created_at":"2014-05-20T21:55:21",
      "original_link":"",
      "note":"Elle Fanning by Sebastian Kim",
      "color":"#decdb4",
      "link":"",
      "board":{
        "url":"https:\/\/www.pinterest.com\/catskittles\/celebrities\/",
        "id":"367324982046492293",
        "name":"Celebrities"
      },
      "image":{
        "original":{
          "url":"https:\/\/s-media-cache-ak0.pinimg.com\/originals\/c3\/16\/e2\/c316e2d1bf0a25c26e14db749a0ddd77.jpg",
          "width":737,
          "height":1016
        }
      },
      "counts":{
        "likes":0,
        "comments":0,
        "repins":0
      },
      "id":"367324913330597853",
      "metadata":{
      }
    },
    {
      "attribution":null,
      "creator":{
        "url":"https:\/\/www.pinterest.com\/catskittles\/",
        "first_name":"Miranda",
        "last_name":"Prisley",
        "id":"367325050765843917"
      },
      "url":"https:\/\/www.pinterest.com\/pin\/367324913330597852\/",
      "media":{
        "type":"image"
      },
      "created_at":"2014-05-20T21:55:15",
      "original_link":"",
      "note":"Elle Fanning as Adam's sister",
      "color":"#f0debe",
      "link":"",
      "board":{
        "url":"https:\/\/www.pinterest.com\/catskittles\/celebrities\/",
        "id":"367324982046492293",
        "name":"Celebrities"
      },
      "image":{
        "original":{
          "url":"https:\/\/s-media-cache-ak0.pinimg.com\/originals\/a7\/aa\/72\/a7aa72f666a6552b661212b4cb4b46dd.jpg",
          "width":448,
          "height":604
        }
      },
      "counts":{
        "likes":0,
        "comments":0,
        "repins":0
      },
      "id":"367324913330597852",
      "metadata":{
      }
    },
    {
      "attribution":null,
      "creator":{
        "url":"https:\/\/www.pinterest.com\/catskittles\/",
        "first_name":"Miranda",
        "last_name":"Prisley",
        "id":"367325050765843917"
      },
      "url":"https:\/\/www.pinterest.com\/pin\/367324913330597851\/",
      "media":{
        "type":"image"
      },
      "created_at":"2014-05-20T21:55:11",
      "original_link":"http:\/\/www.celeber.ru\/photo\/elle-fanning\/13616\/",
      "note":"Elle Fanning",
      "color":"#f4ccab",
      "link":"https:\/\/www.pinterest.com\/r\/pin\/367324913330597851\/4779055074072594921\/2958f2b74fa311395b94d63d91b3eade79b31ca11507d39da1c9656258c60470",
      "board":{
        "url":"https:\/\/www.pinterest.com\/catskittles\/celebrities\/",
        "id":"367324982046492293",
        "name":"Celebrities"
      },
      "image":{
        "original":{
          "url":"https:\/\/s-media-cache-ak0.pinimg.com\/originals\/2b\/72\/6e\/2b726e1e3fb2dddac75159e55afe7a3b.jpg",
          "width":800,
          "height":1067
        }
      },
      "counts":{
        "likes":0,
        "comments":0,
        "repins":1
      },
      "id":"367324913330597851",
      "metadata":{
      }
    },
    {
      "attribution":{
        "title":"Elle Fanning",
        "url":"http:\/\/www.flickr.com\/photos\/65910943@N03\/6379895927\/",
        "provider_icon_url":"https:\/\/s-passets-cache-ak0.pinimg.com\/images\/api\/attrib\/flickr@2x.png",
        "author_name":"jordan23queen",
        "provider_favicon_url":"https:\/\/s-passets-cache-ak0.pinimg.com\/images\/api\/attrib\/flickr.png",
        "author_url":"http:\/\/www.flickr.com\/photos\/65910943@N03\/",
        "provider_name":"flickr"
      },
      "creator":{
        "url":"https:\/\/www.pinterest.com\/catskittles\/",
        "first_name":"Miranda",
        "last_name":"Prisley",
        "id":"367325050765843917"
      },
      "url":"https:\/\/www.pinterest.com\/pin\/367324913330597850\/",
      "media":{
        "type":"image"
      },
      "created_at":"2014-05-20T21:55:07",
      "original_link":"http:\/\/www.flickr.com\/photos\/65910943@N03\/6379895927\/in\/photostream\/",
      "note":"Elle Fanning",
      "color":"#ebe5c6",
      "link":"https:\/\/www.pinterest.com\/r\/pin\/367324913330597850\/4779055074072594921\/5d8d935ded69f830a7e203ad9758e226fade9954d8e4de8d781ab27842033353",
      "board":{
        "url":"https:\/\/www.pinterest.com\/catskittles\/celebrities\/",
        "id":"367324982046492293",
        "name":"Celebrities"
      },
      "image":{
        "original":{
          "url":"https:\/\/s-media-cache-ak0.pinimg.com\/originals\/8f\/c0\/3a\/8fc03a276aa2a8cea0631d0cedcd6e19.jpg",
          "width":492,
          "height":640
        }
      },
      "counts":{
        "likes":1,
        "comments":0,
        "repins":1
      },
      "id":"367324913330597850",
      "metadata":{
        "link":{
          "locale":"en_US",
          "title":"Elle Fanning",
          "site_name":"Flickr - Photo Sharing!",
          "description":"Elle Fanning",
          "favicon":"https:\/\/s-media-cache-ak0.pinimg.com\/favicons\/05669be55a9e54d8014238ab627853e3bbbdf7c08c11ad8e8ff23870.ico?d0236f158c380b9595ffa7c7d7d1a433"
        }
      }
    },
    {
      "attribution":null,
      "creator":{
        "url":"https:\/\/www.pinterest.com\/catskittles\/",
        "first_name":"Miranda",
        "last_name":"Prisley",
        "id":"367325050765843917"
      },
      "url":"https:\/\/www.pinterest.com\/pin\/367324913330597834\/",
      "media":{
        "type":"image"
      },
      "created_at":"2014-05-20T21:53:42",
      "original_link":"http:\/\/www.tumblr.com\/likes\/page\/8",
      "note":"This outfit is perfect!!! How is it possible that she is only 13 years old?!? She is simply stunning.",
      "color":"#c7c39e",
      "link":"https:\/\/www.pinterest.com\/r\/pin\/367324913330597834\/4779055074072594921\/592a9a30ddd8eb718222ab5568fe59ba8f38ec3613621cf43cdea32194a7ed8b",
      "board":{
        "url":"https:\/\/www.pinterest.com\/catskittles\/celebrities\/",
        "id":"367324982046492293",
        "name":"Celebrities"
      },
      "image":{
        "original":{
          "url":"https:\/\/s-media-cache-ak0.pinimg.com\/originals\/24\/a9\/64\/24a96403a51f2a8352214089e2a93d6d.jpg",
          "width":250,
          "height":389
        }
      },
      "counts":{
        "likes":0,
        "comments":0,
        "repins":0
      },
      "id":"367324913330597834",
      "metadata":{
      }
    },
    {
      "attribution":null,
      "creator":{
        "url":"https:\/\/www.pinterest.com\/catskittles\/",
        "first_name":"Miranda",
        "last_name":"Prisley",
        "id":"367325050765843917"
      },
      "url":"https:\/\/www.pinterest.com\/pin\/367324913330387722\/",
      "media":{
        "type":"image"
      },
      "created_at":"2014-04-26T21:30:35",
      "original_link":"http:\/\/likeadoll.tumblr.com\/post\/14854310765",
      "note":"Dakota and Elle Fanning's, lovely look.",
      "color":"#9a8c81",
      "link":"https:\/\/www.pinterest.com\/r\/pin\/367324913330387722\/4779055074072594921\/d04066f31c1e96535a725de277b974fb808ce1b16631ecf26ef1e4f4d2518219",
      "board":{
        "url":"https:\/\/www.pinterest.com\/catskittles\/celebrities\/",
        "id":"367324982046492293",
        "name":"Celebrities"
      },
      "image":{
        "original":{
          "url":"https:\/\/s-media-cache-ak0.pinimg.com\/originals\/1a\/ff\/bc\/1affbc684fba3ee571c29754519574c8.jpg",
          "width":500,
          "height":658
        }
      },
      "counts":{
        "likes":0,
        "comments":0,
        "repins":0
      },
      "id":"367324913330387722",
      "metadata":{
        "link":{
          "locale":"en",
          "title":"Not Found",
          "site_name":"likeadoll.tumblr.com",
          "description":"The URL you requested could not be found.",
          "favicon":"https:\/\/s-media-cache-ak0.pinimg.com\/favicons\/15e19cdb38bac9c6e74fe34b085a53cbb68049f5db07107f6cca1d73.png?fd93b275319cb40521a811ebfdd631d0"
        }
      }
    },
    {
      "attribution":null,
      "creator":{
        "url":"https:\/\/www.pinterest.com\/catskittles\/",
        "first_name":"Miranda",
        "last_name":"Prisley",
        "id":"367325050765843917"
      },
      "url":"https:\/\/www.pinterest.com\/pin\/367324913330589111\/",
      "media":{
        "type":"image"
      },
      "created_at":"2014-05-19T21:37:23",
      "original_link":"http:\/\/sulia.com\/channel\/fashion\/f\/412f2d19-71a4-4338-b6bd-8c73f3ec20d4\/?source=pin&action=share&btn=small&form_factor=desktop&sharer_id=125430493&is_sharer_author=true&pinner=125430493",
      "note":"Emma Stone for Vogue, 2014     http:\/\/sulia.com\/channel\/fashion\/f\/412f2d19-71a4-4338-b6bd-8c73f3ec20d4\/?source=pin&action=share&btn=small&form_factor=desktop&sharer_id=125430493&is_sharer_author=true&pinner=125430493",
      "color":"#95685e",
      "link":"https:\/\/www.pinterest.com\/r\/pin\/367324913330589111\/4779055074072594921\/c6fa3e9e8b7e29d75450da492cbb4de3be35d995c8324182e9177c0c623b55f6",
      "board":{
        "url":"https:\/\/www.pinterest.com\/catskittles\/celebrities\/",
        "id":"367324982046492293",
        "name":"Celebrities"
      },
      "image":{
        "original":{
          "url":"https:\/\/s-media-cache-ak0.pinimg.com\/originals\/43\/39\/d9\/4339d9d8ba0597da430e210c4897e886.jpg",
          "width":433,
          "height":580
        }
      },
      "counts":{
        "likes":0,
        "comments":0,
        "repins":0
      },
      "id":"367324913330589111",
      "metadata":{
      }
    }
  ],
  "page":{
    "cursor":null,
    "next":null
  }
}
