{
  "data":[
    {
      "attribution":null,
      "creator":{
        "url":"https:\/\/www.pinterest.com\/dailymail\/",
        "first_name":"Daily Mail",
        "last_name":"",
        "id":"536561880513118266"
      },
      "url":"https:\/\/www.pinterest.com\/pin\/536561743080384585\/",
      "media":{
        "type":"image"
      },
      "created_at":"2015-02-27T15:01:04",
      "original_link":"http:\/\/www.dailymail.co.uk\/tvshowbiz\/article-2971749\/Irina-Shayk-catches-eye-faux-snakeskin-minidress-hitting-runway-fitted-red-number-Mexico-Fashion-Week.html",
      "note":"Irina Shayk was the star attraction at Mexico's Liverpool Polcano store for the Children's Fest Show",
      "color":"#c54f3d",
      "link":"https:\/\/www.pinterest.com\/r\/pin\/536561743080384585\/4779055074072594921\/eedc2a4a713f532c46ae95da071af87c7599c7834f0622fc565ea177926824c4",
      "board":{
        "url":"https:\/\/www.pinterest.com\/dailymail\/celebrities\/",
        "id":"536561811793888186",
        "name":"Celebrities"
      },
      "image":{
        "original":{
          "url":"https:\/\/s-media-cache-ak0.pinimg.com\/originals\/71\/0f\/43\/710f43fcfe315bb51aa97e0138b4183c.jpg",
          "width":634,
          "height":964
        }
      },
      "counts":{
        "likes":0,
        "comments":0,
        "repins":1
      },
      "id":"536561743080384585",
      "metadata":{
        "article":{
          "published_at":null,
          "description":"Her arrival in Mexico City may well have been a low-key affair, but Irina was centre of attention on Thursday as she lit up the runway in no less than two stylish ensembles.",
          "name":"Irina Shayk catches the eye in faux snakeskin dress",
          "authors":[]
        },
        "link":{
          "locale":"en_GB",
          "title":"Irina Shayk catches the eye in faux snakeskin dress",
          "site_name":"Mail Online",
          "description":"Her arrival in Mexico City may well have been a low-key affair, but Irina was centre of attention on Thursday as she lit up the runway in no less than two stylish ensembles.",
          "favicon":"https:\/\/s-media-cache-ak0.pinimg.com\/favicons\/ba8856b627a2bf282a5dab73c40812571f90daf57fe69780aa1096ab.ico?a8690769c53090d08b0560db0144a818"
        }
      }
    },
    {
      "attribution":null,
      "creator":{
        "url":"https:\/\/www.pinterest.com\/dailymail\/",
        "first_name":"Daily Mail",
        "last_name":"",
        "id":"536561880513118266"
      },
      "url":"https:\/\/www.pinterest.com\/pin\/536561743080383325\/",
      "media":{
        "type":"image"
      },
      "created_at":"2015-02-27T12:12:28",
      "original_link":"http:\/\/www.dailymail.co.uk\/tvshowbiz\/article-2970288\/Shailene-Woodley-poses-topless-racy-shoot-says-s-nudity.html",
      "note":"Shailene Woodley speaks about onscreen nudity in the latest issue of Glamour magazine",
      "color":"#e7e7e7",
      "link":"https:\/\/www.pinterest.com\/r\/pin\/536561743080383325\/4779055074072594921\/02f772dc4356b33079f94f8c3686d5671198f945602588d677723a8d73e2eb3a",
      "board":{
        "url":"https:\/\/www.pinterest.com\/dailymail\/celebrities\/",
        "id":"536561811793888186",
        "name":"Celebrities"
      },
      "image":{
        "original":{
          "url":"https:\/\/s-media-cache-ak0.pinimg.com\/originals\/08\/cc\/33\/08cc337a905a519911f0378a8ee9d103.jpg",
          "width":634,
          "height":897
        }
      },
      "counts":{
        "likes":1,
        "comments":0,
        "repins":1
      },
      "id":"536561743080383325",
      "metadata":{
        "article":{
          "published_at":null,
          "description":"If Shailene Woodley's got to do a sex scene, you can bet she's going to do it naked.",
          "name":"Shailene Woodley says she's all for nudity in sex scenes",
          "authors":[]
        },
        "link":{
          "locale":"en_GB",
          "title":"Shailene Woodley says she's all for nudity in sex scenes",
          "site_name":"Mail Online",
          "description":"If Shailene Woodley's got to do a sex scene, you can bet she's going to do it naked.",
          "favicon":"https:\/\/s-media-cache-ak0.pinimg.com\/favicons\/ba8856b627a2bf282a5dab73c40812571f90daf57fe69780aa1096ab.ico?a8690769c53090d08b0560db0144a818"
        }
      }
    },
    {
      "attribution":null,
      "creator":{
        "url":"https:\/\/www.pinterest.com\/dailymail\/",
        "first_name":"Daily Mail",
        "last_name":"",
        "id":"536561880513118266"
      },
      "url":"https:\/\/www.pinterest.com\/pin\/536561743080383322\/",
      "media":{
        "type":"image"
      },
      "created_at":"2015-02-27T12:11:49",
      "original_link":"http:\/\/www.dailymail.co.uk\/tvshowbiz\/article-2970509\/Kendall-Jenner-maintains-model-poise-flaunts-slim-legs-oversized-creation-stalks-runway-Fendi-Milan-Fashion-Week.html",
      "note":"Fresh off the runway: 22-year-old Karlie Kloss looked a treat as she posed backstage at Milan Fashion Week",
      "color":"#55291d",
      "link":"https:\/\/www.pinterest.com\/r\/pin\/536561743080383322\/4779055074072594921\/2c4cdc3788c6a1c12052e60a68bd68c0f81039c67f9a4682e4adec4620ca7e2c",
      "board":{
        "url":"https:\/\/www.pinterest.com\/dailymail\/celebrities\/",
        "id":"536561811793888186",
        "name":"Celebrities"
      },
      "image":{
        "original":{
          "url":"https:\/\/s-media-cache-ak0.pinimg.com\/originals\/38\/0f\/ba\/380fbad5c5da519aa24ef493a199fc4c.jpg",
          "width":634,
          "height":1107
        }
      },
      "counts":{
        "likes":1,
        "comments":0,
        "repins":0
      },
      "id":"536561743080383322",
      "metadata":{
        "article":{
          "published_at":null,
          "description":"Kendall Jenner is fast becoming one of the top faces to look out for at the myriad of fashion week shows across the four major cities.",
          "name":"Kendall Jenner maintains model poise as she stalks runway for Fendi",
          "authors":[]
        },
        "link":{
          "locale":"en_GB",
          "title":"Kendall Jenner maintains model poise as she stalks runway for Fendi",
          "site_name":"Mail Online",
          "description":"Kendall Jenner is fast becoming one of the top faces to look out for at the myriad of fashion week shows across the four major cities.",
          "favicon":"https:\/\/s-media-cache-ak0.pinimg.com\/favicons\/ba8856b627a2bf282a5dab73c40812571f90daf57fe69780aa1096ab.ico?a8690769c53090d08b0560db0144a818"
        }
      }
    },
    {
      "attribution":{
        "title":"1993 MTV Video Music Awards",
        "provider_favicon_url":"https:\/\/s-passets-cache-ak0.pinimg.com\/images\/api\/attrib\/getty images.png",
        "author_name":"Jeff Kravitz",
        "url":"http:\/\/www.gettyimages.com\/detail\/111171214",
        "author_url":"http:\/\/www.gettyimages.com\/detail\/111171214",
        "provider_name":"Getty Images"
      },
      "creator":{
        "url":"https:\/\/www.pinterest.com\/dailymail\/",
        "first_name":"Daily Mail",
        "last_name":"",
        "id":"536561880513118266"
      },
      "url":"https:\/\/www.pinterest.com\/pin\/536561743080383280\/",
      "media":{
        "type":"image"
      },
      "created_at":"2015-02-27T12:06:13",
      "original_link":"http:\/\/www.dailymail.co.uk\/tvshowbiz\/article-2969583\/Gwen-Stefani-takes-style-inspiration-late-Kurt-Cobain-ruby-red-sunglasses-striped-shirt.html",
      "note":"Gwen Stefani takes style inspiration from the late Kurt Cobain",
      "color":"#c5bdb7",
      "link":"https:\/\/www.pinterest.com\/r\/pin\/536561743080383280\/4779055074072594921\/0fad00746caf241b0aeeb710185e25d10df2cc789f25b5bd9891d3e28583de6b",
      "board":{
        "url":"https:\/\/www.pinterest.com\/dailymail\/celebrities\/",
        "id":"536561811793888186",
        "name":"Celebrities"
      },
      "image":{
        "original":{
          "url":"https:\/\/s-media-cache-ak0.pinimg.com\/originals\/8e\/67\/3c\/8e673cce8191372651c91f0714169eaa.jpg",
          "width":636,
          "height":382
        }
      },
      "counts":{
        "likes":0,
        "comments":0,
        "repins":0
      },
      "id":"536561743080383280",
      "metadata":{
        "article":{
          "published_at":"2015-02-26T00:00:00",
          "description":"Gwen Stefani paid homage to Kurt Cobain on Wednesday by mimicking his look from the 1993 MTV Video Music Awards.",
          "name":"Gwen Stefani takes style inspiration from the late Kurt Cobain with ruby red sunglasses and striped shirt",
          "authors":[]
        },
        "link":{
          "locale":"en_GB",
          "title":"Gwen Stefani takes style inspiration from the late Kurt Cobain",
          "site_name":"Mail Online",
          "description":"Gwen Stefani paid homage to Kurt Cobain on Wednesday by mimicking his look from the 1993 MTV Video Music Awards.",
          "favicon":"https:\/\/s-media-cache-ak0.pinimg.com\/favicons\/ba8856b627a2bf282a5dab73c40812571f90daf57fe69780aa1096ab.ico?a8690769c53090d08b0560db0144a818"
        }
      }
    },
    {
      "attribution":null,
      "creator":{
        "url":"https:\/\/www.pinterest.com\/dailymail\/",
        "first_name":"Daily Mail",
        "last_name":"",
        "id":"536561880513118266"
      },
      "url":"https:\/\/www.pinterest.com\/pin\/536561743080383270\/",
      "media":{
        "type":"image"
      },
      "created_at":"2015-02-27T12:05:15",
      "original_link":"http:\/\/www.dailymail.co.uk\/news\/article-2549773\/How-Benedict-Cumberbatchs-family-fortune-slavery-And-roles-films-like-12-Years-A-Slave-bid-atone-sins.html",
      "note":"How Benedict Cumberbatch's family made a fortune from slavery: And ...",
      "color":"#292e30",
      "link":"https:\/\/www.pinterest.com\/r\/pin\/536561743080383270\/4779055074072594921\/33a5d2b4bcb146841b1f5dd98b5c0482bc757efacb845c640220a0e75439adc0",
      "board":{
        "url":"https:\/\/www.pinterest.com\/dailymail\/celebrities\/",
        "id":"536561811793888186",
        "name":"Celebrities"
      },
      "image":{
        "original":{
          "url":"https:\/\/s-media-cache-ak0.pinimg.com\/originals\/f3\/80\/92\/f380925113847a0042b8299b19cf3c57.jpg",
          "width":634,
          "height":623
        }
      },
      "counts":{
        "likes":1,
        "comments":0,
        "repins":0
      },
      "id":"536561743080383270",
      "metadata":{
        "article":{
          "published_at":"2014-01-31T00:00:00",
          "description":"Slavery built the Cumberbatch fortune, which at its height in the mid-18th century made them one of Britain\u2019s wealthiest families, owning at least seven Barbados sugar plantations and a stately home near Taunton, Somerset.",
          "name":"How Benedict Cumberbatch's family made a fortune from slavery: And why his roles in films like 12 Years A Slave are a bid to atone for their sins",
          "authors":[]
        },
        "link":{
          "locale":"en_GB",
          "title":"How Benedict Cumberbatch's family made a fortune from slavery",
          "site_name":"Mail Online",
          "description":"Slavery built the Cumberbatch fortune, which at its height in the mid-18th century made them one of Britain\u2019s wealthiest families, owning at least seven Barbados sugar plantations and a stately home near Taunton, Somerset.",
          "favicon":"https:\/\/s-media-cache-ak0.pinimg.com\/favicons\/ba8856b627a2bf282a5dab73c40812571f90daf57fe69780aa1096ab.ico?a8690769c53090d08b0560db0144a818"
        }
      }
    },
    {
      "attribution":null,
      "creator":{
        "url":"https:\/\/www.pinterest.com\/dailymail\/",
        "first_name":"Daily Mail",
        "last_name":"",
        "id":"536561880513118266"
      },
      "url":"https:\/\/www.pinterest.com\/pin\/536561743080383269\/",
      "media":{
        "type":"image"
      },
      "created_at":"2015-02-27T12:05:08",
      "original_link":"http:\/\/www.dailymail.co.uk\/tvshowbiz\/article-2967549\/Enchanting-emerald-Woman-Year-Taylor-Swift-puts-leggy-display-sexy-green-thigh-split-gown-leads-winners-Elle-Style-Awards-2015.html",
      "note":"Movie star: The Film Actress award was presented to Diane Kruger",
      "color":"#ebd5d8",
      "link":"https:\/\/www.pinterest.com\/r\/pin\/536561743080383269\/4779055074072594921\/c14908893484a300e14417256c197098f3b147c7ccdf6a333fcff95d18a4204b",
      "board":{
        "url":"https:\/\/www.pinterest.com\/dailymail\/celebrities\/",
        "id":"536561811793888186",
        "name":"Celebrities"
      },
      "image":{
        "original":{
          "url":"https:\/\/s-media-cache-ak0.pinimg.com\/originals\/bc\/44\/55\/bc445599e7601cf7faad78ac4210e848.jpg",
          "width":634,
          "height":988
        }
      },
      "counts":{
        "likes":0,
        "comments":0,
        "repins":0
      },
      "id":"536561743080383269",
      "metadata":{
        "article":{
          "published_at":null,
          "description":"Taylor Swift turned heads at the 2015 Elle Style Awards as she arrived on the red carpet in daring emerald dress on Tuesday night to receive the Woman of the Year award.",
          "name":"Taylor Swift wows as she wins Woman of the Year at Elle Style Awards",
          "authors":[]
        },
        "link":{
          "locale":"en_GB",
          "title":"Taylor Swift wows as she wins Woman of the Year at Elle Style Awards",
          "site_name":"Mail Online",
          "description":"Taylor Swift turned heads at the 2015 Elle Style Awards as she arrived on the red carpet in daring emerald dress on Tuesday night to receive the Woman of the Year award.",
          "favicon":"https:\/\/s-media-cache-ak0.pinimg.com\/favicons\/ba8856b627a2bf282a5dab73c40812571f90daf57fe69780aa1096ab.ico?a8690769c53090d08b0560db0144a818"
        }
      }
    },
    {
      "attribution":null,
      "creator":{
        "url":"https:\/\/www.pinterest.com\/dailymail\/",
        "first_name":"Daily Mail",
        "last_name":"",
        "id":"536561880513118266"
      },
      "url":"https:\/\/www.pinterest.com\/pin\/536561743080383268\/",
      "media":{
        "type":"image"
      },
      "created_at":"2015-02-27T12:04:51",
      "original_link":"http:\/\/www.dailymail.co.uk\/tvshowbiz\/article-2966197\/Kendall-Jenner-Cara-Delevingne-paint-town-red-day-London-Fashion-Week-events.html",
      "note":"Girls' night: The ladies appeared to gain extra members of their posse as the arrived at t...",
      "color":"#0f1011",
      "link":"https:\/\/www.pinterest.com\/r\/pin\/536561743080383268\/4779055074072594921\/f2321587a978ac704f795955d7fcc0112150fa030fcffa3f3e97a7415b717817",
      "board":{
        "url":"https:\/\/www.pinterest.com\/dailymail\/celebrities\/",
        "id":"536561811793888186",
        "name":"Celebrities"
      },
      "image":{
        "original":{
          "url":"https:\/\/s-media-cache-ak0.pinimg.com\/originals\/e9\/37\/dd\/e937dd40de731eac0aaad2ae841b1eb0.jpg",
          "width":634,
          "height":1057
        }
      },
      "counts":{
        "likes":0,
        "comments":0,
        "repins":1
      },
      "id":"536561743080383268",
      "metadata":{
        "article":{
          "published_at":null,
          "description":"It's London Fashion Week so all the leggiest ladies have descended on the UK capital.",
          "name":"Kendall Jenner and Cara Delevingne strut out of chic London bar",
          "authors":[]
        },
        "link":{
          "locale":"en_GB",
          "title":"Kendall Jenner and Cara Delevingne strut out of chic London bar",
          "site_name":"Mail Online",
          "description":"It's London Fashion Week so all the leggiest ladies have descended on the UK capital.",
          "favicon":"https:\/\/s-media-cache-ak0.pinimg.com\/favicons\/ba8856b627a2bf282a5dab73c40812571f90daf57fe69780aa1096ab.ico?a8690769c53090d08b0560db0144a818"
        }
      }
    },
    {
      "attribution":null,
      "creator":{
        "url":"https:\/\/www.pinterest.com\/dailymail\/",
        "first_name":"Daily Mail",
        "last_name":"",
        "id":"536561880513118266"
      },
      "url":"https:\/\/www.pinterest.com\/pin\/536561743080383202\/",
      "media":{
        "type":"image"
      },
      "created_at":"2015-02-27T11:54:59",
      "original_link":"http:\/\/www.dailymail.co.uk\/news\/article-2366587\/UK-heatwave-Britain-basks-hottest-day-year-temperatures-hitting-32-2C.html",
      "note":"Leap: Chris Cook jumps off a horse into the sea this morning on Long Rock Beach as the country braces itself for the warmest day of the year so far",
      "color":"#b4c1cd",
      "link":"https:\/\/www.pinterest.com\/r\/pin\/536561743080383202\/4779055074072594921\/a834d831f7816e33ffb6ba97992a403b3aa8560c9319b49e9e64c6c48304ba82",
      "board":{
        "url":"https:\/\/www.pinterest.com\/dailymail\/celebrities\/",
        "id":"536561811793888186",
        "name":"Celebrities"
      },
      "image":{
        "original":{
          "url":"https:\/\/s-media-cache-ak0.pinimg.com\/originals\/bc\/1c\/9f\/bc1c9f4838ff311b85aac3347367c2fe.jpg",
          "width":964,
          "height":556
        }
      },
      "counts":{
        "likes":0,
        "comments":0,
        "repins":0
      },
      "id":"536561743080383202",
      "metadata":{
        "article":{
          "published_at":null,
          "description":"As temperatures soared, Spike the King penguin kept a cool head \u2013 and more importantly, cold feet at Birdland park and gardens in Gloucestershire.",
          "name":"Britain basks in hottest day of the year with temperatures hitting 32.2C as forecasters predict a cooler weekend (but only by 4 degrees!)",
          "authors":[]
        },
        "link":{
          "locale":"en_GB",
          "title":"Britain basks in hottest day of the year with temperatures hitting 32.2C as forecasters predict a cooler weekend (but only by 4 degrees!)",
          "site_name":"Mail Online",
          "description":"As temperatures soared, Spike the King penguin kept a cool head \u2013 and more importantly, cold feet at Birdland park and gardens in Gloucestershire.",
          "favicon":"https:\/\/s-media-cache-ak0.pinimg.com\/favicons\/ba8856b627a2bf282a5dab73c40812571f90daf57fe69780aa1096ab.ico?a8690769c53090d08b0560db0144a818"
        }
      }
    },
    {
      "attribution":null,
      "creator":{
        "url":"https:\/\/www.pinterest.com\/dailymail\/",
        "first_name":"Daily Mail",
        "last_name":"",
        "id":"536561880513118266"
      },
      "url":"https:\/\/www.pinterest.com\/pin\/536561743080382798\/",
      "media":{
        "type":"image"
      },
      "created_at":"2015-02-27T11:06:36",
      "original_link":"http:\/\/www.dailymail.co.uk\/tvshowbiz\/article-2970616\/Sophia-Bush-gushes-Chicago-P-D-star-s-new-fiance-Lady-Gaga.html",
      "note":"Lady Gaga celebrated her recent engagement with fiance Taylor Kinney's Chicago P.D. co-star Sophia Bush",
      "color":"#777577",
      "link":"https:\/\/www.pinterest.com\/r\/pin\/536561743080382798\/4779055074072594921\/22a98d6ca717242d3e7a24d4f6fdc4370ccb05c00566f18cdcae5601d97ad61e",
      "board":{
        "url":"https:\/\/www.pinterest.com\/dailymail\/celebrities\/",
        "id":"536561811793888186",
        "name":"Celebrities"
      },
      "image":{
        "original":{
          "url":"https:\/\/s-media-cache-ak0.pinimg.com\/originals\/f4\/41\/d2\/f441d2d762665991f1bbbbbc399870e9.jpg",
          "width":634,
          "height":633
        }
      },
      "counts":{
        "likes":0,
        "comments":0,
        "repins":1
      },
      "id":"536561743080382798",
      "metadata":{
        "article":{
          "published_at":null,
          "description":"Surely she was happy to be back in her fiance's arms to finally celebrate their engagement together after announcing the joyous news over a week ago",
          "name":"Sophia Bush gushes over Lady Gaga",
          "authors":[]
        },
        "link":{
          "locale":"en_GB",
          "title":"Sophia Bush gushes over Lady Gaga",
          "site_name":"Mail Online",
          "description":"Surely she was happy to be back in her fiance's arms to finally celebrate their engagement together after announcing the joyous news over a week ago",
          "favicon":"https:\/\/s-media-cache-ak0.pinimg.com\/favicons\/ba8856b627a2bf282a5dab73c40812571f90daf57fe69780aa1096ab.ico?a8690769c53090d08b0560db0144a818"
        }
      }
    },
    {
      "attribution":null,
      "creator":{
        "url":"https:\/\/www.pinterest.com\/dailymail\/",
        "first_name":"Daily Mail",
        "last_name":"",
        "id":"536561880513118266"
      },
      "url":"https:\/\/www.pinterest.com\/pin\/536561743080382713\/",
      "media":{
        "type":"image"
      },
      "created_at":"2015-02-27T10:59:53",
      "original_link":"http:\/\/www.dailymail.co.uk\/tvshowbiz\/article-2971147\/Gigi-Hadid-oozes-supermodel-confidence-sports-vibrant-street-wear-inspired-ensembles-Moschino-Milan-Fashion-Week-show.html",
      "note":"Chilling:\u00a0Gigi recently revealed that she isn't a huge fan of the celebrity party-hard lifestyle enjoyed by so many of her fashion peers, but instead prefers spending nights in with her boyfriend Cody Simpson, heading to the movies with her friends - and indulging the odd fast food craving",
      "color":"#12120e",
      "link":"https:\/\/www.pinterest.com\/r\/pin\/536561743080382713\/4779055074072594921\/752eeb036393748d2a8fc062ea5cae0095a9dfbad2a26c11d65ab9d6b3480c90",
      "board":{
        "url":"https:\/\/www.pinterest.com\/dailymail\/celebrities\/",
        "id":"536561811793888186",
        "name":"Celebrities"
      },
      "image":{
        "original":{
          "url":"https:\/\/s-media-cache-ak0.pinimg.com\/originals\/90\/29\/d9\/9029d95c8c3c3c04f212e189447c448a.jpg",
          "width":306,
          "height":691
        }
      },
      "counts":{
        "likes":1,
        "comments":0,
        "repins":2
      },
      "id":"536561743080382713",
      "metadata":{
        "article":{
          "published_at":null,
          "description":"Gigi Hadid proved she is one of the most in demand models as she was seen walking yet another runway show on Thursday afternoon.",
          "name":"Gigi Hadid oozes supermodel confidence at Moschino MFW show",
          "authors":[]
        },
        "link":{
          "locale":"en_GB",
          "title":"Gigi Hadid oozes supermodel confidence at Moschino MFW show",
          "site_name":"Mail Online",
          "description":"Gigi Hadid proved she is one of the most in demand models as she was seen walking yet another runway show on Thursday afternoon.",
          "favicon":"https:\/\/s-media-cache-ak0.pinimg.com\/favicons\/ba8856b627a2bf282a5dab73c40812571f90daf57fe69780aa1096ab.ico?a8690769c53090d08b0560db0144a818"
        }
      }
    },
    {
      "attribution":{
        "title":"Moschino - Front Row - MFW FW2015",
        "provider_favicon_url":"https:\/\/s-passets-cache-ak0.pinimg.com\/images\/api\/attrib\/getty images.png",
        "author_name":"Venturelli",
        "url":"http:\/\/www.gettyimages.com\/detail\/464534880",
        "author_url":"http:\/\/www.gettyimages.com\/detail\/464534880",
        "provider_name":"Getty Images"
      },
      "creator":{
        "url":"https:\/\/www.pinterest.com\/dailymail\/",
        "first_name":"Daily Mail",
        "last_name":"",
        "id":"536561880513118266"
      },
      "url":"https:\/\/www.pinterest.com\/pin\/536561743080382704\/",
      "media":{
        "type":"image"
      },
      "created_at":"2015-02-27T10:59:19",
      "original_link":"http:\/\/www.dailymail.co.uk\/tvshowbiz\/article-2971147\/Gigi-Hadid-oozes-supermodel-confidence-sports-vibrant-street-wear-inspired-ensembles-Moschino-Milan-Fashion-Week-show.html",
      "note":"Frow: Vogue Japan's editor-in-chief\u00a0Anna Dello Russo was seen keeping warm in fur",
      "color":"#69442b",
      "link":"https:\/\/www.pinterest.com\/r\/pin\/536561743080382704\/4779055074072594921\/8babd18e700922bf3be77d4af54c3e9d3ed5e81641315b593203174ab42c1c88",
      "board":{
        "url":"https:\/\/www.pinterest.com\/dailymail\/celebrities\/",
        "id":"536561811793888186",
        "name":"Celebrities"
      },
      "image":{
        "original":{
          "url":"https:\/\/s-media-cache-ak0.pinimg.com\/originals\/a7\/d6\/1b\/a7d61b1e1b3820387ffa1e1512323275.jpg",
          "width":634,
          "height":951
        }
      },
      "counts":{
        "likes":0,
        "comments":0,
        "repins":0
      },
      "id":"536561743080382704",
      "metadata":{
        "article":{
          "published_at":null,
          "description":"Gigi Hadid proved she is one of the most in demand models as she was seen walking yet another runway show on Thursday afternoon.",
          "name":"Gigi Hadid oozes supermodel confidence at Moschino MFW show",
          "authors":[]
        },
        "link":{
          "locale":"en_GB",
          "title":"Gigi Hadid oozes supermodel confidence at Moschino MFW show",
          "site_name":"Mail Online",
          "description":"Gigi Hadid proved she is one of the most in demand models as she was seen walking yet another runway show on Thursday afternoon.",
          "favicon":"https:\/\/s-media-cache-ak0.pinimg.com\/favicons\/ba8856b627a2bf282a5dab73c40812571f90daf57fe69780aa1096ab.ico?a8690769c53090d08b0560db0144a818"
        }
      }
    },
    {
      "attribution":null,
      "creator":{
        "url":"https:\/\/www.pinterest.com\/dailymail\/",
        "first_name":"Daily Mail",
        "last_name":"",
        "id":"536561880513118266"
      },
      "url":"https:\/\/www.pinterest.com\/pin\/536561743080382686\/",
      "media":{
        "type":"image"
      },
      "created_at":"2015-02-27T10:57:44",
      "original_link":"http:\/\/www.dailymail.co.uk\/tvshowbiz\/article-2970723\/I-run-lot-throw-pint-ice-cream-Sports-Illustrated-model-Hannah-Ferguson-wows-lacy-lingerie-s-revealed-new-face-Triumph.html",
      "note":"Hannah Ferguson wows in the brand new campaign image for lingerie brand Triumph, which sees her wearing a\u00a0wired bra at \u00a356, and hipster briefs at \u00a337",
      "color":"#d6a895",
      "link":"https:\/\/www.pinterest.com\/r\/pin\/536561743080382686\/4779055074072594921\/b0ffe679b91dbdf199f0a1a04ad4d70331765ff650f71dff1363c71a8afdc4b0",
      "board":{
        "url":"https:\/\/www.pinterest.com\/dailymail\/celebrities\/",
        "id":"536561811793888186",
        "name":"Celebrities"
      },
      "image":{
        "original":{
          "url":"https:\/\/s-media-cache-ak0.pinimg.com\/originals\/7c\/52\/83\/7c52830ffdbe969f121ca102c19c8765.jpg",
          "width":634,
          "height":951
        }
      },
      "counts":{
        "likes":1,
        "comments":0,
        "repins":6
      },
      "id":"536561743080382686",
      "metadata":{
        "article":{
          "published_at":null,
          "description":"She's one of the modelling world's up and coming stars.",
          "name":"Hannah Ferguson wows in lacy lingerie as the new face of Triumph",
          "authors":[]
        },
        "link":{
          "locale":"en_GB",
          "title":"Hannah Ferguson wows in lacy lingerie as the new face of Triumph",
          "site_name":"Mail Online",
          "description":"She's one of the modelling world's up and coming stars.",
          "favicon":"https:\/\/s-media-cache-ak0.pinimg.com\/favicons\/ba8856b627a2bf282a5dab73c40812571f90daf57fe69780aa1096ab.ico?a8690769c53090d08b0560db0144a818"
        }
      }
    },
    {
      "attribution":null,
      "creator":{
        "url":"https:\/\/www.pinterest.com\/dailymail\/",
        "first_name":"Daily Mail",
        "last_name":"",
        "id":"536561880513118266"
      },
      "url":"https:\/\/www.pinterest.com\/pin\/536561743080382684\/",
      "media":{
        "type":"image"
      },
      "created_at":"2015-02-27T10:57:37",
      "original_link":"http:\/\/www.dailymail.co.uk\/tvshowbiz\/article-2970723\/I-run-lot-throw-pint-ice-cream-Sports-Illustrated-model-Hannah-Ferguson-wows-lacy-lingerie-s-revealed-new-face-Triumph.html",
      "note":"Star on the rise: The 23-year-old Hannah Ferguson - pictured at the Sports Illustrated Swimsuit Issue launch party in mid-February - has now appeared in the iconic magazine",
      "color":"#b9b1b1",
      "link":"https:\/\/www.pinterest.com\/r\/pin\/536561743080382684\/4779055074072594921\/673f2859e3ccdeb39b011b34af56c2dd51077f647327a99ebe614a29f48ffe4d",
      "board":{
        "url":"https:\/\/www.pinterest.com\/dailymail\/celebrities\/",
        "id":"536561811793888186",
        "name":"Celebrities"
      },
      "image":{
        "original":{
          "url":"https:\/\/s-media-cache-ak0.pinimg.com\/originals\/29\/69\/d0\/2969d0df11a16566af3a688a7bfadc0a.jpg",
          "width":634,
          "height":1093
        }
      },
      "counts":{
        "likes":0,
        "comments":0,
        "repins":1
      },
      "id":"536561743080382684",
      "metadata":{
        "article":{
          "published_at":null,
          "description":"She's one of the modelling world's up and coming stars.",
          "name":"Hannah Ferguson wows in lacy lingerie as the new face of Triumph",
          "authors":[]
        },
        "link":{
          "locale":"en_GB",
          "title":"Hannah Ferguson wows in lacy lingerie as the new face of Triumph",
          "site_name":"Mail Online",
          "description":"She's one of the modelling world's up and coming stars.",
          "favicon":"https:\/\/s-media-cache-ak0.pinimg.com\/favicons\/ba8856b627a2bf282a5dab73c40812571f90daf57fe69780aa1096ab.ico?a8690769c53090d08b0560db0144a818"
        }
      }
    },
    {
      "attribution":null,
      "creator":{
        "url":"https:\/\/www.pinterest.com\/dailymail\/",
        "first_name":"Daily Mail",
        "last_name":"",
        "id":"536561880513118266"
      },
      "url":"https:\/\/www.pinterest.com\/pin\/536561743080382670\/",
      "media":{
        "type":"image"
      },
      "created_at":"2015-02-27T10:56:09",
      "original_link":"http:\/\/www.dailymail.co.uk\/tvshowbiz\/article-2971136\/Jennifer-Lopez-45-looks-better-women-half-age-showing-abs-poses-kids-dogs.html",
      "note":"Glam: Jennifer Lopez and Benny Medina attend the 2015 Vanity Fair Oscar Party hosted by Graydon Carter at the Wallis Annenberg Center",
      "color":"#210f0f",
      "link":"https:\/\/www.pinterest.com\/r\/pin\/536561743080382670\/4779055074072594921\/1dc9721f9aeda8b12ff9193e599bc8158cca3a160a2d001e5796bfe3bf451e2d",
      "board":{
        "url":"https:\/\/www.pinterest.com\/dailymail\/celebrities\/",
        "id":"536561811793888186",
        "name":"Celebrities"
      },
      "image":{
        "original":{
          "url":"https:\/\/s-media-cache-ak0.pinimg.com\/originals\/a8\/a9\/c1\/a8a9c196b0b3eb86cd21804a2e3b1c5e.jpg",
          "width":634,
          "height":952
        }
      },
      "counts":{
        "likes":0,
        "comments":0,
        "repins":0
      },
      "id":"536561743080382670",
      "metadata":{
        "article":{
          "published_at":null,
          "description":"The American Idol judge says she works out every day and hates it. She also has been dabbling with a vegan diet. She is reportedly back on with ex Casper Smart.",
          "name":"Jennifer Lopez, 45, looks better than women half her age",
          "authors":[]
        },
        "link":{
          "locale":"en_GB",
          "title":"Jennifer Lopez, 45, looks better than women half her age",
          "site_name":"Mail Online",
          "description":"The American Idol judge says she works out every day and hates it. She also has been dabbling with a vegan diet. She is reportedly back on with ex Casper Smart.",
          "favicon":"https:\/\/s-media-cache-ak0.pinimg.com\/favicons\/ba8856b627a2bf282a5dab73c40812571f90daf57fe69780aa1096ab.ico?a8690769c53090d08b0560db0144a818"
        }
      }
    },
    {
      "attribution":null,
      "creator":{
        "url":"https:\/\/www.pinterest.com\/dailymail\/",
        "first_name":"Daily Mail",
        "last_name":"",
        "id":"536561880513118266"
      },
      "url":"https:\/\/www.pinterest.com\/pin\/536561743080382666\/",
      "media":{
        "type":"image"
      },
      "created_at":"2015-02-27T10:55:56",
      "original_link":"http:\/\/www.dailymail.co.uk\/tvshowbiz\/article-2971136\/Jennifer-Lopez-45-looks-better-women-half-age-showing-abs-poses-kids-dogs.html",
      "note":"Less is more! Eventually, J-Lo gave up wit the huge dress and transformed into a semi-sheer number at the Vanity Fair bash, where she posed with actor Jared Leto and actress Lupita Nyong'o",
      "color":"#523f35",
      "link":"https:\/\/www.pinterest.com\/r\/pin\/536561743080382666\/4779055074072594921\/65f601de3c4aa17d48b98ef9280514b5349ef39a1770964f31eca7bdfad4a7d5",
      "board":{
        "url":"https:\/\/www.pinterest.com\/dailymail\/celebrities\/",
        "id":"536561811793888186",
        "name":"Celebrities"
      },
      "image":{
        "original":{
          "url":"https:\/\/s-media-cache-ak0.pinimg.com\/originals\/f6\/dd\/1d\/f6dd1d38bf1734e62cc7715fdaeb88b7.jpg",
          "width":634,
          "height":956
        }
      },
      "counts":{
        "likes":0,
        "comments":0,
        "repins":4
      },
      "id":"536561743080382666",
      "metadata":{
        "article":{
          "published_at":null,
          "description":"The American Idol judge says she works out every day and hates it. She also has been dabbling with a vegan diet. She is reportedly back on with ex Casper Smart.",
          "name":"Jennifer Lopez, 45, looks better than women half her age",
          "authors":[]
        },
        "link":{
          "locale":"en_GB",
          "title":"Jennifer Lopez, 45, looks better than women half her age",
          "site_name":"Mail Online",
          "description":"The American Idol judge says she works out every day and hates it. She also has been dabbling with a vegan diet. She is reportedly back on with ex Casper Smart.",
          "favicon":"https:\/\/s-media-cache-ak0.pinimg.com\/favicons\/ba8856b627a2bf282a5dab73c40812571f90daf57fe69780aa1096ab.ico?a8690769c53090d08b0560db0144a818"
        }
      }
    },
    {
      "attribution":null,
      "creator":{
        "url":"https:\/\/www.pinterest.com\/dailymail\/",
        "first_name":"Daily Mail",
        "last_name":"",
        "id":"536561880513118266"
      },
      "url":"https:\/\/www.pinterest.com\/pin\/536561743080382644\/",
      "media":{
        "type":"image"
      },
      "created_at":"2015-02-27T10:52:30",
      "original_link":"http:\/\/www.dailymail.co.uk\/tvshowbiz\/article-2971366\/Miley-Cyrus-covers-buy-groceries-mom-Tish-t-help-showing-midriff-crop-top.html",
      "note":"Miley Cyrus attends Elton John's AIDS Foundation Oscar party in West Hollywood, wearing a multi-coloured heart print on her Schiaparelli Haute Couture jumpsuit with coral orange lip colour",
      "color":"#2a1a32",
      "link":"https:\/\/www.pinterest.com\/r\/pin\/536561743080382644\/4779055074072594921\/6ee061db70a0d054a1bd741b347929c09054bef7211221eba48af628cafae502",
      "board":{
        "url":"https:\/\/www.pinterest.com\/dailymail\/celebrities\/",
        "id":"536561811793888186",
        "name":"Celebrities"
      },
      "image":{
        "original":{
          "url":"https:\/\/s-media-cache-ak0.pinimg.com\/originals\/2e\/8f\/2f\/2e8f2f41916e5d27113c543d834182c5.jpg",
          "width":634,
          "height":963
        }
      },
      "counts":{
        "likes":0,
        "comments":0,
        "repins":1
      },
      "id":"536561743080382644",
      "metadata":{
        "article":{
          "published_at":null,
          "description":"Miley is known for not being shy about putting her body on display, often wearing raunchy outfit. And while she was relatively covered up, she still couldn't resist showing a bit of skin on Wednesday.",
          "name":"Miley Cyrus grocery shops as she flaunts toned midriff in crop top",
          "authors":[]
        },
        "link":{
          "locale":"en_GB",
          "title":"Miley Cyrus grocery shops as she flaunts toned midriff in crop top",
          "site_name":"Mail Online",
          "description":"Miley is known for not being shy about putting her body on display, often wearing raunchy outfit. And while she was relatively covered up, she still couldn't resist showing a bit of skin on Wednesday.",
          "favicon":"https:\/\/s-media-cache-ak0.pinimg.com\/favicons\/ba8856b627a2bf282a5dab73c40812571f90daf57fe69780aa1096ab.ico?a8690769c53090d08b0560db0144a818"
        }
      }
    },
    {
      "attribution":null,
      "creator":{
        "url":"https:\/\/www.pinterest.com\/dailymail\/",
        "first_name":"Daily Mail",
        "last_name":"",
        "id":"536561880513118266"
      },
      "url":"https:\/\/www.pinterest.com\/pin\/536561743080382636\/",
      "media":{
        "type":"image"
      },
      "created_at":"2015-02-27T10:51:23",
      "original_link":"http:\/\/www.dailymail.co.uk\/tvshowbiz\/article-2971171\/WORLD-PICTURE-EXCLUSIVE-Oh-Eddie-make-wonderful-woman-picture-Oscar-winner-Redmayne-latest-role-transgender-pioneer.html",
      "note":"Celebrations: Redmayne grips his Best Actor Oscar as he poses with Jared Leto, left, and Lupita Nyong'o at the Vanity Fair party in Beverly Hills, California, after the Academy Awards ceremony\u00a0earlier this week",
      "color":"#2a181d",
      "link":"https:\/\/www.pinterest.com\/r\/pin\/536561743080382636\/4779055074072594921\/097f47f1fb9f21f0ee8ea2c16ff9484e9bdccf98df925349605566f986f87946",
      "board":{
        "url":"https:\/\/www.pinterest.com\/dailymail\/celebrities\/",
        "id":"536561811793888186",
        "name":"Celebrities"
      },
      "image":{
        "original":{
          "url":"https:\/\/s-media-cache-ak0.pinimg.com\/originals\/bd\/2d\/5e\/bd2d5e0906d0635f4b105cf277cd1801.jpg",
          "width":634,
          "height":476
        }
      },
      "counts":{
        "likes":1,
        "comments":0,
        "repins":2
      },
      "id":"536561743080382636",
      "metadata":{
        "article":{
          "published_at":null,
          "description":"In his latest project the Theory Of Everything star plays 1920s transgender pioneer Einar Wegener, later known as Lili Elbe, an artist who began dressing in women's clothes to pose for paintings by his wife.",
          "name":"WORLD PICTURE EXCLUSIVE: Oh Eddie, you do make a wonderful woman",
          "authors":[]
        },
        "link":{
          "locale":"en_GB",
          "title":"WORLD PICTURE EXCLUSIVE: Oh Eddie, you do make a wonderful woman",
          "site_name":"Mail Online",
          "description":"In his latest project the Theory Of Everything star plays 1920s transgender pioneer Einar Wegener, later known as Lili Elbe, an artist who began dressing in women's clothes to pose for paintings by his wife.",
          "favicon":"https:\/\/s-media-cache-ak0.pinimg.com\/favicons\/ba8856b627a2bf282a5dab73c40812571f90daf57fe69780aa1096ab.ico?a8690769c53090d08b0560db0144a818"
        }
      }
    },
    {
      "attribution":null,
      "creator":{
        "url":"https:\/\/www.pinterest.com\/dailymail\/",
        "first_name":"Daily Mail",
        "last_name":"",
        "id":"536561880513118266"
      },
      "url":"https:\/\/www.pinterest.com\/pin\/536561743080382570\/",
      "media":{
        "type":"image"
      },
      "created_at":"2015-02-27T10:36:02",
      "original_link":"http:\/\/www.dailymail.co.uk\/tvshowbiz\/article-2970997\/Christina-Aguilera-follows-Britney-Spears-impression-flawless-impersonation-Kim-Cattrall-Sex-City.html",
      "note":"Career move? The Voice judge Christina Aguilera, seen here at the\u00a0Vanity Fair Oscar Party on Monday, revealed she might like a move into acting",
      "color":"#99886c",
      "link":"https:\/\/www.pinterest.com\/r\/pin\/536561743080382570\/4779055074072594921\/eaac9008bca601bc3e8b4fc89ae578cc0594931a9687b5b6febed610ee96992d",
      "board":{
        "url":"https:\/\/www.pinterest.com\/dailymail\/celebrities\/",
        "id":"536561811793888186",
        "name":"Celebrities"
      },
      "image":{
        "original":{
          "url":"https:\/\/s-media-cache-ak0.pinimg.com\/originals\/21\/25\/df\/2125df6077f3137b6c5c08687fbb3907.jpg",
          "width":634,
          "height":979
        }
      },
      "counts":{
        "likes":0,
        "comments":0,
        "repins":1
      },
      "id":"536561743080382570",
      "metadata":{
        "article":{
          "published_at":null,
          "description":"If Christina Aguilera's singing career ever falters, she certainly has a back-up career in celebrity impersonations The 34-year-old did a near-perfect Samantha Jones on Wednesday night",
          "name":"Christina Aguilera nails impression of Sex And The City's Samantha",
          "authors":[]
        },
        "link":{
          "locale":"en_GB",
          "title":"Christina Aguilera nails impression of Sex And The City's Samantha",
          "site_name":"Mail Online",
          "description":"If Christina Aguilera's singing career ever falters, she certainly has a back-up career in celebrity impersonations The 34-year-old did a near-perfect Samantha Jones on Wednesday night",
          "favicon":"https:\/\/s-media-cache-ak0.pinimg.com\/favicons\/ba8856b627a2bf282a5dab73c40812571f90daf57fe69780aa1096ab.ico?a8690769c53090d08b0560db0144a818"
        }
      }
    },
    {
      "attribution":null,
      "creator":{
        "url":"https:\/\/www.pinterest.com\/dailymail\/",
        "first_name":"Daily Mail",
        "last_name":"",
        "id":"536561880513118266"
      },
      "url":"https:\/\/www.pinterest.com\/pin\/536561743080382483\/",
      "media":{
        "type":"image"
      },
      "created_at":"2015-02-27T10:07:51",
      "original_link":"http:\/\/www.dailymail.co.uk\/tvshowbiz\/article-2970997\/Christina-Aguilera-follows-Britney-Spears-impression-flawless-impersonation-Kim-Cattrall-Sex-City.html",
      "note":"She's got it down: Christina Aguilera amazed Jimmy Fallon with a hilarious musical impression of Britney Spears during a visit to The Tonight Show",
      "color":"#66442a",
      "link":"https:\/\/www.pinterest.com\/r\/pin\/536561743080382483\/4779055074072594921\/0bcb4cbd5bdf7a31d3fe2895fd47bdd747f133edf8ba496f8bf1197089b0f267",
      "board":{
        "url":"https:\/\/www.pinterest.com\/dailymail\/celebrities\/",
        "id":"536561811793888186",
        "name":"Celebrities"
      },
      "image":{
        "original":{
          "url":"https:\/\/s-media-cache-ak0.pinimg.com\/originals\/a8\/99\/57\/a89957cb1610bf3f99da30e946e165b5.jpg",
          "width":634,
          "height":448
        }
      },
      "counts":{
        "likes":1,
        "comments":0,
        "repins":0
      },
      "id":"536561743080382483",
      "metadata":{
        "article":{
          "published_at":null,
          "description":"If Christina Aguilera's singing career ever falters, she certainly has a back-up career in celebrity impersonations The 34-year-old did a near-perfect Samantha Jones on Wednesday night",
          "name":"Christina Aguilera nails impression of Sex And The City's Samantha",
          "authors":[]
        },
        "link":{
          "locale":"en_GB",
          "title":"Christina Aguilera nails impression of Sex And The City's Samantha",
          "site_name":"Mail Online",
          "description":"If Christina Aguilera's singing career ever falters, she certainly has a back-up career in celebrity impersonations The 34-year-old did a near-perfect Samantha Jones on Wednesday night",
          "favicon":"https:\/\/s-media-cache-ak0.pinimg.com\/favicons\/ba8856b627a2bf282a5dab73c40812571f90daf57fe69780aa1096ab.ico?a8690769c53090d08b0560db0144a818"
        }
      }
    },
    {
      "attribution":null,
      "creator":{
        "url":"https:\/\/www.pinterest.com\/dailymail\/",
        "first_name":"Daily Mail",
        "last_name":"",
        "id":"536561880513118266"
      },
      "url":"https:\/\/www.pinterest.com\/pin\/536561743080382478\/",
      "media":{
        "type":"image"
      },
      "created_at":"2015-02-27T10:06:33",
      "original_link":"http:\/\/www.dailymail.co.uk\/femail\/article-2970778\/I-m-grandma-bedtime-10pm-Model-Gigi-Hadid-19-admits-avoiding-Hollywood-party-scene-reveals-details-daily-beauty-routine.html",
      "note":"Fashionable friends: Gigi, pictured here with fellow models Kendall Jenner and Karlie Kloss, admitted that she loves spending time with her friends, relaxing away from the runway",
      "color":"#a29385",
      "link":"https:\/\/www.pinterest.com\/r\/pin\/536561743080382478\/4779055074072594921\/930ba356d39170c37ce498ed6571c01fe2624d76afc365c32c46a7e4d5f1009f",
      "board":{
        "url":"https:\/\/www.pinterest.com\/dailymail\/celebrities\/",
        "id":"536561811793888186",
        "name":"Celebrities"
      },
      "image":{
        "original":{
          "url":"https:\/\/s-media-cache-ak0.pinimg.com\/originals\/b2\/8f\/f3\/b28ff376393f5a0b72d56c8baa933768.jpg",
          "width":634,
          "height":636
        }
      },
      "counts":{
        "likes":0,
        "comments":0,
        "repins":2
      },
      "id":"536561743080382478",
      "metadata":{
        "article":{
          "published_at":null,
          "description":"Gigi Hadid, who is currently working at Milan Fashion Week, revealed that she prefers spending her evenings in with her boyfriend Cody Simpson, rather than attending lavish celebrity events.",
          "name":"Model Gigi Hadid, 19, admits to avoiding the Hollywood party scene",
          "authors":[]
        },
        "link":{
          "locale":"en_GB",
          "title":"Model Gigi Hadid, 19, admits to avoiding the Hollywood party scene",
          "site_name":"Mail Online",
          "description":"Gigi Hadid, who is currently working at Milan Fashion Week, revealed that she prefers spending her evenings in with her boyfriend Cody Simpson, rather than attending lavish celebrity events.",
          "favicon":"https:\/\/s-media-cache-ak0.pinimg.com\/favicons\/ba8856b627a2bf282a5dab73c40812571f90daf57fe69780aa1096ab.ico?a8690769c53090d08b0560db0144a818"
        }
      }
    },
    {
      "attribution":null,
      "creator":{
        "url":"https:\/\/www.pinterest.com\/dailymail\/",
        "first_name":"Daily Mail",
        "last_name":"",
        "id":"536561880513118266"
      },
      "url":"https:\/\/www.pinterest.com\/pin\/536561743080382464\/",
      "media":{
        "type":"image"
      },
      "created_at":"2015-02-27T10:04:35",
      "original_link":"http:\/\/www.dailymail.co.uk\/femail\/article-2970778\/I-m-grandma-bedtime-10pm-Model-Gigi-Hadid-19-admits-avoiding-Hollywood-party-scene-reveals-details-daily-beauty-routine.html",
      "note":"19-year-old model Gigi hadid confessed that she tends to only attend late night events during Fashion Week, when she can enjoy an evening out with her friends",
      "color":"#858fa4",
      "link":"https:\/\/www.pinterest.com\/r\/pin\/536561743080382464\/4779055074072594921\/d97cc4981baf714433b158d75512b89d215e59d98d8bdc3bfe34661bb448e682",
      "board":{
        "url":"https:\/\/www.pinterest.com\/dailymail\/celebrities\/",
        "id":"536561811793888186",
        "name":"Celebrities"
      },
      "image":{
        "original":{
          "url":"https:\/\/s-media-cache-ak0.pinimg.com\/originals\/99\/09\/94\/9909945c8baf31a66dc9be8190c687b1.jpg",
          "width":306,
          "height":915
        }
      },
      "counts":{
        "likes":1,
        "comments":0,
        "repins":8
      },
      "id":"536561743080382464",
      "metadata":{
        "article":{
          "published_at":null,
          "description":"Gigi Hadid, who is currently working at Milan Fashion Week, revealed that she prefers spending her evenings in with her boyfriend Cody Simpson, rather than attending lavish celebrity events.",
          "name":"Model Gigi Hadid, 19, admits to avoiding the Hollywood party scene",
          "authors":[]
        },
        "link":{
          "locale":"en_GB",
          "title":"Model Gigi Hadid, 19, admits to avoiding the Hollywood party scene",
          "site_name":"Mail Online",
          "description":"Gigi Hadid, who is currently working at Milan Fashion Week, revealed that she prefers spending her evenings in with her boyfriend Cody Simpson, rather than attending lavish celebrity events.",
          "favicon":"https:\/\/s-media-cache-ak0.pinimg.com\/favicons\/ba8856b627a2bf282a5dab73c40812571f90daf57fe69780aa1096ab.ico?a8690769c53090d08b0560db0144a818"
        }
      }
    },
    {
      "attribution":null,
      "creator":{
        "url":"https:\/\/www.pinterest.com\/dailymail\/",
        "first_name":"Daily Mail",
        "last_name":"",
        "id":"536561880513118266"
      },
      "url":"https:\/\/www.pinterest.com\/pin\/536561743080382462\/",
      "media":{
        "type":"image"
      },
      "created_at":"2015-02-27T10:04:11",
      "original_link":"http:\/\/www.dailymail.co.uk\/femail\/article-2970778\/I-m-grandma-bedtime-10pm-Model-Gigi-Hadid-19-admits-avoiding-Hollywood-party-scene-reveals-details-daily-beauty-routine.html",
      "note":"Fresh-faced beauty: Gigi Hadid, pictured on the Max Mara runway at Milan Fashion Week on Thursday morning, has admitted that she isn't a fan of late night parties and events",
      "color":"#a1766c",
      "link":"https:\/\/www.pinterest.com\/r\/pin\/536561743080382462\/4779055074072594921\/d5578b493dfeca5a2676e845f06f400f143da70690fe786bb9714e250785d5f8",
      "board":{
        "url":"https:\/\/www.pinterest.com\/dailymail\/celebrities\/",
        "id":"536561811793888186",
        "name":"Celebrities"
      },
      "image":{
        "original":{
          "url":"https:\/\/s-media-cache-ak0.pinimg.com\/originals\/e5\/58\/8f\/e5588f2c52ee3baccc6a8b994dec658f.jpg",
          "width":634,
          "height":710
        }
      },
      "counts":{
        "likes":0,
        "comments":0,
        "repins":1
      },
      "id":"536561743080382462",
      "metadata":{
        "article":{
          "published_at":null,
          "description":"Gigi Hadid, who is currently working at Milan Fashion Week, revealed that she prefers spending her evenings in with her boyfriend Cody Simpson, rather than attending lavish celebrity events.",
          "name":"Model Gigi Hadid, 19, admits to avoiding the Hollywood party scene",
          "authors":[]
        },
        "link":{
          "locale":"en_GB",
          "title":"Model Gigi Hadid, 19, admits to avoiding the Hollywood party scene",
          "site_name":"Mail Online",
          "description":"Gigi Hadid, who is currently working at Milan Fashion Week, revealed that she prefers spending her evenings in with her boyfriend Cody Simpson, rather than attending lavish celebrity events.",
          "favicon":"https:\/\/s-media-cache-ak0.pinimg.com\/favicons\/ba8856b627a2bf282a5dab73c40812571f90daf57fe69780aa1096ab.ico?a8690769c53090d08b0560db0144a818"
        }
      }
    },
    {
      "attribution":null,
      "creator":{
        "url":"https:\/\/www.pinterest.com\/dailymail\/",
        "first_name":"Daily Mail",
        "last_name":"",
        "id":"536561880513118266"
      },
      "url":"https:\/\/www.pinterest.com\/pin\/536561743080382457\/",
      "media":{
        "type":"image"
      },
      "created_at":"2015-02-27T10:03:19",
      "original_link":"http:\/\/www.dailymail.co.uk\/tvshowbiz\/article-2971485\/Candice-Swanepoel-goes-topless-Victoria-s-Secret-Swimsuit-special.html",
      "note":"Wonder in white: Martha Hunt, 26, showed off her fantastic figure in a white top and matching tiny shorts as she promoted the Victoria's Secret Swim Special in Key Biscayne, Florida",
      "color":"#88835f",
      "link":"https:\/\/www.pinterest.com\/r\/pin\/536561743080382457\/4779055074072594921\/9edbf85bdb1051af65be0d249e2b7c18956676a271b8554d73b08f843f73e345",
      "board":{
        "url":"https:\/\/www.pinterest.com\/dailymail\/celebrities\/",
        "id":"536561811793888186",
        "name":"Celebrities"
      },
      "image":{
        "original":{
          "url":"https:\/\/s-media-cache-ak0.pinimg.com\/originals\/3c\/c2\/db\/3cc2db9696546c8d18b39d6b87edea53.jpg",
          "width":634,
          "height":817
        }
      },
      "counts":{
        "likes":0,
        "comments":0,
        "repins":1
      },
      "id":"536561743080382457",
      "metadata":{
        "article":{
          "published_at":null,
          "description":"Candice Swanepoel and Adriana Lima could not help but playfully banter about who is the sexiest Angel during the Victoria's Secret Swimsuit special.",
          "name":"Candice Swanepoel goes topless for Victoria's Secret Swimsuit special",
          "authors":[]
        },
        "link":{
          "locale":"en_GB",
          "title":"Candice Swanepoel goes topless for Victoria's Secret Swimsuit special",
          "site_name":"Mail Online",
          "description":"Candice Swanepoel and Adriana Lima could not help but playfully banter about who is the sexiest Angel during the Victoria's Secret Swimsuit special.",
          "favicon":"https:\/\/s-media-cache-ak0.pinimg.com\/favicons\/ba8856b627a2bf282a5dab73c40812571f90daf57fe69780aa1096ab.ico?a8690769c53090d08b0560db0144a818"
        }
      }
    },
    {
      "attribution":null,
      "creator":{
        "url":"https:\/\/www.pinterest.com\/dailymail\/",
        "first_name":"Daily Mail",
        "last_name":"",
        "id":"536561880513118266"
      },
      "url":"https:\/\/www.pinterest.com\/pin\/536561743080382414\/",
      "media":{
        "type":"image"
      },
      "created_at":"2015-02-27T09:50:57",
      "original_link":"http:\/\/www.dailymail.co.uk\/tvshowbiz\/article-2971718\/Cara-Delevingne-wears-positive-T-shirt-fedora-hat-joggers-gives-Milan-Fashion-Week-amiss-favour-LA.html",
      "note":"Supermodel Cara poses for a selfie with pals Ellie Goulding, Taylor Swift and Karlie Kloss",
      "color":"#8a3e4a",
      "link":"https:\/\/www.pinterest.com\/r\/pin\/536561743080382414\/4779055074072594921\/7b0bcb26d90215b1c073fc446823b2ea327a0429c2e1068f71ca09a721384c81",
      "board":{
        "url":"https:\/\/www.pinterest.com\/dailymail\/celebrities\/",
        "id":"536561811793888186",
        "name":"Celebrities"
      },
      "image":{
        "original":{
          "url":"https:\/\/s-media-cache-ak0.pinimg.com\/originals\/bb\/48\/e0\/bb48e093efc9b3632c7a9dd47fd76ecd.jpg",
          "width":634,
          "height":638
        }
      },
      "counts":{
        "likes":0,
        "comments":0,
        "repins":2
      },
      "id":"536561743080382414",
      "metadata":{
        "article":{
          "published_at":null,
          "description":"Cara Delevingne doesn't look like she'll be seen on a Milan Fashion Week runway.",
          "name":"Cara Delevingne gives Milan Fashion Week a miss in favour of LA",
          "authors":[]
        },
        "link":{
          "locale":"en_GB",
          "title":"Cara Delevingne gives Milan Fashion Week a miss in favour of LA",
          "site_name":"Mail Online",
          "description":"Cara Delevingne doesn't look like she'll be seen on a Milan Fashion Week runway.",
          "favicon":"https:\/\/s-media-cache-ak0.pinimg.com\/favicons\/ba8856b627a2bf282a5dab73c40812571f90daf57fe69780aa1096ab.ico?a8690769c53090d08b0560db0144a818"
        }
      }
    },
    {
      "attribution":null,
      "creator":{
        "url":"https:\/\/www.pinterest.com\/dailymail\/",
        "first_name":"Daily Mail",
        "last_name":"",
        "id":"536561880513118266"
      },
      "url":"https:\/\/www.pinterest.com\/pin\/536561743080382407\/",
      "media":{
        "type":"image"
      },
      "created_at":"2015-02-27T09:49:36",
      "original_link":"http:\/\/www.dailymail.co.uk\/tvshowbiz\/article-2971718\/Cara-Delevingne-wears-positive-T-shirt-fedora-hat-joggers-gives-Milan-Fashion-Week-amiss-favour-LA.html",
      "note":"Cara Delevingne arrives at LAX airport looking pretty hip in a fedora hat and joggers",
      "color":"#4e453a",
      "link":"https:\/\/www.pinterest.com\/r\/pin\/536561743080382407\/4779055074072594921\/b9bd15b1ae93ba2dafea287c9781be880d3096de3fc4e5332fdf034ac20375d2",
      "board":{
        "url":"https:\/\/www.pinterest.com\/dailymail\/celebrities\/",
        "id":"536561811793888186",
        "name":"Celebrities"
      },
      "image":{
        "original":{
          "url":"https:\/\/s-media-cache-ak0.pinimg.com\/originals\/f6\/27\/e1\/f627e1e6622e1f08284f1f19814b26fe.jpg",
          "width":634,
          "height":955
        }
      },
      "counts":{
        "likes":0,
        "comments":0,
        "repins":3
      },
      "id":"536561743080382407",
      "metadata":{
        "article":{
          "published_at":null,
          "description":"Cara Delevingne doesn't look like she'll be seen on a Milan Fashion Week runway.",
          "name":"Cara Delevingne gives Milan Fashion Week a miss in favour of LA",
          "authors":[]
        },
        "link":{
          "locale":"en_GB",
          "title":"Cara Delevingne gives Milan Fashion Week a miss in favour of LA",
          "site_name":"Mail Online",
          "description":"Cara Delevingne doesn't look like she'll be seen on a Milan Fashion Week runway.",
          "favicon":"https:\/\/s-media-cache-ak0.pinimg.com\/favicons\/ba8856b627a2bf282a5dab73c40812571f90daf57fe69780aa1096ab.ico?a8690769c53090d08b0560db0144a818"
        }
      }
    }
  ],
  "page":{
    "cursor":"LT41MzY1NjE3NDMwODAzODI0MDc6ODkwfDA1MjMwMzA0ZTc2Zjk4MDM0YzMwYjFhZmRjMjRjZTk1OTVmNTZhNTI1MjllNGIzZjc4YTI0YzRhNmZiYjk2ZDY=",
    "next":"https:\/\/api.pinterest.com\/v1\/boards\/dailymail\/celebrities\/pins\/?access_token=AZlZE-HOK-Y4205yRft75KyYVaauFCBIs8jxSxdCtrJcomAqbQAAAAA&fields=id%2Clink%2Cnote%2Curl%2Cattribution%2Cmedia%2Cmetadata%2Cboard%2Ccolor%2Ccounts%2Ccreated_at%2Ccreator%2Cimage%2Coriginal_link&cursor=LT41MzY1NjE3NDMwODAzODI0MDc6ODkwfDA1MjMwMzA0ZTc2Zjk4MDM0YzMwYjFhZmRjMjRjZTk1OTVmNTZhNTI1MjllNGIzZjc4YTI0YzRhNmZiYjk2ZDY%3D"
  }
}
