{
  "data":[
    {
      "attribution":null,
      "creator":{
        "url":"https:\/\/www.pinterest.com\/buzzfeedstyle\/",
        "first_name":"BuzzFeed Style",
        "last_name":"",
        "id":"334111003514000838"
      },
      "url":"https:\/\/www.pinterest.com\/pin\/137500594848416559\/",
      "media":{
        "type":"image"
      },
      "created_at":"2014-08-31T17:01:15",
      "original_link":"http:\/\/www.buzzfeed.com\/krystieyandoli\/photos-of-gabrielle-union-and-dwyane-wade-that-prove-love?crlt.pid=camp.RxoiYwasrPe4#lnetou",
      "note":"Gabrielle Union + Dwyane Wade",
      "color":"#8f6049",
      "link":"https:\/\/www.pinterest.com\/r\/pin\/137500594848416559\/4779055074072594921\/83f791dc8b8319e7cd64b970cfdbcada8f9c298a01d449519e4cf8da8d7de01f",
      "board":{
        "url":"https:\/\/www.pinterest.com\/buzzfeed\/celebrities\/",
        "id":"137500663562161555",
        "name":"Celebrities"
      },
      "image":{
        "original":{
          "url":"https:\/\/s-media-cache-ak0.pinimg.com\/originals\/da\/25\/0b\/da250b8cd82a190b498927f68fd62c89.jpg",
          "width":306,
          "height":306
        }
      },
      "counts":{
        "likes":11,
        "comments":0,
        "repins":10
      },
      "id":"137500594848416559",
      "metadata":{
        "article":{
          "published_at":null,
          "description":"Cutest couple ever. In honor of #TheWadeUnion.",
          "name":"24 Photos Of Gabrielle Union And Dwyane Wade That Prove Love Is Real",
          "authors":[]
        },
        "link":{
          "locale":"en",
          "title":"24 Photos Of Gabrielle Union And Dwyane Wade That Prove Love Is Real",
          "site_name":"BuzzFeed",
          "description":"Cutest couple ever. In honor of #TheWadeUnion...",
          "favicon":"https:\/\/s-media-cache-ak0.pinimg.com\/favicons\/5a2f3ddebb24221ec8a631ee05b7e6418bbb2e7de0f019eab2dd7b32.png?6f90f349a263fafae3843e9decf2812a"
        }
      }
    },
    {
      "attribution":null,
      "creator":{
        "url":"https:\/\/www.pinterest.com\/buzzfeedstyle\/",
        "first_name":"BuzzFeed Style",
        "last_name":"",
        "id":"334111003514000838"
      },
      "url":"https:\/\/www.pinterest.com\/pin\/137500594848411402\/",
      "media":{
        "type":"image"
      },
      "created_at":"2014-08-30T16:54:25",
      "original_link":"http:\/\/www.buzzfeed.com\/melissaharrison\/lauren-conrad-designed-bridesmaids-dresses?bfpi&crlt.pid=camp.7X19uph7c2Ug",
      "note":"Ahead of her own wedding, Lauren Conrad just debuted a line of bridesmaids dresses. {See the looks}",
      "color":"#dba996",
      "link":"https:\/\/www.pinterest.com\/r\/pin\/137500594848411402\/4779055074072594921\/7068b28569e9e6df0576743eb6dac48c9dbe4d7e53ddecc77c02edbf10078653",
      "board":{
        "url":"https:\/\/www.pinterest.com\/buzzfeed\/celebrities\/",
        "id":"137500663562161555",
        "name":"Celebrities"
      },
      "image":{
        "original":{
          "url":"https:\/\/s-media-cache-ak0.pinimg.com\/originals\/e2\/c6\/ae\/e2c6ae6556d0e6088be94ee699371959.jpg",
          "width":306,
          "height":306
        }
      },
      "counts":{
        "likes":7,
        "comments":0,
        "repins":6
      },
      "id":"137500594848411402",
      "metadata":{
        "article":{
          "published_at":null,
          "description":"(P)interesting.",
          "name":"This Is What A Bridesmaid's Dress Designed By Lauren Conrad Looks Like",
          "authors":[]
        },
        "link":{
          "locale":"en",
          "title":"This Is What A Bridesmaid's Dress Designed By Lauren Conrad Looks Like",
          "site_name":"BuzzFeed",
          "description":"(P)interesting...",
          "favicon":"https:\/\/s-media-cache-ak0.pinimg.com\/favicons\/5a2f3ddebb24221ec8a631ee05b7e6418bbb2e7de0f019eab2dd7b32.png?6f90f349a263fafae3843e9decf2812a"
        }
      }
    },
    {
      "attribution":null,
      "creator":{
        "url":"https:\/\/www.pinterest.com\/buzzfeed\/",
        "first_name":"BuzzFeed",
        "last_name":"",
        "id":"137500732281587055"
      },
      "url":"https:\/\/www.pinterest.com\/pin\/137500594848398295\/",
      "media":{
        "type":"image"
      },
      "created_at":"2014-08-27T21:05:36",
      "original_link":"http:\/\/www.buzzfeed.com\/claudiakoerner\/claire-danes-wore-kim-kardashians-wedding-dress-to-the-emmys",
      "note":"The ladies share a love for Givenchy, apparently. Who wore it better?",
      "color":"#e6dbdf",
      "link":"https:\/\/www.pinterest.com\/r\/pin\/137500594848398295\/4779055074072594921\/badb56f95844789a5327c7301fa05678dd96aae45cfc7ef42e5132fb0cb32262",
      "board":{
        "url":"https:\/\/www.pinterest.com\/buzzfeed\/celebrities\/",
        "id":"137500663562161555",
        "name":"Celebrities"
      },
      "image":{
        "original":{
          "url":"https:\/\/s-media-cache-ak0.pinimg.com\/originals\/80\/dc\/4d\/80dc4de087b2d420cb6ec1c79d285fe0.jpg",
          "width":625,
          "height":955
        }
      },
      "counts":{
        "likes":1,
        "comments":1,
        "repins":8
      },
      "id":"137500594848398295",
      "metadata":{
        "article":{
          "published_at":null,
          "description":"The ladies share a love for Givenchy, apparently. Who wore it better?",
          "name":"Claire Danes Wore Kim Kardashian's Wedding Dress To The Emmys",
          "authors":[]
        },
        "link":{
          "locale":"en",
          "title":"Claire Danes Wore Kim Kardashian's Wedding Dress To The Emmys",
          "site_name":"BuzzFeed",
          "description":"The ladies share a love for Givenchy, apparently. Who wore it better?..",
          "favicon":"https:\/\/s-media-cache-ak0.pinimg.com\/favicons\/5a2f3ddebb24221ec8a631ee05b7e6418bbb2e7de0f019eab2dd7b32.png?6f90f349a263fafae3843e9decf2812a"
        }
      }
    },
    {
      "attribution":null,
      "creator":{
        "url":"https:\/\/www.pinterest.com\/buzzfeed\/",
        "first_name":"BuzzFeed",
        "last_name":"",
        "id":"137500732281587055"
      },
      "url":"https:\/\/www.pinterest.com\/pin\/137500594848397673\/",
      "media":{
        "type":"image"
      },
      "created_at":"2014-08-27T17:12:20",
      "original_link":"http:\/\/www.buzzfeed.com\/fabordrab?id=3428679",
      "note":"Kristen Wiig",
      "color":"#f5e9e7",
      "link":"https:\/\/www.pinterest.com\/r\/pin\/137500594848397673\/4779055074072594921\/d8f1f0bb4ebb83ee172389b9c2e733c75eab57ccb1040e09984f460415b112c3",
      "board":{
        "url":"https:\/\/www.pinterest.com\/buzzfeed\/celebrities\/",
        "id":"137500663562161555",
        "name":"Celebrities"
      },
      "image":{
        "original":{
          "url":"https:\/\/s-media-cache-ak0.pinimg.com\/originals\/d6\/5c\/ab\/d65cab3de9c958f1f273bd0073b256d9.jpg",
          "width":625,
          "height":941
        }
      },
      "counts":{
        "likes":10,
        "comments":0,
        "repins":19
      },
      "id":"137500594848397673",
      "metadata":{
      }
    },
    {
      "attribution":null,
      "creator":{
        "url":"https:\/\/www.pinterest.com\/buzzfeed\/",
        "first_name":"BuzzFeed",
        "last_name":"",
        "id":"137500732281587055"
      },
      "url":"https:\/\/www.pinterest.com\/pin\/137500594848392137\/",
      "media":{
        "type":"image"
      },
      "created_at":"2014-08-26T15:18:44",
      "original_link":"http:\/\/www.buzzfeed.com\/juliegerstein\/the-guys-were-also-bringing-it-at-the-emmys#122og2q",
      "note":"Jon Hamm made the difficult decision not to shave. It did not affect his attractiveness at all.",
      "color":"#f9d0bb",
      "link":"https:\/\/www.pinterest.com\/r\/pin\/137500594848392137\/4779055074072594921\/8bd6929e726e3bc04b3ecb92db5b8d7cca6f2492ae84badfe2ce7d67df91c289",
      "board":{
        "url":"https:\/\/www.pinterest.com\/buzzfeed\/celebrities\/",
        "id":"137500663562161555",
        "name":"Celebrities"
      },
      "image":{
        "original":{
          "url":"https:\/\/s-media-cache-ak0.pinimg.com\/originals\/6a\/5f\/97\/6a5f97f0b24531c2ff76db85764fb85d.jpg",
          "width":625,
          "height":858
        }
      },
      "counts":{
        "likes":11,
        "comments":0,
        "repins":31
      },
      "id":"137500594848392137",
      "metadata":{
        "article":{
          "published_at":null,
          "description":"Let's not forget about the men.",
          "name":"The Guys Were Also Bringing It At The Emmys",
          "authors":[]
        },
        "link":{
          "locale":"en",
          "title":"The Guys Were Also Bringing It At The Emmys",
          "site_name":"BuzzFeed",
          "description":"Let's not forget about the men...",
          "favicon":"https:\/\/s-media-cache-ak0.pinimg.com\/favicons\/5a2f3ddebb24221ec8a631ee05b7e6418bbb2e7de0f019eab2dd7b32.png?6f90f349a263fafae3843e9decf2812a"
        }
      }
    },
    {
      "attribution":null,
      "creator":{
        "url":"https:\/\/www.pinterest.com\/buzzfeed\/",
        "first_name":"BuzzFeed",
        "last_name":"",
        "id":"137500732281587055"
      },
      "url":"https:\/\/www.pinterest.com\/pin\/137500594848392136\/",
      "media":{
        "type":"image"
      },
      "created_at":"2014-08-26T15:18:23",
      "original_link":"http:\/\/www.buzzfeed.com\/juliegerstein\/the-guys-were-also-bringing-it-at-the-emmys#122og2q",
      "note":"Matt Bomber",
      "color":"#e8d4ce",
      "link":"https:\/\/www.pinterest.com\/r\/pin\/137500594848392136\/4779055074072594921\/6da712c63d30962d62dffd2f0c95e42bd2b9903f2a6baca8c6cae9990711983e",
      "board":{
        "url":"https:\/\/www.pinterest.com\/buzzfeed\/celebrities\/",
        "id":"137500663562161555",
        "name":"Celebrities"
      },
      "image":{
        "original":{
          "url":"https:\/\/s-media-cache-ak0.pinimg.com\/originals\/73\/3b\/26\/733b264878c2dab14869b1b3ea56b623.jpg",
          "width":309,
          "height":463
        }
      },
      "counts":{
        "likes":15,
        "comments":0,
        "repins":30
      },
      "id":"137500594848392136",
      "metadata":{
        "article":{
          "published_at":null,
          "description":"Let's not forget about the men.",
          "name":"The Guys Were Also Bringing It At The Emmys",
          "authors":[]
        },
        "link":{
          "locale":"en",
          "title":"The Guys Were Also Bringing It At The Emmys",
          "site_name":"BuzzFeed",
          "description":"Let's not forget about the men...",
          "favicon":"https:\/\/s-media-cache-ak0.pinimg.com\/favicons\/5a2f3ddebb24221ec8a631ee05b7e6418bbb2e7de0f019eab2dd7b32.png?6f90f349a263fafae3843e9decf2812a"
        }
      }
    },
    {
      "attribution":null,
      "creator":{
        "url":"https:\/\/www.pinterest.com\/buzzfeed\/",
        "first_name":"BuzzFeed",
        "last_name":"",
        "id":"137500732281587055"
      },
      "url":"https:\/\/www.pinterest.com\/pin\/137500594848392132\/",
      "media":{
        "type":"image"
      },
      "created_at":"2014-08-26T15:18:04",
      "original_link":"http:\/\/www.buzzfeed.com\/juliegerstein\/the-guys-were-also-bringing-it-at-the-emmys#122og2q",
      "note":"Aaron Paul was living the post-Jesse Pinkman lifestyle.",
      "color":"#efeaec",
      "link":"https:\/\/www.pinterest.com\/r\/pin\/137500594848392132\/4779055074072594921\/6d592d3d66f63780722d26ce966ec493477d0d5c6c56961388b9b556e16e6041",
      "board":{
        "url":"https:\/\/www.pinterest.com\/buzzfeed\/celebrities\/",
        "id":"137500663562161555",
        "name":"Celebrities"
      },
      "image":{
        "original":{
          "url":"https:\/\/s-media-cache-ak0.pinimg.com\/originals\/9d\/5a\/d1\/9d5ad189e5f8a4d21da67ca6462a60f3.jpg",
          "width":625,
          "height":951
        }
      },
      "counts":{
        "likes":16,
        "comments":0,
        "repins":25
      },
      "id":"137500594848392132",
      "metadata":{
        "article":{
          "published_at":null,
          "description":"Let's not forget about the men.",
          "name":"The Guys Were Also Bringing It At The Emmys",
          "authors":[]
        },
        "link":{
          "locale":"en",
          "title":"The Guys Were Also Bringing It At The Emmys",
          "site_name":"BuzzFeed",
          "description":"Let's not forget about the men...",
          "favicon":"https:\/\/s-media-cache-ak0.pinimg.com\/favicons\/5a2f3ddebb24221ec8a631ee05b7e6418bbb2e7de0f019eab2dd7b32.png?6f90f349a263fafae3843e9decf2812a"
        }
      }
    },
    {
      "attribution":null,
      "creator":{
        "url":"https:\/\/www.pinterest.com\/buzzfeed\/",
        "first_name":"BuzzFeed",
        "last_name":"",
        "id":"137500732281587055"
      },
      "url":"https:\/\/www.pinterest.com\/pin\/137500594848392131\/",
      "media":{
        "type":"image"
      },
      "created_at":"2014-08-26T15:17:41",
      "original_link":"http:\/\/www.buzzfeed.com\/juliegerstein\/the-guys-were-also-bringing-it-at-the-emmys#122og2q",
      "note":"Kit Harrington kept everything in order with a man bun.",
      "color":"#f1e5e1",
      "link":"https:\/\/www.pinterest.com\/r\/pin\/137500594848392131\/4779055074072594921\/cc351f88634cf9fd12c6e08af9ba60e7233a2f44a1084c1cce91c19387936746",
      "board":{
        "url":"https:\/\/www.pinterest.com\/buzzfeed\/celebrities\/",
        "id":"137500663562161555",
        "name":"Celebrities"
      },
      "image":{
        "original":{
          "url":"https:\/\/s-media-cache-ak0.pinimg.com\/originals\/59\/b9\/f9\/59b9f9648f12966c0e80153b36db7e86.jpg",
          "width":625,
          "height":940
        }
      },
      "counts":{
        "likes":15,
        "comments":0,
        "repins":42
      },
      "id":"137500594848392131",
      "metadata":{
        "article":{
          "published_at":null,
          "description":"Let's not forget about the men.",
          "name":"The Guys Were Also Bringing It At The Emmys",
          "authors":[]
        },
        "link":{
          "locale":"en",
          "title":"The Guys Were Also Bringing It At The Emmys",
          "site_name":"BuzzFeed",
          "description":"Let's not forget about the men...",
          "favicon":"https:\/\/s-media-cache-ak0.pinimg.com\/favicons\/5a2f3ddebb24221ec8a631ee05b7e6418bbb2e7de0f019eab2dd7b32.png?6f90f349a263fafae3843e9decf2812a"
        }
      }
    },
    {
      "attribution":null,
      "creator":{
        "url":"https:\/\/www.pinterest.com\/buzzfeed\/",
        "first_name":"BuzzFeed",
        "last_name":"",
        "id":"137500732281587055"
      },
      "url":"https:\/\/www.pinterest.com\/pin\/137500594848392129\/",
      "media":{
        "type":"image"
      },
      "created_at":"2014-08-26T15:17:30",
      "original_link":"http:\/\/www.buzzfeed.com\/juliegerstein\/the-guys-were-also-bringing-it-at-the-emmys#122og2q",
      "note":"Matthew McConaughey took a deep blue dive.",
      "color":"#cdada2",
      "link":"https:\/\/www.pinterest.com\/r\/pin\/137500594848392129\/4779055074072594921\/06e401430f1659861a26ad5e7e26b392dcbff3466f9edd04aa5296e11e902dc0",
      "board":{
        "url":"https:\/\/www.pinterest.com\/buzzfeed\/celebrities\/",
        "id":"137500663562161555",
        "name":"Celebrities"
      },
      "image":{
        "original":{
          "url":"https:\/\/s-media-cache-ak0.pinimg.com\/originals\/a2\/c6\/22\/a2c6220f874ffe8a60ddce83a8f01c47.jpg",
          "width":625,
          "height":916
        }
      },
      "counts":{
        "likes":20,
        "comments":0,
        "repins":20
      },
      "id":"137500594848392129",
      "metadata":{
        "article":{
          "published_at":null,
          "description":"Let's not forget about the men.",
          "name":"The Guys Were Also Bringing It At The Emmys",
          "authors":[]
        },
        "link":{
          "locale":"en",
          "title":"The Guys Were Also Bringing It At The Emmys",
          "site_name":"BuzzFeed",
          "description":"Let's not forget about the men...",
          "favicon":"https:\/\/s-media-cache-ak0.pinimg.com\/favicons\/5a2f3ddebb24221ec8a631ee05b7e6418bbb2e7de0f019eab2dd7b32.png?6f90f349a263fafae3843e9decf2812a"
        }
      }
    },
    {
      "attribution":null,
      "creator":{
        "url":"https:\/\/www.pinterest.com\/buzzfeed\/",
        "first_name":"BuzzFeed",
        "last_name":"",
        "id":"137500732281587055"
      },
      "url":"https:\/\/www.pinterest.com\/pin\/137500594848392126\/",
      "media":{
        "type":"image"
      },
      "created_at":"2014-08-26T15:15:15",
      "original_link":"http:\/\/www.buzzfeed.com\/juliegerstein\/all-the-red-carpet-looks-from-the-2014-emmy-awards#nm2ls61va",
      "note":"Taylor Schilling",
      "color":"#e8dadc",
      "link":"https:\/\/www.pinterest.com\/r\/pin\/137500594848392126\/4779055074072594921\/c5e7fb0ae5d3df4215e44e41c230427ce1e1ac0ced9a303c8114d456c8f0b925",
      "board":{
        "url":"https:\/\/www.pinterest.com\/buzzfeed\/celebrities\/",
        "id":"137500663562161555",
        "name":"Celebrities"
      },
      "image":{
        "original":{
          "url":"https:\/\/s-media-cache-ak0.pinimg.com\/originals\/18\/21\/c3\/1821c3e0bc70a197829a10479e89d342.jpg",
          "width":625,
          "height":939
        }
      },
      "counts":{
        "likes":21,
        "comments":0,
        "repins":32
      },
      "id":"137500594848392126",
      "metadata":{
        "article":{
          "published_at":null,
          "description":"So many gorgeous gowns. Updated live!",
          "name":"All The Red Carpet Looks From The 2014 Emmy Awards",
          "authors":[]
        },
        "link":{
          "locale":"en",
          "title":"All The Red Carpet Looks From The 2014 Emmy Awards",
          "site_name":"BuzzFeed",
          "description":"So many gorgeous gowns. Updated live!..",
          "favicon":"https:\/\/s-media-cache-ak0.pinimg.com\/favicons\/5a2f3ddebb24221ec8a631ee05b7e6418bbb2e7de0f019eab2dd7b32.png?6f90f349a263fafae3843e9decf2812a"
        }
      }
    },
    {
      "attribution":null,
      "creator":{
        "url":"https:\/\/www.pinterest.com\/buzzfeed\/",
        "first_name":"BuzzFeed",
        "last_name":"",
        "id":"137500732281587055"
      },
      "url":"https:\/\/www.pinterest.com\/pin\/137500594848392124\/",
      "media":{
        "type":"image"
      },
      "created_at":"2014-08-26T15:14:55",
      "original_link":"http:\/\/www.buzzfeed.com\/juliegerstein\/all-the-red-carpet-looks-from-the-2014-emmy-awards#nm2ls61va",
      "note":"Sarah Hyland",
      "color":"#ecdfe1",
      "link":"https:\/\/www.pinterest.com\/r\/pin\/137500594848392124\/4779055074072594921\/456b817f0e23b69a43d48e3b0a258c6ca15327764f7acb0d0990d4f97e8d8843",
      "board":{
        "url":"https:\/\/www.pinterest.com\/buzzfeed\/celebrities\/",
        "id":"137500663562161555",
        "name":"Celebrities"
      },
      "image":{
        "original":{
          "url":"https:\/\/s-media-cache-ak0.pinimg.com\/originals\/81\/56\/ff\/8156ffd629334a5fd87fb26b9bb3ac92.jpg",
          "width":625,
          "height":939
        }
      },
      "counts":{
        "likes":38,
        "comments":0,
        "repins":81
      },
      "id":"137500594848392124",
      "metadata":{
        "article":{
          "published_at":null,
          "description":"So many gorgeous gowns. Updated live!",
          "name":"All The Red Carpet Looks From The 2014 Emmy Awards",
          "authors":[]
        },
        "link":{
          "locale":"en",
          "title":"All The Red Carpet Looks From The 2014 Emmy Awards",
          "site_name":"BuzzFeed",
          "description":"So many gorgeous gowns. Updated live!..",
          "favicon":"https:\/\/s-media-cache-ak0.pinimg.com\/favicons\/5a2f3ddebb24221ec8a631ee05b7e6418bbb2e7de0f019eab2dd7b32.png?6f90f349a263fafae3843e9decf2812a"
        }
      }
    },
    {
      "attribution":null,
      "creator":{
        "url":"https:\/\/www.pinterest.com\/buzzfeed\/",
        "first_name":"BuzzFeed",
        "last_name":"",
        "id":"137500732281587055"
      },
      "url":"https:\/\/www.pinterest.com\/pin\/137500594848392120\/",
      "media":{
        "type":"image"
      },
      "created_at":"2014-08-26T15:13:15",
      "original_link":"http:\/\/www.buzzfeed.com\/juliegerstein\/all-the-red-carpet-looks-from-the-2014-emmy-awards#nm2ls61va",
      "note":"Allison Williams",
      "color":"#f4e1d5",
      "link":"https:\/\/www.pinterest.com\/r\/pin\/137500594848392120\/4779055074072594921\/1bcac0d6cb649658a64111f76fb068955de5c96f4369d948908ee092a38004fd",
      "board":{
        "url":"https:\/\/www.pinterest.com\/buzzfeed\/celebrities\/",
        "id":"137500663562161555",
        "name":"Celebrities"
      },
      "image":{
        "original":{
          "url":"https:\/\/s-media-cache-ak0.pinimg.com\/originals\/df\/0e\/3f\/df0e3fc6f682a15c0d45cc1441354aab.jpg",
          "width":625,
          "height":941
        }
      },
      "counts":{
        "likes":10,
        "comments":0,
        "repins":25
      },
      "id":"137500594848392120",
      "metadata":{
        "article":{
          "published_at":null,
          "description":"So many gorgeous gowns. Updated live!",
          "name":"All The Red Carpet Looks From The 2014 Emmy Awards",
          "authors":[]
        },
        "link":{
          "locale":"en",
          "title":"All The Red Carpet Looks From The 2014 Emmy Awards",
          "site_name":"BuzzFeed",
          "description":"So many gorgeous gowns. Updated live!..",
          "favicon":"https:\/\/s-media-cache-ak0.pinimg.com\/favicons\/5a2f3ddebb24221ec8a631ee05b7e6418bbb2e7de0f019eab2dd7b32.png?6f90f349a263fafae3843e9decf2812a"
        }
      }
    },
    {
      "attribution":null,
      "creator":{
        "url":"https:\/\/www.pinterest.com\/buzzfeed\/",
        "first_name":"BuzzFeed",
        "last_name":"",
        "id":"137500732281587055"
      },
      "url":"https:\/\/www.pinterest.com\/pin\/137500594848392119\/",
      "media":{
        "type":"image"
      },
      "created_at":"2014-08-26T15:13:05",
      "original_link":"http:\/\/www.buzzfeed.com\/juliegerstein\/all-the-red-carpet-looks-from-the-2014-emmy-awards#nm2ls61va",
      "note":"Gwen Stefani",
      "color":"#323338",
      "link":"https:\/\/www.pinterest.com\/r\/pin\/137500594848392119\/4779055074072594921\/1767f8c46aaf4efd06dd3b1af5cc12b8aee9525f47c7eb40aba9033d79ad7f16",
      "board":{
        "url":"https:\/\/www.pinterest.com\/buzzfeed\/celebrities\/",
        "id":"137500663562161555",
        "name":"Celebrities"
      },
      "image":{
        "original":{
          "url":"https:\/\/s-media-cache-ak0.pinimg.com\/originals\/8f\/79\/e5\/8f79e5566ec8035ca2a63c14240aa2ad.jpg",
          "width":625,
          "height":1009
        }
      },
      "counts":{
        "likes":7,
        "comments":0,
        "repins":17
      },
      "id":"137500594848392119",
      "metadata":{
        "article":{
          "published_at":null,
          "description":"So many gorgeous gowns. Updated live!",
          "name":"All The Red Carpet Looks From The 2014 Emmy Awards",
          "authors":[]
        },
        "link":{
          "locale":"en",
          "title":"All The Red Carpet Looks From The 2014 Emmy Awards",
          "site_name":"BuzzFeed",
          "description":"So many gorgeous gowns. Updated live!..",
          "favicon":"https:\/\/s-media-cache-ak0.pinimg.com\/favicons\/5a2f3ddebb24221ec8a631ee05b7e6418bbb2e7de0f019eab2dd7b32.png?6f90f349a263fafae3843e9decf2812a"
        }
      }
    },
    {
      "attribution":null,
      "creator":{
        "url":"https:\/\/www.pinterest.com\/buzzfeed\/",
        "first_name":"BuzzFeed",
        "last_name":"",
        "id":"137500732281587055"
      },
      "url":"https:\/\/www.pinterest.com\/pin\/137500594848392118\/",
      "media":{
        "type":"image"
      },
      "created_at":"2014-08-26T15:12:48",
      "original_link":"http:\/\/www.buzzfeed.com\/juliegerstein\/all-the-red-carpet-looks-from-the-2014-emmy-awards#nm2ls61va",
      "note":"Camila Alves",
      "color":"#f4e4df",
      "link":"https:\/\/www.pinterest.com\/r\/pin\/137500594848392118\/4779055074072594921\/d4eac588c0fd325f18704e65c9e9e44ea345289bec169e2a836f883e75dffedb",
      "board":{
        "url":"https:\/\/www.pinterest.com\/buzzfeed\/celebrities\/",
        "id":"137500663562161555",
        "name":"Celebrities"
      },
      "image":{
        "original":{
          "url":"https:\/\/s-media-cache-ak0.pinimg.com\/originals\/1a\/23\/51\/1a235178487a42a3025bc2079a30e17f.jpg",
          "width":625,
          "height":941
        }
      },
      "counts":{
        "likes":15,
        "comments":0,
        "repins":40
      },
      "id":"137500594848392118",
      "metadata":{
        "article":{
          "published_at":null,
          "description":"So many gorgeous gowns. Updated live!",
          "name":"All The Red Carpet Looks From The 2014 Emmy Awards",
          "authors":[]
        },
        "link":{
          "locale":"en",
          "title":"All The Red Carpet Looks From The 2014 Emmy Awards",
          "site_name":"BuzzFeed",
          "description":"So many gorgeous gowns. Updated live!..",
          "favicon":"https:\/\/s-media-cache-ak0.pinimg.com\/favicons\/5a2f3ddebb24221ec8a631ee05b7e6418bbb2e7de0f019eab2dd7b32.png?6f90f349a263fafae3843e9decf2812a"
        }
      }
    },
    {
      "attribution":null,
      "creator":{
        "url":"https:\/\/www.pinterest.com\/buzzfeed\/",
        "first_name":"BuzzFeed",
        "last_name":"",
        "id":"137500732281587055"
      },
      "url":"https:\/\/www.pinterest.com\/pin\/137500594848392115\/",
      "media":{
        "type":"image"
      },
      "created_at":"2014-08-26T15:12:27",
      "original_link":"http:\/\/www.buzzfeed.com\/juliegerstein\/all-the-red-carpet-looks-from-the-2014-emmy-awards#nm2ls61va",
      "note":"Uzo Aduba",
      "color":"#f2e6e8",
      "link":"https:\/\/www.pinterest.com\/r\/pin\/137500594848392115\/4779055074072594921\/3d06edd6b40bbdb7db2909235ad63f6f2c33f9fa5701d3539a2ec356ba2889cf",
      "board":{
        "url":"https:\/\/www.pinterest.com\/buzzfeed\/celebrities\/",
        "id":"137500663562161555",
        "name":"Celebrities"
      },
      "image":{
        "original":{
          "url":"https:\/\/s-media-cache-ak0.pinimg.com\/originals\/a8\/a1\/b2\/a8a1b2d36e0175dcf489e9c17cb57b6d.jpg",
          "width":625,
          "height":939
        }
      },
      "counts":{
        "likes":15,
        "comments":0,
        "repins":23
      },
      "id":"137500594848392115",
      "metadata":{
        "article":{
          "published_at":null,
          "description":"So many gorgeous gowns. Updated live!",
          "name":"All The Red Carpet Looks From The 2014 Emmy Awards",
          "authors":[]
        },
        "link":{
          "locale":"en",
          "title":"All The Red Carpet Looks From The 2014 Emmy Awards",
          "site_name":"BuzzFeed",
          "description":"So many gorgeous gowns. Updated live!..",
          "favicon":"https:\/\/s-media-cache-ak0.pinimg.com\/favicons\/5a2f3ddebb24221ec8a631ee05b7e6418bbb2e7de0f019eab2dd7b32.png?6f90f349a263fafae3843e9decf2812a"
        }
      }
    },
    {
      "attribution":null,
      "creator":{
        "url":"https:\/\/www.pinterest.com\/buzzfeed\/",
        "first_name":"BuzzFeed",
        "last_name":"",
        "id":"137500732281587055"
      },
      "url":"https:\/\/www.pinterest.com\/pin\/137500594848392114\/",
      "media":{
        "type":"image"
      },
      "created_at":"2014-08-26T15:12:11",
      "original_link":"http:\/\/www.buzzfeed.com\/juliegerstein\/all-the-red-carpet-looks-from-the-2014-emmy-awards#nm2ls61va",
      "note":"Natalie Dormer",
      "color":"#f3ecec",
      "link":"https:\/\/www.pinterest.com\/r\/pin\/137500594848392114\/4779055074072594921\/a3151fb7a2aa125106091af45a98d7fa4c16f7233a15875bef41abff885f7a79",
      "board":{
        "url":"https:\/\/www.pinterest.com\/buzzfeed\/celebrities\/",
        "id":"137500663562161555",
        "name":"Celebrities"
      },
      "image":{
        "original":{
          "url":"https:\/\/s-media-cache-ak0.pinimg.com\/originals\/1f\/5b\/78\/1f5b780e8a383d204908dc0254f5a54f.jpg",
          "width":625,
          "height":939
        }
      },
      "counts":{
        "likes":15,
        "comments":0,
        "repins":27
      },
      "id":"137500594848392114",
      "metadata":{
        "article":{
          "published_at":null,
          "description":"So many gorgeous gowns. Updated live!",
          "name":"All The Red Carpet Looks From The 2014 Emmy Awards",
          "authors":[]
        },
        "link":{
          "locale":"en",
          "title":"All The Red Carpet Looks From The 2014 Emmy Awards",
          "site_name":"BuzzFeed",
          "description":"So many gorgeous gowns. Updated live!..",
          "favicon":"https:\/\/s-media-cache-ak0.pinimg.com\/favicons\/5a2f3ddebb24221ec8a631ee05b7e6418bbb2e7de0f019eab2dd7b32.png?6f90f349a263fafae3843e9decf2812a"
        }
      }
    },
    {
      "attribution":null,
      "creator":{
        "url":"https:\/\/www.pinterest.com\/buzzfeed\/",
        "first_name":"BuzzFeed",
        "last_name":"",
        "id":"137500732281587055"
      },
      "url":"https:\/\/www.pinterest.com\/pin\/137500594848392112\/",
      "media":{
        "type":"image"
      },
      "created_at":"2014-08-26T15:11:42",
      "original_link":"http:\/\/www.buzzfeed.com\/juliegerstein\/all-the-red-carpet-looks-from-the-2014-emmy-awards#nm2ls61va",
      "note":"January Jones",
      "color":"#f0dfd8",
      "link":"https:\/\/www.pinterest.com\/r\/pin\/137500594848392112\/4779055074072594921\/ee9a6de84994103751fb67a5d20b19839a2459af86f83636a5c3ff6d6b20961a",
      "board":{
        "url":"https:\/\/www.pinterest.com\/buzzfeed\/celebrities\/",
        "id":"137500663562161555",
        "name":"Celebrities"
      },
      "image":{
        "original":{
          "url":"https:\/\/s-media-cache-ak0.pinimg.com\/originals\/88\/cf\/0a\/88cf0a9360267695b78681750e621bb7.jpg",
          "width":625,
          "height":941
        }
      },
      "counts":{
        "likes":8,
        "comments":0,
        "repins":15
      },
      "id":"137500594848392112",
      "metadata":{
        "article":{
          "published_at":null,
          "description":"So many gorgeous gowns. Updated live!",
          "name":"All The Red Carpet Looks From The 2014 Emmy Awards",
          "authors":[]
        },
        "link":{
          "locale":"en",
          "title":"All The Red Carpet Looks From The 2014 Emmy Awards",
          "site_name":"BuzzFeed",
          "description":"So many gorgeous gowns. Updated live!..",
          "favicon":"https:\/\/s-media-cache-ak0.pinimg.com\/favicons\/5a2f3ddebb24221ec8a631ee05b7e6418bbb2e7de0f019eab2dd7b32.png?6f90f349a263fafae3843e9decf2812a"
        }
      }
    },
    {
      "attribution":null,
      "creator":{
        "url":"https:\/\/www.pinterest.com\/buzzfeed\/",
        "first_name":"BuzzFeed",
        "last_name":"",
        "id":"137500732281587055"
      },
      "url":"https:\/\/www.pinterest.com\/pin\/137500594848392111\/",
      "media":{
        "type":"image"
      },
      "created_at":"2014-08-26T15:11:32",
      "original_link":"http:\/\/www.buzzfeed.com\/juliegerstein\/all-the-red-carpet-looks-from-the-2014-emmy-awards#nm2ls61va",
      "note":"Amy Poehler",
      "color":"#eadde2",
      "link":"https:\/\/www.pinterest.com\/r\/pin\/137500594848392111\/4779055074072594921\/60d0e80812347c965317e541028b5a1d0b9288670762b8e36a9dd86c5ad1b37e",
      "board":{
        "url":"https:\/\/www.pinterest.com\/buzzfeed\/celebrities\/",
        "id":"137500663562161555",
        "name":"Celebrities"
      },
      "image":{
        "original":{
          "url":"https:\/\/s-media-cache-ak0.pinimg.com\/originals\/e9\/f9\/45\/e9f945280b1a407bea5cd5afbf20017e.jpg",
          "width":625,
          "height":892
        }
      },
      "counts":{
        "likes":9,
        "comments":0,
        "repins":16
      },
      "id":"137500594848392111",
      "metadata":{
        "article":{
          "published_at":null,
          "description":"So many gorgeous gowns. Updated live!",
          "name":"All The Red Carpet Looks From The 2014 Emmy Awards",
          "authors":[]
        },
        "link":{
          "locale":"en",
          "title":"All The Red Carpet Looks From The 2014 Emmy Awards",
          "site_name":"BuzzFeed",
          "description":"So many gorgeous gowns. Updated live!..",
          "favicon":"https:\/\/s-media-cache-ak0.pinimg.com\/favicons\/5a2f3ddebb24221ec8a631ee05b7e6418bbb2e7de0f019eab2dd7b32.png?6f90f349a263fafae3843e9decf2812a"
        }
      }
    },
    {
      "attribution":null,
      "creator":{
        "url":"https:\/\/www.pinterest.com\/buzzfeed\/",
        "first_name":"BuzzFeed",
        "last_name":"",
        "id":"137500732281587055"
      },
      "url":"https:\/\/www.pinterest.com\/pin\/137500594848392109\/",
      "media":{
        "type":"image"
      },
      "created_at":"2014-08-26T15:11:17",
      "original_link":"http:\/\/www.buzzfeed.com\/juliegerstein\/all-the-red-carpet-looks-from-the-2014-emmy-awards#nm2ls61va",
      "note":"Kerry Washington",
      "color":"#f1e6e8",
      "link":"https:\/\/www.pinterest.com\/r\/pin\/137500594848392109\/4779055074072594921\/2208074ed7ac14b5469f59b166b659732854e69e9aa60eb556959637c57abbab",
      "board":{
        "url":"https:\/\/www.pinterest.com\/buzzfeed\/celebrities\/",
        "id":"137500663562161555",
        "name":"Celebrities"
      },
      "image":{
        "original":{
          "url":"https:\/\/s-media-cache-ak0.pinimg.com\/originals\/1d\/05\/bc\/1d05bcd61ecf7a88550fe20695db8727.jpg",
          "width":625,
          "height":939
        }
      },
      "counts":{
        "likes":11,
        "comments":0,
        "repins":16
      },
      "id":"137500594848392109",
      "metadata":{
        "article":{
          "published_at":null,
          "description":"So many gorgeous gowns. Updated live!",
          "name":"All The Red Carpet Looks From The 2014 Emmy Awards",
          "authors":[]
        },
        "link":{
          "locale":"en",
          "title":"All The Red Carpet Looks From The 2014 Emmy Awards",
          "site_name":"BuzzFeed",
          "description":"So many gorgeous gowns. Updated live!..",
          "favicon":"https:\/\/s-media-cache-ak0.pinimg.com\/favicons\/5a2f3ddebb24221ec8a631ee05b7e6418bbb2e7de0f019eab2dd7b32.png?6f90f349a263fafae3843e9decf2812a"
        }
      }
    },
    {
      "attribution":null,
      "creator":{
        "url":"https:\/\/www.pinterest.com\/buzzfeed\/",
        "first_name":"BuzzFeed",
        "last_name":"",
        "id":"137500732281587055"
      },
      "url":"https:\/\/www.pinterest.com\/pin\/137500594848388736\/",
      "media":{
        "type":"image"
      },
      "created_at":"2014-08-25T19:09:08",
      "original_link":"http:\/\/www.buzzfeed.com\/jessicaprobus\/all-the-looks-from-the-vma-red-carpet#nm2ls61va",
      "note":"Iggy Azalea",
      "color":"#bbb8c5",
      "link":"https:\/\/www.pinterest.com\/r\/pin\/137500594848388736\/4779055074072594921\/46eaf78f5808db8a0147822b3a16d8dc63a76ee610437fd9e60437d42a961097",
      "board":{
        "url":"https:\/\/www.pinterest.com\/buzzfeed\/celebrities\/",
        "id":"137500663562161555",
        "name":"Celebrities"
      },
      "image":{
        "original":{
          "url":"https:\/\/s-media-cache-ak0.pinimg.com\/originals\/d4\/29\/32\/d42932b77f1f4f94e3af8021b045fbbd.jpg",
          "width":625,
          "height":865
        }
      },
      "counts":{
        "likes":21,
        "comments":0,
        "repins":19
      },
      "id":"137500594848388736",
      "metadata":{
      }
    },
    {
      "attribution":null,
      "creator":{
        "url":"https:\/\/www.pinterest.com\/buzzfeed\/",
        "first_name":"BuzzFeed",
        "last_name":"",
        "id":"137500732281587055"
      },
      "url":"https:\/\/www.pinterest.com\/pin\/137500594848388735\/",
      "media":{
        "type":"image"
      },
      "created_at":"2014-08-25T19:08:58",
      "original_link":"http:\/\/www.buzzfeed.com\/jessicaprobus\/all-the-looks-from-the-vma-red-carpet#nm2ls61va",
      "note":"Kendall and Kylie Jenner",
      "color":"#774746",
      "link":"https:\/\/www.pinterest.com\/r\/pin\/137500594848388735\/4779055074072594921\/b99c0cd610c634e85c12b6946019f57187d8042de1790f67aa3b3e82a7510d82",
      "board":{
        "url":"https:\/\/www.pinterest.com\/buzzfeed\/celebrities\/",
        "id":"137500663562161555",
        "name":"Celebrities"
      },
      "image":{
        "original":{
          "url":"https:\/\/s-media-cache-ak0.pinimg.com\/originals\/f0\/5d\/aa\/f05daad90831b7e125d8b9122e3aec6e.jpg",
          "width":625,
          "height":898
        }
      },
      "counts":{
        "likes":17,
        "comments":0,
        "repins":22
      },
      "id":"137500594848388735",
      "metadata":{
      }
    },
    {
      "attribution":null,
      "creator":{
        "url":"https:\/\/www.pinterest.com\/buzzfeed\/",
        "first_name":"BuzzFeed",
        "last_name":"",
        "id":"137500732281587055"
      },
      "url":"https:\/\/www.pinterest.com\/pin\/137500594848388144\/",
      "media":{
        "type":"image"
      },
      "created_at":"2014-08-25T16:35:39",
      "original_link":"http:\/\/www.buzzfeed.com\/jessicaprobus\/all-the-looks-from-the-vma-red-carpet#122og2q",
      "note":"Nina Dobrev",
      "color":"#79191d",
      "link":"https:\/\/www.pinterest.com\/r\/pin\/137500594848388144\/4779055074072594921\/157ac854113f49bb7b2c4fbede05ae72746663622bbcc1e6592a4d415eae8395",
      "board":{
        "url":"https:\/\/www.pinterest.com\/buzzfeed\/celebrities\/",
        "id":"137500663562161555",
        "name":"Celebrities"
      },
      "image":{
        "original":{
          "url":"https:\/\/s-media-cache-ak0.pinimg.com\/originals\/81\/b8\/40\/81b840aa0afc6d3a1f2bcd5db87a3d01.jpg",
          "width":625,
          "height":939
        }
      },
      "counts":{
        "likes":9,
        "comments":0,
        "repins":21
      },
      "id":"137500594848388144",
      "metadata":{
      }
    },
    {
      "attribution":null,
      "creator":{
        "url":"https:\/\/www.pinterest.com\/buzzfeed\/",
        "first_name":"BuzzFeed",
        "last_name":"",
        "id":"137500732281587055"
      },
      "url":"https:\/\/www.pinterest.com\/pin\/137500594848388143\/",
      "media":{
        "type":"image"
      },
      "created_at":"2014-08-25T16:35:09",
      "original_link":"http:\/\/www.buzzfeed.com\/jessicaprobus\/all-the-looks-from-the-vma-red-carpet#122og2q",
      "note":"Kim Kardashian West",
      "color":"#993b3b",
      "link":"https:\/\/www.pinterest.com\/r\/pin\/137500594848388143\/4779055074072594921\/c9f2bdb6b9067902e9efe1235f0956fa551d7fb2d84a571b1c1fd207dc1a60ea",
      "board":{
        "url":"https:\/\/www.pinterest.com\/buzzfeed\/celebrities\/",
        "id":"137500663562161555",
        "name":"Celebrities"
      },
      "image":{
        "original":{
          "url":"https:\/\/s-media-cache-ak0.pinimg.com\/originals\/a9\/06\/e2\/a906e29b446d6f3a7e0494d732df076b.jpg",
          "width":625,
          "height":929
        }
      },
      "counts":{
        "likes":6,
        "comments":5,
        "repins":17
      },
      "id":"137500594848388143",
      "metadata":{
      }
    },
    {
      "attribution":null,
      "creator":{
        "url":"https:\/\/www.pinterest.com\/buzzfeed\/",
        "first_name":"BuzzFeed",
        "last_name":"",
        "id":"137500732281587055"
      },
      "url":"https:\/\/www.pinterest.com\/pin\/137500594848388140\/",
      "media":{
        "type":"image"
      },
      "created_at":"2014-08-25T16:34:47",
      "original_link":"http:\/\/www.buzzfeed.com\/jessicaprobus\/all-the-looks-from-the-vma-red-carpet#122og2q",
      "note":"Nicki Minaj",
      "color":"#b23d47",
      "link":"https:\/\/www.pinterest.com\/r\/pin\/137500594848388140\/4779055074072594921\/64b270ba0cda57ee3b1b8f101b7d6c6cbc49c4065f5569d455a2e52d012101b5",
      "board":{
        "url":"https:\/\/www.pinterest.com\/buzzfeed\/celebrities\/",
        "id":"137500663562161555",
        "name":"Celebrities"
      },
      "image":{
        "original":{
          "url":"https:\/\/s-media-cache-ak0.pinimg.com\/originals\/b7\/c7\/a2\/b7c7a2bbf33706d9739326892a97c9a4.jpg",
          "width":625,
          "height":982
        }
      },
      "counts":{
        "likes":9,
        "comments":0,
        "repins":27
      },
      "id":"137500594848388140",
      "metadata":{
      }
    },
    {
      "attribution":null,
      "creator":{
        "url":"https:\/\/www.pinterest.com\/buzzfeed\/",
        "first_name":"BuzzFeed",
        "last_name":"",
        "id":"137500732281587055"
      },
      "url":"https:\/\/www.pinterest.com\/pin\/137500594848388138\/",
      "media":{
        "type":"image"
      },
      "created_at":"2014-08-25T16:34:37",
      "original_link":"http:\/\/www.buzzfeed.com\/jessicaprobus\/all-the-looks-from-the-vma-red-carpet#122og2q",
      "note":"Ariana Grande",
      "color":"#904d59",
      "link":"https:\/\/www.pinterest.com\/r\/pin\/137500594848388138\/4779055074072594921\/8cc6d8660e47aed02c11a8a4fab7d558bda6ad0ab68e5f2cb0023b0cdbab4b6c",
      "board":{
        "url":"https:\/\/www.pinterest.com\/buzzfeed\/celebrities\/",
        "id":"137500663562161555",
        "name":"Celebrities"
      },
      "image":{
        "original":{
          "url":"https:\/\/s-media-cache-ak0.pinimg.com\/originals\/ab\/1d\/2e\/ab1d2e7d09c6382cb4751bde43377182.jpg",
          "width":625,
          "height":908
        }
      },
      "counts":{
        "likes":14,
        "comments":0,
        "repins":17
      },
      "id":"137500594848388138",
      "metadata":{
      }
    }
  ],
  "page":{
    "cursor":"LT4xMzc1MDA1OTQ4NDgzODgxMzg6Mjg5fDQ5OTkyNTk5MjQwZjJiYTYzM2ZlYzJmYTc2YWMyZTI3YWRiNWVhODIyMjg0OTJkNDA5YjEyOWI0ZWZmYWViMWI=",
    "next":"https:\/\/api.pinterest.com\/v1\/boards\/buzzfeed\/celebrities\/pins\/?access_token=AZlZE-HOK-Y4205yRft75KyYVaauFCBIs8jxSxdCtrJcomAqbQAAAAA&fields=id%2Clink%2Cnote%2Curl%2Cattribution%2Cmedia%2Cmetadata%2Cboard%2Ccolor%2Ccounts%2Ccreated_at%2Ccreator%2Cimage%2Coriginal_link&cursor=LT4xMzc1MDA1OTQ4NDgzODgxMzg6Mjg5fDQ5OTkyNTk5MjQwZjJiYTYzM2ZlYzJmYTc2YWMyZTI3YWRiNWVhODIyMjg0OTJkNDA5YjEyOWI0ZWZmYWViMWI%3D"
  }
}
