{
  "data":[
    {
      "attribution":null,
      "creator":{
        "url":"https:\/\/www.pinterest.com\/georgetakei\/",
        "first_name":"George Takei",
        "last_name":"",
        "id":"182888572276183278"
      },
      "url":"https:\/\/www.pinterest.com\/pin\/182888434845556403\/",
      "media":{
        "type":"image"
      },
      "created_at":"2015-11-17T23:00:14",
      "original_link":"http:\/\/www.pinknews.co.uk\/2015\/11\/13\/jennifer-lawrence-dont-say-kim-davis-in-my-house\/?utm_term=PRM17&ts_pid=173&utm_content=buffere153e&utm_medium=social&utm_source=pinterest.com&utm_campaign=buffer",
      "note":"Her assessment is pitch perfect.",
      "color":"#1f171a",
      "link":"https:\/\/www.pinterest.com\/r\/pin\/182888434845556403\/4779055074072594921\/bfedb7fa24242570c5192aa2427d3669fa693aee84ba6e376723cd301e0ea714",
      "board":{
        "url":"https:\/\/www.pinterest.com\/georgetakei\/celebrities\/",
        "id":"182888503556739382",
        "name":"Celebrities"
      },
      "image":{
        "original":{
          "url":"https:\/\/s-media-cache-ak0.pinimg.com\/originals\/42\/19\/7d\/42197dc0a17dd06aec70e3584c7c00c6.jpg",
          "width":1000,
          "height":750
        }
      },
      "counts":{
        "likes":6,
        "comments":0,
        "repins":9
      },
      "id":"182888434845556403",
      "metadata":{
      }
    },
    {
      "attribution":null,
      "creator":{
        "url":"https:\/\/www.pinterest.com\/georgetakei\/",
        "first_name":"George Takei",
        "last_name":"",
        "id":"182888572276183278"
      },
      "url":"https:\/\/www.pinterest.com\/pin\/182888434845555452\/",
      "media":{
        "type":"image"
      },
      "created_at":"2015-11-17T19:40:02",
      "original_link":"https:\/\/www.facebook.com\/georgehtakei?utm_content=bufferaa0d3&utm_medium=social&utm_source=pinterest.com&utm_campaign=buffer",
      "note":"I'm Clouseau to solving this mystery.",
      "color":"#ffd0e6",
      "link":"https:\/\/www.pinterest.com\/r\/pin\/182888434845555452\/4779055074072594921\/053aa5b81b4ee25d29bfce3e83421271ebba9bac2d46ded05873cedb99761ed8",
      "board":{
        "url":"https:\/\/www.pinterest.com\/georgetakei\/celebrities\/",
        "id":"182888503556739382",
        "name":"Celebrities"
      },
      "image":{
        "original":{
          "url":"https:\/\/s-media-cache-ak0.pinimg.com\/originals\/51\/51\/2b\/51512bf1fefa4d396ce25e63ca2666dc.jpg",
          "width":540,
          "height":515
        }
      },
      "counts":{
        "likes":26,
        "comments":0,
        "repins":110
      },
      "id":"182888434845555452",
      "metadata":{
      }
    },
    {
      "attribution":null,
      "creator":{
        "url":"https:\/\/www.pinterest.com\/georgetakei\/",
        "first_name":"George Takei",
        "last_name":"",
        "id":"182888572276183278"
      },
      "url":"https:\/\/www.pinterest.com\/pin\/182888434845554413\/",
      "media":{
        "type":"image"
      },
      "created_at":"2015-11-17T15:30:08",
      "original_link":"http:\/\/ij.com\/2015\/11\/466351-she-thought-shed-won-8-million-then-the-casino-dished-out-her-real-prize\/?utm_term=PRM17&ts_pid=850&utm_content=buffer84f65&utm_medium=social&utm_source=pinterest.com&utm_campaign=buffer",
      "note":"Investigating this casino's decision is a gamble--should she get what she's asking for?",
      "color":"#e5f4ef",
      "link":"https:\/\/www.pinterest.com\/r\/pin\/182888434845554413\/4779055074072594921\/93ece2e7a5113768a80b43da94190750f4d5f02cd078a22d31fd440adfe3ff5d",
      "board":{
        "url":"https:\/\/www.pinterest.com\/georgetakei\/celebrities\/",
        "id":"182888503556739382",
        "name":"Celebrities"
      },
      "image":{
        "original":{
          "url":"https:\/\/s-media-cache-ak0.pinimg.com\/originals\/1d\/90\/91\/1d9091d641e7af9e65aa63202bc38a08.png",
          "width":464,
          "height":245
        }
      },
      "counts":{
        "likes":0,
        "comments":0,
        "repins":0
      },
      "id":"182888434845554413",
      "metadata":{
      }
    },
    {
      "attribution":null,
      "creator":{
        "url":"https:\/\/www.pinterest.com\/georgetakei\/",
        "first_name":"George Takei",
        "last_name":"",
        "id":"182888572276183278"
      },
      "url":"https:\/\/www.pinterest.com\/pin\/182888434845554221\/",
      "media":{
        "type":"image"
      },
      "created_at":"2015-11-17T14:30:27",
      "original_link":"https:\/\/www.facebook.com\/georgehtakei?utm_content=buffere7e63&utm_medium=social&utm_source=pinterest.com&utm_campaign=buffer",
      "note":"Haiku is this?",
      "color":"#8d908f",
      "link":"https:\/\/www.pinterest.com\/r\/pin\/182888434845554221\/4779055074072594921\/a05e01484816c636598d54089e014fdd6e6dcd8b6708eb59c3dc3b0098bf5da2",
      "board":{
        "url":"https:\/\/www.pinterest.com\/georgetakei\/celebrities\/",
        "id":"182888503556739382",
        "name":"Celebrities"
      },
      "image":{
        "original":{
          "url":"https:\/\/s-media-cache-ak0.pinimg.com\/originals\/c2\/42\/68\/c24268fb55d757ddf2c4b98df5730d26.jpg",
          "width":540,
          "height":607
        }
      },
      "counts":{
        "likes":42,
        "comments":0,
        "repins":97
      },
      "id":"182888434845554221",
      "metadata":{
      }
    },
    {
      "attribution":null,
      "creator":{
        "url":"https:\/\/www.pinterest.com\/georgetakei\/",
        "first_name":"George Takei",
        "last_name":"",
        "id":"182888572276183278"
      },
      "url":"https:\/\/www.pinterest.com\/pin\/182888434845552220\/",
      "media":{
        "type":"image"
      },
      "created_at":"2015-11-17T02:45:07",
      "original_link":"https:\/\/www.facebook.com\/georgehtakei?utm_content=bufferb1c0a&utm_medium=social&utm_source=pinterest.com&utm_campaign=buffer",
      "note":"They can't cell me on this.",
      "color":"#fefefe",
      "link":"https:\/\/www.pinterest.com\/r\/pin\/182888434845552220\/4779055074072594921\/7cfcaab9822f5d692e996e12e92695eef4b78442bd4c60692017ba156252eabc",
      "board":{
        "url":"https:\/\/www.pinterest.com\/georgetakei\/celebrities\/",
        "id":"182888503556739382",
        "name":"Celebrities"
      },
      "image":{
        "original":{
          "url":"https:\/\/s-media-cache-ak0.pinimg.com\/originals\/b8\/c6\/7d\/b8c67da7bbe7942783843cc782affb38.jpg",
          "width":460,
          "height":460
        }
      },
      "counts":{
        "likes":19,
        "comments":3,
        "repins":37
      },
      "id":"182888434845552220",
      "metadata":{
      }
    },
    {
      "attribution":null,
      "creator":{
        "url":"https:\/\/www.pinterest.com\/georgetakei\/",
        "first_name":"George Takei",
        "last_name":"",
        "id":"182888572276183278"
      },
      "url":"https:\/\/www.pinterest.com\/pin\/182888434845550925\/",
      "media":{
        "type":"image"
      },
      "created_at":"2015-11-16T23:00:17",
      "original_link":"http:\/\/distractify.com\/humor\/2015\/11\/03\/mustafa-married-couples-struggles?ts_pid=6&utm_content=buffer8ecf4&utm_medium=social&utm_source=pinterest.com&utm_campaign=buffer",
      "note":"In sickness and in health.",
      "color":"#201b17",
      "link":"https:\/\/www.pinterest.com\/r\/pin\/182888434845550925\/4779055074072594921\/4e8341d63ff1a349b9fc9de93267ed95bda047fac7557b57dee3b13b1c3e6426",
      "board":{
        "url":"https:\/\/www.pinterest.com\/georgetakei\/celebrities\/",
        "id":"182888503556739382",
        "name":"Celebrities"
      },
      "image":{
        "original":{
          "url":"https:\/\/s-media-cache-ak0.pinimg.com\/originals\/86\/14\/a3\/8614a33adb25e2229851bdc7fe4f2af1.png",
          "width":466,
          "height":242
        }
      },
      "counts":{
        "likes":20,
        "comments":1,
        "repins":31
      },
      "id":"182888434845550925",
      "metadata":{
      }
    },
    {
      "attribution":null,
      "creator":{
        "url":"https:\/\/www.pinterest.com\/georgetakei\/",
        "first_name":"George Takei",
        "last_name":"",
        "id":"182888572276183278"
      },
      "url":"https:\/\/www.pinterest.com\/pin\/182888434845549858\/",
      "media":{
        "type":"image"
      },
      "created_at":"2015-11-16T19:40:19",
      "original_link":"https:\/\/www.facebook.com\/georgehtakei?utm_content=bufferb4e4a&utm_medium=social&utm_source=pinterest.com&utm_campaign=buffer",
      "note":"My hobbies include making your life inconvenient by sitting on things you're trying to do.",
      "color":"#afb6c0",
      "link":"https:\/\/www.pinterest.com\/r\/pin\/182888434845549858\/4779055074072594921\/364bd14b309985e3fdcaa9deb590b47bea7cacf44b334fc8fb412dc4cc77bd42",
      "board":{
        "url":"https:\/\/www.pinterest.com\/georgetakei\/celebrities\/",
        "id":"182888503556739382",
        "name":"Celebrities"
      },
      "image":{
        "original":{
          "url":"https:\/\/s-media-cache-ak0.pinimg.com\/originals\/13\/01\/28\/130128ee19cb0f5203112f79e8aa19be.jpg",
          "width":429,
          "height":444
        }
      },
      "counts":{
        "likes":23,
        "comments":0,
        "repins":61
      },
      "id":"182888434845549858",
      "metadata":{
      }
    },
    {
      "attribution":null,
      "creator":{
        "url":"https:\/\/www.pinterest.com\/georgetakei\/",
        "first_name":"George Takei",
        "last_name":"",
        "id":"182888572276183278"
      },
      "url":"https:\/\/www.pinterest.com\/pin\/182888434845549068\/",
      "media":{
        "type":"image"
      },
      "created_at":"2015-11-16T15:30:35",
      "original_link":"http:\/\/www.tickld.com\/x\/jaw\/father-suspects-that-his-son-might-be-gay?ts_pid=6&utm_content=buffer317e4&utm_medium=social&utm_source=pinterest.com&utm_campaign=buffer",
      "note":"No, I'm not crying, my eyes are just really moist.",
      "color":"#f6f6f7",
      "link":"https:\/\/www.pinterest.com\/r\/pin\/182888434845549068\/4779055074072594921\/951b1bd4e4efbf1911ea63746ecaf5fd1967f28e329fe4053f2fa478dbb485b0",
      "board":{
        "url":"https:\/\/www.pinterest.com\/georgetakei\/celebrities\/",
        "id":"182888503556739382",
        "name":"Celebrities"
      },
      "image":{
        "original":{
          "url":"https:\/\/s-media-cache-ak0.pinimg.com\/originals\/2a\/a9\/54\/2aa95431faf1aaeb3911d82dd57db7ce.png",
          "width":468,
          "height":244
        }
      },
      "counts":{
        "likes":20,
        "comments":1,
        "repins":11
      },
      "id":"182888434845549068",
      "metadata":{
        "article":{
          "published_at":null,
          "description":"Sometimes, when you want to reach out to someone, you have to...",
          "name":"Father Suspects That His Son Might Be Gay, Then He Posts THIS To His Facebook.",
          "authors":[]
        },
        "link":{
          "locale":"en",
          "title":"Father Suspects That His Son Might Be Gay, Then He Posts THIS To His Facebook.",
          "site_name":"tickld.com",
          "description":"Sometimes, when you want to reach out to someone, you have to...",
          "favicon":"https:\/\/s-media-cache-ak0.pinimg.com\/favicons\/6e665473c3c49ac85364813f11315d748fada9665e9ecec90015310b.gif?c205ebca4705aebac5538ddc51f523b1"
        }
      }
    },
    {
      "attribution":null,
      "creator":{
        "url":"https:\/\/www.pinterest.com\/georgetakei\/",
        "first_name":"George Takei",
        "last_name":"",
        "id":"182888572276183278"
      },
      "url":"https:\/\/www.pinterest.com\/pin\/182888434845548763\/",
      "media":{
        "type":"image"
      },
      "created_at":"2015-11-16T14:30:16",
      "original_link":"https:\/\/www.facebook.com\/georgehtakei?utm_content=buffer67a02&utm_medium=social&utm_source=pinterest.com&utm_campaign=buffer",
      "note":"Well, there goes the neighborhood.",
      "color":"#8b7d49",
      "link":"https:\/\/www.pinterest.com\/r\/pin\/182888434845548763\/4779055074072594921\/c295aa4bcbba35e54711ad5ddbf0d62807f731ccd4de3c58870101990e2b53af",
      "board":{
        "url":"https:\/\/www.pinterest.com\/georgetakei\/celebrities\/",
        "id":"182888503556739382",
        "name":"Celebrities"
      },
      "image":{
        "original":{
          "url":"https:\/\/s-media-cache-ak0.pinimg.com\/originals\/a9\/81\/6f\/a9816f5cb84ad42798947b9256a2fdc2.jpg",
          "width":430,
          "height":559
        }
      },
      "counts":{
        "likes":22,
        "comments":0,
        "repins":24
      },
      "id":"182888434845548763",
      "metadata":{
      }
    },
    {
      "attribution":null,
      "creator":{
        "url":"https:\/\/www.pinterest.com\/georgetakei\/",
        "first_name":"George Takei",
        "last_name":"",
        "id":"182888572276183278"
      },
      "url":"https:\/\/www.pinterest.com\/pin\/182888434845546397\/",
      "media":{
        "type":"image"
      },
      "created_at":"2015-11-16T02:45:02",
      "original_link":"https:\/\/www.facebook.com\/georgehtakei?utm_content=buffer0fe63&utm_medium=social&utm_source=pinterest.com&utm_campaign=buffer",
      "note":"A purr-fect excuse not to get up.",
      "color":"#9e958a",
      "link":"https:\/\/www.pinterest.com\/r\/pin\/182888434845546397\/4779055074072594921\/ca92eb4d716aa8d069a4c359e1038de459da4deded3e60dce180de51efad6c4c",
      "board":{
        "url":"https:\/\/www.pinterest.com\/georgetakei\/celebrities\/",
        "id":"182888503556739382",
        "name":"Celebrities"
      },
      "image":{
        "original":{
          "url":"https:\/\/s-media-cache-ak0.pinimg.com\/originals\/64\/7c\/ec\/647cec56ef532e524ea55153d56783ad.jpg",
          "width":540,
          "height":671
        }
      },
      "counts":{
        "likes":41,
        "comments":2,
        "repins":90
      },
      "id":"182888434845546397",
      "metadata":{
      }
    },
    {
      "attribution":null,
      "creator":{
        "url":"https:\/\/www.pinterest.com\/georgetakei\/",
        "first_name":"George Takei",
        "last_name":"",
        "id":"182888572276183278"
      },
      "url":"https:\/\/www.pinterest.com\/pin\/182888434845545133\/",
      "media":{
        "type":"image"
      },
      "created_at":"2015-11-15T23:00:13",
      "original_link":"http:\/\/www.warpedspeed.com\/these-terrifying-statistics-that-will-change-the-way-you-look-at-life\/?ipp=4&ts_pid=6&utm_content=bufferc6d98&utm_medium=social&utm_source=pinterest.com&utm_campaign=buffer",
      "note":"A new way to fill those awkward silences at parties.",
      "color":"#565455",
      "link":"https:\/\/www.pinterest.com\/r\/pin\/182888434845545133\/4779055074072594921\/a21a888dbe1b4ae6c4be22c4a37881ea681bb783421ee1bafe5536dcef9e72f9",
      "board":{
        "url":"https:\/\/www.pinterest.com\/georgetakei\/celebrities\/",
        "id":"182888503556739382",
        "name":"Celebrities"
      },
      "image":{
        "original":{
          "url":"https:\/\/s-media-cache-ak0.pinimg.com\/originals\/ef\/d6\/bf\/efd6bfeedcc0b8f123d40780368497a1.png",
          "width":550,
          "height":550
        }
      },
      "counts":{
        "likes":2,
        "comments":2,
        "repins":10
      },
      "id":"182888434845545133",
      "metadata":{
      }
    },
    {
      "attribution":null,
      "creator":{
        "url":"https:\/\/www.pinterest.com\/georgetakei\/",
        "first_name":"George Takei",
        "last_name":"",
        "id":"182888572276183278"
      },
      "url":"https:\/\/www.pinterest.com\/pin\/182888434845543863\/",
      "media":{
        "type":"image"
      },
      "created_at":"2015-11-15T19:40:04",
      "original_link":"https:\/\/www.facebook.com\/georgehtakei?utm_content=buffera2e5a&utm_medium=social&utm_source=pinterest.com&utm_campaign=buffer",
      "note":"This takes the cake.",
      "color":"#968880",
      "link":"https:\/\/www.pinterest.com\/r\/pin\/182888434845543863\/4779055074072594921\/7f9d6c472b50b7106dd0acf5edecc31c73596ae62eabba35a8beed821fa8db60",
      "board":{
        "url":"https:\/\/www.pinterest.com\/georgetakei\/celebrities\/",
        "id":"182888503556739382",
        "name":"Celebrities"
      },
      "image":{
        "original":{
          "url":"https:\/\/s-media-cache-ak0.pinimg.com\/originals\/a7\/29\/a4\/a729a43986bf8c18f6350103590360a6.jpg",
          "width":540,
          "height":460
        }
      },
      "counts":{
        "likes":15,
        "comments":1,
        "repins":33
      },
      "id":"182888434845543863",
      "metadata":{
      }
    },
    {
      "attribution":null,
      "creator":{
        "url":"https:\/\/www.pinterest.com\/georgetakei\/",
        "first_name":"George Takei",
        "last_name":"",
        "id":"182888572276183278"
      },
      "url":"https:\/\/www.pinterest.com\/pin\/182888434845542727\/",
      "media":{
        "type":"image"
      },
      "created_at":"2015-11-15T15:30:11",
      "original_link":"http:\/\/www.tickld.com\/x\/pastor-just-said-something-that-blew-his-entire-congregation-away?ts_pid=6&utm_content=bufferd57ae&utm_medium=social&utm_source=pinterest.com&utm_campaign=buffer",
      "note":"Some people need a reality check.",
      "color":"#c5c5c4",
      "link":"https:\/\/www.pinterest.com\/r\/pin\/182888434845542727\/4779055074072594921\/809b97b67c51564c0dd518d5a92a779199c1aa207dbecbf12665f3db7af628b1",
      "board":{
        "url":"https:\/\/www.pinterest.com\/georgetakei\/celebrities\/",
        "id":"182888503556739382",
        "name":"Celebrities"
      },
      "image":{
        "original":{
          "url":"https:\/\/s-media-cache-ak0.pinimg.com\/originals\/9a\/91\/1a\/9a911a441746b2eb24ed4e95cdf67814.png",
          "width":468,
          "height":245
        }
      },
      "counts":{
        "likes":32,
        "comments":2,
        "repins":19
      },
      "id":"182888434845542727",
      "metadata":{
        "article":{
          "published_at":null,
          "description":"Some people need a reality check.",
          "name":"Pastor Just Said Something That Blew His Entire Congregation Away... Wow.",
          "authors":[]
        },
        "link":{
          "locale":"en",
          "title":"Pastor Just Said Something That Blew His Entire Congregation Away... Wow.",
          "site_name":"tickld.com",
          "description":"Some people need a reality check.",
          "favicon":"https:\/\/s-media-cache-ak0.pinimg.com\/favicons\/6e665473c3c49ac85364813f11315d748fada9665e9ecec90015310b.gif?c205ebca4705aebac5538ddc51f523b1"
        }
      }
    },
    {
      "attribution":null,
      "creator":{
        "url":"https:\/\/www.pinterest.com\/georgetakei\/",
        "first_name":"George Takei",
        "last_name":"",
        "id":"182888572276183278"
      },
      "url":"https:\/\/www.pinterest.com\/pin\/182888434845542508\/",
      "media":{
        "type":"image"
      },
      "created_at":"2015-11-15T14:30:09",
      "original_link":"https:\/\/www.facebook.com\/georgehtakei?utm_content=buffer772fe&utm_medium=social&utm_source=pinterest.com&utm_campaign=buffer",
      "note":"Sssssss happens.",
      "color":"#804a2e",
      "link":"https:\/\/www.pinterest.com\/r\/pin\/182888434845542508\/4779055074072594921\/f26af6aa5d240504c7251780f986fb23f874f81329cf5ddd77e97317678ada20",
      "board":{
        "url":"https:\/\/www.pinterest.com\/georgetakei\/celebrities\/",
        "id":"182888503556739382",
        "name":"Celebrities"
      },
      "image":{
        "original":{
          "url":"https:\/\/s-media-cache-ak0.pinimg.com\/originals\/e5\/da\/1b\/e5da1ba9b495f46e45837cde0e12519b.jpg",
          "width":540,
          "height":714
        }
      },
      "counts":{
        "likes":31,
        "comments":0,
        "repins":81
      },
      "id":"182888434845542508",
      "metadata":{
      }
    },
    {
      "attribution":null,
      "creator":{
        "url":"https:\/\/www.pinterest.com\/georgetakei\/",
        "first_name":"George Takei",
        "last_name":"",
        "id":"182888572276183278"
      },
      "url":"https:\/\/www.pinterest.com\/pin\/182888434845540540\/",
      "media":{
        "type":"image"
      },
      "created_at":"2015-11-15T02:45:01",
      "original_link":"https:\/\/www.facebook.com\/georgehtakei?utm_content=buffer6f261&utm_medium=social&utm_source=pinterest.com&utm_campaign=buffer",
      "note":"No phoning it in anymore.",
      "color":"#d0b5af",
      "link":"https:\/\/www.pinterest.com\/r\/pin\/182888434845540540\/4779055074072594921\/9bf641c1a57749370c260669b3305697ae86460d760fe1067548f81e216bda03",
      "board":{
        "url":"https:\/\/www.pinterest.com\/georgetakei\/celebrities\/",
        "id":"182888503556739382",
        "name":"Celebrities"
      },
      "image":{
        "original":{
          "url":"https:\/\/s-media-cache-ak0.pinimg.com\/originals\/12\/7a\/67\/127a6750001423320951c4c31b0932a6.jpg",
          "width":538,
          "height":401
        }
      },
      "counts":{
        "likes":41,
        "comments":3,
        "repins":112
      },
      "id":"182888434845540540",
      "metadata":{
      }
    },
    {
      "attribution":null,
      "creator":{
        "url":"https:\/\/www.pinterest.com\/georgetakei\/",
        "first_name":"George Takei",
        "last_name":"",
        "id":"182888572276183278"
      },
      "url":"https:\/\/www.pinterest.com\/pin\/182888434845539530\/",
      "media":{
        "type":"image"
      },
      "created_at":"2015-11-14T23:00:28",
      "original_link":"http:\/\/www.pixable.com\/article\/famously-misquoted-movie-lines-quiz-11116?ts_pid=6&utm_content=buffer030bd&utm_medium=social&utm_source=pinterest.com&utm_campaign=buffer",
      "note":"Don't misquote me on this.",
      "color":"#463a33",
      "link":"https:\/\/www.pinterest.com\/r\/pin\/182888434845539530\/4779055074072594921\/e67794b78c80055b42f461672bc424667aa5d5bd7103b14d7aedb2c4b71ca157",
      "board":{
        "url":"https:\/\/www.pinterest.com\/georgetakei\/celebrities\/",
        "id":"182888503556739382",
        "name":"Celebrities"
      },
      "image":{
        "original":{
          "url":"https:\/\/s-media-cache-ak0.pinimg.com\/originals\/52\/54\/2f\/52542fb9be07adf230e2cbda76f5ad35.png",
          "width":466,
          "height":225
        }
      },
      "counts":{
        "likes":5,
        "comments":0,
        "repins":3
      },
      "id":"182888434845539530",
      "metadata":{
        "article":{
          "published_at":"2015-11-02T00:00:00",
          "description":"You can't handle the truth.",
          "name":"QUIZ: Do You Know The Real Versions Of These Famously Misquoted Lines?",
          "authors":[
            {
              "name":"Julianne Adams"
            }
          ]
        },
        "link":{
          "locale":"en_US",
          "title":"QUIZ: Do You Know The Real Versions Of These Famously Misquoted Lines?",
          "site_name":"Pixable",
          "description":"You may think you know these famous movie lines, but you won't be sure until you take this quiz.",
          "favicon":"https:\/\/s-media-cache-ak0.pinimg.com\/favicons\/c22583f8ee762050b4cdfa8ac9f2cb9b9962255769a1d718cbcc5459.ico?bbf6c0dfe7c5591f7a1a4cb9bfbee410"
        }
      }
    },
    {
      "attribution":null,
      "creator":{
        "url":"https:\/\/www.pinterest.com\/georgetakei\/",
        "first_name":"George Takei",
        "last_name":"",
        "id":"182888572276183278"
      },
      "url":"https:\/\/www.pinterest.com\/pin\/182888434845538805\/",
      "media":{
        "type":"image"
      },
      "created_at":"2015-11-14T19:40:07",
      "original_link":"https:\/\/www.facebook.com\/georgehtakei?utm_content=buffer728f5&utm_medium=social&utm_source=pinterest.com&utm_campaign=buffer",
      "note":"Mother knows best.",
      "color":"#fefefe",
      "link":"https:\/\/www.pinterest.com\/r\/pin\/182888434845538805\/4779055074072594921\/01309ef5b0ec530c202e272129f2e022792918040720dda34234ef2fddd43963",
      "board":{
        "url":"https:\/\/www.pinterest.com\/georgetakei\/celebrities\/",
        "id":"182888503556739382",
        "name":"Celebrities"
      },
      "image":{
        "original":{
          "url":"https:\/\/s-media-cache-ak0.pinimg.com\/originals\/36\/ca\/b7\/36cab7babc26e132fde02bda9231bc46.jpg",
          "width":460,
          "height":251
        }
      },
      "counts":{
        "likes":4,
        "comments":0,
        "repins":23
      },
      "id":"182888434845538805",
      "metadata":{
      }
    },
    {
      "attribution":null,
      "creator":{
        "url":"https:\/\/www.pinterest.com\/georgetakei\/",
        "first_name":"George Takei",
        "last_name":"",
        "id":"182888572276183278"
      },
      "url":"https:\/\/www.pinterest.com\/pin\/182888434845538032\/",
      "media":{
        "type":"image"
      },
      "created_at":"2015-11-14T15:30:29",
      "original_link":"http:\/\/www.viralthread.com\/guy-on-plane-seated-next-to-stranger-who-looks-exactly-like-him\/?ts_pid=6&utm_content=bufferba93d&utm_medium=social&utm_source=pinterest.com&utm_campaign=buffer",
      "note":"Cut from the same beard.",
      "color":"#7a5d3d",
      "link":"https:\/\/www.pinterest.com\/r\/pin\/182888434845538032\/4779055074072594921\/7ae21cdb81c47d6cc6b0935dc264c2df6a57f2529b6ed3011c611bacedb4fff3",
      "board":{
        "url":"https:\/\/www.pinterest.com\/georgetakei\/celebrities\/",
        "id":"182888503556739382",
        "name":"Celebrities"
      },
      "image":{
        "original":{
          "url":"https:\/\/s-media-cache-ak0.pinimg.com\/originals\/24\/97\/2c\/24972c4e99ee3e28292c7889acaf3acb.png",
          "width":708,
          "height":525
        }
      },
      "counts":{
        "likes":9,
        "comments":0,
        "repins":8
      },
      "id":"182888434845538032",
      "metadata":{
      }
    },
    {
      "attribution":null,
      "creator":{
        "url":"https:\/\/www.pinterest.com\/georgetakei\/",
        "first_name":"George Takei",
        "last_name":"",
        "id":"182888572276183278"
      },
      "url":"https:\/\/www.pinterest.com\/pin\/182888434845537801\/",
      "media":{
        "type":"image"
      },
      "created_at":"2015-11-14T14:40:05",
      "original_link":"https:\/\/www.facebook.com\/georgehtakei?utm_content=buffer621c8&utm_medium=social&utm_source=pinterest.com&utm_campaign=buffer",
      "note":"Stop, in the name of this sign.",
      "color":"#7e6858",
      "link":"https:\/\/www.pinterest.com\/r\/pin\/182888434845537801\/4779055074072594921\/2a098fb10ed8d372fd8809eb29a03321c5df1365f15e83529b9e81c8f8e3fb88",
      "board":{
        "url":"https:\/\/www.pinterest.com\/georgetakei\/celebrities\/",
        "id":"182888503556739382",
        "name":"Celebrities"
      },
      "image":{
        "original":{
          "url":"https:\/\/s-media-cache-ak0.pinimg.com\/originals\/80\/e1\/60\/80e160de03cee9893594ef32051f4b30.jpg",
          "width":540,
          "height":743
        }
      },
      "counts":{
        "likes":12,
        "comments":1,
        "repins":45
      },
      "id":"182888434845537801",
      "metadata":{
      }
    },
    {
      "attribution":null,
      "creator":{
        "url":"https:\/\/www.pinterest.com\/georgetakei\/",
        "first_name":"George Takei",
        "last_name":"",
        "id":"182888572276183278"
      },
      "url":"https:\/\/www.pinterest.com\/pin\/182888434845535150\/",
      "media":{
        "type":"image"
      },
      "created_at":"2015-11-13T23:00:50",
      "original_link":"http:\/\/www.newser.com\/story\/215121\/heres-why-you-cant-draw-a-perfect-circle.html?ts_pid=6&utm_content=bufferf84e6&utm_medium=social&utm_source=pinterest.com&utm_campaign=buffer",
      "note":"This has me going in circles.",
      "color":"#ffffff",
      "link":"https:\/\/www.pinterest.com\/r\/pin\/182888434845535150\/4779055074072594921\/b8b898f81aeb9b910d37319aea13a44f94b4f8a997350410e6059341a550ff4b",
      "board":{
        "url":"https:\/\/www.pinterest.com\/georgetakei\/celebrities\/",
        "id":"182888503556739382",
        "name":"Celebrities"
      },
      "image":{
        "original":{
          "url":"https:\/\/s-media-cache-ak0.pinimg.com\/originals\/28\/ef\/1b\/28ef1b0428a8c7018665044b9c8e55cb.jpg",
          "width":1000,
          "height":729
        }
      },
      "counts":{
        "likes":3,
        "comments":0,
        "repins":3
      },
      "id":"182888434845535150",
      "metadata":{
      }
    },
    {
      "attribution":null,
      "creator":{
        "url":"https:\/\/www.pinterest.com\/georgetakei\/",
        "first_name":"George Takei",
        "last_name":"",
        "id":"182888572276183278"
      },
      "url":"https:\/\/www.pinterest.com\/pin\/182888434845534447\/",
      "media":{
        "type":"image"
      },
      "created_at":"2015-11-13T19:40:06",
      "original_link":"https:\/\/www.facebook.com\/georgehtakei?utm_content=buffer1ffa1&utm_medium=social&utm_source=pinterest.com&utm_campaign=buffer",
      "note":"They see me rollin', they hatin'.",
      "color":"#828078",
      "link":"https:\/\/www.pinterest.com\/r\/pin\/182888434845534447\/4779055074072594921\/bbee50e9ddaea65cd44f44013c380d1ec8a4c6321fa6d8a46c3f7e9da93fa3d1",
      "board":{
        "url":"https:\/\/www.pinterest.com\/georgetakei\/celebrities\/",
        "id":"182888503556739382",
        "name":"Celebrities"
      },
      "image":{
        "original":{
          "url":"https:\/\/s-media-cache-ak0.pinimg.com\/originals\/80\/0e\/87\/800e87e4e914f75c6130cd89d0751d9e.jpg",
          "width":460,
          "height":375
        }
      },
      "counts":{
        "likes":13,
        "comments":0,
        "repins":12
      },
      "id":"182888434845534447",
      "metadata":{
      }
    },
    {
      "attribution":null,
      "creator":{
        "url":"https:\/\/www.pinterest.com\/georgetakei\/",
        "first_name":"George Takei",
        "last_name":"",
        "id":"182888572276183278"
      },
      "url":"https:\/\/www.pinterest.com\/pin\/182888434845533459\/",
      "media":{
        "type":"image"
      },
      "created_at":"2015-11-13T15:30:17",
      "original_link":"http:\/\/www.viralthread.com\/23-pictures-of-people-and-animals-who-just-dont-care-anymore\/?ts_pid=6&utm_content=buffer57e44&utm_medium=social&utm_source=pinterest.com&utm_campaign=buffer",
      "note":"Zero craps were given this day.",
      "color":"#7f756c",
      "link":"https:\/\/www.pinterest.com\/r\/pin\/182888434845533459\/4779055074072594921\/dfacd993b1424268b25a42f7e01f12270b59ff7788cd721562d863b22f641e3c",
      "board":{
        "url":"https:\/\/www.pinterest.com\/georgetakei\/celebrities\/",
        "id":"182888503556739382",
        "name":"Celebrities"
      },
      "image":{
        "original":{
          "url":"https:\/\/s-media-cache-ak0.pinimg.com\/originals\/da\/56\/bb\/da56bbe2b8f58ac1542ac9d4842b8726.jpg",
          "width":540,
          "height":282
        }
      },
      "counts":{
        "likes":9,
        "comments":0,
        "repins":7
      },
      "id":"182888434845533459",
      "metadata":{
      }
    },
    {
      "attribution":null,
      "creator":{
        "url":"https:\/\/www.pinterest.com\/georgetakei\/",
        "first_name":"George Takei",
        "last_name":"",
        "id":"182888572276183278"
      },
      "url":"https:\/\/www.pinterest.com\/pin\/182888434845533159\/",
      "media":{
        "type":"image"
      },
      "created_at":"2015-11-13T14:30:37",
      "original_link":"https:\/\/www.facebook.com\/georgehtakei?utm_content=bufferea60e&utm_medium=social&utm_source=pinterest.com&utm_campaign=buffer",
      "note":"Not today, Satan.",
      "color":"#191817",
      "link":"https:\/\/www.pinterest.com\/r\/pin\/182888434845533159\/4779055074072594921\/7472ed37fc283b48c1c03c24b87b88c59e11607a08c5d615d69d7b353603c82d",
      "board":{
        "url":"https:\/\/www.pinterest.com\/georgetakei\/celebrities\/",
        "id":"182888503556739382",
        "name":"Celebrities"
      },
      "image":{
        "original":{
          "url":"https:\/\/s-media-cache-ak0.pinimg.com\/originals\/12\/37\/0a\/12370af43c0172be8d6ee92ff1e1b2c7.jpg",
          "width":540,
          "height":801
        }
      },
      "counts":{
        "likes":37,
        "comments":1,
        "repins":54
      },
      "id":"182888434845533159",
      "metadata":{
      }
    },
    {
      "attribution":null,
      "creator":{
        "url":"https:\/\/www.pinterest.com\/georgetakei\/",
        "first_name":"George Takei",
        "last_name":"",
        "id":"182888572276183278"
      },
      "url":"https:\/\/www.pinterest.com\/pin\/182888434845531280\/",
      "media":{
        "type":"image"
      },
      "created_at":"2015-11-13T02:45:08",
      "original_link":"https:\/\/www.facebook.com\/georgehtakei?utm_content=bufferf224e&utm_medium=social&utm_source=pinterest.com&utm_campaign=buffer",
      "note":"This ages me.",
      "color":"#d1bf7d",
      "link":"https:\/\/www.pinterest.com\/r\/pin\/182888434845531280\/4779055074072594921\/393444a9e04102bb3f720b7e010cca1a4c1a1fdcabb5f880f8683897853e2500",
      "board":{
        "url":"https:\/\/www.pinterest.com\/georgetakei\/celebrities\/",
        "id":"182888503556739382",
        "name":"Celebrities"
      },
      "image":{
        "original":{
          "url":"https:\/\/s-media-cache-ak0.pinimg.com\/originals\/ae\/1d\/50\/ae1d506e25a161df4f5c1955d3ec9624.jpg",
          "width":538,
          "height":471
        }
      },
      "counts":{
        "likes":44,
        "comments":0,
        "repins":126
      },
      "id":"182888434845531280",
      "metadata":{
      }
    },
    {
      "attribution":null,
      "creator":{
        "url":"https:\/\/www.pinterest.com\/georgetakei\/",
        "first_name":"George Takei",
        "last_name":"",
        "id":"182888572276183278"
      },
      "url":"https:\/\/www.pinterest.com\/pin\/182888434845530005\/",
      "media":{
        "type":"image"
      },
      "created_at":"2015-11-12T23:00:17",
      "original_link":"http:\/\/aplus.com\/a\/traditional-japanese-table-bed-heater-kotatsu?c=2547&ts_pid=6&utm_content=buffer9990a&utm_medium=social&utm_source=pinterest.com&utm_campaign=buffer",
      "note":"Winter is coming, and I need this in my life.",
      "color":"#ac795b",
      "link":"https:\/\/www.pinterest.com\/r\/pin\/182888434845530005\/4779055074072594921\/64033c0f872ed22e312ebb2201d91863bd15f6add6687404d04f38d9bc8d2a88",
      "board":{
        "url":"https:\/\/www.pinterest.com\/georgetakei\/celebrities\/",
        "id":"182888503556739382",
        "name":"Celebrities"
      },
      "image":{
        "original":{
          "url":"https:\/\/s-media-cache-ak0.pinimg.com\/originals\/bf\/ef\/ee\/bfefeed9258ad0432e10dec9372caf9f.jpg",
          "width":1200,
          "height":630
        }
      },
      "counts":{
        "likes":38,
        "comments":2,
        "repins":85
      },
      "id":"182888434845530005",
      "metadata":{
      }
    }
  ],
  "page":{
    "cursor":"LT4xODI4ODg0MzQ4NDU1MzAwMDU6MTQ1fDA5YmIxNDM4OTkwY2FlMTllNjk2YzZmYzk3NTdkMTMyZmIzNDJjYjJkYWNkZjRmYWM4MTMwYmJhNTA5N2I4ZDA=",
    "next":"https:\/\/api.pinterest.com\/v1\/boards\/georgetakei\/celebrities\/pins\/?access_token=AZlZE-HOK-Y4205yRft75KyYVaauFCBIs8jxSxdCtrJcomAqbQAAAAA&fields=id%2Clink%2Cnote%2Curl%2Cattribution%2Cmedia%2Cmetadata%2Cboard%2Ccolor%2Ccounts%2Ccreated_at%2Ccreator%2Cimage%2Coriginal_link&cursor=LT4xODI4ODg0MzQ4NDU1MzAwMDU6MTQ1fDA5YmIxNDM4OTkwY2FlMTllNjk2YzZmYzk3NTdkMTMyZmIzNDJjYjJkYWNkZjRmYWM4MTMwYmJhNTA5N2I4ZDA%3D"
  }
}
