{
  "data":[
    {
      "attribution":null,
      "creator":{
        "url":"https:\/\/www.pinterest.com\/dailymail\/",
        "first_name":"Daily Mail",
        "last_name":"",
        "id":"536561880513118266"
      },
      "url":"https:\/\/www.pinterest.com\/pin\/536561743080001648\/",
      "media":{
        "type":"image"
      },
      "created_at":"2015-01-29T09:26:08",
      "original_link":"http:\/\/dailym.ai\/1Bh6CMp#i-d71cf5c76cc97008",
      "note":"A group of tourists scaled the Rocky steps in Philadelphia - and found Sylvester Stallone himself at the top.",
      "color":"#786161",
      "link":"https:\/\/www.pinterest.com\/r\/pin\/536561743080001648\/4779055074072594921\/dde8f3953548eea881037a1dd65f53e7310a3d37186e0998785805d98b3a09bc",
      "board":{
        "url":"https:\/\/www.pinterest.com\/dailymail\/celebrities\/",
        "id":"536561811793888186",
        "name":"Celebrities"
      },
      "image":{
        "original":{
          "url":"https:\/\/s-media-cache-ak0.pinimg.com\/originals\/64\/ec\/64\/64ec642f621751b1d2ba0e6b1bd4e136.jpg",
          "width":634,
          "height":476
        }
      },
      "counts":{
        "likes":1,
        "comments":0,
        "repins":1
      },
      "id":"536561743080001648",
      "metadata":{
      }
    },
    {
      "attribution":null,
      "creator":{
        "url":"https:\/\/www.pinterest.com\/dailymail\/",
        "first_name":"Daily Mail",
        "last_name":"",
        "id":"536561880513118266"
      },
      "url":"https:\/\/www.pinterest.com\/pin\/536561743079918479\/",
      "media":{
        "type":"image"
      },
      "created_at":"2015-01-23T14:03:57",
      "original_link":"http:\/\/dailym.ai\/1BjHLYh#i-5ab172e5c8bcd7f1",
      "note":"Ciara at The Daily Front Row Fashion Los Angeles Awards.",
      "color":"#846b4f",
      "link":"https:\/\/www.pinterest.com\/r\/pin\/536561743079918479\/4779055074072594921\/35aa2077c8ac859a78fa70422f51fa18125eb560dd0edb8b186f5127d06554a3",
      "board":{
        "url":"https:\/\/www.pinterest.com\/dailymail\/celebrities\/",
        "id":"536561811793888186",
        "name":"Celebrities"
      },
      "image":{
        "original":{
          "url":"https:\/\/s-media-cache-ak0.pinimg.com\/originals\/f9\/e4\/85\/f9e485ea805ac6e4a246b25fa388e988.jpg",
          "width":306,
          "height":850
        }
      },
      "counts":{
        "likes":1,
        "comments":0,
        "repins":2
      },
      "id":"536561743079918479",
      "metadata":{
      }
    },
    {
      "attribution":null,
      "creator":{
        "url":"https:\/\/www.pinterest.com\/dailymail\/",
        "first_name":"Daily Mail",
        "last_name":"",
        "id":"536561880513118266"
      },
      "url":"https:\/\/www.pinterest.com\/pin\/536561743079905398\/",
      "media":{
        "type":"image"
      },
      "created_at":"2015-01-22T14:01:27",
      "original_link":"http:\/\/dailym.ai\/1Bgto6Y#i-f2ce4e486d8abdb",
      "note":"Revealing: Gwyneth Paltrow revealed side boob and plenty of leg as she arrived at the red carpet premiere of Mortdecai in Hollywood, California.",
      "color":"#d6cbd3",
      "link":"https:\/\/www.pinterest.com\/r\/pin\/536561743079905398\/4779055074072594921\/6664e29964181f11ba72ebbdf0784f364d68b9b898c17b4b4959b1354f968770",
      "board":{
        "url":"https:\/\/www.pinterest.com\/dailymail\/celebrities\/",
        "id":"536561811793888186",
        "name":"Celebrities"
      },
      "image":{
        "original":{
          "url":"https:\/\/s-media-cache-ak0.pinimg.com\/originals\/d7\/43\/a3\/d743a3860b2ecc8a37f461c0eea36995.jpg",
          "width":634,
          "height":826
        }
      },
      "counts":{
        "likes":0,
        "comments":0,
        "repins":1
      },
      "id":"536561743079905398",
      "metadata":{
      }
    },
    {
      "attribution":null,
      "creator":{
        "url":"https:\/\/www.pinterest.com\/dailymail\/",
        "first_name":"Daily Mail",
        "last_name":"",
        "id":"536561880513118266"
      },
      "url":"https:\/\/www.pinterest.com\/pin\/536561743079906708\/",
      "media":{
        "type":"image"
      },
      "created_at":"2015-01-22T16:34:46",
      "original_link":"http:\/\/dailym.ai\/1BfOwum#i-8551337e869afb23",
      "note":"The many faces of Elisabeth Moss: The Mad Men star struck a silly pose",
      "color":"#5b3f26",
      "link":"https:\/\/www.pinterest.com\/r\/pin\/536561743079906708\/4779055074072594921\/917825e6e4e8d14be456a3d3d00ba2bb8fad1dcc53cc7cf124ee745319f8098b",
      "board":{
        "url":"https:\/\/www.pinterest.com\/dailymail\/celebrities\/",
        "id":"536561811793888186",
        "name":"Celebrities"
      },
      "image":{
        "original":{
          "url":"https:\/\/s-media-cache-ak0.pinimg.com\/originals\/94\/5a\/84\/945a840bb8eb463d6c6a5b188f2ae80a.jpg",
          "width":306,
          "height":899
        }
      },
      "counts":{
        "likes":1,
        "comments":0,
        "repins":1
      },
      "id":"536561743079906708",
      "metadata":{
      }
    },
    {
      "attribution":null,
      "creator":{
        "url":"https:\/\/www.pinterest.com\/dailymail\/",
        "first_name":"Daily Mail",
        "last_name":"",
        "id":"536561880513118266"
      },
      "url":"https:\/\/www.pinterest.com\/pin\/536561743079933306\/",
      "media":{
        "type":"image"
      },
      "created_at":"2015-01-24T15:17:54",
      "original_link":"http:\/\/dailym.ai\/1uFfjAX#i-209dbf0568b3e83b",
      "note":"Smile and wave: Sarah Jessica Parker looked glamorous in a gold lace dress as she walked the red carpet for husband Matthew Broderick's Broadway comedy, It's Only A Play",
      "color":"#b39a8a",
      "link":"https:\/\/www.pinterest.com\/r\/pin\/536561743079933306\/4779055074072594921\/2273a880ff269ce433aeba777925ef65ed118b1b72052cc4b46699bf01181d23",
      "board":{
        "url":"https:\/\/www.pinterest.com\/dailymail\/celebrities\/",
        "id":"536561811793888186",
        "name":"Celebrities"
      },
      "image":{
        "original":{
          "url":"https:\/\/s-media-cache-ak0.pinimg.com\/originals\/c5\/4e\/57\/c54e5730bba2fa6248e5ea692c372be5.jpg",
          "width":306,
          "height":694
        }
      },
      "counts":{
        "likes":1,
        "comments":0,
        "repins":1
      },
      "id":"536561743079933306",
      "metadata":{
      }
    },
    {
      "attribution":null,
      "creator":{
        "url":"https:\/\/www.pinterest.com\/dailymail\/",
        "first_name":"Daily Mail",
        "last_name":"",
        "id":"536561880513118266"
      },
      "url":"https:\/\/www.pinterest.com\/pin\/536561743079918203\/",
      "media":{
        "type":"image"
      },
      "created_at":"2015-01-23T13:42:36",
      "original_link":"http:\/\/dailym.ai\/1BjDBj6#i-4019742fed9ba2b5",
      "note":"Jennifer Lopez wearing an extremely low-cut black dress",
      "color":"#835f7c",
      "link":"https:\/\/www.pinterest.com\/r\/pin\/536561743079918203\/4779055074072594921\/4f19352566e1b1d387ca4cdd98e1d298db361638f2285d64a4df71ae860cf563",
      "board":{
        "url":"https:\/\/www.pinterest.com\/dailymail\/celebrities\/",
        "id":"536561811793888186",
        "name":"Celebrities"
      },
      "image":{
        "original":{
          "url":"https:\/\/s-media-cache-ak0.pinimg.com\/originals\/f7\/e7\/b2\/f7e7b22dd8dfd4b7675f9cb906564529.jpg",
          "width":634,
          "height":708
        }
      },
      "counts":{
        "likes":0,
        "comments":0,
        "repins":1
      },
      "id":"536561743079918203",
      "metadata":{
      }
    },
    {
      "attribution":null,
      "creator":{
        "url":"https:\/\/www.pinterest.com\/dailymail\/",
        "first_name":"Daily Mail",
        "last_name":"",
        "id":"536561880513118266"
      },
      "url":"https:\/\/www.pinterest.com\/pin\/536561743079918447\/",
      "media":{
        "type":"image"
      },
      "created_at":"2015-01-23T14:01:34",
      "original_link":"http:\/\/dailym.ai\/1BjHLYh#i-686f88091e546df3",
      "note":"Playing it safe: Kerry Washington at The Daily Front Row Fashion Los Angeles Awards.",
      "color":"#866b66",
      "link":"https:\/\/www.pinterest.com\/r\/pin\/536561743079918447\/4779055074072594921\/b36862625a5fb9ec7371832ae7cc39d3c5d82212d57067024f2d2cd1dc12c76e",
      "board":{
        "url":"https:\/\/www.pinterest.com\/dailymail\/celebrities\/",
        "id":"536561811793888186",
        "name":"Celebrities"
      },
      "image":{
        "original":{
          "url":"https:\/\/s-media-cache-ak0.pinimg.com\/originals\/e2\/80\/15\/e28015d3342d11a388db7e8607b13bab.jpg",
          "width":306,
          "height":864
        }
      },
      "counts":{
        "likes":2,
        "comments":0,
        "repins":4
      },
      "id":"536561743079918447",
      "metadata":{
      }
    },
    {
      "attribution":null,
      "creator":{
        "url":"https:\/\/www.pinterest.com\/dailymail\/",
        "first_name":"Daily Mail",
        "last_name":"",
        "id":"536561880513118266"
      },
      "url":"https:\/\/www.pinterest.com\/pin\/536561743079963609\/",
      "media":{
        "type":"image"
      },
      "created_at":"2015-01-26T15:16:39",
      "original_link":"http:\/\/dailym.ai\/1EKCMRu#i-43599a6c197a06b3",
      "note":"Red hot! Kaley Cuoco sizzled in a slinky strapless red gown cinched at the waist with a red bow at the SAG Awards",
      "color":"#ba140a",
      "link":"https:\/\/www.pinterest.com\/r\/pin\/536561743079963609\/4779055074072594921\/978c976e7b31609c27496bfd655f45c3e52c9337c44ba2b54054b601d25cb605",
      "board":{
        "url":"https:\/\/www.pinterest.com\/dailymail\/celebrities\/",
        "id":"536561811793888186",
        "name":"Celebrities"
      },
      "image":{
        "original":{
          "url":"https:\/\/s-media-cache-ak0.pinimg.com\/originals\/0d\/35\/0b\/0d350b833b8ecca1327d89f8406ee0b0.jpg",
          "width":634,
          "height":859
        }
      },
      "counts":{
        "likes":0,
        "comments":0,
        "repins":0
      },
      "id":"536561743079963609",
      "metadata":{
      }
    },
    {
      "attribution":null,
      "creator":{
        "url":"https:\/\/www.pinterest.com\/dailymail\/",
        "first_name":"Daily Mail",
        "last_name":"",
        "id":"536561880513118266"
      },
      "url":"https:\/\/www.pinterest.com\/pin\/536561743079963850\/",
      "media":{
        "type":"image"
      },
      "created_at":"2015-01-26T15:47:52",
      "original_link":"http:\/\/dailym.ai\/1uNPwGK#i-53d65d763318bc05",
      "note":"Keira Knightley",
      "color":"#3a0f1b",
      "link":"https:\/\/www.pinterest.com\/r\/pin\/536561743079963850\/4779055074072594921\/4a0ca6136eb879d6dc3f09ea4ac0c330cc3b4328407d6121ad82c3a57b6ac3d5",
      "board":{
        "url":"https:\/\/www.pinterest.com\/dailymail\/celebrities\/",
        "id":"536561811793888186",
        "name":"Celebrities"
      },
      "image":{
        "original":{
          "url":"https:\/\/s-media-cache-ak0.pinimg.com\/originals\/98\/40\/89\/98408951d07cb72f33ff267f735c1de3.jpg",
          "width":229,
          "height":665
        }
      },
      "counts":{
        "likes":0,
        "comments":0,
        "repins":1
      },
      "id":"536561743079963850",
      "metadata":{
      }
    },
    {
      "attribution":null,
      "creator":{
        "url":"https:\/\/www.pinterest.com\/dailymail\/",
        "first_name":"Daily Mail",
        "last_name":"",
        "id":"536561880513118266"
      },
      "url":"https:\/\/www.pinterest.com\/pin\/536561743080001547\/",
      "media":{
        "type":"image"
      },
      "created_at":"2015-01-29T09:01:01",
      "original_link":"http:\/\/www.dailymail.co.uk\/tvshowbiz\/article-2923040\/Kanye-West-joined-Katy-Perry-Rihanna-Miley-Cyrus-sit-row-LA-fashion-event.html#i-5ab172e5c8bcd7f1",
      "note":"Sheer daring: The television personality donned a intricately designed black dress featuring a sheer skirt and an embossed floral design with a pair of black leather Christian Louboutin heels",
      "color":"#3f3e46",
      "link":"https:\/\/www.pinterest.com\/r\/pin\/536561743080001547\/4779055074072594921\/3e4b05c5f74e8e40274022477b395fe1a904a69278e98aff2145a8a16a93a4cf",
      "board":{
        "url":"https:\/\/www.pinterest.com\/dailymail\/celebrities\/",
        "id":"536561811793888186",
        "name":"Celebrities"
      },
      "image":{
        "original":{
          "url":"https:\/\/s-media-cache-ak0.pinimg.com\/originals\/90\/ca\/27\/90ca27b74e385d087b8b6dc4731d5235.jpg",
          "width":306,
          "height":657
        }
      },
      "counts":{
        "likes":0,
        "comments":0,
        "repins":1
      },
      "id":"536561743080001547",
      "metadata":{
        "article":{
          "published_at":null,
          "description":"The glamorous trio pulled out all the stops in the style stakes as they competed for the title of most fashionable at The Daily Front Row Fashion Los Angeles Awards event.",
          "name":"Katy Perry, Rihanna and Miley Cyrus lead A-list front row",
          "authors":[]
        },
        "link":{
          "locale":"en_GB",
          "title":"Katy Perry, Rihanna and Miley Cyrus lead A-list front row",
          "site_name":"Mail Online",
          "description":"The glamorous trio pulled out all the stops in the style stakes as they competed for the title of most fashionable at The Daily Front Row Fashion Los Angeles Awards event.",
          "favicon":"https:\/\/s-media-cache-ak0.pinimg.com\/favicons\/ba8856b627a2bf282a5dab73c40812571f90daf57fe69780aa1096ab.ico?a8690769c53090d08b0560db0144a818"
        }
      }
    },
    {
      "attribution":null,
      "creator":{
        "url":"https:\/\/www.pinterest.com\/dailymail\/",
        "first_name":"Daily Mail",
        "last_name":"",
        "id":"536561880513118266"
      },
      "url":"https:\/\/www.pinterest.com\/pin\/536561743080001532\/",
      "media":{
        "type":"image"
      },
      "created_at":"2015-01-29T08:57:03",
      "original_link":"http:\/\/www.dailymail.co.uk\/tvshowbiz\/article-2923040\/Kanye-West-joined-Katy-Perry-Rihanna-Miley-Cyrus-sit-row-LA-fashion-event.html#i-5ab172e5c8bcd7f1",
      "note":"Motley crew: Moschino creative director Jeremy Scott hung out with the two musicians",
      "color":"#57412c",
      "link":"https:\/\/www.pinterest.com\/r\/pin\/536561743080001532\/4779055074072594921\/26e6d314a81b8aa9ead7ccac6e5d7caf6372c8a74a6e65e0b4e50feef6733b98",
      "board":{
        "url":"https:\/\/www.pinterest.com\/dailymail\/celebrities\/",
        "id":"536561811793888186",
        "name":"Celebrities"
      },
      "image":{
        "original":{
          "url":"https:\/\/s-media-cache-ak0.pinimg.com\/originals\/5f\/03\/76\/5f03767eb798d188fb69dc6b8b17407d.jpg",
          "width":634,
          "height":761
        }
      },
      "counts":{
        "likes":0,
        "comments":0,
        "repins":0
      },
      "id":"536561743080001532",
      "metadata":{
        "article":{
          "published_at":null,
          "description":"The glamorous trio pulled out all the stops in the style stakes as they competed for the title of most fashionable at The Daily Front Row Fashion Los Angeles Awards event.",
          "name":"Katy Perry, Rihanna and Miley Cyrus lead A-list front row",
          "authors":[]
        },
        "link":{
          "locale":"en_GB",
          "title":"Katy Perry, Rihanna and Miley Cyrus lead A-list front row",
          "site_name":"Mail Online",
          "description":"The glamorous trio pulled out all the stops in the style stakes as they competed for the title of most fashionable at The Daily Front Row Fashion Los Angeles Awards event.",
          "favicon":"https:\/\/s-media-cache-ak0.pinimg.com\/favicons\/ba8856b627a2bf282a5dab73c40812571f90daf57fe69780aa1096ab.ico?a8690769c53090d08b0560db0144a818"
        }
      }
    },
    {
      "attribution":null,
      "creator":{
        "url":"https:\/\/www.pinterest.com\/dailymail\/",
        "first_name":"Daily Mail",
        "last_name":"",
        "id":"536561880513118266"
      },
      "url":"https:\/\/www.pinterest.com\/pin\/536561743080001528\/",
      "media":{
        "type":"image"
      },
      "created_at":"2015-01-29T08:56:20",
      "original_link":"http:\/\/www.dailymail.co.uk\/tvshowbiz\/article-2923040\/Kanye-West-joined-Katy-Perry-Rihanna-Miley-Cyrus-sit-row-LA-fashion-event.html#i-5ab172e5c8bcd7f1",
      "note":"Dynamic duo: Kanye was seated next to friend and occasional collaborator Katy",
      "color":"#8a4e49",
      "link":"https:\/\/www.pinterest.com\/r\/pin\/536561743080001528\/4779055074072594921\/e9d520d21d2fafa45964f7eb98114572aae9d75a760df49c1749b4e5f5e47d8d",
      "board":{
        "url":"https:\/\/www.pinterest.com\/dailymail\/celebrities\/",
        "id":"536561811793888186",
        "name":"Celebrities"
      },
      "image":{
        "original":{
          "url":"https:\/\/s-media-cache-ak0.pinimg.com\/originals\/e0\/52\/78\/e05278253a26fbd3e8907c10512dc010.jpg",
          "width":634,
          "height":857
        }
      },
      "counts":{
        "likes":0,
        "comments":0,
        "repins":1
      },
      "id":"536561743080001528",
      "metadata":{
        "article":{
          "published_at":null,
          "description":"The glamorous trio pulled out all the stops in the style stakes as they competed for the title of most fashionable at The Daily Front Row Fashion Los Angeles Awards event.",
          "name":"Katy Perry, Rihanna and Miley Cyrus lead A-list front row",
          "authors":[]
        },
        "link":{
          "locale":"en_GB",
          "title":"Katy Perry, Rihanna and Miley Cyrus lead A-list front row",
          "site_name":"Mail Online",
          "description":"The glamorous trio pulled out all the stops in the style stakes as they competed for the title of most fashionable at The Daily Front Row Fashion Los Angeles Awards event.",
          "favicon":"https:\/\/s-media-cache-ak0.pinimg.com\/favicons\/ba8856b627a2bf282a5dab73c40812571f90daf57fe69780aa1096ab.ico?a8690769c53090d08b0560db0144a818"
        }
      }
    },
    {
      "attribution":null,
      "creator":{
        "url":"https:\/\/www.pinterest.com\/dailymail\/",
        "first_name":"Daily Mail",
        "last_name":"",
        "id":"536561880513118266"
      },
      "url":"https:\/\/www.pinterest.com\/pin\/536561743079921228\/",
      "media":{
        "type":"image"
      },
      "created_at":"2015-01-23T18:50:56",
      "original_link":"http:\/\/dailym.ai\/1BkUzhh#i-875ea0923986dc87",
      "note":"In the best shape of her life: Heidi Klum was flawless in skinny jeans",
      "color":"#a7a69f",
      "link":"https:\/\/www.pinterest.com\/r\/pin\/536561743079921228\/4779055074072594921\/adaf505d91f430c6a5a3f0c76332a4ee76c1eceefb3a11c79827d58d1dd0337e",
      "board":{
        "url":"https:\/\/www.pinterest.com\/dailymail\/celebrities\/",
        "id":"536561811793888186",
        "name":"Celebrities"
      },
      "image":{
        "original":{
          "url":"https:\/\/s-media-cache-ak0.pinimg.com\/originals\/72\/7e\/e2\/727ee2e2fe7ed8e8f4f1d464b4b2246f.jpg",
          "width":634,
          "height":1049
        }
      },
      "counts":{
        "likes":0,
        "comments":0,
        "repins":4
      },
      "id":"536561743079921228",
      "metadata":{
      }
    },
    {
      "attribution":null,
      "creator":{
        "url":"https:\/\/www.pinterest.com\/dailymail\/",
        "first_name":"Daily Mail",
        "last_name":"",
        "id":"536561880513118266"
      },
      "url":"https:\/\/www.pinterest.com\/pin\/536561743079920214\/",
      "media":{
        "type":"image"
      },
      "created_at":"2015-01-23T16:51:52",
      "original_link":"http:\/\/dailym.ai\/1uAfzRF#i-780edd9596a5b1c9",
      "note":"Casual: Joanna Krupa looked laid-back as she made her way through LAX airport",
      "color":"#2c2c26",
      "link":"https:\/\/www.pinterest.com\/r\/pin\/536561743079920214\/4779055074072594921\/30c43487348a29f5001cedcacd052ea0b6703c85ec448d85dba02972b28db23c",
      "board":{
        "url":"https:\/\/www.pinterest.com\/dailymail\/celebrities\/",
        "id":"536561811793888186",
        "name":"Celebrities"
      },
      "image":{
        "original":{
          "url":"https:\/\/s-media-cache-ak0.pinimg.com\/originals\/04\/46\/12\/0446120c4a049b024678144c8e528c34.jpg",
          "width":634,
          "height":866
        }
      },
      "counts":{
        "likes":0,
        "comments":0,
        "repins":2
      },
      "id":"536561743079920214",
      "metadata":{
      }
    },
    {
      "attribution":null,
      "creator":{
        "url":"https:\/\/www.pinterest.com\/dailymail\/",
        "first_name":"Daily Mail",
        "last_name":"",
        "id":"536561880513118266"
      },
      "url":"https:\/\/www.pinterest.com\/pin\/536561743079935255\/",
      "media":{
        "type":"image"
      },
      "created_at":"2015-01-24T17:42:52",
      "original_link":"http:\/\/dailym.ai\/1JluYbu#i-7a41b5e89ba3a5e0",
      "note":"Fur the love of fashion: Cindy Crawford proved that she can make any outfit look good as she was seen wearing a laid-back look",
      "color":"#393936",
      "link":"https:\/\/www.pinterest.com\/r\/pin\/536561743079935255\/4779055074072594921\/1ffc6ca19342e99d3e43dcb217c32d2aa3168b262942133297420c0ac2231ba1",
      "board":{
        "url":"https:\/\/www.pinterest.com\/dailymail\/celebrities\/",
        "id":"536561811793888186",
        "name":"Celebrities"
      },
      "image":{
        "original":{
          "url":"https:\/\/s-media-cache-ak0.pinimg.com\/originals\/c3\/b2\/2f\/c3b22f6d8278063bec053938f5fb5f6f.jpg",
          "width":634,
          "height":1014
        }
      },
      "counts":{
        "likes":0,
        "comments":0,
        "repins":3
      },
      "id":"536561743079935255",
      "metadata":{
      }
    },
    {
      "attribution":null,
      "creator":{
        "url":"https:\/\/www.pinterest.com\/dailymail\/",
        "first_name":"Daily Mail",
        "last_name":"",
        "id":"536561880513118266"
      },
      "url":"https:\/\/www.pinterest.com\/pin\/536561743079919799\/",
      "media":{
        "type":"image"
      },
      "created_at":"2015-01-23T16:08:50",
      "original_link":"http:\/\/dailym.ai\/1uAHctR#i-8e58563c88402675",
      "note":"Model mum: Alessandra Ambrosio looked beautiful when spotted out with her son, Noah",
      "color":"#999793",
      "link":"https:\/\/www.pinterest.com\/r\/pin\/536561743079919799\/4779055074072594921\/40865e1256d82ae0159d453d4e834037adca679b8a4d4441324e9d14344ce71b",
      "board":{
        "url":"https:\/\/www.pinterest.com\/dailymail\/celebrities\/",
        "id":"536561811793888186",
        "name":"Celebrities"
      },
      "image":{
        "original":{
          "url":"https:\/\/s-media-cache-ak0.pinimg.com\/originals\/a6\/fc\/4c\/a6fc4cddc3874461af3b2b89f2045efc.jpg",
          "width":634,
          "height":1001
        }
      },
      "counts":{
        "likes":0,
        "comments":0,
        "repins":1
      },
      "id":"536561743079919799",
      "metadata":{
      }
    },
    {
      "attribution":null,
      "creator":{
        "url":"https:\/\/www.pinterest.com\/dailymail\/",
        "first_name":"Daily Mail",
        "last_name":"",
        "id":"536561880513118266"
      },
      "url":"https:\/\/www.pinterest.com\/pin\/536561743079908143\/",
      "media":{
        "type":"image"
      },
      "created_at":"2015-01-22T19:00:18",
      "original_link":"http:\/\/dailym.ai\/1Bhzy6U#i-90f4b5bc832163c1",
      "note":"Afternoon soak: Model Emily Ratajkowski bared while posing in a bathtub",
      "color":"#68554b",
      "link":"https:\/\/www.pinterest.com\/r\/pin\/536561743079908143\/4779055074072594921\/666f456925afb129fd54c1c91b324a192a858bee2d37c12632107f081a0254c2",
      "board":{
        "url":"https:\/\/www.pinterest.com\/dailymail\/celebrities\/",
        "id":"536561811793888186",
        "name":"Celebrities"
      },
      "image":{
        "original":{
          "url":"https:\/\/s-media-cache-ak0.pinimg.com\/originals\/28\/b2\/7f\/28b27f1e893663409139d6aa2dd04b30.jpg",
          "width":634,
          "height":634
        }
      },
      "counts":{
        "likes":0,
        "comments":0,
        "repins":1
      },
      "id":"536561743079908143",
      "metadata":{
      }
    },
    {
      "attribution":null,
      "creator":{
        "url":"https:\/\/www.pinterest.com\/dailymail\/",
        "first_name":"Daily Mail",
        "last_name":"",
        "id":"536561880513118266"
      },
      "url":"https:\/\/www.pinterest.com\/pin\/536561743079918483\/",
      "media":{
        "type":"image"
      },
      "created_at":"2015-01-23T14:04:18",
      "original_link":"http:\/\/dailym.ai\/1BjHLYh#i-3914a22eea9aa9dd",
      "note":"It's not hard to see why she's Model Of The Year: Gigi Hadid at The Daily Front Row Fashion Los Angeles Awards.",
      "color":"#83363a",
      "link":"https:\/\/www.pinterest.com\/r\/pin\/536561743079918483\/4779055074072594921\/a2e175a8b59489cd41af67ccea54fe9ec429e3a1614f16dad23df174eed3af50",
      "board":{
        "url":"https:\/\/www.pinterest.com\/dailymail\/celebrities\/",
        "id":"536561811793888186",
        "name":"Celebrities"
      },
      "image":{
        "original":{
          "url":"https:\/\/s-media-cache-ak0.pinimg.com\/originals\/5e\/0e\/f5\/5e0ef5f4ee102d220bd614449f673f76.jpg",
          "width":195,
          "height":656
        }
      },
      "counts":{
        "likes":0,
        "comments":0,
        "repins":2
      },
      "id":"536561743079918483",
      "metadata":{
      }
    },
    {
      "attribution":null,
      "creator":{
        "url":"https:\/\/www.pinterest.com\/dailymail\/",
        "first_name":"Daily Mail",
        "last_name":"",
        "id":"536561880513118266"
      },
      "url":"https:\/\/www.pinterest.com\/pin\/536561743079908278\/",
      "media":{
        "type":"image"
      },
      "created_at":"2015-01-22T19:17:15",
      "original_link":"http:\/\/dailym.ai\/1Bi8jcp#i-5fe1b74844c8cd5b",
      "note":"Impressive: Carmen Electra proved she's still in impeccable shape as she strolled along the sand",
      "color":"#948d80",
      "link":"https:\/\/www.pinterest.com\/r\/pin\/536561743079908278\/4779055074072594921\/e4b1700d7bcf807b1cb5eaea61188c7e4d465b550b09194b0356c6d5627b2c02",
      "board":{
        "url":"https:\/\/www.pinterest.com\/dailymail\/celebrities\/",
        "id":"536561811793888186",
        "name":"Celebrities"
      },
      "image":{
        "original":{
          "url":"https:\/\/s-media-cache-ak0.pinimg.com\/originals\/d5\/0e\/85\/d50e85579594e38768a6fe18ab5f5f6c.jpg",
          "width":634,
          "height":856
        }
      },
      "counts":{
        "likes":0,
        "comments":0,
        "repins":1
      },
      "id":"536561743079908278",
      "metadata":{
      }
    },
    {
      "attribution":null,
      "creator":{
        "url":"https:\/\/www.pinterest.com\/dailymail\/",
        "first_name":"Daily Mail",
        "last_name":"",
        "id":"536561880513118266"
      },
      "url":"https:\/\/www.pinterest.com\/pin\/536561743079908266\/",
      "media":{
        "type":"image"
      },
      "created_at":"2015-01-22T19:16:17",
      "original_link":"http:\/\/dailym.ai\/1BhPV3i#i-fbe1f35df903fa19",
      "note":"Giant melons: Charlotte McKinney, 22, is famed for her all natural assets - which is why Carl's Jr. picked her to sell their new All-Natural Burger",
      "color":"#a2836f",
      "link":"https:\/\/www.pinterest.com\/r\/pin\/536561743079908266\/4779055074072594921\/6dc6c54e941ed28ea5928ca1afb7597679a464b3bb3f0eebf48f7fffb967425a",
      "board":{
        "url":"https:\/\/www.pinterest.com\/dailymail\/celebrities\/",
        "id":"536561811793888186",
        "name":"Celebrities"
      },
      "image":{
        "original":{
          "url":"https:\/\/s-media-cache-ak0.pinimg.com\/originals\/d8\/10\/03\/d8100307cb1c37f810328a3e9c5d45dd.jpg",
          "width":634,
          "height":355
        }
      },
      "counts":{
        "likes":0,
        "comments":0,
        "repins":1
      },
      "id":"536561743079908266",
      "metadata":{
      }
    },
    {
      "attribution":null,
      "creator":{
        "url":"https:\/\/www.pinterest.com\/dailymail\/",
        "first_name":"Daily Mail",
        "last_name":"",
        "id":"536561880513118266"
      },
      "url":"https:\/\/www.pinterest.com\/pin\/536561743079979802\/",
      "media":{
        "type":"image"
      },
      "created_at":"2015-01-27T19:45:43",
      "original_link":"http:\/\/dailym.ai\/1uZuzJ2#i-683b374ba8e1179c",
      "note":"Georgia May Jagger posted a smudged lipstick selfie today with the hashtag #smearforsmear. The picture is in aid of Jo's Cervical Cancer Trust",
      "color":"#e7d1ae",
      "link":"https:\/\/www.pinterest.com\/r\/pin\/536561743079979802\/4779055074072594921\/bd75d9e6b1fffc0426ef0c32207eeba454f212d7c2562a5960291da6deb4ddab",
      "board":{
        "url":"https:\/\/www.pinterest.com\/dailymail\/celebrities\/",
        "id":"536561811793888186",
        "name":"Celebrities"
      },
      "image":{
        "original":{
          "url":"https:\/\/s-media-cache-ak0.pinimg.com\/originals\/2d\/73\/2e\/2d732e2a0321ca3976161359321ad52e.jpg",
          "width":634,
          "height":823
        }
      },
      "counts":{
        "likes":1,
        "comments":0,
        "repins":2
      },
      "id":"536561743079979802",
      "metadata":{
      }
    },
    {
      "attribution":null,
      "creator":{
        "url":"https:\/\/www.pinterest.com\/dailymail\/",
        "first_name":"Daily Mail",
        "last_name":"",
        "id":"536561880513118266"
      },
      "url":"https:\/\/www.pinterest.com\/pin\/536561743080001490\/",
      "media":{
        "type":"image"
      },
      "created_at":"2015-01-29T08:47:38",
      "original_link":"http:\/\/www.dailymail.co.uk\/tvshowbiz\/article-2930346\/Alessandra-Ambrosio-claims-models-jealous-models-stupid.html",
      "note":"Jealous? Green is not this supermodel's colour",
      "color":"#61432e",
      "link":"https:\/\/www.pinterest.com\/r\/pin\/536561743080001490\/4779055074072594921\/7caa70c78d4f3609e668d5ac279c2a4a2d402b4f4ad013eab0820c359afe772b",
      "board":{
        "url":"https:\/\/www.pinterest.com\/dailymail\/celebrities\/",
        "id":"536561811793888186",
        "name":"Celebrities"
      },
      "image":{
        "original":{
          "url":"https:\/\/s-media-cache-ak0.pinimg.com\/originals\/4e\/fe\/81\/4efe8158caee5abce79cf17595b1c82b.jpg",
          "width":634,
          "height":582
        }
      },
      "counts":{
        "likes":0,
        "comments":0,
        "repins":0
      },
      "id":"536561743080001490",
      "metadata":{
        "article":{
          "published_at":null,
          "description":"Alessandra Ambrosio is too busy to get involved in 'stupid' catfights with other models. The 33-year-old claims she never focuses on 'negative things' such as rivalries with her fellow cover girls",
          "name":"Alessandra Ambrosio: being jealous of other models is 'stupid'",
          "authors":[]
        },
        "link":{
          "locale":"en_GB",
          "title":"Alessandra Ambrosio: being jealous of other models is 'stupid'",
          "site_name":"Mail Online",
          "description":"Alessandra Ambrosio is too busy to get involved in 'stupid' catfights with other models. The 33-year-old claims she never focuses on 'negative things' such as rivalries with her fellow cover girls",
          "favicon":"https:\/\/s-media-cache-ak0.pinimg.com\/favicons\/ba8856b627a2bf282a5dab73c40812571f90daf57fe69780aa1096ab.ico?a8690769c53090d08b0560db0144a818"
        }
      }
    },
    {
      "attribution":null,
      "creator":{
        "url":"https:\/\/www.pinterest.com\/dailymail\/",
        "first_name":"Daily Mail",
        "last_name":"",
        "id":"536561880513118266"
      },
      "url":"https:\/\/www.pinterest.com\/pin\/536561743080001396\/",
      "media":{
        "type":"image"
      },
      "created_at":"2015-01-29T08:27:17",
      "original_link":"http:\/\/www.dailymail.co.uk\/tvshowbiz\/article-2930800\/Kaya-Scodelario-opens-romance-fiance-Benjamin-Walker-shows-engagement-ring-Instagram.html",
      "note":"Rising star: Kaya Scodelario, who has been cast in the latest Pirates Of The Caribbean film, poses for the March issue of InStyle magazine",
      "color":"#5a6157",
      "link":"https:\/\/www.pinterest.com\/r\/pin\/536561743080001396\/4779055074072594921\/7e26e120e160737d4997b63bbe1a31a5b81bd33f33bd23f7580034f78d1c5628",
      "board":{
        "url":"https:\/\/www.pinterest.com\/dailymail\/celebrities\/",
        "id":"536561811793888186",
        "name":"Celebrities"
      },
      "image":{
        "original":{
          "url":"https:\/\/s-media-cache-ak0.pinimg.com\/originals\/77\/df\/3b\/77df3bc77bcc09075af3b4c1a9960a6e.jpg",
          "width":634,
          "height":901
        }
      },
      "counts":{
        "likes":2,
        "comments":0,
        "repins":4
      },
      "id":"536561743080001396",
      "metadata":{
        "article":{
          "published_at":null,
          "description":"Kaya Scodelario admitted in a new interview with InStyle that their relationship initially started as friends before she found herself falling for him.",
          "name":"Kaya Scodelario shows off engagement ring from fiance Benjamin Walker",
          "authors":[]
        },
        "link":{
          "locale":"en_GB",
          "title":"Kaya Scodelario shows off engagement ring from fiance Benjamin Walker",
          "site_name":"Mail Online",
          "description":"Kaya Scodelario admitted in a new interview with InStyle that their relationship initially started as friends before she found herself falling for him.",
          "favicon":"https:\/\/s-media-cache-ak0.pinimg.com\/favicons\/ba8856b627a2bf282a5dab73c40812571f90daf57fe69780aa1096ab.ico?a8690769c53090d08b0560db0144a818"
        }
      }
    },
    {
      "attribution":null,
      "creator":{
        "url":"https:\/\/www.pinterest.com\/dailymail\/",
        "first_name":"Daily Mail",
        "last_name":"",
        "id":"536561880513118266"
      },
      "url":"https:\/\/www.pinterest.com\/pin\/536561743079991083\/",
      "media":{
        "type":"image"
      },
      "created_at":"2015-01-28T17:15:17",
      "original_link":"http:\/\/dailym.ai\/1v2INJ4#i-6e3eccbe56c8a910",
      "note":"Fresh-faced: Courteney Cox attended the Cougar Town wrap party at the weekend with her fiance Johnny McDaid",
      "color":"#312f35",
      "link":"https:\/\/www.pinterest.com\/r\/pin\/536561743079991083\/4779055074072594921\/968b754d48e13fa3a880927aca896a32ec1665a324d4dece8ef174c326e8323c",
      "board":{
        "url":"https:\/\/www.pinterest.com\/dailymail\/celebrities\/",
        "id":"536561811793888186",
        "name":"Celebrities"
      },
      "image":{
        "original":{
          "url":"https:\/\/s-media-cache-ak0.pinimg.com\/originals\/58\/37\/13\/5837139f938f14826d3eacb97860aa5e.jpg",
          "width":634,
          "height":931
        }
      },
      "counts":{
        "likes":0,
        "comments":0,
        "repins":0
      },
      "id":"536561743079991083",
      "metadata":{
      }
    },
    {
      "attribution":null,
      "creator":{
        "url":"https:\/\/www.pinterest.com\/dailymail\/",
        "first_name":"Daily Mail",
        "last_name":"",
        "id":"536561880513118266"
      },
      "url":"https:\/\/www.pinterest.com\/pin\/536561743079991081\/",
      "media":{
        "type":"image"
      },
      "created_at":"2015-01-28T17:14:48",
      "original_link":"http:\/\/dailym.ai\/1JFWNeO#i-d1b59ffb94fe2a5e",
      "note":"She's a scream! Selma Blair carries son Arthur while he enjoys an ice cream",
      "color":"#d28a72",
      "link":"https:\/\/www.pinterest.com\/r\/pin\/536561743079991081\/4779055074072594921\/d7d614d464dc8d0384acd02efa5e5fc0152d4490f3de2d13dcd447c2cd831be3",
      "board":{
        "url":"https:\/\/www.pinterest.com\/dailymail\/celebrities\/",
        "id":"536561811793888186",
        "name":"Celebrities"
      },
      "image":{
        "original":{
          "url":"https:\/\/s-media-cache-ak0.pinimg.com\/originals\/77\/eb\/2d\/77eb2de245e06a9fbed203a7d5cb429e.jpg",
          "width":634,
          "height":951
        }
      },
      "counts":{
        "likes":1,
        "comments":0,
        "repins":0
      },
      "id":"536561743079991081",
      "metadata":{
      }
    }
  ],
  "page":{
    "cursor":"LT41MzY1NjE3NDMwNzk5OTEwODE6MTI1MHxhMThiNDA3NzI2NzI4Y2FkZDA0OTBlODNjNWE1OGQ5YTVhYmQ2ODRkOTEzMjA5YzY1OTU2OWNhOTliZmNmMTM3",
    "next":"https:\/\/api.pinterest.com\/v1\/boards\/dailymail\/celebrities\/pins\/?access_token=AZlZE-HOK-Y4205yRft75KyYVaauFCBIs8jxSxdCtrJcomAqbQAAAAA&fields=id%2Clink%2Cnote%2Curl%2Cattribution%2Cmedia%2Cmetadata%2Cboard%2Ccolor%2Ccounts%2Ccreated_at%2Ccreator%2Cimage%2Coriginal_link&cursor=LT41MzY1NjE3NDMwNzk5OTEwODE6MTI1MHxhMThiNDA3NzI2NzI4Y2FkZDA0OTBlODNjNWE1OGQ5YTVhYmQ2ODRkOTEzMjA5YzY1OTU2OWNhOTliZmNmMTM3"
  }
}
