{
  "data":[
    {
      "attribution":null,
      "creator":{
        "url":"https:\/\/www.pinterest.com\/dailymail\/",
        "first_name":"Daily Mail",
        "last_name":"",
        "id":"536561880513118266"
      },
      "url":"https:\/\/www.pinterest.com\/pin\/536561743081696005\/",
      "media":{
        "type":"image"
      },
      "created_at":"2015-06-05T05:12:17",
      "original_link":"http:\/\/www.dailymail.co.uk\/tvshowbiz\/article-3111640\/Claire-Sweeney-shows-post-baby-body-glittering-silver-dress-Age-UK-charity-ball.html",
      "note":"Night off mothering duties:\u00a0Claire Sweeney showed off her post-baby body at the Age UK Vitality Ball",
      "color":"#534c4d",
      "link":"https:\/\/www.pinterest.com\/r\/pin\/536561743081696005\/4779055074072594921\/4cbf407dc2b921da135fe04fd735d7c776e844020966d5fe896a3b144fe83196",
      "board":{
        "url":"https:\/\/www.pinterest.com\/dailymail\/celebrities\/",
        "id":"536561811793888186",
        "name":"Celebrities"
      },
      "image":{
        "original":{
          "url":"https:\/\/s-media-cache-ak0.pinimg.com\/originals\/f8\/ec\/4a\/f8ec4a9cabd19bf873a55befb52e69c3.jpg",
          "width":634,
          "height":1063
        }
      },
      "counts":{
        "likes":1,
        "comments":0,
        "repins":2
      },
      "id":"536561743081696005",
      "metadata":{
        "article":{
          "published_at":null,
          "description":"Claire Sweeney dazzled in a glittering silver dress as she joined fellow fundraising celebrities at the Natural History Museum in London for the Age UK Vitality Ball.",
          "name":"Claire Sweeney shows off her post-baby body at Age UK charity ball",
          "authors":[]
        },
        "link":{
          "locale":"en_GB",
          "title":"Claire Sweeney shows off her post-baby body at Age UK charity ball",
          "site_name":"Mail Online",
          "description":"Claire Sweeney dazzled in a glittering silver dress as she joined fellow fundraising celebrities at the Natural History Museum in London for the Age UK Vitality Ball.",
          "favicon":"https:\/\/s-media-cache-ak0.pinimg.com\/favicons\/ba8856b627a2bf282a5dab73c40812571f90daf57fe69780aa1096ab.ico?a8690769c53090d08b0560db0144a818"
        }
      }
    },
    {
      "attribution":null,
      "creator":{
        "url":"https:\/\/www.pinterest.com\/dailymail\/",
        "first_name":"Daily Mail",
        "last_name":"",
        "id":"536561880513118266"
      },
      "url":"https:\/\/www.pinterest.com\/pin\/536561743081695402\/",
      "media":{
        "type":"image"
      },
      "created_at":"2015-06-05T04:05:50",
      "original_link":"http:\/\/www.dailymail.co.uk\/tvshowbiz\/article-3111818\/Hilary-Duff-highlights-shapely-figure-bright-red-trousers-hits-studio-ahead-album-release.html",
      "note":"Red hot! Hilary Duff highlighted her shapely figure in a bright red high-waisted flared trousers as she hit the studio in Los Angeles",
      "color":"#9b8f8a",
      "link":"https:\/\/www.pinterest.com\/r\/pin\/536561743081695402\/4779055074072594921\/2f1bfae315e4893421e5fad7b305308c8f2eb6d77bc9ad14a9f9cc65e6f583a7",
      "board":{
        "url":"https:\/\/www.pinterest.com\/dailymail\/celebrities\/",
        "id":"536561811793888186",
        "name":"Celebrities"
      },
      "image":{
        "original":{
          "url":"https:\/\/s-media-cache-ak0.pinimg.com\/originals\/dd\/a4\/54\/dda454661b94eb3c0c3c2fd8d33c8b3b.jpg",
          "width":634,
          "height":831
        }
      },
      "counts":{
        "likes":2,
        "comments":0,
        "repins":4
      },
      "id":"536561743081695402",
      "metadata":{
        "article":{
          "published_at":null,
          "description":"The Younger star added an edgy twist with a pale blue leather motorcycle jacket and strut her stuff in white pumps.",
          "name":"Hilary Duff highlights shapely figure in bright red trousers at studio",
          "authors":[]
        },
        "link":{
          "locale":"en_GB",
          "title":"Hilary Duff highlights shapely figure in bright red trousers at studio",
          "site_name":"Mail Online",
          "description":"The Younger star added an edgy twist with a pale blue leather motorcycle jacket and strut her stuff in white pumps.",
          "favicon":"https:\/\/s-media-cache-ak0.pinimg.com\/favicons\/ba8856b627a2bf282a5dab73c40812571f90daf57fe69780aa1096ab.ico?a8690769c53090d08b0560db0144a818"
        }
      }
    },
    {
      "attribution":null,
      "creator":{
        "url":"https:\/\/www.pinterest.com\/dailymail\/",
        "first_name":"Daily Mail",
        "last_name":"",
        "id":"536561880513118266"
      },
      "url":"https:\/\/www.pinterest.com\/pin\/536561743081694661\/",
      "media":{
        "type":"image"
      },
      "created_at":"2015-06-05T03:02:56",
      "original_link":"http:\/\/www.dailymail.co.uk\/tvshowbiz\/article-3111684\/Pregnant-Elisabetta-Canalis-joins-pal-girlie-lunch-enjoys-break-Milan.html",
      "note":"Casual chic: Elisabetta Canalis covered her growing baby bump with a black vest and wore khaki trousers with a drawstring waist",
      "color":"#a59f93",
      "link":"https:\/\/www.pinterest.com\/r\/pin\/536561743081694661\/4779055074072594921\/b2e972d1a27ee28408176eafca4ed05fee6a58258df8fcb50536a2a152347c1a",
      "board":{
        "url":"https:\/\/www.pinterest.com\/dailymail\/celebrities\/",
        "id":"536561811793888186",
        "name":"Celebrities"
      },
      "image":{
        "original":{
          "url":"https:\/\/s-media-cache-ak0.pinimg.com\/originals\/ec\/a0\/f2\/eca0f2aea0e8fbedd85ab7c8add62ec7.jpg",
          "width":634,
          "height":860
        }
      },
      "counts":{
        "likes":0,
        "comments":0,
        "repins":3
      },
      "id":"536561743081694661",
      "metadata":{
        "article":{
          "published_at":null,
          "description":"The 36-year-old former model and actress, who famously dated George Clooney for two years, is expecting her first child, a little girl, with her 46-year-old surgeon husband Brian Perri.",
          "name":"Pregnant Elisabetta Canalis joins pal for a girlie lunch in Milan",
          "authors":[]
        },
        "link":{
          "locale":"en_GB",
          "title":"Pregnant Elisabetta Canalis joins pal for a girlie lunch in Milan",
          "site_name":"Mail Online",
          "description":"The 36-year-old former model and actress, who famously dated George Clooney for two years, is expecting her first child, a little girl, with her 46-year-old surgeon husband Brian Perri.",
          "favicon":"https:\/\/s-media-cache-ak0.pinimg.com\/favicons\/ba8856b627a2bf282a5dab73c40812571f90daf57fe69780aa1096ab.ico?a8690769c53090d08b0560db0144a818"
        }
      }
    },
    {
      "attribution":null,
      "creator":{
        "url":"https:\/\/www.pinterest.com\/dailymail\/",
        "first_name":"Daily Mail",
        "last_name":"",
        "id":"536561880513118266"
      },
      "url":"https:\/\/www.pinterest.com\/pin\/536561743081693912\/",
      "media":{
        "type":"image"
      },
      "created_at":"2015-06-05T02:10:07",
      "original_link":"http:\/\/www.dailymail.co.uk\/tvshowbiz\/article-3111737\/Jet-lagged-Louis-Tomlinson-spotted-LAX-One-Direction-bandmate-Harry-Styles-parties-London-band-says-report-taking-break-pure-speculation.html",
      "note":"Too much travelling? Louis Tomlinson looked exhausted as he caught a plane out of LAX",
      "color":"#95898b",
      "link":"https:\/\/www.pinterest.com\/r\/pin\/536561743081693912\/4779055074072594921\/cb4e25707932fd0bd01c08ede801115269183dfbb3a63bb7bf5428167bbee579",
      "board":{
        "url":"https:\/\/www.pinterest.com\/dailymail\/celebrities\/",
        "id":"536561811793888186",
        "name":"Celebrities"
      },
      "image":{
        "original":{
          "url":"https:\/\/s-media-cache-ak0.pinimg.com\/originals\/a1\/0b\/87\/a10b8789b0ec2b7953c91523291259fc.jpg",
          "width":634,
          "height":869
        }
      },
      "counts":{
        "likes":0,
        "comments":0,
        "repins":3
      },
      "id":"536561743081693912",
      "metadata":{
        "article":{
          "published_at":null,
          "description":"The band - now without Zayn Malik - start their gruelling tour on Friday in Cardiff before playing dozens of gigs across the UK, Europe and North America as they promote their new album.",
          "name":"One Direction blast claims they will take break as 'pure speculation'",
          "authors":[]
        },
        "link":{
          "locale":"en_GB",
          "title":"One Direction blast claims they will take break as 'pure speculation'",
          "site_name":"Mail Online",
          "description":"The band - now without Zayn Malik - start their gruelling tour on Friday in Cardiff before playing dozens of gigs across the UK, Europe and North America as they promote their new album.",
          "favicon":"https:\/\/s-media-cache-ak0.pinimg.com\/favicons\/ba8856b627a2bf282a5dab73c40812571f90daf57fe69780aa1096ab.ico?a8690769c53090d08b0560db0144a818"
        }
      }
    },
    {
      "attribution":null,
      "creator":{
        "url":"https:\/\/www.pinterest.com\/dailymail\/",
        "first_name":"Daily Mail",
        "last_name":"",
        "id":"536561880513118266"
      },
      "url":"https:\/\/www.pinterest.com\/pin\/536561743081693876\/",
      "media":{
        "type":"image"
      },
      "created_at":"2015-06-05T02:08:17",
      "original_link":"http:\/\/www.dailymail.co.uk\/tvshowbiz\/article-3111718\/Demi-Lovato-looks-sleek-leather-jacket-carries-beloved-pooch-Buddy.html",
      "note":"Doting mom: Demi Lovato smiled as she carried her beloved pooch Buddy around New York City",
      "color":"#554f4a",
      "link":"https:\/\/www.pinterest.com\/r\/pin\/536561743081693876\/4779055074072594921\/b806dee061241c0aec8fc623e8bc0d6da9111823670eba6693a378dc013526b2",
      "board":{
        "url":"https:\/\/www.pinterest.com\/dailymail\/celebrities\/",
        "id":"536561811793888186",
        "name":"Celebrities"
      },
      "image":{
        "original":{
          "url":"https:\/\/s-media-cache-ak0.pinimg.com\/originals\/16\/f1\/d8\/16f1d8d681f37cfaa1dd7e5293c396c6.jpg",
          "width":634,
          "height":846
        }
      },
      "counts":{
        "likes":1,
        "comments":0,
        "repins":2
      },
      "id":"536561743081693876",
      "metadata":{
        "article":{
          "published_at":null,
          "description":"The pair have finally been reunited and the 22-year-old was spotted carrying him while out and about in New York City on Thursday.",
          "name":"Demi Lovato looks sleek in leather as she carries beloved pooch Buddy",
          "authors":[]
        },
        "link":{
          "locale":"en_GB",
          "title":"Demi Lovato looks sleek in leather as she carries beloved pooch Buddy",
          "site_name":"Mail Online",
          "description":"The pair have finally been reunited and the 22-year-old was spotted carrying him while out and about in New York City on Thursday.",
          "favicon":"https:\/\/s-media-cache-ak0.pinimg.com\/favicons\/ba8856b627a2bf282a5dab73c40812571f90daf57fe69780aa1096ab.ico?a8690769c53090d08b0560db0144a818"
        }
      }
    },
    {
      "attribution":null,
      "creator":{
        "url":"https:\/\/www.pinterest.com\/dailymail\/",
        "first_name":"Daily Mail",
        "last_name":"",
        "id":"536561880513118266"
      },
      "url":"https:\/\/www.pinterest.com\/pin\/536561743081693870\/",
      "media":{
        "type":"image"
      },
      "created_at":"2015-06-05T02:07:41",
      "original_link":"http:\/\/www.dailymail.co.uk\/tvshowbiz\/article-3111690\/January-Jones-looks-cool-steps-Los-Angeles-looking-ready-hot-weather.html",
      "note":"Chill: January Jones looked cools as she stepped out dressed for summer in LA on Thursday",
      "color":"#908f9b",
      "link":"https:\/\/www.pinterest.com\/r\/pin\/536561743081693870\/4779055074072594921\/51256b293c8b145f0c9be3f880292a14355516e7bf289c28186320f3f29c4836",
      "board":{
        "url":"https:\/\/www.pinterest.com\/dailymail\/celebrities\/",
        "id":"536561811793888186",
        "name":"Celebrities"
      },
      "image":{
        "original":{
          "url":"https:\/\/s-media-cache-ak0.pinimg.com\/originals\/cf\/c4\/5b\/cfc45b9b9969dad88fd3ce00eda01ee3.jpg",
          "width":634,
          "height":950
        }
      },
      "counts":{
        "likes":0,
        "comments":0,
        "repins":4
      },
      "id":"536561743081693870",
      "metadata":{
        "article":{
          "published_at":"2015-06-05T00:00:00",
          "description":"Some would argue January is always cool. But Ms Jones looked extra chill as she stepped out in a decidedly summer look in LA on Thursday. The 37-year-old just played Betty Draper for the last time",
          "name":"January Jones looks cool as she steps out in Los Angeles looking ready for the hot weather",
          "authors":[]
        },
        "link":{
          "locale":"en_GB",
          "title":"January Jones looks cool as she steps out in Los Angeles",
          "site_name":"Mail Online",
          "description":"Some would argue January is always cool. But Ms Jones looked extra chill as she stepped out in a decidedly summer look in LA on Thursday. The 37-year-old just played Betty Draper for the last time",
          "favicon":"https:\/\/s-media-cache-ak0.pinimg.com\/favicons\/ba8856b627a2bf282a5dab73c40812571f90daf57fe69780aa1096ab.ico?a8690769c53090d08b0560db0144a818"
        }
      }
    },
    {
      "attribution":null,
      "creator":{
        "url":"https:\/\/www.pinterest.com\/dailymail\/",
        "first_name":"Daily Mail",
        "last_name":"",
        "id":"536561880513118266"
      },
      "url":"https:\/\/www.pinterest.com\/pin\/536561743081684624\/",
      "media":{
        "type":"image"
      },
      "created_at":"2015-06-04T12:52:43",
      "original_link":"http:\/\/www.dailymail.co.uk\/tvshowbiz\/article-3110500\/Zac-Efron-falls-swimming-pool-filming-new-wedding-comedy-Anna-Kendrick.html",
      "note":"Zac Efron filming with some pit stains",
      "color":"#aba09a",
      "link":"https:\/\/www.pinterest.com\/r\/pin\/536561743081684624\/4779055074072594921\/d7831b19f1d9b026f6e2018660f9ea6ba830425181ad5ddc35de91e289e39f1b",
      "board":{
        "url":"https:\/\/www.pinterest.com\/dailymail\/celebrities\/",
        "id":"536561811793888186",
        "name":"Celebrities"
      },
      "image":{
        "original":{
          "url":"https:\/\/s-media-cache-ak0.pinimg.com\/originals\/ad\/98\/6c\/ad986c9aea9a0fddf4aa09c273d5bf23.jpg",
          "width":634,
          "height":642
        }
      },
      "counts":{
        "likes":1,
        "comments":0,
        "repins":0
      },
      "id":"536561743081684624",
      "metadata":{
        "article":{
          "published_at":null,
          "description":"The 27-year-old was spotted making a splash on the Oahu set of Mike And Dave Need Wedding Dates, while his co-star Anna Kendrick looked a lot more glamorous in a hot pink mini-dress.",
          "name":"Zac Efron falls in swimming pool while filming new wedding comedy",
          "authors":[]
        },
        "link":{
          "locale":"en_GB",
          "title":"Zac Efron falls in swimming pool while filming new wedding comedy",
          "site_name":"Mail Online",
          "description":"The 27-year-old was spotted making a splash on the Oahu set of Mike And Dave Need Wedding Dates, while his co-star Anna Kendrick looked a lot more glamorous in a hot pink mini-dress.",
          "favicon":"https:\/\/s-media-cache-ak0.pinimg.com\/favicons\/ba8856b627a2bf282a5dab73c40812571f90daf57fe69780aa1096ab.ico?a8690769c53090d08b0560db0144a818"
        }
      }
    },
    {
      "attribution":null,
      "creator":{
        "url":"https:\/\/www.pinterest.com\/dailymail\/",
        "first_name":"Daily Mail",
        "last_name":"",
        "id":"536561880513118266"
      },
      "url":"https:\/\/www.pinterest.com\/pin\/536561743081668146\/",
      "media":{
        "type":"image"
      },
      "created_at":"2015-06-03T05:02:03",
      "original_link":"http:\/\/www.dailymail.co.uk\/tvshowbiz\/article-3108586\/Emma-Stone-looks-downtrodden-heads-tap-class-movie-Aloha-flops-box-office.html",
      "note":"Ready to move and groove: Emma Stone was spotted heading to a tap-dancing class in Los Angeles",
      "color":"#4f555d",
      "link":"https:\/\/www.pinterest.com\/r\/pin\/536561743081668146\/4779055074072594921\/bf6ef5f95973c3b4253026470a3b6a886750cec896e38ddd103fd89e0ee9b8ad",
      "board":{
        "url":"https:\/\/www.pinterest.com\/dailymail\/celebrities\/",
        "id":"536561811793888186",
        "name":"Celebrities"
      },
      "image":{
        "original":{
          "url":"https:\/\/s-media-cache-ak0.pinimg.com\/originals\/31\/02\/78\/3102788c0511a2946d84eefc046b5cba.jpg",
          "width":634,
          "height":887
        }
      },
      "counts":{
        "likes":0,
        "comments":0,
        "repins":4
      },
      "id":"536561743081668146",
      "metadata":{
        "article":{
          "published_at":null,
          "description":"The 26-year-old star's latest flick came in sixth at the box office in its opening weekend as it brought in just $10million.",
          "name":"Emma Stone heads to tap-dance class after Aloha flops at box office",
          "authors":[]
        },
        "link":{
          "locale":"en_GB",
          "title":"Emma Stone heads to tap-dance class after Aloha flops at box office",
          "site_name":"Mail Online",
          "description":"The 26-year-old star's latest flick came in sixth at the box office in its opening weekend as it brought in just $10million.",
          "favicon":"https:\/\/s-media-cache-ak0.pinimg.com\/favicons\/ba8856b627a2bf282a5dab73c40812571f90daf57fe69780aa1096ab.ico?a8690769c53090d08b0560db0144a818"
        }
      }
    },
    {
      "attribution":null,
      "creator":{
        "url":"https:\/\/www.pinterest.com\/dailymail\/",
        "first_name":"Daily Mail",
        "last_name":"",
        "id":"536561880513118266"
      },
      "url":"https:\/\/www.pinterest.com\/pin\/536561743081668122\/",
      "media":{
        "type":"image"
      },
      "created_at":"2015-06-03T05:00:38",
      "original_link":"http:\/\/www.dailymail.co.uk\/tvshowbiz\/article-3108563\/Reese-Witherspoon-heads-home-office-jeans-heels-gets-set-produce-Disney-s-live-action-Tinker-Bell-film.html",
      "note":"Mom on the run: Reese Witherspoon was seen leaving her Beverly Hills office and heading home",
      "color":"#b6b0ad",
      "link":"https:\/\/www.pinterest.com\/r\/pin\/536561743081668122\/4779055074072594921\/4eba5798e9b9ada439d40128f64fc506caca786d9bbdf1550a1104ed32e142fc",
      "board":{
        "url":"https:\/\/www.pinterest.com\/dailymail\/celebrities\/",
        "id":"536561811793888186",
        "name":"Celebrities"
      },
      "image":{
        "original":{
          "url":"https:\/\/s-media-cache-ak0.pinimg.com\/originals\/4d\/11\/43\/4d114327c041d7a25f6f79c24595752d.jpg",
          "width":634,
          "height":899
        }
      },
      "counts":{
        "likes":1,
        "comments":0,
        "repins":3
      },
      "id":"536561743081668122",
      "metadata":{
        "article":{
          "published_at":null,
          "description":"The 40-year-old is getting ready to produce as well as star in several projects, and like any busy mom, she looked happy to finally be heading home Tuesday after a full day's work.",
          "name":"Reese Witherspoon heads home from the office at the end of a busy day",
          "authors":[]
        },
        "link":{
          "locale":"en_GB",
          "title":"Reese Witherspoon heads home from the office at the end of a busy day",
          "site_name":"Mail Online",
          "description":"The 40-year-old is getting ready to produce as well as star in several projects, and like any busy mom, she looked happy to finally be heading home Tuesday after a full day's work.",
          "favicon":"https:\/\/s-media-cache-ak0.pinimg.com\/favicons\/ba8856b627a2bf282a5dab73c40812571f90daf57fe69780aa1096ab.ico?a8690769c53090d08b0560db0144a818"
        }
      }
    },
    {
      "attribution":null,
      "creator":{
        "url":"https:\/\/www.pinterest.com\/dailymail\/",
        "first_name":"Daily Mail",
        "last_name":"",
        "id":"536561880513118266"
      },
      "url":"https:\/\/www.pinterest.com\/pin\/536561743081668099\/",
      "media":{
        "type":"image"
      },
      "created_at":"2015-06-03T04:58:57",
      "original_link":"http:\/\/www.dailymail.co.uk\/tvshowbiz\/article-3108560\/Raining-parade-Rebel-Wilson-looks-downcast-dons-black-outfit-scary-bunny-printed-sweater-stroll-New-York-City-downpour.html",
      "note":"Raining on her parade? Rebel Wilson looked downcast as she donned all black outfit",
      "color":"#99978b",
      "link":"https:\/\/www.pinterest.com\/r\/pin\/536561743081668099\/4779055074072594921\/bbb63eed5bdb21d8270732fb3bb773cd70d14b6929d94727eb8c4298c478adb0",
      "board":{
        "url":"https:\/\/www.pinterest.com\/dailymail\/celebrities\/",
        "id":"536561811793888186",
        "name":"Celebrities"
      },
      "image":{
        "original":{
          "url":"https:\/\/s-media-cache-ak0.pinimg.com\/originals\/6f\/85\/56\/6f85562c94b9c8d787f1696525b2cad4.jpg",
          "width":634,
          "height":951
        }
      },
      "counts":{
        "likes":0,
        "comments":0,
        "repins":0
      },
      "id":"536561743081668099",
      "metadata":{
        "article":{
          "published_at":null,
          "description":"She's known for her comedic roles, but on Tuesday Rebel Wilson looked as though she was in a darker mood as she walked the streets of New York City in an all black outfit",
          "name":"Rebel Wilson looks downcast in all black outfit for stroll around NYC",
          "authors":[]
        },
        "link":{
          "locale":"en_GB",
          "title":"Rebel Wilson looks downcast in all black outfit for stroll around NYC",
          "site_name":"Mail Online",
          "description":"She's known for her comedic roles, but on Tuesday Rebel Wilson looked as though she was in a darker mood as she walked the streets of New York City in an all black outfit",
          "favicon":"https:\/\/s-media-cache-ak0.pinimg.com\/favicons\/ba8856b627a2bf282a5dab73c40812571f90daf57fe69780aa1096ab.ico?a8690769c53090d08b0560db0144a818"
        }
      }
    },
    {
      "attribution":null,
      "creator":{
        "url":"https:\/\/www.pinterest.com\/dailymail\/",
        "first_name":"Daily Mail",
        "last_name":"",
        "id":"536561880513118266"
      },
      "url":"https:\/\/www.pinterest.com\/pin\/536561743081666926\/",
      "media":{
        "type":"image"
      },
      "created_at":"2015-06-03T03:02:54",
      "original_link":"http:\/\/www.dailymail.co.uk\/tvshowbiz\/article-3108475\/Courteney-Cox-50-displays-toned-calves-red-tunic-dress-shops-LA.html",
      "note":"Eye-catching calves: Courteney Cox displayed her toned legs in a red frock as she shopped",
      "color":"#7e7b7a",
      "link":"https:\/\/www.pinterest.com\/r\/pin\/536561743081666926\/4779055074072594921\/1440a93051e4b8af63a6245e58adb3d46329ab56134600ffb0110784a98d3085",
      "board":{
        "url":"https:\/\/www.pinterest.com\/dailymail\/celebrities\/",
        "id":"536561811793888186",
        "name":"Celebrities"
      },
      "image":{
        "original":{
          "url":"https:\/\/s-media-cache-ak0.pinimg.com\/originals\/8f\/de\/d2\/8fded2f8864e693bfb282f627b99f2dd.jpg",
          "width":634,
          "height":817
        }
      },
      "counts":{
        "likes":0,
        "comments":0,
        "repins":1
      },
      "id":"536561743081666926",
      "metadata":{
        "article":{
          "published_at":"2015-06-03T00:00:00",
          "description":"Courteney Cox, 50 - who is engaged to Johnny McDaid - showed she's in tip top form as she stepped out to go shopping in West Hollywood on Tuesday.",
          "name":"Courteney Cox, 50, displays her toned calves in red tunic dress as she shops around LA",
          "authors":[]
        },
        "link":{
          "locale":"en_GB",
          "title":"Courteney Cox, 50, displays her toned calves in red tunic dress",
          "site_name":"Mail Online",
          "description":"Courteney Cox, 50 - who is engaged to Johnny McDaid - showed she's in tip top form as she stepped out to go shopping in West Hollywood on Tuesday.",
          "favicon":"https:\/\/s-media-cache-ak0.pinimg.com\/favicons\/ba8856b627a2bf282a5dab73c40812571f90daf57fe69780aa1096ab.ico?a8690769c53090d08b0560db0144a818"
        }
      }
    },
    {
      "attribution":null,
      "creator":{
        "url":"https:\/\/www.pinterest.com\/dailymail\/",
        "first_name":"Daily Mail",
        "last_name":"",
        "id":"536561880513118266"
      },
      "url":"https:\/\/www.pinterest.com\/pin\/536561743081657341\/",
      "media":{
        "type":"image"
      },
      "created_at":"2015-06-02T13:07:35",
      "original_link":"http:\/\/www.dailymail.co.uk\/tvshowbiz\/article-3107400\/Miley-Cyrus-goes-braless-yellow-crop-matching-leggings.html",
      "note":"Miley Cyrus' outfit is a happy little number",
      "color":"#9b9081",
      "link":"https:\/\/www.pinterest.com\/r\/pin\/536561743081657341\/4779055074072594921\/99a5fa66648407ec6b5f90339618e58a489a1a45e96abdd4113e92d1275202a0",
      "board":{
        "url":"https:\/\/www.pinterest.com\/dailymail\/celebrities\/",
        "id":"536561811793888186",
        "name":"Celebrities"
      },
      "image":{
        "original":{
          "url":"https:\/\/s-media-cache-ak0.pinimg.com\/originals\/2a\/fb\/1e\/2afb1e77dfa5202241aaba48c2ec8d28.jpg",
          "width":634,
          "height":1035
        }
      },
      "counts":{
        "likes":2,
        "comments":0,
        "repins":2
      },
      "id":"536561743081657341",
      "metadata":{
        "article":{
          "published_at":"2015-06-02T00:00:00",
          "description":"The 22-year-old singer put on a joyful display as she strolled alongside her new friend, Flaming Lips frontman Wayne Coyne, in her all-yellow ensemble in Los Angeles on Monday.",
          "name":"Miley Cyrus goes braless in yellow crop top and matching leggings",
          "authors":[]
        },
        "link":{
          "locale":"en_GB",
          "title":"Miley Cyrus goes braless in yellow crop top and matching leggings",
          "site_name":"Mail Online",
          "description":"The 22-year-old singer put on a joyful display as she strolled alongside her new friend, Flaming Lips frontman Wayne Coyne, in her all-yellow ensemble in Los Angeles on Monday.",
          "favicon":"https:\/\/s-media-cache-ak0.pinimg.com\/favicons\/ba8856b627a2bf282a5dab73c40812571f90daf57fe69780aa1096ab.ico?a8690769c53090d08b0560db0144a818"
        }
      }
    },
    {
      "attribution":null,
      "creator":{
        "url":"https:\/\/www.pinterest.com\/dailymail\/",
        "first_name":"Daily Mail",
        "last_name":"",
        "id":"536561880513118266"
      },
      "url":"https:\/\/www.pinterest.com\/pin\/536561743081653160\/",
      "media":{
        "type":"image"
      },
      "created_at":"2015-06-02T03:19:25",
      "original_link":"http:\/\/www.dailymail.co.uk\/tvshowbiz\/article-3106645\/Hannah-Davis-steals-spotlight-bright-skirt-crop-flashes-toned-tummy-CFDA-bash-NYC.html",
      "note":"Handsome companion:\u00a0Gigi Hadid posed with Star Trek actor Zachary Quinto on the red carpet at the CFDA Fashion Awards",
      "color":"#c9b6b2",
      "link":"https:\/\/www.pinterest.com\/r\/pin\/536561743081653160\/4779055074072594921\/5526445e34c09c40b8572867587cb06492b565f00af4a499bbc510af8392cd28",
      "board":{
        "url":"https:\/\/www.pinterest.com\/dailymail\/celebrities\/",
        "id":"536561811793888186",
        "name":"Celebrities"
      },
      "image":{
        "original":{
          "url":"https:\/\/s-media-cache-ak0.pinimg.com\/originals\/a9\/94\/a6\/a994a6f93ff5aac37488b79c514ab080.jpg",
          "width":634,
          "height":952
        }
      },
      "counts":{
        "likes":2,
        "comments":0,
        "repins":5
      },
      "id":"536561743081653160",
      "metadata":{
        "article":{
          "published_at":"2015-06-02T00:00:00",
          "description":"Known as the Oscars of the fashion world, the model was among many celebrities and fashion designers as they honored American designers at the ceremony",
          "name":"Hannah Davis flashes toned midriff in crop top at CFDA Fashion Awards in NYC",
          "authors":[]
        },
        "link":{
          "locale":"en_GB",
          "title":"Hannah Davis flashes toned midriff in crop top at CFDA Fashion Awards",
          "site_name":"Mail Online",
          "description":"Known as the Oscars of the fashion world, the model was among many celebrities and fashion designers as they honored American designers at the ceremony",
          "favicon":"https:\/\/s-media-cache-ak0.pinimg.com\/favicons\/ba8856b627a2bf282a5dab73c40812571f90daf57fe69780aa1096ab.ico?a8690769c53090d08b0560db0144a818"
        }
      }
    },
    {
      "attribution":null,
      "creator":{
        "url":"https:\/\/www.pinterest.com\/dailymail\/",
        "first_name":"Daily Mail",
        "last_name":"",
        "id":"536561880513118266"
      },
      "url":"https:\/\/www.pinterest.com\/pin\/536561743081653154\/",
      "media":{
        "type":"image"
      },
      "created_at":"2015-06-02T03:18:37",
      "original_link":"http:\/\/www.dailymail.co.uk\/tvshowbiz\/article-3106645\/Hannah-Davis-steals-spotlight-bright-skirt-crop-flashes-toned-tummy-CFDA-bash-NYC.html",
      "note":"Sizzling:\u00a0Victoria's Secret stunner Karlie Kloss had on a plunging black dress with red polka dots at the CFDA Fashion Awards",
      "color":"#7d675c",
      "link":"https:\/\/www.pinterest.com\/r\/pin\/536561743081653154\/4779055074072594921\/e2df8ee30f6d3b91c6bb99f4622cb4a269eed6e751f0797c18a9002531d1894b",
      "board":{
        "url":"https:\/\/www.pinterest.com\/dailymail\/celebrities\/",
        "id":"536561811793888186",
        "name":"Celebrities"
      },
      "image":{
        "original":{
          "url":"https:\/\/s-media-cache-ak0.pinimg.com\/originals\/1c\/c9\/0f\/1cc90f983e0cb881f575678be56f3f7b.jpg",
          "width":634,
          "height":953
        }
      },
      "counts":{
        "likes":1,
        "comments":0,
        "repins":4
      },
      "id":"536561743081653154",
      "metadata":{
        "article":{
          "published_at":"2015-06-02T00:00:00",
          "description":"Known as the Oscars of the fashion world, the model was among many celebrities and fashion designers as they honored American designers at the ceremony",
          "name":"Hannah Davis flashes toned midriff in crop top at CFDA Fashion Awards in NYC",
          "authors":[]
        },
        "link":{
          "locale":"en_GB",
          "title":"Hannah Davis flashes toned midriff in crop top at CFDA Fashion Awards",
          "site_name":"Mail Online",
          "description":"Known as the Oscars of the fashion world, the model was among many celebrities and fashion designers as they honored American designers at the ceremony",
          "favicon":"https:\/\/s-media-cache-ak0.pinimg.com\/favicons\/ba8856b627a2bf282a5dab73c40812571f90daf57fe69780aa1096ab.ico?a8690769c53090d08b0560db0144a818"
        }
      }
    },
    {
      "attribution":null,
      "creator":{
        "url":"https:\/\/www.pinterest.com\/dailymail\/",
        "first_name":"Daily Mail",
        "last_name":"",
        "id":"536561880513118266"
      },
      "url":"https:\/\/www.pinterest.com\/pin\/536561743081653147\/",
      "media":{
        "type":"image"
      },
      "created_at":"2015-06-02T03:18:11",
      "original_link":"http:\/\/www.dailymail.co.uk\/tvshowbiz\/article-3106645\/Hannah-Davis-steals-spotlight-bright-skirt-crop-flashes-toned-tummy-CFDA-bash-NYC.html",
      "note":"Her big night!\u00a0Betsey Johnson, 72, is this year's Lifetime Achievement award winner at the CFDA Fashion Awards",
      "color":"#dad6cf",
      "link":"https:\/\/www.pinterest.com\/r\/pin\/536561743081653147\/4779055074072594921\/550f263820f161d4e606e96a8361c08463a1234464de931661564398b463710c",
      "board":{
        "url":"https:\/\/www.pinterest.com\/dailymail\/celebrities\/",
        "id":"536561811793888186",
        "name":"Celebrities"
      },
      "image":{
        "original":{
          "url":"https:\/\/s-media-cache-ak0.pinimg.com\/originals\/83\/dd\/9d\/83dd9d7783476a72854c875bcdd5a084.jpg",
          "width":634,
          "height":421
        }
      },
      "counts":{
        "likes":0,
        "comments":0,
        "repins":1
      },
      "id":"536561743081653147",
      "metadata":{
        "article":{
          "published_at":"2015-06-02T00:00:00",
          "description":"Known as the Oscars of the fashion world, the model was among many celebrities and fashion designers as they honored American designers at the ceremony",
          "name":"Hannah Davis flashes toned midriff in crop top at CFDA Fashion Awards in NYC",
          "authors":[]
        },
        "link":{
          "locale":"en_GB",
          "title":"Hannah Davis flashes toned midriff in crop top at CFDA Fashion Awards",
          "site_name":"Mail Online",
          "description":"Known as the Oscars of the fashion world, the model was among many celebrities and fashion designers as they honored American designers at the ceremony",
          "favicon":"https:\/\/s-media-cache-ak0.pinimg.com\/favicons\/ba8856b627a2bf282a5dab73c40812571f90daf57fe69780aa1096ab.ico?a8690769c53090d08b0560db0144a818"
        }
      }
    },
    {
      "attribution":null,
      "creator":{
        "url":"https:\/\/www.pinterest.com\/dailymail\/",
        "first_name":"Daily Mail",
        "last_name":"",
        "id":"536561880513118266"
      },
      "url":"https:\/\/www.pinterest.com\/pin\/536561743081652983\/",
      "media":{
        "type":"image"
      },
      "created_at":"2015-06-02T03:05:45",
      "original_link":"http:\/\/www.dailymail.co.uk\/tvshowbiz\/article-3106645\/Hannah-Davis-steals-spotlight-bright-skirt-crop-flashes-toned-tummy-CFDA-bash-NYC.html",
      "note":"Fashionable friends! Hannah Davis posed alongside designer Michelle Smith at the CFDA Fashion Awards",
      "color":"#57494d",
      "link":"https:\/\/www.pinterest.com\/r\/pin\/536561743081652983\/4779055074072594921\/efe18acab743067aa51718e52f4a66e908a29512170ba8d548688f6e7063e71f",
      "board":{
        "url":"https:\/\/www.pinterest.com\/dailymail\/celebrities\/",
        "id":"536561811793888186",
        "name":"Celebrities"
      },
      "image":{
        "original":{
          "url":"https:\/\/s-media-cache-ak0.pinimg.com\/originals\/14\/ee\/e2\/14eee2a11648e2b5214f9a986cf001bd.jpg",
          "width":634,
          "height":968
        }
      },
      "counts":{
        "likes":1,
        "comments":0,
        "repins":2
      },
      "id":"536561743081652983",
      "metadata":{
        "article":{
          "published_at":"2015-06-02T00:00:00",
          "description":"Known as the Oscars of the fashion world, the model was among many celebrities and fashion designers as they honored American designers at the ceremony",
          "name":"Hannah Davis flashes toned midriff in crop top at CFDA Fashion Awards in NYC",
          "authors":[]
        },
        "link":{
          "locale":"en_GB",
          "title":"Hannah Davis flashes toned midriff in crop top at CFDA Fashion Awards",
          "site_name":"Mail Online",
          "description":"Known as the Oscars of the fashion world, the model was among many celebrities and fashion designers as they honored American designers at the ceremony",
          "favicon":"https:\/\/s-media-cache-ak0.pinimg.com\/favicons\/ba8856b627a2bf282a5dab73c40812571f90daf57fe69780aa1096ab.ico?a8690769c53090d08b0560db0144a818"
        }
      }
    },
    {
      "attribution":null,
      "creator":{
        "url":"https:\/\/www.pinterest.com\/dailymail\/",
        "first_name":"Daily Mail",
        "last_name":"",
        "id":"536561880513118266"
      },
      "url":"https:\/\/www.pinterest.com\/pin\/536561743081549354\/",
      "media":{
        "type":"image"
      },
      "created_at":"2015-05-25T17:03:19",
      "original_link":"http:\/\/www.dailymail.co.uk\/tvshowbiz\/article-3096301\/Sienna-Miller-jets-France-plunging-tank-scarf-completes-juror-stint-Cannes-Film-Festival.html",
      "note":"Adieu! Sienna Miller was seen arriving at\u00a0Nice C\u00f4te d'Azur International Airport",
      "color":"#81776c",
      "link":"https:\/\/www.pinterest.com\/r\/pin\/536561743081549354\/4779055074072594921\/e0a774c4e793b5c093c2845a53853db4079035de20c18a4dc18d4ebed66d98ad",
      "board":{
        "url":"https:\/\/www.pinterest.com\/dailymail\/celebrities\/",
        "id":"536561811793888186",
        "name":"Celebrities"
      },
      "image":{
        "original":{
          "url":"https:\/\/s-media-cache-ak0.pinimg.com\/originals\/ca\/bc\/75\/cabc7525c977cbf7d9b671b6f6fc7477.jpg",
          "width":634,
          "height":851
        }
      },
      "counts":{
        "likes":0,
        "comments":0,
        "repins":3
      },
      "id":"536561743081549354",
      "metadata":{
        "article":{
          "published_at":null,
          "description":"After wowing in an array of couture gowns, the London-based beauty, 33, still looked glamorous as she arrived at Nice C\u00f4te d'Azur International Airport in relatively dressed-down style.",
          "name":"Sienna Miller jets home as she completes juror stint at the Cannes",
          "authors":[]
        },
        "link":{
          "locale":"en_GB",
          "title":"Sienna Miller jets home as she completes juror stint at the Cannes",
          "site_name":"Mail Online",
          "description":"After wowing in an array of couture gowns, the London-based beauty, 33, still looked glamorous as she arrived at\u00a0Nice C\u00f4te d'Azur International Airport in relatively dressed-down style.",
          "favicon":"https:\/\/s-media-cache-ak0.pinimg.com\/favicons\/ba8856b627a2bf282a5dab73c40812571f90daf57fe69780aa1096ab.ico?a8690769c53090d08b0560db0144a818"
        }
      }
    },
    {
      "attribution":null,
      "creator":{
        "url":"https:\/\/www.pinterest.com\/dailymail\/",
        "first_name":"Daily Mail",
        "last_name":"",
        "id":"536561880513118266"
      },
      "url":"https:\/\/www.pinterest.com\/pin\/536561743081546674\/",
      "media":{
        "type":"image"
      },
      "created_at":"2015-05-25T13:08:20",
      "original_link":"http:\/\/www.dailymail.co.uk\/tvshowbiz\/article-3096091\/Jessica-Lowndes-sports-plunging-black-jumpsuit-parties-London-French-Riviera-break.html",
      "note":"Continuing the party vibe! Jessica Lowndes was spotted leaving London's Mahiki nightclub",
      "color":"#1e1d1c",
      "link":"https:\/\/www.pinterest.com\/r\/pin\/536561743081546674\/4779055074072594921\/6277b95e315f1447a739f8012c163e0ce953e9d999ba9d532ac205f31119dd81",
      "board":{
        "url":"https:\/\/www.pinterest.com\/dailymail\/celebrities\/",
        "id":"536561811793888186",
        "name":"Celebrities"
      },
      "image":{
        "original":{
          "url":"https:\/\/s-media-cache-ak0.pinimg.com\/originals\/6c\/9a\/31\/6c9a31ae4debf1bdd975227cb36d0795.jpg",
          "width":634,
          "height":951
        }
      },
      "counts":{
        "likes":0,
        "comments":0,
        "repins":4
      },
      "id":"536561743081546674",
      "metadata":{
        "article":{
          "published_at":null,
          "description":"The 26-year-old actress seemed keen to continue the party spirit as she arrived in London on Sunday following her sunshine stint on the French Riviera.",
          "name":"Jessica Lowndes sports a plunging black jumpsuit",
          "authors":[]
        },
        "link":{
          "locale":"en_GB",
          "title":"Jessica Lowndes sports a plunging black jumpsuit",
          "site_name":"Mail Online",
          "description":"The 26-year-old actress seemed keen to continue the party spirit as she arrived in London on Sunday following her sunshine stint on the French Riviera.\u00a0",
          "favicon":"https:\/\/s-media-cache-ak0.pinimg.com\/favicons\/ba8856b627a2bf282a5dab73c40812571f90daf57fe69780aa1096ab.ico?a8690769c53090d08b0560db0144a818"
        }
      }
    },
    {
      "attribution":null,
      "creator":{
        "url":"https:\/\/www.pinterest.com\/dailymail\/",
        "first_name":"Daily Mail",
        "last_name":"",
        "id":"536561880513118266"
      },
      "url":"https:\/\/www.pinterest.com\/pin\/536561743081496161\/",
      "media":{
        "type":"image"
      },
      "created_at":"2015-05-21T13:18:47",
      "original_link":"http:\/\/www.dailymail.co.uk\/tvshowbiz\/article-3090462\/Our-long-national-nightmare-Four-presidents-usher-David-Letterman-retirement-hosts-final-Late-33-years-6-028-broadcasts-air.html",
      "note":"Chris Rock at the final taping of David Letterman's Late Show",
      "color":"#64606e",
      "link":"https:\/\/www.pinterest.com\/r\/pin\/536561743081496161\/4779055074072594921\/9e4df93e55b678c0df41d4be4a6136f420708926f270ca7179b3bde3d852e257",
      "board":{
        "url":"https:\/\/www.pinterest.com\/dailymail\/celebrities\/",
        "id":"536561811793888186",
        "name":"Celebrities"
      },
      "image":{
        "original":{
          "url":"https:\/\/s-media-cache-ak0.pinimg.com\/originals\/77\/d2\/a5\/77d2a51f4d5fa29f382b5b5011a347df.jpg",
          "width":229,
          "height":747
        }
      },
      "counts":{
        "likes":2,
        "comments":0,
        "repins":7
      },
      "id":"536561743081496161",
      "metadata":{
        "article":{
          "published_at":null,
          "description":"The 68-year-old host appeared on his farewell show on CBS on Wednesday night, which taped at Manhattan's Ed Sullivan Theater.",
          "name":"Four presidents usher David Letterman into retirement",
          "authors":[]
        },
        "link":{
          "locale":"en_GB",
          "title":"Four presidents usher David Letterman into retirement",
          "site_name":"Mail Online",
          "description":"The 68-year-old host appeared on his farewell show on CBS on Wednesday night, which taped at Manhattan's Ed Sullivan Theater.",
          "favicon":"https:\/\/s-media-cache-ak0.pinimg.com\/favicons\/ba8856b627a2bf282a5dab73c40812571f90daf57fe69780aa1096ab.ico?a8690769c53090d08b0560db0144a818"
        }
      }
    },
    {
      "attribution":null,
      "creator":{
        "url":"https:\/\/www.pinterest.com\/dailymail\/",
        "first_name":"Daily Mail",
        "last_name":"",
        "id":"536561880513118266"
      },
      "url":"https:\/\/www.pinterest.com\/pin\/536561743081496061\/",
      "media":{
        "type":"image"
      },
      "created_at":"2015-05-21T13:07:30",
      "original_link":"http:\/\/www.dailymail.co.uk\/tvshowbiz\/article-3090462\/Our-long-national-nightmare-Four-presidents-usher-David-Letterman-retirement-hosts-final-Late-33-years-6-028-broadcasts-air.html",
      "note":"Peyton Manning at the final taping of David Letterman's Late Show",
      "color":"#4d5066",
      "link":"https:\/\/www.pinterest.com\/r\/pin\/536561743081496061\/4779055074072594921\/dc2333dd75fc98ee933b01973300a43f32069e7a29606da15f50839a78320907",
      "board":{
        "url":"https:\/\/www.pinterest.com\/dailymail\/celebrities\/",
        "id":"536561811793888186",
        "name":"Celebrities"
      },
      "image":{
        "original":{
          "url":"https:\/\/s-media-cache-ak0.pinimg.com\/originals\/bc\/ae\/60\/bcae60b495061c88bcae34b78e58cb8e.jpg",
          "width":229,
          "height":747
        }
      },
      "counts":{
        "likes":0,
        "comments":1,
        "repins":1
      },
      "id":"536561743081496061",
      "metadata":{
        "article":{
          "published_at":null,
          "description":"The 68-year-old host appeared on his farewell show on CBS on Wednesday night, which taped at Manhattan's Ed Sullivan Theater.",
          "name":"Four presidents usher David Letterman into retirement",
          "authors":[]
        },
        "link":{
          "locale":"en_GB",
          "title":"Four presidents usher David Letterman into retirement",
          "site_name":"Mail Online",
          "description":"The 68-year-old host appeared on his farewell show on CBS on Wednesday night, which taped at Manhattan's Ed Sullivan Theater.",
          "favicon":"https:\/\/s-media-cache-ak0.pinimg.com\/favicons\/ba8856b627a2bf282a5dab73c40812571f90daf57fe69780aa1096ab.ico?a8690769c53090d08b0560db0144a818"
        }
      }
    },
    {
      "attribution":null,
      "creator":{
        "url":"https:\/\/www.pinterest.com\/dailymail\/",
        "first_name":"Daily Mail",
        "last_name":"",
        "id":"536561880513118266"
      },
      "url":"https:\/\/www.pinterest.com\/pin\/536561743081496056\/",
      "media":{
        "type":"image"
      },
      "created_at":"2015-05-21T13:07:14",
      "original_link":"http:\/\/www.dailymail.co.uk\/tvshowbiz\/article-3090462\/Our-long-national-nightmare-Four-presidents-usher-David-Letterman-retirement-hosts-final-Late-33-years-6-028-broadcasts-air.html",
      "note":"Steve Martin at the final taping of David Letterman's Late Show",
      "color":"#423f44",
      "link":"https:\/\/www.pinterest.com\/r\/pin\/536561743081496056\/4779055074072594921\/057f339938589c06bc403f4398a236c78e333d2bc5b9918dd031dd689c77ae00",
      "board":{
        "url":"https:\/\/www.pinterest.com\/dailymail\/celebrities\/",
        "id":"536561811793888186",
        "name":"Celebrities"
      },
      "image":{
        "original":{
          "url":"https:\/\/s-media-cache-ak0.pinimg.com\/originals\/19\/52\/e9\/1952e97a849c34de464866b22134b370.jpg",
          "width":229,
          "height":747
        }
      },
      "counts":{
        "likes":0,
        "comments":0,
        "repins":5
      },
      "id":"536561743081496056",
      "metadata":{
        "article":{
          "published_at":null,
          "description":"The 68-year-old host appeared on his farewell show on CBS on Wednesday night, which taped at Manhattan's Ed Sullivan Theater.",
          "name":"Four presidents usher David Letterman into retirement",
          "authors":[]
        },
        "link":{
          "locale":"en_GB",
          "title":"Four presidents usher David Letterman into retirement",
          "site_name":"Mail Online",
          "description":"The 68-year-old host appeared on his farewell show on CBS on Wednesday night, which taped at Manhattan's Ed Sullivan Theater.",
          "favicon":"https:\/\/s-media-cache-ak0.pinimg.com\/favicons\/ba8856b627a2bf282a5dab73c40812571f90daf57fe69780aa1096ab.ico?a8690769c53090d08b0560db0144a818"
        }
      }
    },
    {
      "attribution":null,
      "creator":{
        "url":"https:\/\/www.pinterest.com\/dailymail\/",
        "first_name":"Daily Mail",
        "last_name":"",
        "id":"536561880513118266"
      },
      "url":"https:\/\/www.pinterest.com\/pin\/536561743081496050\/",
      "media":{
        "type":"image"
      },
      "created_at":"2015-05-21T13:06:54",
      "original_link":"http:\/\/www.dailymail.co.uk\/tvshowbiz\/article-3090462\/Our-long-national-nightmare-Four-presidents-usher-David-Letterman-retirement-hosts-final-Late-33-years-6-028-broadcasts-air.html",
      "note":"Jim Carrey at the final taping of David Letterman's Late Show",
      "color":"#a69d9a",
      "link":"https:\/\/www.pinterest.com\/r\/pin\/536561743081496050\/4779055074072594921\/f3f0e35d3c506ac0d409e7a93765177e65731f2a4b6b7a5861086ef24d7a640d",
      "board":{
        "url":"https:\/\/www.pinterest.com\/dailymail\/celebrities\/",
        "id":"536561811793888186",
        "name":"Celebrities"
      },
      "image":{
        "original":{
          "url":"https:\/\/s-media-cache-ak0.pinimg.com\/originals\/66\/63\/de\/6663de60b8442bba04fad6af0b937912.jpg",
          "width":229,
          "height":747
        }
      },
      "counts":{
        "likes":0,
        "comments":1,
        "repins":8
      },
      "id":"536561743081496050",
      "metadata":{
        "article":{
          "published_at":null,
          "description":"The 68-year-old host appeared on his farewell show on CBS on Wednesday night, which taped at Manhattan's Ed Sullivan Theater.",
          "name":"Four presidents usher David Letterman into retirement",
          "authors":[]
        },
        "link":{
          "locale":"en_GB",
          "title":"Four presidents usher David Letterman into retirement",
          "site_name":"Mail Online",
          "description":"The 68-year-old host appeared on his farewell show on CBS on Wednesday night, which taped at Manhattan's Ed Sullivan Theater.",
          "favicon":"https:\/\/s-media-cache-ak0.pinimg.com\/favicons\/ba8856b627a2bf282a5dab73c40812571f90daf57fe69780aa1096ab.ico?a8690769c53090d08b0560db0144a818"
        }
      }
    },
    {
      "attribution":null,
      "creator":{
        "url":"https:\/\/www.pinterest.com\/dailymail\/",
        "first_name":"Daily Mail",
        "last_name":"",
        "id":"536561880513118266"
      },
      "url":"https:\/\/www.pinterest.com\/pin\/536561743081495872\/",
      "media":{
        "type":"image"
      },
      "created_at":"2015-05-21T12:51:26",
      "original_link":"http:\/\/www.dailymail.co.uk\/tvshowbiz\/article-3090462\/Our-long-national-nightmare-Four-presidents-usher-David-Letterman-retirement-hosts-final-Late-33-years-6-028-broadcasts-air.html",
      "note":"Broadcasting veteran Barbara Walters, who recently retired, wore a gold trouser suit to the final taping of David Letterman's Late Show",
      "color":"#ab987f",
      "link":"https:\/\/www.pinterest.com\/r\/pin\/536561743081495872\/4779055074072594921\/ca9ef964ccdd875e5d6633bdf5d4090b20e91a4fabe3a08d1e35f9dee6953892",
      "board":{
        "url":"https:\/\/www.pinterest.com\/dailymail\/celebrities\/",
        "id":"536561811793888186",
        "name":"Celebrities"
      },
      "image":{
        "original":{
          "url":"https:\/\/s-media-cache-ak0.pinimg.com\/originals\/33\/88\/49\/33884977759e025fa87fdc69c0e77f40.jpg",
          "width":470,
          "height":1130
        }
      },
      "counts":{
        "likes":1,
        "comments":0,
        "repins":0
      },
      "id":"536561743081495872",
      "metadata":{
        "article":{
          "published_at":null,
          "description":"The 68-year-old host appeared on his farewell show on CBS on Wednesday night, which taped at Manhattan's Ed Sullivan Theater.",
          "name":"Four presidents usher David Letterman into retirement",
          "authors":[]
        },
        "link":{
          "locale":"en_GB",
          "title":"Four presidents usher David Letterman into retirement",
          "site_name":"Mail Online",
          "description":"The 68-year-old host appeared on his farewell show on CBS on Wednesday night, which taped at Manhattan's Ed Sullivan Theater.",
          "favicon":"https:\/\/s-media-cache-ak0.pinimg.com\/favicons\/ba8856b627a2bf282a5dab73c40812571f90daf57fe69780aa1096ab.ico?a8690769c53090d08b0560db0144a818"
        }
      }
    },
    {
      "attribution":null,
      "creator":{
        "url":"https:\/\/www.pinterest.com\/dailymail\/",
        "first_name":"Daily Mail",
        "last_name":"",
        "id":"536561880513118266"
      },
      "url":"https:\/\/www.pinterest.com\/pin\/536561743081495868\/",
      "media":{
        "type":"image"
      },
      "created_at":"2015-05-21T12:51:07",
      "original_link":"http:\/\/www.dailymail.co.uk\/tvshowbiz\/article-3090462\/Our-long-national-nightmare-Four-presidents-usher-David-Letterman-retirement-hosts-final-Late-33-years-6-028-broadcasts-air.html",
      "note":"Actress\u00a0Julia Louis-Dreyfus wore a black corset-styled dress to the final taping of David Letterman's Late Show",
      "color":"#71625f",
      "link":"https:\/\/www.pinterest.com\/r\/pin\/536561743081495868\/4779055074072594921\/82ffae82aab191919c1ca8fa1911a5056eb1d731c5b9ca2bde1c3febf47d8fb9",
      "board":{
        "url":"https:\/\/www.pinterest.com\/dailymail\/celebrities\/",
        "id":"536561811793888186",
        "name":"Celebrities"
      },
      "image":{
        "original":{
          "url":"https:\/\/s-media-cache-ak0.pinimg.com\/originals\/cf\/e7\/f3\/cfe7f32e0f33d6e921bc20013df9fc7b.jpg",
          "width":470,
          "height":1130
        }
      },
      "counts":{
        "likes":1,
        "comments":0,
        "repins":4
      },
      "id":"536561743081495868",
      "metadata":{
        "article":{
          "published_at":null,
          "description":"The 68-year-old host appeared on his farewell show on CBS on Wednesday night, which taped at Manhattan's Ed Sullivan Theater.",
          "name":"Four presidents usher David Letterman into retirement",
          "authors":[]
        },
        "link":{
          "locale":"en_GB",
          "title":"Four presidents usher David Letterman into retirement",
          "site_name":"Mail Online",
          "description":"The 68-year-old host appeared on his farewell show on CBS on Wednesday night, which taped at Manhattan's Ed Sullivan Theater.",
          "favicon":"https:\/\/s-media-cache-ak0.pinimg.com\/favicons\/ba8856b627a2bf282a5dab73c40812571f90daf57fe69780aa1096ab.ico?a8690769c53090d08b0560db0144a818"
        }
      }
    },
    {
      "attribution":null,
      "creator":{
        "url":"https:\/\/www.pinterest.com\/dailymail\/",
        "first_name":"Daily Mail",
        "last_name":"",
        "id":"536561880513118266"
      },
      "url":"https:\/\/www.pinterest.com\/pin\/536561743081495865\/",
      "media":{
        "type":"image"
      },
      "created_at":"2015-05-21T12:50:47",
      "original_link":"http:\/\/www.dailymail.co.uk\/tvshowbiz\/article-3090462\/Our-long-national-nightmare-Four-presidents-usher-David-Letterman-retirement-hosts-final-Late-33-years-6-028-broadcasts-air.html",
      "note":"See those tears: Tina Fey was seen arriving to the Late Show studios and duly acted up the cameras as she pulled her best sad face",
      "color":"#736b6b",
      "link":"https:\/\/www.pinterest.com\/r\/pin\/536561743081495865\/4779055074072594921\/0b176f5697bab8f06b6906f197851f5072dd9604159cfd25ac312d33a3dc740a",
      "board":{
        "url":"https:\/\/www.pinterest.com\/dailymail\/celebrities\/",
        "id":"536561811793888186",
        "name":"Celebrities"
      },
      "image":{
        "original":{
          "url":"https:\/\/s-media-cache-ak0.pinimg.com\/originals\/c6\/8b\/22\/c68b22b00507d355920ca09888db7b18.jpg",
          "width":962,
          "height":1422
        }
      },
      "counts":{
        "likes":1,
        "comments":0,
        "repins":3
      },
      "id":"536561743081495865",
      "metadata":{
        "article":{
          "published_at":null,
          "description":"The 68-year-old host appeared on his farewell show on CBS on Wednesday night, which taped at Manhattan's Ed Sullivan Theater.",
          "name":"Four presidents usher David Letterman into retirement",
          "authors":[]
        },
        "link":{
          "locale":"en_GB",
          "title":"Four presidents usher David Letterman into retirement",
          "site_name":"Mail Online",
          "description":"The 68-year-old host appeared on his farewell show on CBS on Wednesday night, which taped at Manhattan's Ed Sullivan Theater.",
          "favicon":"https:\/\/s-media-cache-ak0.pinimg.com\/favicons\/ba8856b627a2bf282a5dab73c40812571f90daf57fe69780aa1096ab.ico?a8690769c53090d08b0560db0144a818"
        }
      }
    }
  ],
  "page":{
    "cursor":"LT41MzY1NjE3NDMwODE0OTU4NjU6NTA1fDg0YzM1ZjFhZjQ4ZjIwNGZmN2U2ZjAyMGIzYmU0MjlkMzQxNDQ1MTZmZGU4MjM4ODcxNjI2NGYyNWQzNTBjNTg=",
    "next":"https:\/\/api.pinterest.com\/v1\/boards\/dailymail\/celebrities\/pins\/?access_token=AZlZE-HOK-Y4205yRft75KyYVaauFCBIs8jxSxdCtrJcomAqbQAAAAA&fields=id%2Clink%2Cnote%2Curl%2Cattribution%2Cmedia%2Cmetadata%2Cboard%2Ccolor%2Ccounts%2Ccreated_at%2Ccreator%2Cimage%2Coriginal_link&cursor=LT41MzY1NjE3NDMwODE0OTU4NjU6NTA1fDg0YzM1ZjFhZjQ4ZjIwNGZmN2U2ZjAyMGIzYmU0MjlkMzQxNDQ1MTZmZGU4MjM4ODcxNjI2NGYyNWQzNTBjNTg%3D"
  }
}
