{
  "data":[
    {
      "attribution":null,
      "creator":{
        "url":"https:\/\/www.pinterest.com\/dailymail\/",
        "first_name":"Daily Mail",
        "last_name":"",
        "id":"536561880513118266"
      },
      "url":"https:\/\/www.pinterest.com\/pin\/536561743079990944\/",
      "media":{
        "type":"image"
      },
      "created_at":"2015-01-28T17:00:07",
      "original_link":"http:\/\/dailym.ai\/1v2hu1w#i-ea42be1196fdcdef",
      "note":"Sharon Stone",
      "color":"#595a59",
      "link":"https:\/\/www.pinterest.com\/r\/pin\/536561743079990944\/4779055074072594921\/a993c4cbf22111bccd11e5477c0877988e9fb2fcdd19466e9d240732a0dab8d4",
      "board":{
        "url":"https:\/\/www.pinterest.com\/dailymail\/celebrities\/",
        "id":"536561811793888186",
        "name":"Celebrities"
      },
      "image":{
        "original":{
          "url":"https:\/\/s-media-cache-ak0.pinimg.com\/originals\/9f\/eb\/98\/9feb98ad211c4dffa39e6624c74113c4.jpg",
          "width":634,
          "height":951
        }
      },
      "counts":{
        "likes":0,
        "comments":0,
        "repins":1
      },
      "id":"536561743079990944",
      "metadata":{
      }
    },
    {
      "attribution":null,
      "creator":{
        "url":"https:\/\/www.pinterest.com\/dailymail\/",
        "first_name":"Daily Mail",
        "last_name":"",
        "id":"536561880513118266"
      },
      "url":"https:\/\/www.pinterest.com\/pin\/536561743079990931\/",
      "media":{
        "type":"image"
      },
      "created_at":"2015-01-28T16:59:26",
      "original_link":"http:\/\/dailym.ai\/1JFqcWC#i-b54ab0b54fa870f",
      "note":"Sharp: Eddie Redmayne looks dapper in a grey tweed suit outside Jimmy Kimmel's studios",
      "color":"#504c47",
      "link":"https:\/\/www.pinterest.com\/r\/pin\/536561743079990931\/4779055074072594921\/80997c0c1264f8e614584ecdd08bcc0c18ef6fabc3d3cf19694498efe6e10653",
      "board":{
        "url":"https:\/\/www.pinterest.com\/dailymail\/celebrities\/",
        "id":"536561811793888186",
        "name":"Celebrities"
      },
      "image":{
        "original":{
          "url":"https:\/\/s-media-cache-ak0.pinimg.com\/originals\/c8\/ba\/20\/c8ba20cddc098238e087c60eeee0918a.jpg",
          "width":634,
          "height":999
        }
      },
      "counts":{
        "likes":2,
        "comments":0,
        "repins":5
      },
      "id":"536561743079990931",
      "metadata":{
      }
    },
    {
      "attribution":null,
      "creator":{
        "url":"https:\/\/www.pinterest.com\/dailymail\/",
        "first_name":"Daily Mail",
        "last_name":"",
        "id":"536561880513118266"
      },
      "url":"https:\/\/www.pinterest.com\/pin\/536561743079990678\/",
      "media":{
        "type":"image"
      },
      "created_at":"2015-01-28T16:42:04",
      "original_link":"http:\/\/dailym.ai\/1JELRy3#i-5a4c40149c69749",
      "note":"'Very proud of my boobala!' Jordana Brewster supported her husband Andrew Form at the Hollywood premiere of his film Project Almanac",
      "color":"#131316",
      "link":"https:\/\/www.pinterest.com\/r\/pin\/536561743079990678\/4779055074072594921\/b06b4784e9b97aed037cc632753d8eef9f9f3cd4ccd7cbd8fe7656147b679f5f",
      "board":{
        "url":"https:\/\/www.pinterest.com\/dailymail\/celebrities\/",
        "id":"536561811793888186",
        "name":"Celebrities"
      },
      "image":{
        "original":{
          "url":"https:\/\/s-media-cache-ak0.pinimg.com\/originals\/02\/2a\/b9\/022ab9b4f8bfaa7b15e022d05abfb256.jpg",
          "width":634,
          "height":842
        }
      },
      "counts":{
        "likes":0,
        "comments":0,
        "repins":1
      },
      "id":"536561743079990678",
      "metadata":{
      }
    },
    {
      "attribution":null,
      "creator":{
        "url":"https:\/\/www.pinterest.com\/dailymail\/",
        "first_name":"Daily Mail",
        "last_name":"",
        "id":"536561880513118266"
      },
      "url":"https:\/\/www.pinterest.com\/pin\/536561743079990611\/",
      "media":{
        "type":"image"
      },
      "created_at":"2015-01-28T16:31:17",
      "original_link":"http:\/\/dailym.ai\/1v3gni9#i-21683fffae147a15",
      "note":"The princess and the pee: Sarah Michelle Gellar\u00a0documented the rather un-ladylike act of using the bathroom as she transformed into Cinderella in a series of hilarious Twitter snaps.",
      "color":"#9babae",
      "link":"https:\/\/www.pinterest.com\/r\/pin\/536561743079990611\/4779055074072594921\/8bacdea4f03026695c74a1b0b6188b7e84ae14c32eaa0470c4ed2faf02280816",
      "board":{
        "url":"https:\/\/www.pinterest.com\/dailymail\/celebrities\/",
        "id":"536561811793888186",
        "name":"Celebrities"
      },
      "image":{
        "original":{
          "url":"https:\/\/s-media-cache-ak0.pinimg.com\/originals\/b3\/6e\/f5\/b36ef5fd25f0829feac055bc28c603a3.jpg",
          "width":634,
          "height":782
        }
      },
      "counts":{
        "likes":1,
        "comments":0,
        "repins":0
      },
      "id":"536561743079990611",
      "metadata":{
      }
    },
    {
      "attribution":null,
      "creator":{
        "url":"https:\/\/www.pinterest.com\/dailymail\/",
        "first_name":"Daily Mail",
        "last_name":"",
        "id":"536561880513118266"
      },
      "url":"https:\/\/www.pinterest.com\/pin\/536561743079990588\/",
      "media":{
        "type":"image"
      },
      "created_at":"2015-01-28T16:26:34",
      "original_link":"http:\/\/dailym.ai\/1JDWjWK#i-ba4bb8fb238cee20",
      "note":"Independent fame! Nick Jonas at Heathrow airport in London",
      "color":"#1c1917",
      "link":"https:\/\/www.pinterest.com\/r\/pin\/536561743079990588\/4779055074072594921\/17a3ba1f1787ddbc9e551cfa7cc3398ce718f9dd0336aeb499ae5fb2fed8cd82",
      "board":{
        "url":"https:\/\/www.pinterest.com\/dailymail\/celebrities\/",
        "id":"536561811793888186",
        "name":"Celebrities"
      },
      "image":{
        "original":{
          "url":"https:\/\/s-media-cache-ak0.pinimg.com\/originals\/15\/16\/89\/15168972fce87bffc71088df9e41568e.jpg",
          "width":634,
          "height":889
        }
      },
      "counts":{
        "likes":1,
        "comments":0,
        "repins":0
      },
      "id":"536561743079990588",
      "metadata":{
      }
    },
    {
      "attribution":null,
      "creator":{
        "url":"https:\/\/www.pinterest.com\/dailymail\/",
        "first_name":"Daily Mail",
        "last_name":"",
        "id":"536561880513118266"
      },
      "url":"https:\/\/www.pinterest.com\/pin\/536561743079990501\/",
      "media":{
        "type":"image"
      },
      "created_at":"2015-01-28T16:16:00",
      "original_link":"http:\/\/dailym.ai\/1v37hC1#i-ccc223d265b81dde",
      "note":"'Last day in Paradise': Paris Hilton posted a series of snaps on Instagram over the past few days as she soaked up the balmy heat during an exotic getaway in Bali, Indonesia",
      "color":"#7b715d",
      "link":"https:\/\/www.pinterest.com\/r\/pin\/536561743079990501\/4779055074072594921\/4a18add6354396672cefd8e50fd126dfa717c2f7086899db49e4e1f45785917a",
      "board":{
        "url":"https:\/\/www.pinterest.com\/dailymail\/celebrities\/",
        "id":"536561811793888186",
        "name":"Celebrities"
      },
      "image":{
        "original":{
          "url":"https:\/\/s-media-cache-ak0.pinimg.com\/originals\/3e\/dd\/68\/3edd68daf8252f63ba763b1c5cc45275.jpg",
          "width":634,
          "height":603
        }
      },
      "counts":{
        "likes":1,
        "comments":0,
        "repins":1
      },
      "id":"536561743079990501",
      "metadata":{
      }
    },
    {
      "attribution":null,
      "creator":{
        "url":"https:\/\/www.pinterest.com\/dailymail\/",
        "first_name":"Daily Mail",
        "last_name":"",
        "id":"536561880513118266"
      },
      "url":"https:\/\/www.pinterest.com\/pin\/536561743079990494\/",
      "media":{
        "type":"image"
      },
      "created_at":"2015-01-28T16:15:03",
      "original_link":"http:\/\/dailym.ai\/1JCwK8u#i-e1c245250e005e35",
      "note":"Mila Kunis and Ashton Kutcher were seen doting on baby Wyatt",
      "color":"#626262",
      "link":"https:\/\/www.pinterest.com\/r\/pin\/536561743079990494\/4779055074072594921\/1979986f66f24a7c71cbf54f8920a86b87fefdb84134f273f9554a0d53cab9ed",
      "board":{
        "url":"https:\/\/www.pinterest.com\/dailymail\/celebrities\/",
        "id":"536561811793888186",
        "name":"Celebrities"
      },
      "image":{
        "original":{
          "url":"https:\/\/s-media-cache-ak0.pinimg.com\/originals\/c5\/89\/be\/c589bec30cf963204e12e3ed99ae2511.jpg",
          "width":634,
          "height":795
        }
      },
      "counts":{
        "likes":1,
        "comments":0,
        "repins":1
      },
      "id":"536561743079990494",
      "metadata":{
      }
    },
    {
      "attribution":null,
      "creator":{
        "url":"https:\/\/www.pinterest.com\/dailymail\/",
        "first_name":"Daily Mail",
        "last_name":"",
        "id":"536561880513118266"
      },
      "url":"https:\/\/www.pinterest.com\/pin\/536561743079990479\/",
      "media":{
        "type":"image"
      },
      "created_at":"2015-01-28T16:13:58",
      "original_link":"http:\/\/dailym.ai\/1v2t0tY#i-54c0c8a94ff8aa0b",
      "note":"Born to perform! Jessie J put on an impressive show at Birmingham\u2019s O2 Academy",
      "color":"#3f3013",
      "link":"https:\/\/www.pinterest.com\/r\/pin\/536561743079990479\/4779055074072594921\/ac78845d4da0ca825c3cfa55d8f513d0bf7ecffe2c58a83b1e7427d0e6a8dd1e",
      "board":{
        "url":"https:\/\/www.pinterest.com\/dailymail\/celebrities\/",
        "id":"536561811793888186",
        "name":"Celebrities"
      },
      "image":{
        "original":{
          "url":"https:\/\/s-media-cache-ak0.pinimg.com\/originals\/68\/e5\/48\/68e548a653b84eeeeeeed13555259d98.jpg",
          "width":634,
          "height":967
        }
      },
      "counts":{
        "likes":1,
        "comments":0,
        "repins":0
      },
      "id":"536561743079990479",
      "metadata":{
      }
    },
    {
      "attribution":null,
      "creator":{
        "url":"https:\/\/www.pinterest.com\/dailymail\/",
        "first_name":"Daily Mail",
        "last_name":"",
        "id":"536561880513118266"
      },
      "url":"https:\/\/www.pinterest.com\/pin\/536561743079990440\/",
      "media":{
        "type":"image"
      },
      "created_at":"2015-01-28T16:07:58",
      "original_link":"http:\/\/dailym.ai\/1JGfDm2#i-fa9317c8544cf0ef",
      "note":"Loved up: Matt Damon and Luciana Barroso enjoy a date night in Venice, California",
      "color":"#766a68",
      "link":"https:\/\/www.pinterest.com\/r\/pin\/536561743079990440\/4779055074072594921\/c063ed7ec444d375f106f3b4192b7aaba72a5ff6f31e1add7e270e269ef14c16",
      "board":{
        "url":"https:\/\/www.pinterest.com\/dailymail\/celebrities\/",
        "id":"536561811793888186",
        "name":"Celebrities"
      },
      "image":{
        "original":{
          "url":"https:\/\/s-media-cache-ak0.pinimg.com\/originals\/4d\/bb\/6d\/4dbb6de141a286ac7f20d17f753b44b1.jpg",
          "width":634,
          "height":852
        }
      },
      "counts":{
        "likes":0,
        "comments":0,
        "repins":2
      },
      "id":"536561743079990440",
      "metadata":{
      }
    },
    {
      "attribution":null,
      "creator":{
        "url":"https:\/\/www.pinterest.com\/dailymail\/",
        "first_name":"Daily Mail",
        "last_name":"",
        "id":"536561880513118266"
      },
      "url":"https:\/\/www.pinterest.com\/pin\/536561743079990435\/",
      "media":{
        "type":"image"
      },
      "created_at":"2015-01-28T16:06:53",
      "original_link":"http:\/\/dailym.ai\/1JG4CRK#i-1ea96c99e4a8f6cc",
      "note":"Take a hike: Taylor Swift looked ready for action in tiny shorts, trainers and a vest top as she embarked on a trek while on holiday in Hawaii",
      "color":"#74633f",
      "link":"https:\/\/www.pinterest.com\/r\/pin\/536561743079990435\/4779055074072594921\/bf228dd13aaab963ae14486d8b166ffbe51a7bd6fdbaf4f139b7106059a6b74d",
      "board":{
        "url":"https:\/\/www.pinterest.com\/dailymail\/celebrities\/",
        "id":"536561811793888186",
        "name":"Celebrities"
      },
      "image":{
        "original":{
          "url":"https:\/\/s-media-cache-ak0.pinimg.com\/originals\/8a\/3f\/7d\/8a3f7d344f0d0a0e5daa55fe3a922b9d.jpg",
          "width":634,
          "height":750
        }
      },
      "counts":{
        "likes":0,
        "comments":0,
        "repins":0
      },
      "id":"536561743079990435",
      "metadata":{
      }
    },
    {
      "attribution":null,
      "creator":{
        "url":"https:\/\/www.pinterest.com\/dailymail\/",
        "first_name":"Daily Mail",
        "last_name":"",
        "id":"536561880513118266"
      },
      "url":"https:\/\/www.pinterest.com\/pin\/536561743079990018\/",
      "media":{
        "type":"image"
      },
      "created_at":"2015-01-28T15:26:45",
      "original_link":"http:\/\/dailym.ai\/1JF0ul6#i-4de8716d5e29da88",
      "note":"Ultimate Kiss Cam: Cameron Diaz honed in for a passionate kiss with her 'special man' Benji Madden",
      "color":"#292825",
      "link":"https:\/\/www.pinterest.com\/r\/pin\/536561743079990018\/4779055074072594921\/ab76cae50507c033896c7e02f2830b10f978c5d068ac9177ce847c3713b764e3",
      "board":{
        "url":"https:\/\/www.pinterest.com\/dailymail\/celebrities\/",
        "id":"536561811793888186",
        "name":"Celebrities"
      },
      "image":{
        "original":{
          "url":"https:\/\/s-media-cache-ak0.pinimg.com\/originals\/25\/3d\/88\/253d886d897d8fe38ef8c178d0adb78c.jpg",
          "width":634,
          "height":482
        }
      },
      "counts":{
        "likes":0,
        "comments":0,
        "repins":1
      },
      "id":"536561743079990018",
      "metadata":{
      }
    },
    {
      "attribution":null,
      "creator":{
        "url":"https:\/\/www.pinterest.com\/dailymail\/",
        "first_name":"Daily Mail",
        "last_name":"",
        "id":"536561880513118266"
      },
      "url":"https:\/\/www.pinterest.com\/pin\/536561743079979784\/",
      "media":{
        "type":"image"
      },
      "created_at":"2015-01-27T19:44:32",
      "original_link":"http:\/\/dailym.ai\/1JBTc1q#i-a903f32572664b12",
      "note":"Simple look: Natalie Dormer nailed off duty-chic in grey panel skinny jeans which she teamed with black knee high boots",
      "color":"#4a3d30",
      "link":"https:\/\/www.pinterest.com\/r\/pin\/536561743079979784\/4779055074072594921\/7c6adbcbc861638ebdd7164716872c64055d8f8f8b9a715ee4483e6d98737368",
      "board":{
        "url":"https:\/\/www.pinterest.com\/dailymail\/celebrities\/",
        "id":"536561811793888186",
        "name":"Celebrities"
      },
      "image":{
        "original":{
          "url":"https:\/\/s-media-cache-ak0.pinimg.com\/originals\/21\/e6\/96\/21e6969ee2400b8c540c88d89568a884.jpg",
          "width":634,
          "height":953
        }
      },
      "counts":{
        "likes":0,
        "comments":0,
        "repins":1
      },
      "id":"536561743079979784",
      "metadata":{
      }
    },
    {
      "attribution":null,
      "creator":{
        "url":"https:\/\/www.pinterest.com\/dailymail\/",
        "first_name":"Daily Mail",
        "last_name":"",
        "id":"536561880513118266"
      },
      "url":"https:\/\/www.pinterest.com\/pin\/536561743079977027\/",
      "media":{
        "type":"image"
      },
      "created_at":"2015-01-27T15:39:53",
      "original_link":"http:\/\/dailym.ai\/1uXsltO#i-dff11e96429ba176",
      "note":"Dapper gents: Declan Donnelly (centre) and Anthony McPartlin (right) joined a group of friends in Las Vegas",
      "color":"#895c50",
      "link":"https:\/\/www.pinterest.com\/r\/pin\/536561743079977027\/4779055074072594921\/07acce893b42484d1ccc0d99af28a6e9b2ecbadde7a56090668d84179b7b253a",
      "board":{
        "url":"https:\/\/www.pinterest.com\/dailymail\/celebrities\/",
        "id":"536561811793888186",
        "name":"Celebrities"
      },
      "image":{
        "original":{
          "url":"https:\/\/s-media-cache-ak0.pinimg.com\/originals\/a2\/67\/00\/a267003ff6c90177b9d988683ddf9d48.jpg",
          "width":634,
          "height":685
        }
      },
      "counts":{
        "likes":0,
        "comments":0,
        "repins":0
      },
      "id":"536561743079977027",
      "metadata":{
      }
    },
    {
      "attribution":null,
      "creator":{
        "url":"https:\/\/www.pinterest.com\/dailymail\/",
        "first_name":"Daily Mail",
        "last_name":"",
        "id":"536561880513118266"
      },
      "url":"https:\/\/www.pinterest.com\/pin\/536561743079977019\/",
      "media":{
        "type":"image"
      },
      "created_at":"2015-01-27T15:39:15",
      "original_link":"http:\/\/dailym.ai\/1uXBMtb#i-773fa9591fbc43db",
      "note":"Letting her hair down: Danniella Westbrook stepped out wearing a cowgirl-style ensemble with a pal",
      "color":"#39342a",
      "link":"https:\/\/www.pinterest.com\/r\/pin\/536561743079977019\/4779055074072594921\/68c1f72d94422324610913201ffa2c5bcecd35d240661859d074c42fef2fb97d",
      "board":{
        "url":"https:\/\/www.pinterest.com\/dailymail\/celebrities\/",
        "id":"536561811793888186",
        "name":"Celebrities"
      },
      "image":{
        "original":{
          "url":"https:\/\/s-media-cache-ak0.pinimg.com\/originals\/a7\/e1\/9a\/a7e19ac84b7f5c00ee0ccb7c44a3d8a8.jpg",
          "width":634,
          "height":910
        }
      },
      "counts":{
        "likes":0,
        "comments":0,
        "repins":0
      },
      "id":"536561743079977019",
      "metadata":{
      }
    },
    {
      "attribution":null,
      "creator":{
        "url":"https:\/\/www.pinterest.com\/dailymail\/",
        "first_name":"Daily Mail",
        "last_name":"",
        "id":"536561880513118266"
      },
      "url":"https:\/\/www.pinterest.com\/pin\/536561743079977008\/",
      "media":{
        "type":"image"
      },
      "created_at":"2015-01-27T15:38:39",
      "original_link":"http:\/\/www.dailymail.co.uk\/tvshowbiz\/article-2928173\/Lily-Allen-dons-pair-mouse-ears-fundraising-T-shirt-gets-touch-charitable-Red-Nose-Day.html#i-863d122c64033b67",
      "note":"Jean-ius: Fearne Cotton modelled a couple of the charity T-shirts",
      "color":"#fdfdfd",
      "link":"https:\/\/www.pinterest.com\/r\/pin\/536561743079977008\/4779055074072594921\/341eacc8325896ac393112ccb49dd3810584222e6cdf0218dbc10e31ce4dce96",
      "board":{
        "url":"https:\/\/www.pinterest.com\/dailymail\/celebrities\/",
        "id":"536561811793888186",
        "name":"Celebrities"
      },
      "image":{
        "original":{
          "url":"https:\/\/s-media-cache-ak0.pinimg.com\/originals\/80\/fe\/95\/80fe9567d1ef649738bf06638364ce8f.jpg",
          "width":306,
          "height":513
        }
      },
      "counts":{
        "likes":0,
        "comments":0,
        "repins":1
      },
      "id":"536561743079977008",
      "metadata":{
        "article":{
          "published_at":null,
          "description":"The 29-year-old singer has joined the Red Nose Day campaign, modelling a series of designer T-shirts which will be sold to raise money for the charity event.",
          "name":"Lily Allen gets in touch with her charitable side for Red Nose Day",
          "authors":[]
        },
        "link":{
          "locale":"en_GB",
          "title":"Lily Allen gets in touch with her charitable side for Red Nose Day\u00a0",
          "site_name":"Mail Online",
          "description":"The 29-year-old singer has joined the Red Nose Day campaign, modelling a series of designer T-shirts which will be sold to raise money for the charity event.",
          "favicon":"https:\/\/s-media-cache-ak0.pinimg.com\/favicons\/ba8856b627a2bf282a5dab73c40812571f90daf57fe69780aa1096ab.ico?a8690769c53090d08b0560db0144a818"
        }
      }
    },
    {
      "attribution":null,
      "creator":{
        "url":"https:\/\/www.pinterest.com\/dailymail\/",
        "first_name":"Daily Mail",
        "last_name":"",
        "id":"536561880513118266"
      },
      "url":"https:\/\/www.pinterest.com\/pin\/536561743079977003\/",
      "media":{
        "type":"image"
      },
      "created_at":"2015-01-27T15:38:19",
      "original_link":"http:\/\/dailym.ai\/1uXKNCv#i-29d0b428e85739bf",
      "note":"He nose it: David Walliams seemed rather pleased with Simon Cowell's smudged make-up attempt",
      "color":"#785c4f",
      "link":"https:\/\/www.pinterest.com\/r\/pin\/536561743079977003\/4779055074072594921\/cdb17835766da4fa7da65c22f7835f679701c4064df3a16afb907be031680cc6",
      "board":{
        "url":"https:\/\/www.pinterest.com\/dailymail\/celebrities\/",
        "id":"536561811793888186",
        "name":"Celebrities"
      },
      "image":{
        "original":{
          "url":"https:\/\/s-media-cache-ak0.pinimg.com\/originals\/89\/2b\/81\/892b81c2caf57b09c4e55601a1bc788c.jpg",
          "width":634,
          "height":423
        }
      },
      "counts":{
        "likes":0,
        "comments":0,
        "repins":4
      },
      "id":"536561743079977003",
      "metadata":{
      }
    },
    {
      "attribution":null,
      "creator":{
        "url":"https:\/\/www.pinterest.com\/dailymail\/",
        "first_name":"Daily Mail",
        "last_name":"",
        "id":"536561880513118266"
      },
      "url":"https:\/\/www.pinterest.com\/pin\/536561743079976987\/",
      "media":{
        "type":"image"
      },
      "created_at":"2015-01-27T15:37:41",
      "original_link":"http:\/\/www.dailymail.co.uk\/tvshowbiz\/article-2928173\/Lily-Allen-dons-pair-mouse-ears-fundraising-T-shirt-gets-touch-charitable-Red-Nose-Day.html#i-fafdd6d20f8c5ad3",
      "note":"Doing his bit: Dermot O'Leary has joined in to promote the campaign featuring designs from fashion royalty",
      "color":"#d3d0ce",
      "link":"https:\/\/www.pinterest.com\/r\/pin\/536561743079976987\/4779055074072594921\/5a2abe8b9c1597c6687ec807b42df35851ef22e65448f9770ea2dece1f5ed0e6",
      "board":{
        "url":"https:\/\/www.pinterest.com\/dailymail\/celebrities\/",
        "id":"536561811793888186",
        "name":"Celebrities"
      },
      "image":{
        "original":{
          "url":"https:\/\/s-media-cache-ak0.pinimg.com\/originals\/1e\/e8\/14\/1ee8147fa7c0c63879ce052bcbcdf3d6.jpg",
          "width":634,
          "height":846
        }
      },
      "counts":{
        "likes":1,
        "comments":0,
        "repins":4
      },
      "id":"536561743079976987",
      "metadata":{
        "article":{
          "published_at":null,
          "description":"The 29-year-old singer has joined the Red Nose Day campaign, modelling a series of designer T-shirts which will be sold to raise money for the charity event.",
          "name":"Lily Allen gets in touch with her charitable side for Red Nose Day",
          "authors":[]
        },
        "link":{
          "locale":"en_GB",
          "title":"Lily Allen gets in touch with her charitable side for Red Nose Day\u00a0",
          "site_name":"Mail Online",
          "description":"The 29-year-old singer has joined the Red Nose Day campaign, modelling a series of designer T-shirts which will be sold to raise money for the charity event.",
          "favicon":"https:\/\/s-media-cache-ak0.pinimg.com\/favicons\/ba8856b627a2bf282a5dab73c40812571f90daf57fe69780aa1096ab.ico?a8690769c53090d08b0560db0144a818"
        }
      }
    },
    {
      "attribution":null,
      "creator":{
        "url":"https:\/\/www.pinterest.com\/dailymail\/",
        "first_name":"Daily Mail",
        "last_name":"",
        "id":"536561880513118266"
      },
      "url":"https:\/\/www.pinterest.com\/pin\/536561743079976977\/",
      "media":{
        "type":"image"
      },
      "created_at":"2015-01-27T15:37:12",
      "original_link":"http:\/\/www.dailymail.co.uk\/tvshowbiz\/article-2928173\/Lily-Allen-dons-pair-mouse-ears-fundraising-T-shirt-gets-touch-charitable-Red-Nose-Day.html#i-b7f0e9a349435005",
      "note":"Kind-hearted: Lily Allen has joined the Red Nose Day campaign, modelling a T-shirt designed by Henry Holland",
      "color":"#e3e1e1",
      "link":"https:\/\/www.pinterest.com\/r\/pin\/536561743079976977\/4779055074072594921\/c3b34f8ebe3d1a6bed7868855c47c699857cd24cdc28e95c511086f2ad38c2b5",
      "board":{
        "url":"https:\/\/www.pinterest.com\/dailymail\/celebrities\/",
        "id":"536561811793888186",
        "name":"Celebrities"
      },
      "image":{
        "original":{
          "url":"https:\/\/s-media-cache-ak0.pinimg.com\/originals\/a8\/05\/e1\/a805e1e1bcdb9614ee885c5a01be6803.jpg",
          "width":634,
          "height":487
        }
      },
      "counts":{
        "likes":0,
        "comments":0,
        "repins":2
      },
      "id":"536561743079976977",
      "metadata":{
        "article":{
          "published_at":null,
          "description":"The 29-year-old singer has joined the Red Nose Day campaign, modelling a series of designer T-shirts which will be sold to raise money for the charity event.",
          "name":"Lily Allen gets in touch with her charitable side for Red Nose Day",
          "authors":[]
        },
        "link":{
          "locale":"en_GB",
          "title":"Lily Allen gets in touch with her charitable side for Red Nose Day\u00a0",
          "site_name":"Mail Online",
          "description":"The 29-year-old singer has joined the Red Nose Day campaign, modelling a series of designer T-shirts which will be sold to raise money for the charity event.",
          "favicon":"https:\/\/s-media-cache-ak0.pinimg.com\/favicons\/ba8856b627a2bf282a5dab73c40812571f90daf57fe69780aa1096ab.ico?a8690769c53090d08b0560db0144a818"
        }
      }
    },
    {
      "attribution":null,
      "creator":{
        "url":"https:\/\/www.pinterest.com\/dailymail\/",
        "first_name":"Daily Mail",
        "last_name":"",
        "id":"536561880513118266"
      },
      "url":"https:\/\/www.pinterest.com\/pin\/536561743079976411\/",
      "media":{
        "type":"image"
      },
      "created_at":"2015-01-27T14:48:10",
      "original_link":"http:\/\/dailym.ai\/1uXE8br#i-a734f4248c4bd990",
      "note":"Kim Sears was back to her old preppy style as she attended the quarter finals of the Australian Open",
      "color":"#5e5c54",
      "link":"https:\/\/www.pinterest.com\/r\/pin\/536561743079976411\/4779055074072594921\/da565e4253ada04bf1bd2461b61bb119c413ef6ef9f4c98dcf4d0779c193bd8a",
      "board":{
        "url":"https:\/\/www.pinterest.com\/dailymail\/celebrities\/",
        "id":"536561811793888186",
        "name":"Celebrities"
      },
      "image":{
        "original":{
          "url":"https:\/\/s-media-cache-ak0.pinimg.com\/originals\/84\/81\/08\/84810870083732293a8014106b242191.jpg",
          "width":634,
          "height":1134
        }
      },
      "counts":{
        "likes":1,
        "comments":0,
        "repins":26
      },
      "id":"536561743079976411",
      "metadata":{
      }
    },
    {
      "attribution":null,
      "creator":{
        "url":"https:\/\/www.pinterest.com\/dailymail\/",
        "first_name":"Daily Mail",
        "last_name":"",
        "id":"536561880513118266"
      },
      "url":"https:\/\/www.pinterest.com\/pin\/536561743079976164\/",
      "media":{
        "type":"image"
      },
      "created_at":"2015-01-27T14:11:58",
      "original_link":"http:\/\/dailym.ai\/1uXirZ8#i-84030fb932053fbd",
      "note":"Love on the rocks: TOWIE star Jessica Wright enjoyed a leggy display after trading her plunging black dress for a beige playsuit",
      "color":"#896c56",
      "link":"https:\/\/www.pinterest.com\/r\/pin\/536561743079976164\/4779055074072594921\/f508ab6a174af5d2fe53cdcaa3a22d2b3e666ad0222f97851c9d820b44367ef1",
      "board":{
        "url":"https:\/\/www.pinterest.com\/dailymail\/celebrities\/",
        "id":"536561811793888186",
        "name":"Celebrities"
      },
      "image":{
        "original":{
          "url":"https:\/\/s-media-cache-ak0.pinimg.com\/originals\/9d\/d9\/15\/9dd91545bb8081879bf9948f92a5c53d.jpg",
          "width":306,
          "height":556
        }
      },
      "counts":{
        "likes":1,
        "comments":0,
        "repins":2
      },
      "id":"536561743079976164",
      "metadata":{
      }
    },
    {
      "attribution":null,
      "creator":{
        "url":"https:\/\/www.pinterest.com\/dailymail\/",
        "first_name":"Daily Mail",
        "last_name":"",
        "id":"536561880513118266"
      },
      "url":"https:\/\/www.pinterest.com\/pin\/536561743079964873\/",
      "media":{
        "type":"image"
      },
      "created_at":"2015-01-26T17:42:34",
      "original_link":"http:\/\/dailym.ai\/1EKjvQb#i-aceb7341a3f5e9b9",
      "note":"Ty Burrell and wife Holly",
      "color":"#442120",
      "link":"https:\/\/www.pinterest.com\/r\/pin\/536561743079964873\/4779055074072594921\/80e893b2609d257dfcbb15b58329cf2f4fc0c742fd02497cb88300de800e399a",
      "board":{
        "url":"https:\/\/www.pinterest.com\/dailymail\/celebrities\/",
        "id":"536561811793888186",
        "name":"Celebrities"
      },
      "image":{
        "original":{
          "url":"https:\/\/s-media-cache-ak0.pinimg.com\/originals\/07\/cd\/3e\/07cd3e71bf5d78b135e62b90b4851671.jpg",
          "width":470,
          "height":946
        }
      },
      "counts":{
        "likes":0,
        "comments":0,
        "repins":0
      },
      "id":"536561743079964873",
      "metadata":{
      }
    },
    {
      "attribution":null,
      "creator":{
        "url":"https:\/\/www.pinterest.com\/dailymail\/",
        "first_name":"Daily Mail",
        "last_name":"",
        "id":"536561880513118266"
      },
      "url":"https:\/\/www.pinterest.com\/pin\/536561743079964476\/",
      "media":{
        "type":"image"
      },
      "created_at":"2015-01-26T17:03:14",
      "original_link":"http:\/\/dailym.ai\/1EKuWY9#i-d03e02c147bd99e2",
      "note":"Lifetime achievement: Debbie Reynolds was honoured on Sunday night with a SAG Awards Lifetime Achievement Award.",
      "color":"#453636",
      "link":"https:\/\/www.pinterest.com\/r\/pin\/536561743079964476\/4779055074072594921\/f284d2d10411566ed69bcff8bd28e8df72ca9f6adfdd0e8eebbb849907135617",
      "board":{
        "url":"https:\/\/www.pinterest.com\/dailymail\/celebrities\/",
        "id":"536561811793888186",
        "name":"Celebrities"
      },
      "image":{
        "original":{
          "url":"https:\/\/s-media-cache-ak0.pinimg.com\/originals\/e3\/3e\/32\/e33e32f74bf91e6a8f9edc2e669a94b8.jpg",
          "width":634,
          "height":706
        }
      },
      "counts":{
        "likes":1,
        "comments":0,
        "repins":1
      },
      "id":"536561743079964476",
      "metadata":{
      }
    },
    {
      "attribution":null,
      "creator":{
        "url":"https:\/\/www.pinterest.com\/dailymail\/",
        "first_name":"Daily Mail",
        "last_name":"",
        "id":"536561880513118266"
      },
      "url":"https:\/\/www.pinterest.com\/pin\/536561743079964180\/",
      "media":{
        "type":"image"
      },
      "created_at":"2015-01-26T16:29:53",
      "original_link":"http:\/\/dailym.ai\/1ELhNOs#i-ce89661c6724cf17",
      "note":"Party time: George Clooney exits Venice eatery\u00a0Ristorante da Ivo with his stag party the night before his wedding.",
      "color":"#37211e",
      "link":"https:\/\/www.pinterest.com\/r\/pin\/536561743079964180\/4779055074072594921\/f6cd5a36762227d3a7a6b4d20c20f5047398502aca72e868d577c9f412f8c4f8",
      "board":{
        "url":"https:\/\/www.pinterest.com\/dailymail\/celebrities\/",
        "id":"536561811793888186",
        "name":"Celebrities"
      },
      "image":{
        "original":{
          "url":"https:\/\/s-media-cache-ak0.pinimg.com\/originals\/77\/76\/c6\/7776c61a6102e7e5c6a754f27cbb30c7.jpg",
          "width":634,
          "height":636
        }
      },
      "counts":{
        "likes":0,
        "comments":0,
        "repins":1
      },
      "id":"536561743079964180",
      "metadata":{
      }
    },
    {
      "attribution":null,
      "creator":{
        "url":"https:\/\/www.pinterest.com\/dailymail\/",
        "first_name":"Daily Mail",
        "last_name":"",
        "id":"536561880513118266"
      },
      "url":"https:\/\/www.pinterest.com\/pin\/536561743079964102\/",
      "media":{
        "type":"image"
      },
      "created_at":"2015-01-26T16:22:54",
      "original_link":"http:\/\/dailym.ai\/1uNPwGK#i-dff0d53c1add8cbe",
      "note":"Cheers for the invite! Modern Family's\u00a0Raini Rodriguez, left, and Rico Rodriguez jump for joy",
      "color":"#3b2320",
      "link":"https:\/\/www.pinterest.com\/r\/pin\/536561743079964102\/4779055074072594921\/14b7600f5fb80527b5d7717745ed51d510e140f5794c16beb05a7df8625306a9",
      "board":{
        "url":"https:\/\/www.pinterest.com\/dailymail\/celebrities\/",
        "id":"536561811793888186",
        "name":"Celebrities"
      },
      "image":{
        "original":{
          "url":"https:\/\/s-media-cache-ak0.pinimg.com\/originals\/c1\/47\/0d\/c1470db6470e381c21a548b04d37eddc.jpg",
          "width":962,
          "height":1448
        }
      },
      "counts":{
        "likes":1,
        "comments":0,
        "repins":1
      },
      "id":"536561743079964102",
      "metadata":{
      }
    },
    {
      "attribution":null,
      "creator":{
        "url":"https:\/\/www.pinterest.com\/dailymail\/",
        "first_name":"Daily Mail",
        "last_name":"",
        "id":"536561880513118266"
      },
      "url":"https:\/\/www.pinterest.com\/pin\/536561743079963944\/",
      "media":{
        "type":"image"
      },
      "created_at":"2015-01-26T16:01:45",
      "original_link":"http:\/\/dailym.ai\/1uNPwGK#i-dec111756b6cd31f",
      "note":"A man for life: Viola Davis, named\u00a0Outstanding Performance by a Female Actor in a Drama Series for How to Get Away With Murder",
      "color":"#dcc791",
      "link":"https:\/\/www.pinterest.com\/r\/pin\/536561743079963944\/4779055074072594921\/48f4ce3bdf8811df50c20e1d5a7a45dea2ad3db8d891365705e8cf395f9614af",
      "board":{
        "url":"https:\/\/www.pinterest.com\/dailymail\/celebrities\/",
        "id":"536561811793888186",
        "name":"Celebrities"
      },
      "image":{
        "original":{
          "url":"https:\/\/s-media-cache-ak0.pinimg.com\/originals\/b1\/4f\/f3\/b14ff33d84c771ba431887699e7ed19f.jpg",
          "width":962,
          "height":667
        }
      },
      "counts":{
        "likes":0,
        "comments":0,
        "repins":1
      },
      "id":"536561743079963944",
      "metadata":{
      }
    }
  ],
  "page":{
    "cursor":"LT41MzY1NjE3NDMwNzk5NjM5NDQ6MTI5OXw1ZDhjNTgyZjljMTAyNmQ5ODQyODFlZjM0YTYzY2ZjYzNhMThhMmMzYWJlZWFmYmM3ODgzMWNiZGVmODNkNjkw",
    "next":"https:\/\/api.pinterest.com\/v1\/boards\/dailymail\/celebrities\/pins\/?access_token=AZlZE-HOK-Y4205yRft75KyYVaauFCBIs8jxSxdCtrJcomAqbQAAAAA&fields=id%2Clink%2Cnote%2Curl%2Cattribution%2Cmedia%2Cmetadata%2Cboard%2Ccolor%2Ccounts%2Ccreated_at%2Ccreator%2Cimage%2Coriginal_link&cursor=LT41MzY1NjE3NDMwNzk5NjM5NDQ6MTI5OXw1ZDhjNTgyZjljMTAyNmQ5ODQyODFlZjM0YTYzY2ZjYzNhMThhMmMzYWJlZWFmYmM3ODgzMWNiZGVmODNkNjkw"
  }
}
