{
  "data":[
    {
      "attribution":null,
      "creator":{
        "url":"https:\/\/www.pinterest.com\/melacrombie\/",
        "first_name":"Melacrombie",
        "last_name":"Eibmorcalem",
        "id":"50243489501287053"
      },
      "url":"https:\/\/www.pinterest.com\/pin\/50243352066423668\/",
      "media":{
        "type":"image"
      },
      "created_at":"2013-12-18T20:15:19",
      "original_link":"http:\/\/inspirations95.pinger.pl\/",
      "note":"A blog focused on before and after pics and their inspiring stories.  If they can do it, so can I!",
      "color":"#756954",
      "link":"https:\/\/www.pinterest.com\/r\/pin\/50243352066423668\/4779055074072594921\/b8e725c553fe5f037c001dddddaffe87f5e447b6b7fc67893513df50d2099a3b",
      "board":{
        "url":"https:\/\/www.pinterest.com\/melacrombie\/before-and-after-weightloss\/",
        "id":"50243420781909097",
        "name":"Before and After Weightloss "
      },
      "image":{
        "original":{
          "url":"https:\/\/s-media-cache-ak0.pinimg.com\/originals\/1a\/5c\/a2\/1a5ca2e610e01e80722711120d794ba4.jpg",
          "width":500,
          "height":500
        }
      },
      "counts":{
        "likes":0,
        "comments":0,
        "repins":0
      },
      "id":"50243352066423668",
      "metadata":{
      }
    },
    {
      "attribution":null,
      "creator":{
        "url":"https:\/\/www.pinterest.com\/melacrombie\/",
        "first_name":"Melacrombie",
        "last_name":"Eibmorcalem",
        "id":"50243489501287053"
      },
      "url":"https:\/\/www.pinterest.com\/pin\/50243352066408275\/",
      "media":{
        "type":"image"
      },
      "created_at":"2013-12-15T05:06:01",
      "original_link":"http:\/\/fat-loss-factory.blogspot.kr\/",
      "note":"Inspirational pic only",
      "color":"#8b5c32",
      "link":"https:\/\/www.pinterest.com\/r\/pin\/50243352066408275\/4779055074072594921\/8791c59a1cb02fde19896f071b5345e57bf5ea42e71f0816f85fddb77e5aa248",
      "board":{
        "url":"https:\/\/www.pinterest.com\/melacrombie\/before-and-after-weightloss\/",
        "id":"50243420781909097",
        "name":"Before and After Weightloss "
      },
      "image":{
        "original":{
          "url":"https:\/\/s-media-cache-ak0.pinimg.com\/originals\/a4\/a9\/9c\/a4a99cd0928c85e39713c035389cb7fb.jpg",
          "width":550,
          "height":550
        }
      },
      "counts":{
        "likes":1,
        "comments":0,
        "repins":1
      },
      "id":"50243352066408275",
      "metadata":{
      }
    },
    {
      "attribution":null,
      "creator":{
        "url":"https:\/\/www.pinterest.com\/melacrombie\/",
        "first_name":"Melacrombie",
        "last_name":"Eibmorcalem",
        "id":"50243489501287053"
      },
      "url":"https:\/\/www.pinterest.com\/pin\/50243352066408273\/",
      "media":{
        "type":"image"
      },
      "created_at":"2013-12-15T05:05:48",
      "original_link":"http:\/\/www.weightlossstories.info\/2013\/09\/06\/before-and-after-weight-loss-photo-1016\/",
      "note":"Before and After Weight Loss Photo",
      "color":"#5f3b3c",
      "link":"https:\/\/www.pinterest.com\/r\/pin\/50243352066408273\/4779055074072594921\/db0e979993fe955d651fd8f32fd3624d9117de60e87d0fd67ca4f8390795446e",
      "board":{
        "url":"https:\/\/www.pinterest.com\/melacrombie\/before-and-after-weightloss\/",
        "id":"50243420781909097",
        "name":"Before and After Weightloss "
      },
      "image":{
        "original":{
          "url":"https:\/\/s-media-cache-ak0.pinimg.com\/originals\/49\/1c\/30\/491c30970cfd6d2d20cc8d24f40e9e52.jpg",
          "width":500,
          "height":500
        }
      },
      "counts":{
        "likes":2,
        "comments":0,
        "repins":5
      },
      "id":"50243352066408273",
      "metadata":{
      }
    }
  ],
  "page":{
    "cursor":null,
    "next":null
  }
}
