{
  "data":[
    {
      "attribution":null,
      "creator":{
        "url":"https:\/\/www.pinterest.com\/kirrab420\/",
        "first_name":"kirra",
        "last_name":"boyce",
        "id":"541276586373037903"
      },
      "url":"https:\/\/www.pinterest.com\/pin\/541276448941119281\/",
      "media":{
        "type":"image"
      },
      "created_at":"2015-03-23T07:56:29",
      "original_link":"http:\/\/muscletransform.com\/48-pound-lost-female-body-transformation\/",
      "note":"48 Pound Lost Female Body Transformation! See how she did it.",
      "color":"#67635f",
      "link":"https:\/\/www.pinterest.com\/r\/pin\/541276448941119281\/4779055074072594921\/36ba26a065a1812c9598916f28b5d3668ff52c98450c7ffe83a9609cf69fb501",
      "board":{
        "url":"https:\/\/www.pinterest.com\/kirrab420\/before-and-after-weightloss\/",
        "id":"541276517653813873",
        "name":"Before and After Weightloss"
      },
      "image":{
        "original":{
          "url":"https:\/\/s-media-cache-ak0.pinimg.com\/originals\/40\/36\/b9\/4036b977b9564e11d7b017d6b9d72194.png",
          "width":300,
          "height":301
        }
      },
      "counts":{
        "likes":0,
        "comments":0,
        "repins":0
      },
      "id":"541276448941119281",
      "metadata":{
      }
    },
    {
      "attribution":null,
      "creator":{
        "url":"https:\/\/www.pinterest.com\/kirrab420\/",
        "first_name":"kirra",
        "last_name":"boyce",
        "id":"541276586373037903"
      },
      "url":"https:\/\/www.pinterest.com\/pin\/541276448941119259\/",
      "media":{
        "type":"image"
      },
      "created_at":"2015-03-23T07:51:59",
      "original_link":"http:\/\/herweightlossdiary.blogspot.com\/2012\/04\/weight-loss-success-stories-jess-lost.html",
      "note":"Jess Lost an Amazing 60kg After Gastric Sleeve",
      "color":"#987564",
      "link":"https:\/\/www.pinterest.com\/r\/pin\/541276448941119259\/4779055074072594921\/265f1d673f321ff1b8091301b5ec12e09e4eee46a63e4fb7aff6ec3f5a6199e3",
      "board":{
        "url":"https:\/\/www.pinterest.com\/kirrab420\/before-and-after-weightloss\/",
        "id":"541276517653813873",
        "name":"Before and After Weightloss"
      },
      "image":{
        "original":{
          "url":"https:\/\/s-media-cache-ak0.pinimg.com\/originals\/ee\/fa\/b7\/eefab76989b2e6f4b2a6424c4ef2bc9b.png",
          "width":500,
          "height":389
        }
      },
      "counts":{
        "likes":0,
        "comments":0,
        "repins":0
      },
      "id":"541276448941119259",
      "metadata":{
      }
    },
    {
      "attribution":null,
      "creator":{
        "url":"https:\/\/www.pinterest.com\/kirrab420\/",
        "first_name":"kirra",
        "last_name":"boyce",
        "id":"541276586373037903"
      },
      "url":"https:\/\/www.pinterest.com\/pin\/541276448941119257\/",
      "media":{
        "type":"image"
      },
      "created_at":"2015-03-23T07:51:39",
      "original_link":"http:\/\/www.jensjourney.com\/2012\/01\/hardest-blog-i-have-had-to-post-on-very.html",
      "note":"one girl's weight loss journey blog",
      "color":"#8b5b31",
      "link":"https:\/\/www.pinterest.com\/r\/pin\/541276448941119257\/4779055074072594921\/28f9417168cb4b5d6121804b2bc351e361a9a0d526045bfbe8103e6f911e21e8",
      "board":{
        "url":"https:\/\/www.pinterest.com\/kirrab420\/before-and-after-weightloss\/",
        "id":"541276517653813873",
        "name":"Before and After Weightloss"
      },
      "image":{
        "original":{
          "url":"https:\/\/s-media-cache-ak0.pinimg.com\/originals\/1e\/7f\/3a\/1e7f3a8b0ff3181eb162cde7c68605cb.jpg",
          "width":1200,
          "height":1200
        }
      },
      "counts":{
        "likes":0,
        "comments":0,
        "repins":0
      },
      "id":"541276448941119257",
      "metadata":{
      }
    },
    {
      "attribution":null,
      "creator":{
        "url":"https:\/\/www.pinterest.com\/kirrab420\/",
        "first_name":"kirra",
        "last_name":"boyce",
        "id":"541276586373037903"
      },
      "url":"https:\/\/www.pinterest.com\/pin\/541276448941119242\/",
      "media":{
        "type":"image"
      },
      "created_at":"2015-03-23T07:50:07",
      "original_link":"http:\/\/backonpointe.tumblr.com\/post\/24345669810",
      "note":"Daily weight loss tips  http:\/\/slimmingtipsblog.com\/what-is-the-best-way-to-lose-weight-fast\/  #weightloss #weightlosstips",
      "color":"#9f8877",
      "link":"https:\/\/www.pinterest.com\/r\/pin\/541276448941119242\/4779055074072594921\/79813d6e559b34794fe2dbeaccb9c64c9ecf02db09986b909275f2dd127c8226",
      "board":{
        "url":"https:\/\/www.pinterest.com\/kirrab420\/before-and-after-weightloss\/",
        "id":"541276517653813873",
        "name":"Before and After Weightloss"
      },
      "image":{
        "original":{
          "url":"https:\/\/s-media-cache-ak0.pinimg.com\/originals\/23\/2b\/1b\/232b1b2c60a0bb5fa80680da4a996de6.png",
          "width":500,
          "height":524
        }
      },
      "counts":{
        "likes":0,
        "comments":0,
        "repins":0
      },
      "id":"541276448941119242",
      "metadata":{
      }
    },
    {
      "attribution":null,
      "creator":{
        "url":"https:\/\/www.pinterest.com\/kirrab420\/",
        "first_name":"kirra",
        "last_name":"boyce",
        "id":"541276586373037903"
      },
      "url":"https:\/\/www.pinterest.com\/pin\/541276448941119176\/",
      "media":{
        "type":"image"
      },
      "created_at":"2015-03-23T07:43:50",
      "original_link":"http:\/\/timetoloseweighttodaynow.blogspot.com\/",
      "note":"#1 SECRET to losing weight + gaining muscle FAST! I'm so glad I found this!!! It has changed my life..... Before and After Weight Loss Photo",
      "color":"#654f45",
      "link":"https:\/\/www.pinterest.com\/r\/pin\/541276448941119176\/4779055074072594921\/d420f552ac912bf284151cc811a7cb5234a5be7669965bf5ba5714796ca34dda",
      "board":{
        "url":"https:\/\/www.pinterest.com\/kirrab420\/before-and-after-weightloss\/",
        "id":"541276517653813873",
        "name":"Before and After Weightloss"
      },
      "image":{
        "original":{
          "url":"https:\/\/s-media-cache-ak0.pinimg.com\/originals\/55\/a5\/75\/55a575aca2aa005a7395ee129f7bd662.jpg",
          "width":500,
          "height":557
        }
      },
      "counts":{
        "likes":0,
        "comments":0,
        "repins":0
      },
      "id":"541276448941119176",
      "metadata":{
      }
    },
    {
      "attribution":null,
      "creator":{
        "url":"https:\/\/www.pinterest.com\/kirrab420\/",
        "first_name":"kirra",
        "last_name":"boyce",
        "id":"541276586373037903"
      },
      "url":"https:\/\/www.pinterest.com\/pin\/541276448940727042\/",
      "media":{
        "type":"image"
      },
      "created_at":"2015-02-27T00:49:37",
      "original_link":"http:\/\/healthy-evolution.tumblr.com\/post\/14570240021\/i-havent-posted-a-progress-picture-in-a-while-so",
      "note":"WEIGHT LOSS TRANSFORMATIONS BEFORE & AFTER",
      "color":"#ae701d",
      "link":"https:\/\/www.pinterest.com\/r\/pin\/541276448940727042\/4779055074072594921\/bffb11145380b630d2642f9ab8a7001de5fab5ca15046ed231d748e096051878",
      "board":{
        "url":"https:\/\/www.pinterest.com\/kirrab420\/before-and-after-weightloss\/",
        "id":"541276517653813873",
        "name":"Before and After Weightloss"
      },
      "image":{
        "original":{
          "url":"https:\/\/s-media-cache-ak0.pinimg.com\/originals\/db\/3a\/08\/db3a082be44ffb1b5defb763caf33207.png",
          "width":879,
          "height":728
        }
      },
      "counts":{
        "likes":0,
        "comments":0,
        "repins":2
      },
      "id":"541276448940727042",
      "metadata":{
        "link":{
          "locale":"en",
          "title":"healthy-evolution",
          "site_name":"healthy-evolution.tumblr.com",
          "description":"imgonnamakeachange: \u201c I haven\u2019t posted a progress picture in a while, so I figured I would do one. The last place I have to lose is around my waist. I hate my stomach and it seems like I will never...",
          "favicon":"https:\/\/s-media-cache-ak0.pinimg.com\/favicons\/631a554441bd1619f09de63a790c3f35595eb8084b7cf81c591a4142.png?e02597e03b936d0466d54dc9d5fe3ea0"
        }
      }
    },
    {
      "attribution":null,
      "creator":{
        "url":"https:\/\/www.pinterest.com\/kirrab420\/",
        "first_name":"kirra",
        "last_name":"boyce",
        "id":"541276586373037903"
      },
      "url":"https:\/\/www.pinterest.com\/pin\/541276448940640261\/",
      "media":{
        "type":"image"
      },
      "created_at":"2015-02-21T03:26:58",
      "original_link":"http:\/\/instagram.com\/ohthatmaggie",
      "note":"Weight loss before and after transformation. Roughly 40lbs lost",
      "color":"#6f2e44",
      "link":"https:\/\/www.pinterest.com\/r\/pin\/541276448940640261\/4779055074072594921\/5a1bc7cc9f4b86408e39497a9e82777ba49f53e9197ae8d975c2df52416f6ef7",
      "board":{
        "url":"https:\/\/www.pinterest.com\/kirrab420\/before-and-after-weightloss\/",
        "id":"541276517653813873",
        "name":"Before and After Weightloss"
      },
      "image":{
        "original":{
          "url":"https:\/\/s-media-cache-ak0.pinimg.com\/originals\/3e\/36\/00\/3e3600542446272e3c608cd54f011b72.jpg",
          "width":1220,
          "height":1220
        }
      },
      "counts":{
        "likes":0,
        "comments":0,
        "repins":1
      },
      "id":"541276448940640261",
      "metadata":{
        "link":{
          "locale":"en",
          "title":"Maggie (@ohthatmaggie) \u2022 Instagram photos and videos",
          "site_name":"instagram.com",
          "description":"Boston. Stuff and things.",
          "favicon":"https:\/\/s-media-cache-ak0.pinimg.com\/favicons\/bce2668f6a2d96c2e3afd79f49799a12f7d24453f8e535a2a04eb801.ico?7cdab0872b150a8d4d8234fdedd3b884"
        }
      }
    },
    {
      "attribution":null,
      "creator":{
        "url":"https:\/\/www.pinterest.com\/kirrab420\/",
        "first_name":"kirra",
        "last_name":"boyce",
        "id":"541276586373037903"
      },
      "url":"https:\/\/www.pinterest.com\/pin\/541276448940640214\/",
      "media":{
        "type":"image"
      },
      "created_at":"2015-02-21T03:23:30",
      "original_link":"http:\/\/www.myfitnesspal.com\/topics\/show\/250976-my-30-day-shred-results?page=2",
      "note":"30 Day Shred results! (not mine...) After getting back into the gym though, I'm inspired to pull Jillian back out. I always giggle when she says \"don't phone it in ladies. Only 3 more\" because I'm pretty sure those last 3 is what is going to kill me. lol!",
      "color":"#86715d",
      "link":"https:\/\/www.pinterest.com\/r\/pin\/541276448940640214\/4779055074072594921\/15d6d15b1c02a87fc444d50025196efe9c3e2f6edf3c1d543a6c9a39300f825c",
      "board":{
        "url":"https:\/\/www.pinterest.com\/kirrab420\/before-and-after-weightloss\/",
        "id":"541276517653813873",
        "name":"Before and After Weightloss"
      },
      "image":{
        "original":{
          "url":"https:\/\/s-media-cache-ak0.pinimg.com\/originals\/02\/4c\/4b\/024c4bc7932ced077170f4eee960cd9b.jpg",
          "width":639,
          "height":495
        }
      },
      "counts":{
        "likes":0,
        "comments":0,
        "repins":0
      },
      "id":"541276448940640214",
      "metadata":{
      }
    },
    {
      "attribution":null,
      "creator":{
        "url":"https:\/\/www.pinterest.com\/kirrab420\/",
        "first_name":"kirra",
        "last_name":"boyce",
        "id":"541276586373037903"
      },
      "url":"https:\/\/www.pinterest.com\/pin\/541276448940640142\/",
      "media":{
        "type":"image"
      },
      "created_at":"2015-02-21T03:16:47",
      "original_link":"http:\/\/www.bloglovin.com\/blog\/post\/4306845\/1856454775?link=aHR0cCUzQSUyRiUyRmJlZm9yZWFuZGFmdGVyZmF0bG9zc3BpY3MudHVtYmxyLmNvbSUyRnBvc3QlMkY2NjE2MTg2OTQzOQ==",
      "note":"Fat to Fit... HOOOOOWWWWWWWWWWWW?!?!?",
      "color":"#7f6675",
      "link":"https:\/\/www.pinterest.com\/r\/pin\/541276448940640142\/4779055074072594921\/609677144553916a45f39c9fcd258ed9fb4bbf738683ba9b1412e91f364664bf",
      "board":{
        "url":"https:\/\/www.pinterest.com\/kirrab420\/before-and-after-weightloss\/",
        "id":"541276517653813873",
        "name":"Before and After Weightloss"
      },
      "image":{
        "original":{
          "url":"https:\/\/s-media-cache-ak0.pinimg.com\/originals\/73\/3c\/08\/733c0873e084213c193dfca737ca95d3.jpg",
          "width":393,
          "height":366
        }
      },
      "counts":{
        "likes":1,
        "comments":0,
        "repins":1
      },
      "id":"541276448940640142",
      "metadata":{
        "article":{
          "published_at":null,
          "description":"This blog only promotes healthy weight loss. If you notice a picture here where the person depicted is using unhealthy means to lose weight, please inform me and I will remove it. | Use Bloglovin' & never miss a post from Before And After Fat Loss.",
          "name":"Follow Before And After Fat Loss",
          "authors":[]
        },
        "link":{
          "locale":"en",
          "title":"Before And After Fat Loss | Bloglovin\u2019",
          "site_name":"Bloglovin\u2019",
          "description":"Use Bloglovin\u2019 & never miss a post from the blog Before And After Fat Loss .",
          "favicon":"https:\/\/s-media-cache-ak0.pinimg.com\/favicons\/98f538101077f643814847abf4e720d9b5dbb9178a3c9301670ed1a9.ico?165720caf3ca124999a0eff64bcca0cc"
        }
      }
    },
    {
      "attribution":null,
      "creator":{
        "url":"https:\/\/www.pinterest.com\/kirrab420\/",
        "first_name":"kirra",
        "last_name":"boyce",
        "id":"541276586373037903"
      },
      "url":"https:\/\/www.pinterest.com\/pin\/541276448940640120\/",
      "media":{
        "type":"image"
      },
      "created_at":"2015-02-21T03:14:59",
      "original_link":"http:\/\/theskinnyycook.com\/",
      "note":"Over 150 Easy-to-make, Allergy-friendly, Fat-burning Recipes That Fill You Up and Balance Your Hormones Simply By Eating Real Food.",
      "color":"#4d3826",
      "link":"https:\/\/www.pinterest.com\/r\/pin\/541276448940640120\/4779055074072594921\/22286961ba7cf6c5b099c41de07ae330b224e784d4b34c397e4fb579173764bf",
      "board":{
        "url":"https:\/\/www.pinterest.com\/kirrab420\/before-and-after-weightloss\/",
        "id":"541276517653813873",
        "name":"Before and After Weightloss"
      },
      "image":{
        "original":{
          "url":"https:\/\/s-media-cache-ak0.pinimg.com\/originals\/e0\/a4\/cf\/e0a4cf23fddf834af68825f253c41922.jpg",
          "width":500,
          "height":375
        }
      },
      "counts":{
        "likes":0,
        "comments":0,
        "repins":0
      },
      "id":"541276448940640120",
      "metadata":{
      }
    },
    {
      "attribution":null,
      "creator":{
        "url":"https:\/\/www.pinterest.com\/kirrab420\/",
        "first_name":"kirra",
        "last_name":"boyce",
        "id":"541276586373037903"
      },
      "url":"https:\/\/www.pinterest.com\/pin\/541276448940640101\/",
      "media":{
        "type":"image"
      },
      "created_at":"2015-02-21T03:13:45",
      "original_link":"http:\/\/corinthfrench.tumblr.com\/",
      "note":"So inspiring! \"Here is my before and after! I am still trying to maintain my weight and keep a healthy lifestyle! Check out my weightloss story on my tumblr blog! :)www.corinthfrench.tumblr.com   \u2014-      Shop here for great weight loss and health products at rock bottom prices, or follow these blogs: weight loss before and after pictures, weight loss stories, & workout songs!\"",
      "color":"#bcb28f",
      "link":"https:\/\/www.pinterest.com\/r\/pin\/541276448940640101\/4779055074072594921\/d54cff38f47b47b3339e3d6f14019f0f7487d9ffa352cea863fd010b28b442a1",
      "board":{
        "url":"https:\/\/www.pinterest.com\/kirrab420\/before-and-after-weightloss\/",
        "id":"541276517653813873",
        "name":"Before and After Weightloss"
      },
      "image":{
        "original":{
          "url":"https:\/\/s-media-cache-ak0.pinimg.com\/originals\/b1\/26\/ac\/b126ac03fc920e6d3626b5f425f84e61.jpg",
          "width":500,
          "height":500
        }
      },
      "counts":{
        "likes":0,
        "comments":0,
        "repins":0
      },
      "id":"541276448940640101",
      "metadata":{
        "link":{
          "locale":"en",
          "title":"Untitled",
          "site_name":"corinthfrench.tumblr.com",
          "description":"corinthfrench",
          "favicon":"https:\/\/s-media-cache-ak0.pinimg.com\/favicons\/71e25e02eefabb9b3775fda450de44b649d6d89ccba8cba79c2531fe.png?43832d7491820f948264848425c0330a"
        }
      }
    },
    {
      "attribution":null,
      "creator":{
        "url":"https:\/\/www.pinterest.com\/kirrab420\/",
        "first_name":"kirra",
        "last_name":"boyce",
        "id":"541276586373037903"
      },
      "url":"https:\/\/www.pinterest.com\/pin\/541276448940640096\/",
      "media":{
        "type":"image"
      },
      "created_at":"2015-02-21T03:13:08",
      "original_link":"http:\/\/aleshahaley.wordpress.com\/2013\/11\/04\/jamie-eason-final-recap-week-12\/",
      "note":"Jamie Eason LiveFit Challenge Recap #eatclean #fitness #beforeandafter",
      "color":"#928b90",
      "link":"https:\/\/www.pinterest.com\/r\/pin\/541276448940640096\/4779055074072594921\/7fbd2b0660d597e5fd36d820f3d074b2364307e6bf1cdc8d1f0001150879a285",
      "board":{
        "url":"https:\/\/www.pinterest.com\/kirrab420\/before-and-after-weightloss\/",
        "id":"541276517653813873",
        "name":"Before and After Weightloss"
      },
      "image":{
        "original":{
          "url":"https:\/\/s-media-cache-ak0.pinimg.com\/originals\/a4\/c5\/7c\/a4c57c33846d15dd36c87474db1abc92.jpg",
          "width":500,
          "height":500
        }
      },
      "counts":{
        "likes":0,
        "comments":0,
        "repins":0
      },
      "id":"541276448940640096",
      "metadata":{
      }
    },
    {
      "attribution":null,
      "creator":{
        "url":"https:\/\/www.pinterest.com\/kirrab420\/",
        "first_name":"kirra",
        "last_name":"boyce",
        "id":"541276586373037903"
      },
      "url":"https:\/\/www.pinterest.com\/pin\/541276448940640093\/",
      "media":{
        "type":"image"
      },
      "created_at":"2015-02-21T03:12:45",
      "original_link":"http:\/\/rabbitfoodformybunnyteeth.com\/banana-roll-ups\/",
      "note":"Before & After. www.rabbitfoodformybunnyteeth.com  I am addicted to this blog. I love this girl! Her recipes and her story are amazing :)",
      "color":"#563b2a",
      "link":"https:\/\/www.pinterest.com\/r\/pin\/541276448940640093\/4779055074072594921\/f0d44805d1ade8d539bce89f489644b42c8f748f99af9e28d9c88e9563717184",
      "board":{
        "url":"https:\/\/www.pinterest.com\/kirrab420\/before-and-after-weightloss\/",
        "id":"541276517653813873",
        "name":"Before and After Weightloss"
      },
      "image":{
        "original":{
          "url":"https:\/\/s-media-cache-ak0.pinimg.com\/originals\/de\/3b\/8e\/de3b8ebc799400925d330531d927df39.jpg",
          "width":520,
          "height":780
        }
      },
      "counts":{
        "likes":0,
        "comments":0,
        "repins":0
      },
      "id":"541276448940640093",
      "metadata":{
        "article":{
          "published_at":"2013-04-15T00:00:00",
          "description":"Hi bunnies! Some of you may have noticed my blog went down a few times last week. I had some technical difficulties, but thanks to Go Daddy, it\u2019s all good now! The response to my last post about bridesmaid dress sizing was overwhelming! It\u2019s absolutely crazy to see how many of us have been through \u2026 Read more...",
          "name":"Banana Roll-Ups",
          "authors":[]
        },
        "link":{
          "locale":"en_US",
          "title":"Banana Roll-Ups - Rabbit Food For My Bunny Teeth",
          "site_name":"Rabbit Food For My Bunny Teeth",
          "description":"Hi bunnies! Some of you may have noticed my blog went down a few times last week. I had some technical difficulties, but thanks to Go Daddy, it\u2019s all good now! The response to my last post about bridesmaid dress sizing was overwhelming! It\u2019s absolutely crazy to see how many of us have been through \u2026\u00a0Read more...",
          "favicon":"https:\/\/s-media-cache-ak0.pinimg.com\/favicons\/991570ce464e67c3942eb1fee947d7874a2532244da1c9621ddd1fd8.png?f07f99f915c4b3cc461e5f7e95f13984"
        }
      }
    },
    {
      "attribution":null,
      "creator":{
        "url":"https:\/\/www.pinterest.com\/kirrab420\/",
        "first_name":"kirra",
        "last_name":"boyce",
        "id":"541276586373037903"
      },
      "url":"https:\/\/www.pinterest.com\/pin\/541276448940640087\/",
      "media":{
        "type":"image"
      },
      "created_at":"2015-02-21T03:12:22",
      "original_link":"http:\/\/rabbitfoodformybunnyteeth.com\/girl-scout-cookie-smoothie\/",
      "note":"Weight Loss Inspiration. Before and After. #weightloss #wls #inspiration www.rabbitfoodformybunnyteeth.com",
      "color":"#744c42",
      "link":"https:\/\/www.pinterest.com\/r\/pin\/541276448940640087\/4779055074072594921\/f4dc522506f582f757be15a0bd5cb45c35287083144e950b72302f692682539f",
      "board":{
        "url":"https:\/\/www.pinterest.com\/kirrab420\/before-and-after-weightloss\/",
        "id":"541276517653813873",
        "name":"Before and After Weightloss"
      },
      "image":{
        "original":{
          "url":"https:\/\/s-media-cache-ak0.pinimg.com\/originals\/cb\/b8\/e6\/cbb8e6700f069d7e8b095369b04e2012.jpg",
          "width":520,
          "height":780
        }
      },
      "counts":{
        "likes":0,
        "comments":0,
        "repins":0
      },
      "id":"541276448940640087",
      "metadata":{
        "article":{
          "published_at":"2013-02-25T00:00:00",
          "description":"Motivation Monday: \u201cSuck it up now and make healthy choices so you don\u2019t have to suck it in later.\u201d The other day, I was organizing files on my computer and came across this photo. I was speechless to say the least. Although I strongly dislike seeing photos of myself at my heaviest, I cannot hide \u2026 Read more...",
          "name":"Girl Scout Cookie Smoothie",
          "authors":[]
        },
        "link":{
          "locale":"en_US",
          "title":"Girl Scout Cookie Smoothie - Rabbit Food For My Bunny Teeth",
          "site_name":"Rabbit Food For My Bunny Teeth",
          "description":"Motivation Monday: \u201cSuck it up now and make healthy choices so you don\u2019t have to suck it in later.\u201d The other day, I was organizing files on my computer and came across this photo. I was speechless to say the least. Although I strongly dislike seeing photos of myself at my heaviest, I cannot hide \u2026\u00a0Read more...",
          "favicon":"https:\/\/s-media-cache-ak0.pinimg.com\/favicons\/991570ce464e67c3942eb1fee947d7874a2532244da1c9621ddd1fd8.png?f07f99f915c4b3cc461e5f7e95f13984"
        }
      }
    },
    {
      "attribution":null,
      "creator":{
        "url":"https:\/\/www.pinterest.com\/kirrab420\/",
        "first_name":"kirra",
        "last_name":"boyce",
        "id":"541276586373037903"
      },
      "url":"https:\/\/www.pinterest.com\/pin\/541276448940640075\/",
      "media":{
        "type":"image"
      },
      "created_at":"2015-02-21T03:10:48",
      "original_link":"http:\/\/www.trimmedandtoned.com\/60-weight-loss-transformations-will-make-jaw-drop\/",
      "note":"60 incredible weight loss transformation pics that will motivate you!",
      "color":"#885730",
      "link":"https:\/\/www.pinterest.com\/r\/pin\/541276448940640075\/4779055074072594921\/bb4b7cb79b64c590c5cca385e33d62325050f542a635f48b8a62048070ff2168",
      "board":{
        "url":"https:\/\/www.pinterest.com\/kirrab420\/before-and-after-weightloss\/",
        "id":"541276517653813873",
        "name":"Before and After Weightloss"
      },
      "image":{
        "original":{
          "url":"https:\/\/s-media-cache-ak0.pinimg.com\/originals\/76\/6d\/84\/766d84c8c5e60d8c1fa1b515a09dadab.jpg",
          "width":541,
          "height":720
        }
      },
      "counts":{
        "likes":0,
        "comments":0,
        "repins":0
      },
      "id":"541276448940640075",
      "metadata":{
      }
    }
  ],
  "page":{
    "cursor":null,
    "next":null
  }
}
