{
  "data":[
    {
      "attribution":null,
      "creator":{
        "url":"https:\/\/www.pinterest.com\/sararoberts22\/",
        "first_name":"Sara",
        "last_name":"Roberts",
        "id":"178596078881343435"
      },
      "url":"https:\/\/www.pinterest.com\/pin\/178595941448229430\/",
      "media":{
        "type":"image"
      },
      "created_at":"2014-09-05T00:53:02",
      "original_link":"http:\/\/www.beforeandafterweightlossblog.net\/pin\/596\/",
      "note":" ",
      "color":"#9c6a44",
      "link":"https:\/\/www.pinterest.com\/r\/pin\/178595941448229430\/4779055074072594921\/7c26a16b731aa3bc1375da67f9713ee077b2ce6dca5f86a6c5d8ae1afc362a84",
      "board":{
        "url":"https:\/\/www.pinterest.com\/sararoberts22\/beforeafter-motivation-weightloss\/",
        "id":"178596010161985051",
        "name":"before\/after motivation weightloss"
      },
      "image":{
        "original":{
          "url":"https:\/\/s-media-cache-ak0.pinimg.com\/originals\/8a\/50\/ed\/8a50ed4852d68e4101435f5613415e9e.jpg",
          "width":599,
          "height":599
        }
      },
      "counts":{
        "likes":0,
        "comments":0,
        "repins":0
      },
      "id":"178595941448229430",
      "metadata":{
      }
    },
    {
      "attribution":null,
      "creator":{
        "url":"https:\/\/www.pinterest.com\/sararoberts22\/",
        "first_name":"Sara",
        "last_name":"Roberts",
        "id":"178596078881343435"
      },
      "url":"https:\/\/www.pinterest.com\/pin\/178595941448161711\/",
      "media":{
        "type":"image"
      },
      "created_at":"2014-08-23T14:17:13",
      "original_link":"http:\/\/m.nydailynews.com\/life-style\/health\/fat-girl-beauty-queen-south-texas-shares-story-amazing-100-pound-transformation-article-1.1807363",
      "note":"From \u2018fat girl\u2019 to beauty queen: Miss South Texas shares story of 100-pound weight transformation  Before 230 lbs After 129 lbs",
      "color":"#b5694a",
      "link":"https:\/\/www.pinterest.com\/r\/pin\/178595941448161711\/4779055074072594921\/b6dbd4e5afe98b6cc171bddc51a7ffec8b4d4aebcfc6dd1ae36ffb2d02bb512b",
      "board":{
        "url":"https:\/\/www.pinterest.com\/sararoberts22\/beforeafter-motivation-weightloss\/",
        "id":"178596010161985051",
        "name":"before\/after motivation weightloss"
      },
      "image":{
        "original":{
          "url":"https:\/\/s-media-cache-ak0.pinimg.com\/originals\/5e\/52\/fe\/5e52fea0532026b5949ab58260ea6e22.jpg",
          "width":960,
          "height":960
        }
      },
      "counts":{
        "likes":0,
        "comments":0,
        "repins":0
      },
      "id":"178595941448161711",
      "metadata":{
        "article":{
          "published_at":null,
          "description":"Nine years ago, Keli Kryfko could barely do push-ups. Now, the Miss South Texas pageant queen is dreaming about becoming Miss America.",
          "name":"From \u2018fat girl\u2019 to beauty queen: Texas woman shares story of 100-pound transformation",
          "authors":[]
        },
        "link":{
          "locale":"en",
          "title":"From \u2018fat girl\u2019 to beauty queen: Texas woman shares story of 100-pound transformation",
          "site_name":"NY Daily News",
          "description":"Nine years ago, Keli Kryfko could barely do push-ups.  Now, the Miss South Texas pageant queen is dreaming about becoming Miss America.",
          "favicon":"https:\/\/s-media-cache-ak0.pinimg.com\/favicons\/69a379e58873dbdd50cb8cf49f5ac9f01a0d5fb2e01a06b9d2c26963.ico?6bbb6db01c40acee7cd27b9554f41a89"
        }
      }
    },
    {
      "attribution":null,
      "creator":{
        "url":"https:\/\/www.pinterest.com\/sararoberts22\/",
        "first_name":"Sara",
        "last_name":"Roberts",
        "id":"178596078881343435"
      },
      "url":"https:\/\/www.pinterest.com\/pin\/178595941448161705\/",
      "media":{
        "type":"image"
      },
      "created_at":"2014-08-23T14:15:13",
      "original_link":"http:\/\/howalicegothhhot.tumblr.com\/",
      "note":"Simply the best program there is.",
      "color":"#c3a483",
      "link":"https:\/\/www.pinterest.com\/r\/pin\/178595941448161705\/4779055074072594921\/2e5f44b08dd631e5fe8cb48ded64f26b25021a2e8ed80b83651841b0cb036617",
      "board":{
        "url":"https:\/\/www.pinterest.com\/sararoberts22\/beforeafter-motivation-weightloss\/",
        "id":"178596010161985051",
        "name":"before\/after motivation weightloss"
      },
      "image":{
        "original":{
          "url":"https:\/\/s-media-cache-ak0.pinimg.com\/originals\/03\/4b\/f5\/034bf5979ed58c9b63af52258eb7f218.jpg",
          "width":250,
          "height":300
        }
      },
      "counts":{
        "likes":0,
        "comments":0,
        "repins":1
      },
      "id":"178595941448161705",
      "metadata":{
      }
    },
    {
      "attribution":null,
      "creator":{
        "url":"https:\/\/www.pinterest.com\/sararoberts22\/",
        "first_name":"Sara",
        "last_name":"Roberts",
        "id":"178596078881343435"
      },
      "url":"https:\/\/www.pinterest.com\/pin\/178595941448161703\/",
      "media":{
        "type":"image"
      },
      "created_at":"2014-08-23T14:14:54",
      "original_link":"http:\/\/felicafitness.jp.mn\/?s=v0f",
      "note":"Holy crap. She lost 100+ lbs.",
      "color":"#59395d",
      "link":"https:\/\/www.pinterest.com\/r\/pin\/178595941448161703\/4779055074072594921\/13efa7c5d22a621dd276a1357c7b2fedaead9c6cce899d1d033b876388e428d8",
      "board":{
        "url":"https:\/\/www.pinterest.com\/sararoberts22\/beforeafter-motivation-weightloss\/",
        "id":"178596010161985051",
        "name":"before\/after motivation weightloss"
      },
      "image":{
        "original":{
          "url":"https:\/\/s-media-cache-ak0.pinimg.com\/originals\/97\/24\/10\/97241076b4d47b556e56e44e8fb33a11.jpg",
          "width":302,
          "height":604
        }
      },
      "counts":{
        "likes":0,
        "comments":0,
        "repins":0
      },
      "id":"178595941448161703",
      "metadata":{
      }
    },
    {
      "attribution":null,
      "creator":{
        "url":"https:\/\/www.pinterest.com\/sararoberts22\/",
        "first_name":"Sara",
        "last_name":"Roberts",
        "id":"178596078881343435"
      },
      "url":"https:\/\/www.pinterest.com\/pin\/178595941448117164\/",
      "media":{
        "type":"image"
      },
      "created_at":"2014-08-14T20:47:56",
      "original_link":"http:\/\/www.shape.com\/weight-loss\/success-stories\/16-fitness-experts-who-used-be-fat?page=3",
      "note":"16 Fitness Experts Who Used to Be Fat :: How these trainers transformed their bodies and their lives\u2014and how you can too! via Shape #inspiration",
      "color":"#845f4e",
      "link":"https:\/\/www.pinterest.com\/r\/pin\/178595941448117164\/4779055074072594921\/9063b84eeef34e507eb1e093216fa2aa195550c9b4ff1ac1f372cb8842fb4599",
      "board":{
        "url":"https:\/\/www.pinterest.com\/sararoberts22\/beforeafter-motivation-weightloss\/",
        "id":"178596010161985051",
        "name":"before\/after motivation weightloss"
      },
      "image":{
        "original":{
          "url":"https:\/\/s-media-cache-ak0.pinimg.com\/originals\/b4\/64\/03\/b464036ed7ab9672c468d99d8e2939b6.jpg",
          "width":420,
          "height":420
        }
      },
      "counts":{
        "likes":0,
        "comments":0,
        "repins":1
      },
      "id":"178595941448117164",
      "metadata":{
        "article":{
          "published_at":null,
          "description":"From fat to fit, these 16 fitness trainers share their inspiring before and after photos and the stories behind their body transformations.",
          "name":"16 Fitness Experts Who Used to Be Overweight",
          "authors":[]
        },
        "link":{
          "locale":"en",
          "title":"16 Fitness Experts Who Used to Be Overweight",
          "site_name":"Shape Magazine",
          "description":"From fat to fit, these 16 fitness trainers share their inspiring before and after photos and the stories behind their body transformations.",
          "favicon":"https:\/\/s-media-cache-ak0.pinimg.com\/favicons\/52d979f1f57501fde4581cda51e367f313163471a6cd987f0b91066e.ico?a613807139707004dbbca95884855897"
        }
      }
    },
    {
      "attribution":null,
      "creator":{
        "url":"https:\/\/www.pinterest.com\/sararoberts22\/",
        "first_name":"Sara",
        "last_name":"Roberts",
        "id":"178596078881343435"
      },
      "url":"https:\/\/www.pinterest.com\/pin\/178595941447918122\/",
      "media":{
        "type":"image"
      },
      "created_at":"2014-07-08T00:32:04",
      "original_link":"http:\/\/mishascherb.tumblr.com\/",
      "note":"Look what happen to me in 2 months. DIET FORMULA really works and you can try it out. Hope it will HELP you too! Doctor Oz was Right",
      "color":"#54524b",
      "link":"https:\/\/www.pinterest.com\/r\/pin\/178595941447918122\/4779055074072594921\/114f1d9da297fb1a811f25fbed62111bf367218c863766f7a07c00ae51446bbc",
      "board":{
        "url":"https:\/\/www.pinterest.com\/sararoberts22\/beforeafter-motivation-weightloss\/",
        "id":"178596010161985051",
        "name":"before\/after motivation weightloss"
      },
      "image":{
        "original":{
          "url":"https:\/\/s-media-cache-ak0.pinimg.com\/originals\/86\/86\/22\/8686226c516a562afe3c5cc508e57140.jpg",
          "width":236,
          "height":236
        }
      },
      "counts":{
        "likes":0,
        "comments":0,
        "repins":0
      },
      "id":"178595941447918122",
      "metadata":{
      }
    },
    {
      "attribution":null,
      "creator":{
        "url":"https:\/\/www.pinterest.com\/sararoberts22\/",
        "first_name":"Sara",
        "last_name":"Roberts",
        "id":"178596078881343435"
      },
      "url":"https:\/\/www.pinterest.com\/pin\/178595941447846701\/",
      "media":{
        "type":"image"
      },
      "created_at":"2014-06-24T13:18:13",
      "original_link":"http:\/\/bestfoodstoeattodropweightfast.blogspot.com\/?ID=1281",
      "note":"Very inspiring story. fat loss, weight loss,   Before and After Photo",
      "color":"#9f827a",
      "link":"https:\/\/www.pinterest.com\/r\/pin\/178595941447846701\/4779055074072594921\/7c54ce7029e0e32aa5542d142d3fa0c706c13c851917e1c062a74aa0ed154623",
      "board":{
        "url":"https:\/\/www.pinterest.com\/sararoberts22\/beforeafter-motivation-weightloss\/",
        "id":"178596010161985051",
        "name":"before\/after motivation weightloss"
      },
      "image":{
        "original":{
          "url":"https:\/\/s-media-cache-ak0.pinimg.com\/originals\/af\/95\/4d\/af954dc5c3ad71005750c6febfdd99a9.jpg",
          "width":375,
          "height":302
        }
      },
      "counts":{
        "likes":0,
        "comments":0,
        "repins":1
      },
      "id":"178595941447846701",
      "metadata":{
      }
    },
    {
      "attribution":null,
      "creator":{
        "url":"https:\/\/www.pinterest.com\/sararoberts22\/",
        "first_name":"Sara",
        "last_name":"Roberts",
        "id":"178596078881343435"
      },
      "url":"https:\/\/www.pinterest.com\/pin\/178595941447846700\/",
      "media":{
        "type":"image"
      },
      "created_at":"2014-06-24T13:18:00",
      "original_link":"http:\/\/guidetoloseweight0.blogspot.com\/?ID=4171",
      "note":"healthy weight loss, lose weight fast, Before and After Weight Loss Check out the website",
      "color":"#6d6151",
      "link":"https:\/\/www.pinterest.com\/r\/pin\/178595941447846700\/4779055074072594921\/e42ea72cd21a8c6a6837c22119b9e69baa2bd6320759363b9b186e6cb49eae42",
      "board":{
        "url":"https:\/\/www.pinterest.com\/sararoberts22\/beforeafter-motivation-weightloss\/",
        "id":"178596010161985051",
        "name":"before\/after motivation weightloss"
      },
      "image":{
        "original":{
          "url":"https:\/\/s-media-cache-ak0.pinimg.com\/originals\/6b\/9b\/9b\/6b9b9b3cfaae91e938cfaa27d6ebbaee.jpg",
          "width":530,
          "height":530
        }
      },
      "counts":{
        "likes":0,
        "comments":0,
        "repins":1
      },
      "id":"178595941447846700",
      "metadata":{
      }
    },
    {
      "attribution":null,
      "creator":{
        "url":"https:\/\/www.pinterest.com\/sararoberts22\/",
        "first_name":"Sara",
        "last_name":"Roberts",
        "id":"178596078881343435"
      },
      "url":"https:\/\/www.pinterest.com\/pin\/178595941447846699\/",
      "media":{
        "type":"image"
      },
      "created_at":"2014-06-24T13:17:51",
      "original_link":"http:\/\/bestfoodstoeattodropweightfast.blogspot.com\/?ID=257",
      "note":"this is the best weight loss program i ever had!",
      "color":"#533121",
      "link":"https:\/\/www.pinterest.com\/r\/pin\/178595941447846699\/4779055074072594921\/bcc90497af2c7a4ea12fe1af12d03686864b9ada659fde6ceaa531c2f6dbd735",
      "board":{
        "url":"https:\/\/www.pinterest.com\/sararoberts22\/beforeafter-motivation-weightloss\/",
        "id":"178596010161985051",
        "name":"before\/after motivation weightloss"
      },
      "image":{
        "original":{
          "url":"https:\/\/s-media-cache-ak0.pinimg.com\/originals\/5d\/ef\/36\/5def36e238ab4b5b60bc2ccf386d80c7.jpg",
          "width":500,
          "height":410
        }
      },
      "counts":{
        "likes":0,
        "comments":0,
        "repins":0
      },
      "id":"178595941447846699",
      "metadata":{
      }
    },
    {
      "attribution":null,
      "creator":{
        "url":"https:\/\/www.pinterest.com\/sararoberts22\/",
        "first_name":"Sara",
        "last_name":"Roberts",
        "id":"178596078881343435"
      },
      "url":"https:\/\/www.pinterest.com\/pin\/178595941447839775\/",
      "media":{
        "type":"image"
      },
      "created_at":"2014-06-23T03:35:25",
      "original_link":"http:\/\/joggingtoloseweight25.blogspot.com\/?ID=284",
      "note":"Weight Loss Before And After",
      "color":"#ab8247",
      "link":"https:\/\/www.pinterest.com\/r\/pin\/178595941447839775\/4779055074072594921\/31ed97d4f1b2e474f22a199dd5002608683fb60d69d6eafbb42fd8e89c89b01b",
      "board":{
        "url":"https:\/\/www.pinterest.com\/sararoberts22\/beforeafter-motivation-weightloss\/",
        "id":"178596010161985051",
        "name":"before\/after motivation weightloss"
      },
      "image":{
        "original":{
          "url":"https:\/\/s-media-cache-ak0.pinimg.com\/originals\/ce\/17\/28\/ce17280ad0beee1bfe719224baa656c5.jpg",
          "width":385,
          "height":400
        }
      },
      "counts":{
        "likes":0,
        "comments":0,
        "repins":1
      },
      "id":"178595941447839775",
      "metadata":{
      }
    },
    {
      "attribution":null,
      "creator":{
        "url":"https:\/\/www.pinterest.com\/sararoberts22\/",
        "first_name":"Sara",
        "last_name":"Roberts",
        "id":"178596078881343435"
      },
      "url":"https:\/\/www.pinterest.com\/pin\/178595941447755356\/",
      "media":{
        "type":"image"
      },
      "created_at":"2014-06-07T16:48:46",
      "original_link":"http:\/\/themetapicture.com\/be-somebodys-motivation\/",
      "note":"Be somebody\u2019s motivation\u2026",
      "color":"#937c75",
      "link":"https:\/\/www.pinterest.com\/r\/pin\/178595941447755356\/4779055074072594921\/80bd382aab9b06d8ba1d96323dd41f8a74c69ec00d7ff63f5913b042537a4012",
      "board":{
        "url":"https:\/\/www.pinterest.com\/sararoberts22\/beforeafter-motivation-weightloss\/",
        "id":"178596010161985051",
        "name":"before\/after motivation weightloss"
      },
      "image":{
        "original":{
          "url":"https:\/\/s-media-cache-ak0.pinimg.com\/originals\/93\/d6\/e4\/93d6e4090cfdfe1e5382c274920da637.jpg",
          "width":540,
          "height":999
        }
      },
      "counts":{
        "likes":0,
        "comments":0,
        "repins":0
      },
      "id":"178595941447755356",
      "metadata":{
        "article":{
          "published_at":null,
          "description":"Share with your friends...",
          "name":"Be somebody\u2019s motivation\u2026",
          "authors":[]
        },
        "link":{
          "locale":"en_US",
          "title":"Be somebody\u2019s motivation\u2026",
          "site_name":"TheMetaPicture.com",
          "description":"Funny pictures about Be somebody's motivation.... Oh, and cool pics about Be somebody's motivation.... Also, Be somebody's motivation... photos.",
          "favicon":"https:\/\/s-media-cache-ak0.pinimg.com\/favicons\/ce7dce8bbd917601204b38a01a6c9035a92d3381356fdd7e8f2bc9e6.ico?04767e99ab9c88f8853aa150bb46edf4"
        }
      }
    },
    {
      "attribution":null,
      "creator":{
        "url":"https:\/\/www.pinterest.com\/sararoberts22\/",
        "first_name":"Sara",
        "last_name":"Roberts",
        "id":"178596078881343435"
      },
      "url":"https:\/\/www.pinterest.com\/pin\/178595941447747226\/",
      "media":{
        "type":"image"
      },
      "created_at":"2014-06-05T16:09:11",
      "original_link":"",
      "note":"Mo'Nique 82Lbs weight loss",
      "color":"#bc8784",
      "link":"",
      "board":{
        "url":"https:\/\/www.pinterest.com\/sararoberts22\/beforeafter-motivation-weightloss\/",
        "id":"178596010161985051",
        "name":"before\/after motivation weightloss"
      },
      "image":{
        "original":{
          "url":"https:\/\/s-media-cache-ak0.pinimg.com\/originals\/15\/65\/08\/1565083b66477ebdd913769dba7829dd.jpg",
          "width":720,
          "height":540
        }
      },
      "counts":{
        "likes":0,
        "comments":0,
        "repins":1
      },
      "id":"178595941447747226",
      "metadata":{
      }
    },
    {
      "attribution":null,
      "creator":{
        "url":"https:\/\/www.pinterest.com\/sararoberts22\/",
        "first_name":"Sara",
        "last_name":"Roberts",
        "id":"178596078881343435"
      },
      "url":"https:\/\/www.pinterest.com\/pin\/178595941447736495\/",
      "media":{
        "type":"image"
      },
      "created_at":"2014-06-03T14:46:24",
      "original_link":"",
      "note":"So awesome #fitness #motivating #beforeandafter",
      "color":"#757067",
      "link":"",
      "board":{
        "url":"https:\/\/www.pinterest.com\/sararoberts22\/beforeafter-motivation-weightloss\/",
        "id":"178596010161985051",
        "name":"before\/after motivation weightloss"
      },
      "image":{
        "original":{
          "url":"https:\/\/s-media-cache-ak0.pinimg.com\/originals\/da\/a0\/30\/daa0307e89c6d80cde99ebcef48d9357.jpg",
          "width":500,
          "height":500
        }
      },
      "counts":{
        "likes":0,
        "comments":0,
        "repins":0
      },
      "id":"178595941447736495",
      "metadata":{
      }
    },
    {
      "attribution":null,
      "creator":{
        "url":"https:\/\/www.pinterest.com\/sararoberts22\/",
        "first_name":"Sara",
        "last_name":"Roberts",
        "id":"178596078881343435"
      },
      "url":"https:\/\/www.pinterest.com\/pin\/178595941447713674\/",
      "media":{
        "type":"image"
      },
      "created_at":"2014-05-29T15:06:16",
      "original_link":"",
      "note":"love her site....dont click this picture, go to the webpage healthyfightforfit.tumblr.com",
      "color":"#7c5651",
      "link":"",
      "board":{
        "url":"https:\/\/www.pinterest.com\/sararoberts22\/beforeafter-motivation-weightloss\/",
        "id":"178596010161985051",
        "name":"before\/after motivation weightloss"
      },
      "image":{
        "original":{
          "url":"https:\/\/s-media-cache-ak0.pinimg.com\/originals\/c0\/56\/58\/c056581f897933fe6a2f953967b22ba7.jpg",
          "width":500,
          "height":394
        }
      },
      "counts":{
        "likes":0,
        "comments":0,
        "repins":2
      },
      "id":"178595941447713674",
      "metadata":{
      }
    },
    {
      "attribution":null,
      "creator":{
        "url":"https:\/\/www.pinterest.com\/sararoberts22\/",
        "first_name":"Sara",
        "last_name":"Roberts",
        "id":"178596078881343435"
      },
      "url":"https:\/\/www.pinterest.com\/pin\/178595941447710635\/",
      "media":{
        "type":"image"
      },
      "created_at":"2014-05-28T22:12:18",
      "original_link":"http:\/\/www.mindbodygreen.com\/0-6196\/Yoga-Breath-and-Releasing-Pain-How-I-Lost-100-Pounds.html",
      "note":"Yoga, Breath, and Releasing Pain: How I Lost 100+ Pounds",
      "color":"#a6516a",
      "link":"https:\/\/www.pinterest.com\/r\/pin\/178595941447710635\/4779055074072594921\/64bb212f3e9f502a0d73d9f1b4aef4ef99baecda968da7595bacc7c7bb02632c",
      "board":{
        "url":"https:\/\/www.pinterest.com\/sararoberts22\/beforeafter-motivation-weightloss\/",
        "id":"178596010161985051",
        "name":"before\/after motivation weightloss"
      },
      "image":{
        "original":{
          "url":"https:\/\/s-media-cache-ak0.pinimg.com\/originals\/c9\/a4\/63\/c9a463c94839e2d4aae1e537783b496d.jpg",
          "width":877,
          "height":877
        }
      },
      "counts":{
        "likes":0,
        "comments":0,
        "repins":2
      },
      "id":"178595941447710635",
      "metadata":{
        "article":{
          "published_at":"2012-09-19T00:00:00",
          "description":"When I made my first attempts at yoga, I weighed around 290 pounds. I was disabled, and I was in pain. All the time. I\u2019d bought a book, and I\u2019d watch a DVD, but pretty much every pose was",
          "name":"Yoga, Breath, and Releasing Pain: How I Lost 100+ Pounds",
          "authors":[]
        },
        "link":{
          "locale":"en",
          "title":"Yoga, Breath, and Releasing Pain: How I Lost 100+ Pounds",
          "site_name":"mindbodygreen",
          "description":"When I made my first attempts at yoga, I weighed around 290 pounds. I was disabled, and I was in pain. All the time. I\u2019d bought a book, and I\u2019d watch a DVD, but pretty much every pose was",
          "favicon":"https:\/\/s-media-cache-ak0.pinimg.com\/favicons\/59cc2988a82dab99c252d91a1b6466afea4dd4a0933427112f16e77d.png?b624d54a07c00ad15bafedee2e272374"
        }
      }
    },
    {
      "attribution":null,
      "creator":{
        "url":"https:\/\/www.pinterest.com\/sararoberts22\/",
        "first_name":"Sara",
        "last_name":"Roberts",
        "id":"178596078881343435"
      },
      "url":"https:\/\/www.pinterest.com\/pin\/178595941447690650\/",
      "media":{
        "type":"image"
      },
      "created_at":"2014-05-24T15:09:29",
      "original_link":"http:\/\/theberry.com\/2013\/06\/22\/daily-motivation-25-photos-161\/",
      "note":"I really need to finish insanity so I can get these results.",
      "color":"#907c78",
      "link":"https:\/\/www.pinterest.com\/r\/pin\/178595941447690650\/4779055074072594921\/8ea2f61ba13fa3d407853e65ca5f8976395f02461ec80cf2ea6f274360f612bd",
      "board":{
        "url":"https:\/\/www.pinterest.com\/sararoberts22\/beforeafter-motivation-weightloss\/",
        "id":"178596010161985051",
        "name":"before\/after motivation weightloss"
      },
      "image":{
        "original":{
          "url":"https:\/\/s-media-cache-ak0.pinimg.com\/originals\/88\/0d\/85\/880d853425eefccbdedb9e60698fed84.jpg",
          "width":500,
          "height":500
        }
      },
      "counts":{
        "likes":0,
        "comments":0,
        "repins":1
      },
      "id":"178595941447690650",
      "metadata":{
        "article":{
          "published_at":"2013-06-22T00:00:00",
          "description":"Click HERE for more motivation! Hey Berries! How do you stay motivated? Click SUBMIT or mail your pics to theberrysubmit[at]gmail[dot]com.",
          "name":"Daily motivation (25 photos)",
          "authors":[]
        },
        "link":{
          "locale":"en_US",
          "title":"Daily motivation (25 photos)",
          "site_name":"theBERRY",
          "description":"Click HERE for more motivation! Hey Berries! How do you stay motivated? Click SUBMIT or mail your pics to theberrysubmit[at]gmail[dot]com....",
          "favicon":"https:\/\/s-media-cache-ak0.pinimg.com\/favicons\/a9ac1dd864adc3536e55a4f9529c2a20c606740b54dd5cf57cb7aca6.png?cffab8f27e0ddb50ffe93048abda8ba0"
        }
      }
    },
    {
      "attribution":null,
      "creator":{
        "url":"https:\/\/www.pinterest.com\/sararoberts22\/",
        "first_name":"Sara",
        "last_name":"Roberts",
        "id":"178596078881343435"
      },
      "url":"https:\/\/www.pinterest.com\/pin\/178595941447673863\/",
      "media":{
        "type":"image"
      },
      "created_at":"2014-05-20T20:42:01",
      "original_link":"http:\/\/ernesto-fitness.blogspot.mx\/",
      "note":"Weight loss: 100lbs! What dedication looks like! I look a lot like her before pic...shes my photo inspiration!",
      "color":"#c3a483",
      "link":"https:\/\/www.pinterest.com\/r\/pin\/178595941447673863\/4779055074072594921\/4efc9e1f5042ef09cca05b878d236774f9483b1df81f3772ff933ae866a14615",
      "board":{
        "url":"https:\/\/www.pinterest.com\/sararoberts22\/beforeafter-motivation-weightloss\/",
        "id":"178596010161985051",
        "name":"before\/after motivation weightloss"
      },
      "image":{
        "original":{
          "url":"https:\/\/s-media-cache-ak0.pinimg.com\/originals\/e2\/54\/d5\/e254d5ca86a8be8a3302715bfc3e3145.jpg",
          "width":250,
          "height":300
        }
      },
      "counts":{
        "likes":1,
        "comments":0,
        "repins":3
      },
      "id":"178595941447673863",
      "metadata":{
      }
    },
    {
      "attribution":null,
      "creator":{
        "url":"https:\/\/www.pinterest.com\/sararoberts22\/",
        "first_name":"Sara",
        "last_name":"Roberts",
        "id":"178596078881343435"
      },
      "url":"https:\/\/www.pinterest.com\/pin\/178595941447673873\/",
      "media":{
        "type":"image"
      },
      "created_at":"2014-05-20T20:43:38",
      "original_link":"http:\/\/rabbitfoodformybunnyteeth.com\/",
      "note":"Pinning for the recipes!!  She lost 80lbs in 10 months eating yummy stuff!! This blog is inspiring!!",
      "color":"#7d7065",
      "link":"https:\/\/www.pinterest.com\/r\/pin\/178595941447673873\/4779055074072594921\/89d23527f0a32577fc69e309000ac5f11f48bcf37c2dd4599d2fad77889611b3",
      "board":{
        "url":"https:\/\/www.pinterest.com\/sararoberts22\/beforeafter-motivation-weightloss\/",
        "id":"178596010161985051",
        "name":"before\/after motivation weightloss"
      },
      "image":{
        "original":{
          "url":"https:\/\/s-media-cache-ak0.pinimg.com\/originals\/0b\/db\/c3\/0bdbc34469d79cc78ce68a64538dc60a.jpg",
          "width":538,
          "height":808
        }
      },
      "counts":{
        "likes":0,
        "comments":0,
        "repins":1
      },
      "id":"178595941447673873",
      "metadata":{
      }
    },
    {
      "attribution":null,
      "creator":{
        "url":"https:\/\/www.pinterest.com\/sararoberts22\/",
        "first_name":"Sara",
        "last_name":"Roberts",
        "id":"178596078881343435"
      },
      "url":"https:\/\/www.pinterest.com\/pin\/178595941446590129\/",
      "media":{
        "type":"image"
      },
      "created_at":"2013-11-15T04:18:05",
      "original_link":"http:\/\/www.sparkpeople.com\/mypage.asp?id=JENSFITJOURNEY",
      "note":"AMAZING Before & Afters here! #weightloss #inspirational #motivation | via @SparkPeople",
      "color":"#615e5c",
      "link":"https:\/\/www.pinterest.com\/r\/pin\/178595941446590129\/4779055074072594921\/84dd7d441d86b70ee5a81bd3b5c56e6422352b4d7fe58a0968917e2fa20d9490",
      "board":{
        "url":"https:\/\/www.pinterest.com\/sararoberts22\/beforeafter-motivation-weightloss\/",
        "id":"178596010161985051",
        "name":"before\/after motivation weightloss"
      },
      "image":{
        "original":{
          "url":"https:\/\/s-media-cache-ak0.pinimg.com\/originals\/e7\/00\/c4\/e700c43f5015f45be28210fbeb432f07.jpg",
          "width":365,
          "height":365
        }
      },
      "counts":{
        "likes":0,
        "comments":0,
        "repins":1
      },
      "id":"178595941446590129",
      "metadata":{
      }
    },
    {
      "attribution":null,
      "creator":{
        "url":"https:\/\/www.pinterest.com\/sararoberts22\/",
        "first_name":"Sara",
        "last_name":"Roberts",
        "id":"178596078881343435"
      },
      "url":"https:\/\/www.pinterest.com\/pin\/178595941446590130\/",
      "media":{
        "type":"image"
      },
      "created_at":"2013-11-15T04:18:09",
      "original_link":"http:\/\/fat-loss-factory.blogspot.ie\/",
      "note":"Burn Fat Now #weightloss #fatloss #loseweight #beforeafter",
      "color":"#9eafaa",
      "link":"https:\/\/www.pinterest.com\/r\/pin\/178595941446590130\/4779055074072594921\/4e729f595a9067a7ecaaea88b25b926d7e98e68ab5e6e200b771ef3c1e697eb7",
      "board":{
        "url":"https:\/\/www.pinterest.com\/sararoberts22\/beforeafter-motivation-weightloss\/",
        "id":"178596010161985051",
        "name":"before\/after motivation weightloss"
      },
      "image":{
        "original":{
          "url":"https:\/\/s-media-cache-ak0.pinimg.com\/originals\/f0\/35\/a9\/f035a9b364aaf7edc0d1e77664db81d0.jpg",
          "width":640,
          "height":496
        }
      },
      "counts":{
        "likes":0,
        "comments":0,
        "repins":0
      },
      "id":"178595941446590130",
      "metadata":{
      }
    },
    {
      "attribution":null,
      "creator":{
        "url":"https:\/\/www.pinterest.com\/sararoberts22\/",
        "first_name":"Sara",
        "last_name":"Roberts",
        "id":"178596078881343435"
      },
      "url":"https:\/\/www.pinterest.com\/pin\/178595941446590135\/",
      "media":{
        "type":"image"
      },
      "created_at":"2013-11-15T04:18:37",
      "original_link":"http:\/\/hifitness.jp.mn\/?s=u4x",
      "note":"Before & After weight loss, Motivation, Transformation #diet #weightloss #burnfat #bestdiet #loseweight #diets",
      "color":"#7c5e70",
      "link":"https:\/\/www.pinterest.com\/r\/pin\/178595941446590135\/4779055074072594921\/b21a8b0b71ea30f6ab74bd4fad8ce2a8aac373d121e825da80e65e84c01541f8",
      "board":{
        "url":"https:\/\/www.pinterest.com\/sararoberts22\/beforeafter-motivation-weightloss\/",
        "id":"178596010161985051",
        "name":"before\/after motivation weightloss"
      },
      "image":{
        "original":{
          "url":"https:\/\/s-media-cache-ak0.pinimg.com\/originals\/13\/55\/9a\/13559a4ca5da28487dbaae0655e87f6c.jpg",
          "width":500,
          "height":543
        }
      },
      "counts":{
        "likes":0,
        "comments":0,
        "repins":2
      },
      "id":"178595941446590135",
      "metadata":{
      }
    },
    {
      "attribution":null,
      "creator":{
        "url":"https:\/\/www.pinterest.com\/sararoberts22\/",
        "first_name":"Sara",
        "last_name":"Roberts",
        "id":"178596078881343435"
      },
      "url":"https:\/\/www.pinterest.com\/pin\/178595941446590140\/",
      "media":{
        "type":"image"
      },
      "created_at":"2013-11-15T04:19:15",
      "original_link":"http:\/\/skinnyiswhatiwant.tumblr.com\/post\/3782446962",
      "note":"she's my idol, especially for weightloss. i feel like i'm finally on my way to that.",
      "color":"#837a73",
      "link":"https:\/\/www.pinterest.com\/r\/pin\/178595941446590140\/4779055074072594921\/0b45cd0e0ec34ccc8283964ee45799b1fee14ad2217060015577ad163a79b563",
      "board":{
        "url":"https:\/\/www.pinterest.com\/sararoberts22\/beforeafter-motivation-weightloss\/",
        "id":"178596010161985051",
        "name":"before\/after motivation weightloss"
      },
      "image":{
        "original":{
          "url":"https:\/\/s-media-cache-ak0.pinimg.com\/originals\/82\/dc\/1c\/82dc1c6f4583123f1110318a9ba41a26.jpg",
          "width":331,
          "height":363
        }
      },
      "counts":{
        "likes":0,
        "comments":0,
        "repins":2
      },
      "id":"178595941446590140",
      "metadata":{
        "link":{
          "locale":"en",
          "title":"skinnyiswhatiwant",
          "site_name":"skinnyiswhatiwant.tumblr.com",
          "description":"Height: 5'0\nHighest Weight: 141 Pounds.\nCurrent Weight: 118 Pounds.\nGoal Weight: 90 Pounds.",
          "favicon":"https:\/\/s-media-cache-ak0.pinimg.com\/favicons\/65a200c997b20651e8645ca31969d7c32c580a33c2c7b608c2ac833f.png?b4d159ead7438914c0954e44e883898d"
        }
      }
    },
    {
      "attribution":null,
      "creator":{
        "url":"https:\/\/www.pinterest.com\/sararoberts22\/",
        "first_name":"Sara",
        "last_name":"Roberts",
        "id":"178596078881343435"
      },
      "url":"https:\/\/www.pinterest.com\/pin\/178595941446590152\/",
      "media":{
        "type":"image"
      },
      "created_at":"2013-11-15T04:21:03",
      "original_link":"http:\/\/rippedandfit.tumblr.com\/post\/8513192677\/great-transformation",
      "note":"These are the same pictures I took to hand myself a dose of reality when I got serious about staying in shape in 2009. Everyone needs to do this, back rolls and sagging are REAL, you just don't notice until you do THIS with a camera!",
      "color":"#ffffff",
      "link":"https:\/\/www.pinterest.com\/r\/pin\/178595941446590152\/4779055074072594921\/291d89582ea19a92b659d1b12eb85e8eb1ba5e2f846837d7dd48aec3a0e614a0",
      "board":{
        "url":"https:\/\/www.pinterest.com\/sararoberts22\/beforeafter-motivation-weightloss\/",
        "id":"178596010161985051",
        "name":"before\/after motivation weightloss"
      },
      "image":{
        "original":{
          "url":"https:\/\/s-media-cache-ak0.pinimg.com\/originals\/25\/ae\/79\/25ae79473c2a00342a1bbb98a6484448.jpg",
          "width":400,
          "height":325
        }
      },
      "counts":{
        "likes":0,
        "comments":0,
        "repins":0
      },
      "id":"178595941446590152",
      "metadata":{
        "link":{
          "locale":"en",
          "title":"rippedandfit",
          "site_name":"rippedandfit.tumblr.com",
          "description":"Want It, Work It, Get It. You Are An Awesome Force Of Nature. Don't Ever Stop - No Matter What. This is a Fitspo site (not thinspo or pro-ana) that promotes healthy eating habits, exercise & positive self-image. Sorry, 'Ask' has been disabled because I couldn't keep up with the inflow of questions. Hope you find motivation & inspiration from these posts. Thanks for stopping by and have a strong and healthy day!",
          "favicon":"https:\/\/s-media-cache-ak0.pinimg.com\/favicons\/ae191aa5dc496efcc8cbfa8eaa3bc9529604b6adfa9788832744fdb8.png?bd192a06dae0a1c8116c64cd6af89d15"
        }
      }
    }
  ],
  "page":{
    "cursor":"LT4xNzg1OTU5NDE0NDY1OTAxNTI6MjQxfDYxMDU0MzFkM2RjOTFhYWY4YWI5MTgyMjNjNDYwOWE3ZDkxNjA2MGYxM2ExMDRlYmYyZGQ2OTI1ZjYyYmM4YTU=",
    "next":"https:\/\/api.pinterest.com\/v1\/boards\/sararoberts22\/beforeafter-motivation-weightloss\/pins\/?access_token=AZlZE-HOK-Y4205yRft75KyYVaauFCBIs8jxSxdCtrJcomAqbQAAAAA&fields=id%2Clink%2Cnote%2Curl%2Cattribution%2Cmedia%2Cmetadata%2Cboard%2Ccolor%2Ccounts%2Ccreated_at%2Ccreator%2Cimage%2Coriginal_link&cursor=LT4xNzg1OTU5NDE0NDY1OTAxNTI6MjQxfDYxMDU0MzFkM2RjOTFhYWY4YWI5MTgyMjNjNDYwOWE3ZDkxNjA2MGYxM2ExMDRlYmYyZGQ2OTI1ZjYyYmM4YTU%3D"
  }
}
