{
  "data":[
    {
      "attribution":null,
      "creator":{
        "url":"https:\/\/www.pinterest.com\/rhall101511\/",
        "first_name":"Reatha",
        "last_name":"Dake Hall",
        "id":"485051959775075104"
      },
      "url":"https:\/\/www.pinterest.com\/pin\/485051822344335222\/",
      "media":{
        "type":"image"
      },
      "created_at":"2015-06-14T19:31:25",
      "original_link":"http:\/\/theweighwewere.com\/i-lost-weight-hannah-curlee-lost-120-pounds-on-the-biggest-loser\/",
      "note":"Hannah_Curlee_120Pounds",
      "color":"#58403d",
      "link":"https:\/\/www.pinterest.com\/r\/pin\/485051822344335222\/4779055074072594921\/4c68197f25abe5a0b4640781745125ff69688c09f0454fc000c50888c0e4411f",
      "board":{
        "url":"https:\/\/www.pinterest.com\/rhall101511\/before-and-after-weightloss-motivation\/",
        "id":"485051891055621099",
        "name":"Before and After Weightloss Motivation"
      },
      "image":{
        "original":{
          "url":"https:\/\/s-media-cache-ak0.pinimg.com\/originals\/28\/15\/27\/2815273a99498644c6f25bfc764d3cc3.jpg",
          "width":800,
          "height":480
        }
      },
      "counts":{
        "likes":0,
        "comments":0,
        "repins":2
      },
      "id":"485051822344335222",
      "metadata":{
        "article":{
          "published_at":"2014-02-05T00:00:00",
          "description":"Name: Hannah Curlee Age: 33 Height: 5'9\" Before Weight: 248 pounds How I Gained Weight: I was very active in high school. I played multiple sports and was always in great physical shape. My dream in life was to play volleyball or basketball professionally overseas. I was... #100lbs #diet #walking",
          "name":"I Lost Weight: Hannah Curlee Lost 120 Pounds On \u2018The Biggest...",
          "authors":[
            {
              "name":"KatC"
            }
          ]
        },
        "link":{
          "locale":"en_US",
          "title":"I Lost Weight: Hannah Curlee Lost 120 Pounds On \u2018The Biggest...",
          "site_name":"The Weigh We Were.com",
          "description":"Name: Hannah Curlee Age: 33 Height: 5'9\" Before Weight: 248 pounds How I Gained Weight: I was very active in high school. I played multiple sports and was always in great physical shape. My dream in life was to play volleyball or basketball professionally overseas. I was... #100lbs #diet #walking",
          "favicon":"https:\/\/s-media-cache-ak0.pinimg.com\/favicons\/7af8c01519f31c91f239b4159dcfdf9d291761ecbcfda16c33d52b76.ico?250e38dd519272eaa578b23f8df1f35d"
        }
      }
    },
    {
      "attribution":null,
      "creator":{
        "url":"https:\/\/www.pinterest.com\/rhall101511\/",
        "first_name":"Reatha",
        "last_name":"Dake Hall",
        "id":"485051959775075104"
      },
      "url":"https:\/\/www.pinterest.com\/pin\/485051822344335205\/",
      "media":{
        "type":"image"
      },
      "created_at":"2015-06-14T19:30:16",
      "original_link":"http:\/\/theweighwewere.com\/i-lost-weight-after-being-denied-health-insurance-because-of-her-weight-melissa-hairston-lost-140-pounds\/",
      "note":"Melissa_Hairston_140Pounds",
      "color":"#62746d",
      "link":"https:\/\/www.pinterest.com\/r\/pin\/485051822344335205\/4779055074072594921\/dc4b49d0e587dca42ba0683ab04ebff9dac3f56b4280ed1bb2dea8a23ae2c01f",
      "board":{
        "url":"https:\/\/www.pinterest.com\/rhall101511\/before-and-after-weightloss-motivation\/",
        "id":"485051891055621099",
        "name":"Before and After Weightloss Motivation"
      },
      "image":{
        "original":{
          "url":"https:\/\/s-media-cache-ak0.pinimg.com\/originals\/d3\/43\/7a\/d3437acf057814a9ab377062bd08249f.jpg",
          "width":800,
          "height":480
        }
      },
      "counts":{
        "likes":0,
        "comments":0,
        "repins":1
      },
      "id":"485051822344335205",
      "metadata":{
        "article":{
          "published_at":"2014-02-05T00:00:00",
          "description":"Name: Melissa Hairston Age: 29 Height: 5'3\" Before Weight: 300 pounds How I Gained It: I have always been overweight. As a child, I was always the \"fat friend.\" It was uncomfortable, but as a child I never thought it was a big deal. As a young child, I was molested by... #100lbs #treadmill #walking",
          "name":"I Lost Weight: After Being Denied Health Insurance Because Of Her...",
          "authors":[
            {
              "name":"KatC"
            }
          ]
        },
        "link":{
          "locale":"en_US",
          "title":"I Lost Weight: After Being Denied Health Insurance Because Of Her...",
          "site_name":"The Weigh We Were.com",
          "description":"Name: Melissa Hairston Age: 29 Height: 5'3\" Before Weight: 300 pounds How I Gained It: I have always been overweight. As a child, I was always the \"fat friend.\" It was uncomfortable, but as a child I never thought it was a big deal. As a young child, I was molested by... #100lbs #treadmill #walking",
          "favicon":"https:\/\/s-media-cache-ak0.pinimg.com\/favicons\/7af8c01519f31c91f239b4159dcfdf9d291761ecbcfda16c33d52b76.ico?250e38dd519272eaa578b23f8df1f35d"
        }
      }
    },
    {
      "attribution":null,
      "creator":{
        "url":"https:\/\/www.pinterest.com\/rhall101511\/",
        "first_name":"Reatha",
        "last_name":"Dake Hall",
        "id":"485051959775075104"
      },
      "url":"https:\/\/www.pinterest.com\/pin\/485051822344335181\/",
      "media":{
        "type":"image"
      },
      "created_at":"2015-06-14T19:28:19",
      "original_link":"http:\/\/theweighwewere.com\/i-lost-weight-sue-thompson-found-an-eating-plan-that-worked-and-lost-227-pounds\/",
      "note":"Sue_Thompson_227Pounds",
      "color":"#8e7667",
      "link":"https:\/\/www.pinterest.com\/r\/pin\/485051822344335181\/4779055074072594921\/51a46f2c91b73c269ebe5d10e985052ee268b8b98150cfb7a95c73a1e1c08ffc",
      "board":{
        "url":"https:\/\/www.pinterest.com\/rhall101511\/before-and-after-weightloss-motivation\/",
        "id":"485051891055621099",
        "name":"Before and After Weightloss Motivation"
      },
      "image":{
        "original":{
          "url":"https:\/\/s-media-cache-ak0.pinimg.com\/originals\/46\/06\/57\/4606572f7e15f16a02241f5d70c77c4c.jpg",
          "width":800,
          "height":480
        }
      },
      "counts":{
        "likes":0,
        "comments":0,
        "repins":2
      },
      "id":"485051822344335181",
      "metadata":{
        "article":{
          "published_at":"2014-02-05T00:00:00",
          "description":"Name: Sue Thompson Age: 40 Height: 5'6\" Before Weight: 386 pounds How I Gained It: I'd been overweight since childhood, and as I got older I started to gain more. Still, even embarrassing situations -- like the time I cracked a bed at a tanning salon -- didn't motivate... #100lbs #exercise #walking",
          "name":"I Lost Weight: Sue Thompson Found An Eating Plan That Worked And...",
          "authors":[
            {
              "name":"KatC"
            }
          ]
        },
        "link":{
          "locale":"en_US",
          "title":"I Lost Weight: Sue Thompson Found An Eating Plan That Worked And...",
          "site_name":"The Weigh We Were.com",
          "description":"Name: Sue Thompson Age: 40 Height: 5'6\" Before Weight: 386 pounds How I Gained It: I'd been overweight since childhood, and as I got older I started to gain more. Still, even embarrassing situations -- like the time I cracked a bed at a tanning salon -- didn't motivate... #100lbs #exercise #walking",
          "favicon":"https:\/\/s-media-cache-ak0.pinimg.com\/favicons\/7af8c01519f31c91f239b4159dcfdf9d291761ecbcfda16c33d52b76.ico?250e38dd519272eaa578b23f8df1f35d"
        }
      }
    },
    {
      "attribution":null,
      "creator":{
        "url":"https:\/\/www.pinterest.com\/rhall101511\/",
        "first_name":"Reatha",
        "last_name":"Dake Hall",
        "id":"485051959775075104"
      },
      "url":"https:\/\/www.pinterest.com\/pin\/485051822344335160\/",
      "media":{
        "type":"image"
      },
      "created_at":"2015-06-14T19:26:47",
      "original_link":"http:\/\/theweighwewere.com\/i-lost-weight-a-family-picture-on-facebook-inspired-melody-millay-to-lose-100-pounds\/",
      "note":"Melody_Millay_100pounds",
      "color":"#7b5449",
      "link":"https:\/\/www.pinterest.com\/r\/pin\/485051822344335160\/4779055074072594921\/03da035a0a1f7ce6fe539c68673309018167a0d1c6337d57426efb27cc070c0b",
      "board":{
        "url":"https:\/\/www.pinterest.com\/rhall101511\/before-and-after-weightloss-motivation\/",
        "id":"485051891055621099",
        "name":"Before and After Weightloss Motivation"
      },
      "image":{
        "original":{
          "url":"https:\/\/s-media-cache-ak0.pinimg.com\/originals\/92\/cf\/40\/92cf40d2d8c14ed8e983b6f1892c7e4d.jpg",
          "width":800,
          "height":480
        }
      },
      "counts":{
        "likes":0,
        "comments":0,
        "repins":0
      },
      "id":"485051822344335160",
      "metadata":{
        "article":{
          "published_at":"2014-02-05T00:00:00",
          "description":"Name: Melody Millay Age: 28 Height: 5'4\" Before Weight: 265 pounds How I Gained It: My brothers and sister were always involved in sports, but I was very lazy as a child, and I had no desire to play any sports of my own. I grew up not knowing how to eat healthy because the... #100lbs #dvds #running",
          "name":"I Lost Weight: A Family Picture On Facebook Inspired Melody Millay...",
          "authors":[
            {
              "name":"KatC"
            }
          ]
        },
        "link":{
          "locale":"en_US",
          "title":"I Lost Weight: A Family Picture On Facebook Inspired Melody Millay...",
          "site_name":"The Weigh We Were.com",
          "description":"Name: Melody Millay Age: 28 Height: 5'4\" Before Weight: 265 pounds How I Gained It: My brothers and sister were always involved in sports, but I was very lazy as a child, and I had no desire to play any sports of my own. I grew up not knowing how to eat healthy because the... #100lbs #dvds #running",
          "favicon":"https:\/\/s-media-cache-ak0.pinimg.com\/favicons\/7af8c01519f31c91f239b4159dcfdf9d291761ecbcfda16c33d52b76.ico?250e38dd519272eaa578b23f8df1f35d"
        }
      }
    },
    {
      "attribution":null,
      "creator":{
        "url":"https:\/\/www.pinterest.com\/rhall101511\/",
        "first_name":"Reatha",
        "last_name":"Dake Hall",
        "id":"485051959775075104"
      },
      "url":"https:\/\/www.pinterest.com\/pin\/485051822344335049\/",
      "media":{
        "type":"image"
      },
      "created_at":"2015-06-14T19:19:19",
      "original_link":"http:\/\/theweighwewere.com\/i-lost-weight-erin-saeger-shed-the-baby-weight-once-and-for-all\/",
      "note":"Erin_Saeger",
      "color":"#90909d",
      "link":"https:\/\/www.pinterest.com\/r\/pin\/485051822344335049\/4779055074072594921\/27b551a05af4ed886679c9d630183a16d9113b28a93d9b61d72aebeb68816aa3",
      "board":{
        "url":"https:\/\/www.pinterest.com\/rhall101511\/before-and-after-weightloss-motivation\/",
        "id":"485051891055621099",
        "name":"Before and After Weightloss Motivation"
      },
      "image":{
        "original":{
          "url":"https:\/\/s-media-cache-ak0.pinimg.com\/originals\/b5\/da\/da\/b5dadaf1bd3f33a594ebcc26271260a9.jpg",
          "width":800,
          "height":480
        }
      },
      "counts":{
        "likes":0,
        "comments":0,
        "repins":0
      },
      "id":"485051822344335049",
      "metadata":{
        "article":{
          "published_at":"2014-02-06T00:00:00",
          "description":"Name: Erin Saeger Age: 37 Height: 5'11\" Before Weight: 267 pounds How I Gained It: I gained some weight after high school and through college, despite being a college athlete. I have always considered myself active, despite not really having a workout plan at the time. I... #100lbs #cycling #gym",
          "name":"I Lost Weight: Erin Saeger Shed The Baby Weight Once And For All \u2013...",
          "authors":[
            {
              "name":"KatC"
            }
          ]
        },
        "link":{
          "locale":"en_US",
          "title":"I Lost Weight: Erin Saeger Shed The Baby Weight Once And For All \u2013...",
          "site_name":"The Weigh We Were.com",
          "description":"Name: Erin Saeger Age: 37 Height: 5'11\" Before Weight: 267 pounds How I Gained It: I gained some weight after high school and through college, despite being a college athlete. I have always considered myself active, despite not really having a workout plan at the time. I... #100lbs #cycling #gym",
          "favicon":"https:\/\/s-media-cache-ak0.pinimg.com\/favicons\/7af8c01519f31c91f239b4159dcfdf9d291761ecbcfda16c33d52b76.ico?250e38dd519272eaa578b23f8df1f35d"
        }
      }
    },
    {
      "attribution":null,
      "creator":{
        "url":"https:\/\/www.pinterest.com\/rhall101511\/",
        "first_name":"Reatha",
        "last_name":"Dake Hall",
        "id":"485051959775075104"
      },
      "url":"https:\/\/www.pinterest.com\/pin\/485051822344335008\/",
      "media":{
        "type":"image"
      },
      "created_at":"2015-06-14T19:15:05",
      "original_link":"http:\/\/theweighwewere.com\/i-lost-weight-with-a-motivation-boost-from-her-daughter-jacqui-olsen-lost-72-pounds\/",
      "note":"Jacqui_Olsen_72Pounds",
      "color":"#4f5049",
      "link":"https:\/\/www.pinterest.com\/r\/pin\/485051822344335008\/4779055074072594921\/6acfc203c35a56a5e04ac25d4862a16da1ac8c4cb1c1fce039e5c35e1f66e8d0",
      "board":{
        "url":"https:\/\/www.pinterest.com\/rhall101511\/before-and-after-weightloss-motivation\/",
        "id":"485051891055621099",
        "name":"Before and After Weightloss Motivation"
      },
      "image":{
        "original":{
          "url":"https:\/\/s-media-cache-ak0.pinimg.com\/originals\/ee\/50\/cd\/ee50cdfed202f9b2a41fba6f7a93a3c0.jpg",
          "width":800,
          "height":480
        }
      },
      "counts":{
        "likes":0,
        "comments":0,
        "repins":0
      },
      "id":"485051822344335008",
      "metadata":{
        "article":{
          "published_at":"2014-02-06T00:00:00",
          "description":"Name: Jacqui Olsen Age: 49 Height: 5'2 3\/4\" Before Weight: 198 pounds How I Gained It: Like many mothers and workers with hectic schedules, I lost myself over the years. I got caught up in working too much and trying to take care of everyone and everything except... #5080lbs #elliptical #exercise",
          "name":"I Lost Weight: With A Motivation Boost From Her Daughter, Jacqui...",
          "authors":[
            {
              "name":"KatC"
            }
          ]
        },
        "link":{
          "locale":"en_US",
          "title":"I Lost Weight: With A Motivation Boost From Her Daughter, Jacqui...",
          "site_name":"The Weigh We Were.com",
          "description":"Name: Jacqui Olsen Age: 49 Height: 5'2 3\/4\" Before Weight: 198 pounds How I Gained It: Like many mothers and workers with hectic schedules, I lost myself over the years. I got caught up in working too much and trying to take care of everyone and everything except... #5080lbs #elliptical #exercise",
          "favicon":"https:\/\/s-media-cache-ak0.pinimg.com\/favicons\/7af8c01519f31c91f239b4159dcfdf9d291761ecbcfda16c33d52b76.ico?250e38dd519272eaa578b23f8df1f35d"
        }
      }
    },
    {
      "attribution":null,
      "creator":{
        "url":"https:\/\/www.pinterest.com\/rhall101511\/",
        "first_name":"Reatha",
        "last_name":"Dake Hall",
        "id":"485051959775075104"
      },
      "url":"https:\/\/www.pinterest.com\/pin\/485051822344334962\/",
      "media":{
        "type":"image"
      },
      "created_at":"2015-06-14T19:10:40",
      "original_link":"http:\/\/theweighwewere.com\/i-lost-weight-after-losing-her-father-helen-m-ryan-lost-82-pounds\/",
      "note":"Helen_M._Ryan_82Pounds",
      "color":"#806454",
      "link":"https:\/\/www.pinterest.com\/r\/pin\/485051822344334962\/4779055074072594921\/8d8a78710be04e24376dd0595a0c494cab2684f11d722707d9cc2a6b76e46cf6",
      "board":{
        "url":"https:\/\/www.pinterest.com\/rhall101511\/before-and-after-weightloss-motivation\/",
        "id":"485051891055621099",
        "name":"Before and After Weightloss Motivation"
      },
      "image":{
        "original":{
          "url":"https:\/\/s-media-cache-ak0.pinimg.com\/originals\/24\/51\/f3\/2451f3a2a7fc6396be78f200de01b635.jpg",
          "width":800,
          "height":480
        }
      },
      "counts":{
        "likes":0,
        "comments":0,
        "repins":1
      },
      "id":"485051822344334962",
      "metadata":{
        "article":{
          "published_at":"2014-02-06T00:00:00",
          "description":"Name: Helen M. Ryan Age: 47 Height: 5'0\" Before Weight: 198 pounds How I Gained It: I ate a lot of junk food for \"quick energy,\" and I was a vegetarian who didn't eat fruits or vegetables. Stuck in an unhappy marriage with two small children, I ate to make... #80100lbs #personaltrainer #running",
          "name":"I Lost Weight: After Losing Her Father, Helen M. Ryan Lost 82...",
          "authors":[
            {
              "name":"KatC"
            }
          ]
        },
        "link":{
          "locale":"en_US",
          "title":"I Lost Weight: After Losing Her Father, Helen M. Ryan Lost 82...",
          "site_name":"The Weigh We Were.com",
          "description":"Name: Helen M. Ryan Age: 47 Height: 5'0\" Before Weight: 198 pounds How I Gained It: I ate a lot of junk food for \"quick energy,\" and I was a vegetarian who didn't eat fruits or vegetables. Stuck in an unhappy marriage with two small children, I ate to make... #80100lbs #personaltrainer #running",
          "favicon":"https:\/\/s-media-cache-ak0.pinimg.com\/favicons\/7af8c01519f31c91f239b4159dcfdf9d291761ecbcfda16c33d52b76.ico?250e38dd519272eaa578b23f8df1f35d"
        }
      }
    },
    {
      "attribution":null,
      "creator":{
        "url":"https:\/\/www.pinterest.com\/rhall101511\/",
        "first_name":"Reatha",
        "last_name":"Dake Hall",
        "id":"485051959775075104"
      },
      "url":"https:\/\/www.pinterest.com\/pin\/485051822344334104\/",
      "media":{
        "type":"image"
      },
      "created_at":"2015-06-14T17:53:56",
      "original_link":"http:\/\/theweighwewere.com\/i-lost-weight-katey-dycks-love-for-her-children-motivated-her-to-lose-100-pounds\/",
      "note":"Katey_Dyck_100Pounds",
      "color":"#a75d53",
      "link":"https:\/\/www.pinterest.com\/r\/pin\/485051822344334104\/4779055074072594921\/c345bcdc9734cf7e9c8af8aed17bb16daa30e671e25559f2227dc45949dc4b58",
      "board":{
        "url":"https:\/\/www.pinterest.com\/rhall101511\/before-and-after-weightloss-motivation\/",
        "id":"485051891055621099",
        "name":"Before and After Weightloss Motivation"
      },
      "image":{
        "original":{
          "url":"https:\/\/s-media-cache-ak0.pinimg.com\/originals\/fa\/49\/74\/fa49744fd63b4a5caa546703c7443322.gif",
          "width":800,
          "height":480
        }
      },
      "counts":{
        "likes":0,
        "comments":0,
        "repins":0
      },
      "id":"485051822344334104",
      "metadata":{
        "article":{
          "published_at":"2014-02-07T00:00:00",
          "description":"Name: Katey Dyck Age: 32 Height: 5'8\" Before Weight: 243 pounds How I Gained It: From puberty through my first pregnancy, I weighed around 170 to 180 pounds. I never exercised, I never played a sport. I chose not to participate in physical exertion. I yo-yo... #80100lbs #gym #personaltrainer",
          "name":"I Lost Weight: Katey Dyck\u2019s Love For Her Children Motivated Her To...",
          "authors":[
            {
              "name":"KatC"
            }
          ]
        },
        "link":{
          "locale":"en_US",
          "title":"I Lost Weight: Katey Dyck\u2019s Love For Her Children Motivated Her To...",
          "site_name":"The Weigh We Were.com",
          "description":"Name: Katey Dyck Age: 32 Height: 5'8\" Before Weight: 243 pounds How I Gained It: From puberty through my first pregnancy, I weighed around 170 to 180 pounds. I never exercised, I never played a sport. I chose not to participate in physical exertion. I yo-yo... #80100lbs #gym #personaltrainer",
          "favicon":"https:\/\/s-media-cache-ak0.pinimg.com\/favicons\/7af8c01519f31c91f239b4159dcfdf9d291761ecbcfda16c33d52b76.ico?250e38dd519272eaa578b23f8df1f35d"
        }
      }
    },
    {
      "attribution":null,
      "creator":{
        "url":"https:\/\/www.pinterest.com\/rhall101511\/",
        "first_name":"Reatha",
        "last_name":"Dake Hall",
        "id":"485051959775075104"
      },
      "url":"https:\/\/www.pinterest.com\/pin\/485051822344332770\/",
      "media":{
        "type":"image"
      },
      "created_at":"2015-06-14T15:38:33",
      "original_link":"http:\/\/theweighwewere.com\/at-ideal-weight-goal-since-2001-by-nixing-the-sugar\/",
      "note":"SugarFreeS",
      "color":"#8d9499",
      "link":"https:\/\/www.pinterest.com\/r\/pin\/485051822344332770\/4779055074072594921\/5d5b58afd1d2e4809758181bcd29a705dd1af3084c4f5426def01c651447b962",
      "board":{
        "url":"https:\/\/www.pinterest.com\/rhall101511\/before-and-after-weightloss-motivation\/",
        "id":"485051891055621099",
        "name":"Before and After Weightloss Motivation"
      },
      "image":{
        "original":{
          "url":"https:\/\/s-media-cache-ak0.pinimg.com\/originals\/fe\/48\/06\/fe480689e325e3223889845386b9048b.jpg",
          "width":699,
          "height":513
        }
      },
      "counts":{
        "likes":0,
        "comments":0,
        "repins":0
      },
      "id":"485051822344332770",
      "metadata":{
        "article":{
          "published_at":"2014-05-30T00:00:00",
          "description":"I'm an average female who took 30 pounds off my 5'2\" frame back in 2001. I've been maintaining my ideal weight via low-carb ever since. I used to be a size 12 ... again, at 5'2\", mind you. Never was I able to lose weight by restricting calories and\/or fat - even with... #cardio #diet #treadmill",
          "name":"At ideal-weight goal since 2001 \u2013 by nixing the sugar \u2013 The Weigh...",
          "authors":[
            {
              "name":"KatC"
            }
          ]
        },
        "link":{
          "locale":"en_US",
          "title":"At ideal-weight goal since 2001 \u2013 by nixing the sugar \u2013 The Weigh...",
          "site_name":"The Weigh We Were.com",
          "description":"I'm an average female who took 30 pounds off my 5'2\" frame back in 2001. I've been maintaining my ideal weight via low-carb ever since. I used to be a size 12 ... again, at 5'2\", mind you. Never was I able to lose weight by restricting calories and\/or fat - even with... #cardio #diet #treadmill",
          "favicon":"https:\/\/s-media-cache-ak0.pinimg.com\/favicons\/7af8c01519f31c91f239b4159dcfdf9d291761ecbcfda16c33d52b76.ico?250e38dd519272eaa578b23f8df1f35d"
        }
      }
    },
    {
      "attribution":null,
      "creator":{
        "url":"https:\/\/www.pinterest.com\/rhall101511\/",
        "first_name":"Reatha",
        "last_name":"Dake Hall",
        "id":"485051959775075104"
      },
      "url":"https:\/\/www.pinterest.com\/pin\/485051822344331919\/",
      "media":{
        "type":"image"
      },
      "created_at":"2015-06-14T14:28:03",
      "original_link":"http:\/\/theweighwewere.com\/loosing-weight-is-easy-as-123\/",
      "note":"2058282382060428864427737418njpg-2324845_p9",
      "color":"#504646",
      "link":"https:\/\/www.pinterest.com\/r\/pin\/485051822344331919\/4779055074072594921\/bd929919f9518532226e5093219a60b6176ba5145da28b24dc24b22dccbb1dea",
      "board":{
        "url":"https:\/\/www.pinterest.com\/rhall101511\/before-and-after-weightloss-motivation\/",
        "id":"485051891055621099",
        "name":"Before and After Weightloss Motivation"
      },
      "image":{
        "original":{
          "url":"https:\/\/s-media-cache-ak0.pinimg.com\/originals\/55\/09\/3d\/55093db459d876489128b85b9c9869d6.jpg",
          "width":1056,
          "height":504
        }
      },
      "counts":{
        "likes":0,
        "comments":0,
        "repins":0
      },
      "id":"485051822344331919",
      "metadata":{
        "article":{
          "published_at":"2015-09-13T00:00:00",
          "description":"I lost weight over 60 lbs by walking daily 5 miles a day and watching junk food that means no beer, or candy or chocolate. It took 2 years and I still maintain by doing the above the weight wont fall off overnight but it will in time too many give up at I am over... #5080lbs #eatinghealthy #walking",
          "name":"Loosing weight is easy as 123",
          "authors":[
            {
              "name":"KatC"
            }
          ]
        },
        "link":{
          "locale":"en_US",
          "title":"Loosing weight is easy as 123 \u2013 The Weigh We Were",
          "site_name":"The Weigh We Were.com",
          "description":"I lost weight over 60 lbs by walking daily 5 miles a day and watching junk food that means no beer, or candy or chocolate. It took 2 years and I still maintain by doing the above the weight wont fall off overnight but it will in time too many give up at I am over... #5080lbs #eatinghealthy #walking",
          "favicon":"https:\/\/s-media-cache-ak0.pinimg.com\/favicons\/7af8c01519f31c91f239b4159dcfdf9d291761ecbcfda16c33d52b76.ico?250e38dd519272eaa578b23f8df1f35d"
        }
      }
    },
    {
      "attribution":null,
      "creator":{
        "url":"https:\/\/www.pinterest.com\/rhall101511\/",
        "first_name":"Reatha",
        "last_name":"Dake Hall",
        "id":"485051959775075104"
      },
      "url":"https:\/\/www.pinterest.com\/pin\/485051822344331901\/",
      "media":{
        "type":"image"
      },
      "created_at":"2015-06-14T14:26:23",
      "original_link":"http:\/\/theweighwewere.com\/my-journey-through-the-fat\/",
      "note":"Untitledjpg-1656785_p9",
      "color":"#787470",
      "link":"https:\/\/www.pinterest.com\/r\/pin\/485051822344331901\/4779055074072594921\/63af967a493bd9241be761af6967546d35eb5a60ac66cf50254ab9f9dfe16bcc",
      "board":{
        "url":"https:\/\/www.pinterest.com\/rhall101511\/before-and-after-weightloss-motivation\/",
        "id":"485051891055621099",
        "name":"Before and After Weightloss Motivation"
      },
      "image":{
        "original":{
          "url":"https:\/\/s-media-cache-ak0.pinimg.com\/originals\/69\/ef\/dd\/69efddc7be750bcc557d1ec610df55bb.jpg",
          "width":571,
          "height":432
        }
      },
      "counts":{
        "likes":0,
        "comments":0,
        "repins":0
      },
      "id":"485051822344331901",
      "metadata":{
        "article":{
          "published_at":"2015-01-23T00:00:00",
          "description":"Growing up I never thought myself to be very pretty. There was always that one girl who was thinner and prettier and who always dated the guy I secretly had a crush on. Of course I never said anything because I was to fat for him to notice. I went through Middle School... #biking #exercise #running",
          "name":"My Journey Through the Fat",
          "authors":[
            {
              "name":"KatC"
            }
          ]
        },
        "link":{
          "locale":"en_US",
          "title":"My Journey Through the Fat \u2013 The Weigh We Were",
          "site_name":"The Weigh We Were.com",
          "description":"Growing up I never thought myself to be very pretty. There was always that one girl who was thinner and prettier and who always dated the guy I secretly had a crush on. Of course I never said anything because I was to fat for him to notice. I went through Middle School... #biking #exercise #running",
          "favicon":"https:\/\/s-media-cache-ak0.pinimg.com\/favicons\/7af8c01519f31c91f239b4159dcfdf9d291761ecbcfda16c33d52b76.ico?250e38dd519272eaa578b23f8df1f35d"
        }
      }
    },
    {
      "attribution":null,
      "creator":{
        "url":"https:\/\/www.pinterest.com\/rhall101511\/",
        "first_name":"Reatha",
        "last_name":"Dake Hall",
        "id":"485051959775075104"
      },
      "url":"https:\/\/www.pinterest.com\/pin\/485051822344331814\/",
      "media":{
        "type":"image"
      },
      "created_at":"2015-06-14T14:14:56",
      "original_link":"http:\/\/theweighwewere.com\/weight-loss-2\/",
      "note":"Mail0001jpg-1165902_lg",
      "color":"#473d42",
      "link":"https:\/\/www.pinterest.com\/r\/pin\/485051822344331814\/4779055074072594921\/d02d2202c7ff1c3dc65a770f6fe563bfbac198079d4a6c05334bb2f62d1d3b1f",
      "board":{
        "url":"https:\/\/www.pinterest.com\/rhall101511\/before-and-after-weightloss-motivation\/",
        "id":"485051891055621099",
        "name":"Before and After Weightloss Motivation"
      },
      "image":{
        "original":{
          "url":"https:\/\/s-media-cache-ak0.pinimg.com\/originals\/bb\/d3\/fe\/bbd3fe9c56fa279ec64c15de14f78573.jpg",
          "width":899,
          "height":336
        }
      },
      "counts":{
        "likes":0,
        "comments":0,
        "repins":0
      },
      "id":"485051822344331814",
      "metadata":{
        "article":{
          "published_at":"2015-09-23T00:00:00",
          "description":"5 years ago I started a journey but I had no idea where I was going to end up. I was 229 pounds and even though I knew I was fat, I wasn't willing to do anything about it - until the issue was pushed. My sis in law had a baby and she wanted to lose the baby weight so she... #exercise #gym #running",
          "name":"Weight loss",
          "authors":[
            {
              "name":"KatC"
            }
          ]
        },
        "link":{
          "locale":"en_US",
          "title":"Weight loss \u2013 The Weigh We Were",
          "site_name":"The Weigh We Were.com",
          "description":"5 years ago I started a journey but I had no idea where I was going to end up. I was 229 pounds and even though I knew I was fat, I wasn't willing to do anything about it - until the issue was pushed. My sis in law had a baby and she wanted to lose the baby weight so she... #exercise #gym #running",
          "favicon":"https:\/\/s-media-cache-ak0.pinimg.com\/favicons\/7af8c01519f31c91f239b4159dcfdf9d291761ecbcfda16c33d52b76.ico?250e38dd519272eaa578b23f8df1f35d"
        }
      }
    },
    {
      "attribution":null,
      "creator":{
        "url":"https:\/\/www.pinterest.com\/rhall101511\/",
        "first_name":"Reatha",
        "last_name":"Dake Hall",
        "id":"485051959775075104"
      },
      "url":"https:\/\/www.pinterest.com\/pin\/485051822344331625\/",
      "media":{
        "type":"image"
      },
      "created_at":"2015-06-14T13:46:32",
      "original_link":"http:\/\/theweighwewere.com\/my-weightloss-success-story\/",
      "note":"Anon1216824751-MyWeightlossSuccessStory127693_lg",
      "color":"#882c39",
      "link":"https:\/\/www.pinterest.com\/r\/pin\/485051822344331625\/4779055074072594921\/a5d4a212c9a4bf59774683de41ebb6f420870e9abc944a44659bdbf26761531a",
      "board":{
        "url":"https:\/\/www.pinterest.com\/rhall101511\/before-and-after-weightloss-motivation\/",
        "id":"485051891055621099",
        "name":"Before and After Weightloss Motivation"
      },
      "image":{
        "original":{
          "url":"https:\/\/s-media-cache-ak0.pinimg.com\/originals\/cd\/31\/b5\/cd31b51d81bb7756a3e76aed1eeaf6e5.jpg",
          "width":607,
          "height":336
        }
      },
      "counts":{
        "likes":0,
        "comments":0,
        "repins":0
      },
      "id":"485051822344331625",
      "metadata":{
        "article":{
          "published_at":"2015-08-21T00:00:00",
          "description":"My name is Denise, and I decided to turn my life around when I reached my highest weight ever of 234 lbs. Growing up I always maintained a healthy weight and being tall (5 \u20187'') always helped me look slim but shortly after getting married my weight started to... #exercise #gym #strengthtraining",
          "name":"My weightloss success story",
          "authors":[
            {
              "name":"KatC"
            }
          ]
        },
        "link":{
          "locale":"en_US",
          "title":"My weightloss success story \u2013 The Weigh We Were",
          "site_name":"The Weigh We Were.com",
          "description":"My name is Denise, and I decided to turn my life around when I reached my highest weight ever of 234 lbs. Growing up I always maintained a healthy weight and being tall (5 \u20187'') always helped me look slim but shortly after getting married my weight started to... #exercise #gym #strengthtraining",
          "favicon":"https:\/\/s-media-cache-ak0.pinimg.com\/favicons\/7af8c01519f31c91f239b4159dcfdf9d291761ecbcfda16c33d52b76.ico?250e38dd519272eaa578b23f8df1f35d"
        }
      }
    },
    {
      "attribution":null,
      "creator":{
        "url":"https:\/\/www.pinterest.com\/rhall101511\/",
        "first_name":"Reatha",
        "last_name":"Dake Hall",
        "id":"485051959775075104"
      },
      "url":"https:\/\/www.pinterest.com\/pin\/485051822344331607\/",
      "media":{
        "type":"image"
      },
      "created_at":"2015-06-14T13:43:37",
      "original_link":"http:\/\/theweighwewere.com\/from-size-24-to-size-6-weight-loss-of-132-lbs\/",
      "note":"Anon1219297178-FromSize24ToSize6WeightLossOf13550001_lg",
      "color":"#897773",
      "link":"https:\/\/www.pinterest.com\/r\/pin\/485051822344331607\/4779055074072594921\/108a4a99f1604f5fa5b1206930f0914dcde48003c343a6efbb809b792b47b02f",
      "board":{
        "url":"https:\/\/www.pinterest.com\/rhall101511\/before-and-after-weightloss-motivation\/",
        "id":"485051891055621099",
        "name":"Before and After Weightloss Motivation"
      },
      "image":{
        "original":{
          "url":"https:\/\/s-media-cache-ak0.pinimg.com\/originals\/3e\/b0\/ce\/3eb0ce28b0afe14346aa8de24d7f8a83.jpg",
          "width":556,
          "height":336
        }
      },
      "counts":{
        "likes":0,
        "comments":0,
        "repins":0
      },
      "id":"485051822344331607",
      "metadata":{
        "article":{
          "published_at":"2015-06-25T00:00:00",
          "description":"My daughter Staci decided to do something about her excessive weight issue. In an eighteen month period she lost 132 lbs. She started out using Weight Watchers Point System and exercising at home with walking videos. Once she lost thirty or forty pounds, she... #100lbs #circuittraining #kickboxing",
          "name":"From Size 24 to Size 6 Weight Loss of 132 lbs",
          "authors":[
            {
              "name":"KatC"
            }
          ]
        },
        "link":{
          "locale":"en_US",
          "title":"From Size 24 to Size 6 Weight Loss of 132 lbs \u2013 The Weigh We Were",
          "site_name":"The Weigh We Were.com",
          "description":"My daughter Staci decided to do something about her excessive weight issue. In an eighteen month period she lost 132 lbs. She started out using Weight Watchers Point System and exercising at home with walking videos. Once she lost thirty or forty pounds, she... #100lbs #circuittraining #kickboxing",
          "favicon":"https:\/\/s-media-cache-ak0.pinimg.com\/favicons\/7af8c01519f31c91f239b4159dcfdf9d291761ecbcfda16c33d52b76.ico?250e38dd519272eaa578b23f8df1f35d"
        }
      }
    },
    {
      "attribution":null,
      "creator":{
        "url":"https:\/\/www.pinterest.com\/rhall101511\/",
        "first_name":"Reatha",
        "last_name":"Dake Hall",
        "id":"485051959775075104"
      },
      "url":"https:\/\/www.pinterest.com\/pin\/485051822344331555\/",
      "media":{
        "type":"image"
      },
      "created_at":"2015-06-14T13:35:14",
      "original_link":"http:\/\/theweighwewere.com\/peeling-off-the-pounds\/",
      "note":"::: visit TheWeighWeWere.com :::   Click to read real life weight loss stories from around the web!",
      "color":"#7f7c7a",
      "link":"https:\/\/www.pinterest.com\/r\/pin\/485051822344331555\/4779055074072594921\/8cc8c65b06a2a835894497a89d48d9ffc006d8fb734d03a288741dd73e8b43ea",
      "board":{
        "url":"https:\/\/www.pinterest.com\/rhall101511\/before-and-after-weightloss-motivation\/",
        "id":"485051891055621099",
        "name":"Before and After Weightloss Motivation"
      },
      "image":{
        "original":{
          "url":"https:\/\/s-media-cache-ak0.pinimg.com\/originals\/86\/bd\/7f\/86bd7f403e4025a776b5e9d9022bcc81.jpg",
          "width":245,
          "height":250
        }
      },
      "counts":{
        "likes":0,
        "comments":0,
        "repins":0
      },
      "id":"485051822344331555",
      "metadata":{
        "article":{
          "published_at":"2014-11-27T00:00:00",
          "description":"Fronteragirl had previously lost 30lbs by simply changing her eating habits and adding exercise. In order to simplify counting calories she joined Calorie Count and lost an additional 26lbs. Read on for more of her weight loss tips, all taken from her own experiences. 1. What... #2050lbs #women",
          "name":"Peeling Off the Pounds",
          "authors":[
            {
              "name":"KatC"
            }
          ]
        },
        "link":{
          "locale":"en_US",
          "title":"Peeling Off the Pounds \u2013 The Weigh We Were",
          "site_name":"The Weigh We Were.com",
          "description":"Fronteragirl had previously lost 30lbs by simply changing her eating habits and adding exercise. In order to simplify counting calories she joined Calorie Count and lost an additional 26lbs. Read on for more of her weight loss tips, all taken from her own experiences. 1. What... #2050lbs #women",
          "favicon":"https:\/\/s-media-cache-ak0.pinimg.com\/favicons\/7af8c01519f31c91f239b4159dcfdf9d291761ecbcfda16c33d52b76.ico?250e38dd519272eaa578b23f8df1f35d"
        }
      }
    },
    {
      "attribution":null,
      "creator":{
        "url":"https:\/\/www.pinterest.com\/rhall101511\/",
        "first_name":"Reatha",
        "last_name":"Dake Hall",
        "id":"485051959775075104"
      },
      "url":"https:\/\/www.pinterest.com\/pin\/485051822344331475\/",
      "media":{
        "type":"image"
      },
      "created_at":"2015-06-14T13:22:22",
      "original_link":"http:\/\/www.trimmedandtoned.com\/60-weight-loss-transformations-will-make-jaw-drop\/",
      "note":"Before and After Weightloss Pics http:\/\/3weekdietprograms.blogspot.com\/",
      "color":"#a09165",
      "link":"https:\/\/www.pinterest.com\/r\/pin\/485051822344331475\/4779055074072594921\/f3e9077ecc333b77c16b6bfa7631a2d4cd0d1c943aa515eb1a85933190bc0813",
      "board":{
        "url":"https:\/\/www.pinterest.com\/rhall101511\/before-and-after-weightloss-motivation\/",
        "id":"485051891055621099",
        "name":"Before and After Weightloss Motivation"
      },
      "image":{
        "original":{
          "url":"https:\/\/s-media-cache-ak0.pinimg.com\/originals\/55\/e4\/cd\/55e4cdbc25ac28348fbc0e5652d3fb80.jpg",
          "width":530,
          "height":533
        }
      },
      "counts":{
        "likes":0,
        "comments":0,
        "repins":1
      },
      "id":"485051822344331475",
      "metadata":{
      }
    },
    {
      "attribution":null,
      "creator":{
        "url":"https:\/\/www.pinterest.com\/rhall101511\/",
        "first_name":"Reatha",
        "last_name":"Dake Hall",
        "id":"485051959775075104"
      },
      "url":"https:\/\/www.pinterest.com\/pin\/485051822344331253\/",
      "media":{
        "type":"image"
      },
      "created_at":"2015-06-14T12:57:58",
      "original_link":"http:\/\/theweighwewere.com\/100-pounds-down-despite-my-lupus-i-lost-weight\/",
      "note":"::: visit TheWeighWeWere.com :::   Click to read real life weight loss stories from around the web!",
      "color":"#62606a",
      "link":"https:\/\/www.pinterest.com\/r\/pin\/485051822344331253\/4779055074072594921\/aab780c614d4a9268895dd48a960c0be7999a5f5ebfe3ef49f7216401dc08854",
      "board":{
        "url":"https:\/\/www.pinterest.com\/rhall101511\/before-and-after-weightloss-motivation\/",
        "id":"485051891055621099",
        "name":"Before and After Weightloss Motivation"
      },
      "image":{
        "original":{
          "url":"https:\/\/s-media-cache-ak0.pinimg.com\/originals\/bd\/4d\/94\/bd4d94d5622ca2831e32eb2a58aae6ce.jpg",
          "width":1000,
          "height":1000
        }
      },
      "counts":{
        "likes":0,
        "comments":0,
        "repins":0
      },
      "id":"485051822344331253",
      "metadata":{
        "article":{
          "published_at":"2014-11-09T00:00:00",
          "description":"NAME : Natalie BEFORE WEIGHT : 218 AFTER WEIGHT : 118 POUNDS LOST : 100 WHEN DID YOU START DEVELOPING A WEIGHT PROBLEM? Despite having Lupus and Mixed Connective Tissue Disorder, I LOST WEIGHT! I have to take prednisone and plaquenil, I still lost weight on Weight watchers!... #lupusweightloss",
          "name":"100 Pounds Down: Despite my Lupus I lost weight",
          "authors":[
            {
              "name":"Theweighwewere"
            },
            {
              "name":"Kat C"
            }
          ]
        },
        "link":{
          "locale":"en_US",
          "title":"100 Pounds Down: Despite my Lupus I lost weight \u2013 The Weigh We Were",
          "site_name":"The Weigh We Were.com",
          "description":"NAME : Natalie BEFORE WEIGHT : 218 AFTER WEIGHT : 118 POUNDS LOST : 100 WHEN DID YOU START DEVELOPING A WEIGHT PROBLEM? Despite having Lupus and Mixed Connective Tissue Disorder, I LOST WEIGHT! I have to take prednisone and plaquenil, I still lost weight on Weight watchers!... #lupusweightloss",
          "favicon":"https:\/\/s-media-cache-ak0.pinimg.com\/favicons\/7af8c01519f31c91f239b4159dcfdf9d291761ecbcfda16c33d52b76.ico?250e38dd519272eaa578b23f8df1f35d"
        }
      }
    },
    {
      "attribution":null,
      "creator":{
        "url":"https:\/\/www.pinterest.com\/rhall101511\/",
        "first_name":"Reatha",
        "last_name":"Dake Hall",
        "id":"485051959775075104"
      },
      "url":"https:\/\/www.pinterest.com\/pin\/485051822344331245\/",
      "media":{
        "type":"image"
      },
      "created_at":"2015-06-14T12:57:34",
      "original_link":"http:\/\/theweighwewere.com\/biggest-loser-reject\/",
      "note":"::: visit TheWeighWeWere.com :::   Click to read real life weight loss stories from around the web!",
      "color":"#a26445",
      "link":"https:\/\/www.pinterest.com\/r\/pin\/485051822344331245\/4779055074072594921\/057789205a30f20d7e0d84e0326a47474d5c1d3e5e7e6ffa9cd9dc54d3455215",
      "board":{
        "url":"https:\/\/www.pinterest.com\/rhall101511\/before-and-after-weightloss-motivation\/",
        "id":"485051891055621099",
        "name":"Before and After Weightloss Motivation"
      },
      "image":{
        "original":{
          "url":"https:\/\/s-media-cache-ak0.pinimg.com\/originals\/a9\/8d\/b0\/a98db0c40e72bb53a779cce05158c5d1.jpg",
          "width":805,
          "height":637
        }
      },
      "counts":{
        "likes":0,
        "comments":0,
        "repins":1
      },
      "id":"485051822344331245",
      "metadata":{
        "article":{
          "published_at":"2015-09-04T00:00:00",
          "description":"NAME : Laura BEFORE WEIGHT : 230 AFTER WEIGHT : 135 POUNDS LOST : 95 WHEN DID YOU START DEVELOPING A WEIGHT PROBLEM? I was the most adorable kid ever, (if I do say so myself) ...until 3rd grade (8 years old) or so. I'm not sure what happened but I began... #95poundloss #biggestloser #determination",
          "name":"95 Pounds Lost: Biggest Loser Reject",
          "authors":[
            {
              "name":"Theweighwewere"
            },
            {
              "name":"Kat C"
            }
          ]
        },
        "link":{
          "locale":"en_US",
          "title":"95 Pounds Lost: Biggest Loser Reject \u2013 The Weigh We Were",
          "site_name":"The Weigh We Were.com",
          "description":"NAME : Laura BEFORE WEIGHT : 230 AFTER WEIGHT : 135 POUNDS LOST : 95 WHEN DID YOU START DEVELOPING A WEIGHT PROBLEM? I was the most adorable kid ever, (if I do say so myself) ...until 3rd grade (8 years old) or so. I'm not sure what happened but I began... #95poundloss #biggestloser #determination",
          "favicon":"https:\/\/s-media-cache-ak0.pinimg.com\/favicons\/7af8c01519f31c91f239b4159dcfdf9d291761ecbcfda16c33d52b76.ico?250e38dd519272eaa578b23f8df1f35d"
        }
      }
    },
    {
      "attribution":null,
      "creator":{
        "url":"https:\/\/www.pinterest.com\/rhall101511\/",
        "first_name":"Reatha",
        "last_name":"Dake Hall",
        "id":"485051959775075104"
      },
      "url":"https:\/\/www.pinterest.com\/pin\/485051822344331241\/",
      "media":{
        "type":"image"
      },
      "created_at":"2015-06-14T12:57:25",
      "original_link":"http:\/\/theweighwewere.com\/50-pounds-down-6-small-meals-a-day-for-me-helped-me-lose\/",
      "note":"::: visit TheWeighWeWere.com :::",
      "color":"#5f3e32",
      "link":"https:\/\/www.pinterest.com\/r\/pin\/485051822344331241\/4779055074072594921\/dd8c52893d80ea8f23e58d540db39024cdba75024d1a3abade2e907e334a96c8",
      "board":{
        "url":"https:\/\/www.pinterest.com\/rhall101511\/before-and-after-weightloss-motivation\/",
        "id":"485051891055621099",
        "name":"Before and After Weightloss Motivation"
      },
      "image":{
        "original":{
          "url":"https:\/\/s-media-cache-ak0.pinimg.com\/originals\/1e\/b4\/e6\/1eb4e65d99ea6936f9598a33cc416df4.jpg",
          "width":1128,
          "height":2039
        }
      },
      "counts":{
        "likes":0,
        "comments":0,
        "repins":1
      },
      "id":"485051822344331241",
      "metadata":{
        "article":{
          "published_at":"2015-06-11T00:00:00",
          "description":"NAME : Meagan BEFORE WEIGHT : 180 AFTER WEIGHT : 130 POUNDS LOST : 50 WHEN DID YOU START DEVELOPING A WEIGHT PROBLEM? I have always had a weight problem since I was little, I have never been thin even through school I was a 14-16 pant size. It got really bad after my... #active #healthier #lighter",
          "name":"50 Pounds Down: 6 small meals a day for me helped me lose \u2013 The...",
          "authors":[
            {
              "name":"Theweighwewere"
            },
            {
              "name":"Kat C"
            }
          ]
        },
        "link":{
          "locale":"en_US",
          "title":"50 Pounds Down: 6 small meals a day for me helped me lose \u2013 The...",
          "site_name":"The Weigh We Were.com",
          "description":"NAME : Meagan BEFORE WEIGHT : 180 AFTER WEIGHT : 130 POUNDS LOST : 50 WHEN DID YOU START DEVELOPING A WEIGHT PROBLEM? I have always had a weight problem since I was little, I have never been thin even through school I was a 14-16 pant size. It got really bad after my... #active #healthier #lighter",
          "favicon":"https:\/\/s-media-cache-ak0.pinimg.com\/favicons\/7af8c01519f31c91f239b4159dcfdf9d291761ecbcfda16c33d52b76.ico?250e38dd519272eaa578b23f8df1f35d"
        }
      }
    },
    {
      "attribution":null,
      "creator":{
        "url":"https:\/\/www.pinterest.com\/rhall101511\/",
        "first_name":"Reatha",
        "last_name":"Dake Hall",
        "id":"485051959775075104"
      },
      "url":"https:\/\/www.pinterest.com\/pin\/485051822344331240\/",
      "media":{
        "type":"image"
      },
      "created_at":"2015-06-14T12:57:22",
      "original_link":"http:\/\/theweighwewere.com\/living-life\/",
      "note":"::: visit TheWeighWeWere.com :::   Click to read real life weight loss stories from around the web!",
      "color":"#4a6574",
      "link":"https:\/\/www.pinterest.com\/r\/pin\/485051822344331240\/4779055074072594921\/e38cc1a1e4dada3b07640b06bbb846c4649f1c25b79921fbe8848e7ca86e4bb8",
      "board":{
        "url":"https:\/\/www.pinterest.com\/rhall101511\/before-and-after-weightloss-motivation\/",
        "id":"485051891055621099",
        "name":"Before and After Weightloss Motivation"
      },
      "image":{
        "original":{
          "url":"https:\/\/s-media-cache-ak0.pinimg.com\/originals\/ad\/48\/5f\/ad485fa47c686724ee0b99a89896c829.jpg",
          "width":640,
          "height":480
        }
      },
      "counts":{
        "likes":0,
        "comments":0,
        "repins":1
      },
      "id":"485051822344331240",
      "metadata":{
        "article":{
          "published_at":"2014-11-01T00:00:00",
          "description":"I have been over-weight most of my life.....I was a teen in the 80's when Twiggy was the ideal size and I was a 16. I got married and had 4 children in 5 years....never loosing all the baby weight. I just kept gaining....I quit looking in mirrors.... I loved to... #caloriecounting #gym #smartonestv",
          "name":"Living life",
          "authors":[
            {
              "name":"KatC"
            }
          ]
        },
        "link":{
          "locale":"en_US",
          "title":"Living life \u2013 The Weigh We Were",
          "site_name":"The Weigh We Were.com",
          "description":"I have been over-weight most of my life.....I was a teen in the 80's when Twiggy was the ideal size and I was a 16. I got married and had 4 children in 5 years....never loosing all the baby weight. I just kept gaining....I quit looking in mirrors.... I loved to... #caloriecounting #gym #smartonestv",
          "favicon":"https:\/\/s-media-cache-ak0.pinimg.com\/favicons\/7af8c01519f31c91f239b4159dcfdf9d291761ecbcfda16c33d52b76.ico?250e38dd519272eaa578b23f8df1f35d"
        }
      }
    },
    {
      "attribution":null,
      "creator":{
        "url":"https:\/\/www.pinterest.com\/rhall101511\/",
        "first_name":"Reatha",
        "last_name":"Dake Hall",
        "id":"485051959775075104"
      },
      "url":"https:\/\/www.pinterest.com\/pin\/485051822344331237\/",
      "media":{
        "type":"image"
      },
      "created_at":"2015-06-14T12:57:12",
      "original_link":"http:\/\/theweighwewere.com\/overcoming-life-challenges\/",
      "note":"::: visit TheWeighWeWere.com :::   Click to read real life weight loss stories from around the web!",
      "color":"#7f6564",
      "link":"https:\/\/www.pinterest.com\/r\/pin\/485051822344331237\/4779055074072594921\/3b9dbd4f8997329708cb7f8520e60d7d9e93439536bea46fb0ef41e50c30d467",
      "board":{
        "url":"https:\/\/www.pinterest.com\/rhall101511\/before-and-after-weightloss-motivation\/",
        "id":"485051891055621099",
        "name":"Before and After Weightloss Motivation"
      },
      "image":{
        "original":{
          "url":"https:\/\/s-media-cache-ak0.pinimg.com\/originals\/2c\/2f\/1e\/2c2f1e2a0072c62b4cf256a72fcfc0fa.jpg",
          "width":166,
          "height":166
        }
      },
      "counts":{
        "likes":0,
        "comments":0,
        "repins":1
      },
      "id":"485051822344331237",
      "metadata":{
        "article":{
          "published_at":"2014-11-11T00:00:00",
          "description":"I have always been a heavier girl, but after my car accident at 11 years old that left me paralyzed from the waist down. Unable to move my legs at all. I gained more weight a lot faster and ate more food to cope with my new life. After high school I realized I... #dietplan #eatinghealthy #exercise",
          "name":"Overcoming Life Challenges",
          "authors":[
            {
              "name":"KatC"
            }
          ]
        },
        "link":{
          "locale":"en_US",
          "title":"Overcoming Life Challenges \u2013 The Weigh We Were",
          "site_name":"The Weigh We Were.com",
          "description":"I have always been a heavier girl, but after my car accident at 11 years old that left me paralyzed from the waist down. Unable to move my legs at all. I gained more weight a lot faster and ate more food to cope with my new life. After high school I realized I... #dietplan #eatinghealthy #exercise",
          "favicon":"https:\/\/s-media-cache-ak0.pinimg.com\/favicons\/7af8c01519f31c91f239b4159dcfdf9d291761ecbcfda16c33d52b76.ico?250e38dd519272eaa578b23f8df1f35d"
        }
      }
    },
    {
      "attribution":null,
      "creator":{
        "url":"https:\/\/www.pinterest.com\/rhall101511\/",
        "first_name":"Reatha",
        "last_name":"Dake Hall",
        "id":"485051959775075104"
      },
      "url":"https:\/\/www.pinterest.com\/pin\/485051822344331235\/",
      "media":{
        "type":"image"
      },
      "created_at":"2015-06-14T12:57:07",
      "original_link":"http:\/\/theweighwewere.com\/30-lbs-and-counting\/",
      "note":"::: visit TheWeighWeWere.com :::   Click to read real life weight loss stories from around the web!",
      "color":"#988572",
      "link":"https:\/\/www.pinterest.com\/r\/pin\/485051822344331235\/4779055074072594921\/b4ff2ac70a8db712a5a729f23c1dd60f7f36e7f29427f69d9a8a7ec292e92a26",
      "board":{
        "url":"https:\/\/www.pinterest.com\/rhall101511\/before-and-after-weightloss-motivation\/",
        "id":"485051891055621099",
        "name":"Before and After Weightloss Motivation"
      },
      "image":{
        "original":{
          "url":"https:\/\/s-media-cache-ak0.pinimg.com\/originals\/0c\/cc\/90\/0ccc906af4f798025504e1b1435e24b7.jpg",
          "width":672,
          "height":504
        }
      },
      "counts":{
        "likes":0,
        "comments":0,
        "repins":1
      },
      "id":"485051822344331235",
      "metadata":{
        "article":{
          "published_at":"2014-12-03T00:00:00",
          "description":"I started attending a locally owned gym (S.W.E.A.T Ltd) when my husband was reassigned to Colorado from Florida. My 5' 7.5\" frame had ballooned up to more than 212 lbs and my waist had expanded to a size 18plus. The picture above shows my progress from Feb - Oct 2012... #2050lbs #5k #drinkingsodas",
          "name":"30 lbs and counting",
          "authors":[
            {
              "name":"KatC"
            }
          ]
        },
        "link":{
          "locale":"en_US",
          "title":"30 lbs and counting! \u2013 The Weigh We Were",
          "site_name":"The Weigh We Were.com",
          "description":"I started attending a locally owned gym (S.W.E.A.T Ltd) when my husband was reassigned to Colorado from Florida. My 5' 7.5\" frame had ballooned up to more than 212 lbs and my waist had expanded to a size 18plus. The picture above shows my progress from Feb - Oct 2012... #2050lbs #5k #drinkingsodas",
          "favicon":"https:\/\/s-media-cache-ak0.pinimg.com\/favicons\/7af8c01519f31c91f239b4159dcfdf9d291761ecbcfda16c33d52b76.ico?250e38dd519272eaa578b23f8df1f35d"
        }
      }
    },
    {
      "attribution":null,
      "creator":{
        "url":"https:\/\/www.pinterest.com\/rhall101511\/",
        "first_name":"Reatha",
        "last_name":"Dake Hall",
        "id":"485051959775075104"
      },
      "url":"https:\/\/www.pinterest.com\/pin\/485051822344331231\/",
      "media":{
        "type":"image"
      },
      "created_at":"2015-06-14T12:56:55",
      "original_link":"http:\/\/theweighwewere.com\/from-the-big-girl-to-the-fit-girl\/",
      "note":"::: visit TheWeighWeWere.com :::   Click to read real life weight loss stories from around the web!",
      "color":"#9a5562",
      "link":"https:\/\/www.pinterest.com\/r\/pin\/485051822344331231\/4779055074072594921\/d30dcefcf0d4b57b811f3353bec486de0feadf7af333878be43f5b6d4deaf332",
      "board":{
        "url":"https:\/\/www.pinterest.com\/rhall101511\/before-and-after-weightloss-motivation\/",
        "id":"485051891055621099",
        "name":"Before and After Weightloss Motivation"
      },
      "image":{
        "original":{
          "url":"https:\/\/s-media-cache-ak0.pinimg.com\/originals\/81\/50\/75\/81507591d9b6f1a13fb1a80cdf2dd5b1.jpg",
          "width":504,
          "height":504
        }
      },
      "counts":{
        "likes":0,
        "comments":0,
        "repins":1
      },
      "id":"485051822344331231",
      "metadata":{
        "article":{
          "published_at":"2015-10-17T00:00:00",
          "description":"It wasn't until I realized my \"fat\" shorts didn't fit me anymore that I really wanted to change. My whole life I was plus size and I was always known for being the big girl in every group of friends I had. The interesting thing is I almost accepted it and thought that was... #80100lbs #gym #running",
          "name":"From \u201cthe big girl\u201d to \u201cthe fit girl\u201d",
          "authors":[
            {
              "name":"KatC"
            }
          ]
        },
        "link":{
          "locale":"en_US",
          "title":"From \u201cthe big girl\u201d to \u201cthe fit girl\u201d \u2013 The Weigh We Were",
          "site_name":"The Weigh We Were.com",
          "description":"It wasn't until I realized my \"fat\" shorts didn't fit me anymore that I really wanted to change. My whole life I was plus size and I was always known for being the big girl in every group of friends I had. The interesting thing is I almost accepted it and thought that was... #80100lbs #gym #running",
          "favicon":"https:\/\/s-media-cache-ak0.pinimg.com\/favicons\/7af8c01519f31c91f239b4159dcfdf9d291761ecbcfda16c33d52b76.ico?250e38dd519272eaa578b23f8df1f35d"
        }
      }
    },
    {
      "attribution":null,
      "creator":{
        "url":"https:\/\/www.pinterest.com\/rhall101511\/",
        "first_name":"Reatha",
        "last_name":"Dake Hall",
        "id":"485051959775075104"
      },
      "url":"https:\/\/www.pinterest.com\/pin\/485051822344310484\/",
      "media":{
        "type":"image"
      },
      "created_at":"2015-06-12T23:43:15",
      "original_link":"http:\/\/sweetkisses.us\/displayimage.php?album=2934&pos=5",
      "note":"Jessica Simpson and Paris Hilton.",
      "color":"#524330",
      "link":"https:\/\/www.pinterest.com\/r\/pin\/485051822344310484\/4779055074072594921\/1224da87ce115cba383cec5be407c78a80122aa541a9ca4da27fe1d7f11eed88",
      "board":{
        "url":"https:\/\/www.pinterest.com\/rhall101511\/before-and-after-weightloss-motivation\/",
        "id":"485051891055621099",
        "name":"Before and After Weightloss Motivation"
      },
      "image":{
        "original":{
          "url":"https:\/\/s-media-cache-ak0.pinimg.com\/originals\/47\/08\/c5\/4708c5813e54b2c1ee66d0a575ca2832.jpg",
          "width":500,
          "height":750
        }
      },
      "counts":{
        "likes":0,
        "comments":0,
        "repins":0
      },
      "id":"485051822344310484",
      "metadata":{
      }
    },
    {
      "attribution":null,
      "creator":{
        "url":"https:\/\/www.pinterest.com\/rhall101511\/",
        "first_name":"Reatha",
        "last_name":"Dake Hall",
        "id":"485051959775075104"
      },
      "url":"https:\/\/www.pinterest.com\/pin\/485051822344310472\/",
      "media":{
        "type":"image"
      },
      "created_at":"2015-06-12T23:42:17",
      "original_link":"http:\/\/hollywoodlife.com\/2013\/11\/27\/jessica-simpson-diet-weight-loss-recipes-skinny\/",
      "note":"Jessica Simpson: Her Exact Pregnancy Weight-Loss Diet Revealed",
      "color":"#80645a",
      "link":"https:\/\/www.pinterest.com\/r\/pin\/485051822344310472\/4779055074072594921\/e348bb8ff645305097635f0071d0f584a8702d7cb4a46fd71d6cc5dd3a914e04",
      "board":{
        "url":"https:\/\/www.pinterest.com\/rhall101511\/before-and-after-weightloss-motivation\/",
        "id":"485051891055621099",
        "name":"Before and After Weightloss Motivation"
      },
      "image":{
        "original":{
          "url":"https:\/\/s-media-cache-ak0.pinimg.com\/originals\/bb\/16\/47\/bb164749cd7ed1ae3a75c70f2f7fe58d.jpg",
          "width":600,
          "height":800
        }
      },
      "counts":{
        "likes":0,
        "comments":0,
        "repins":0
      },
      "id":"485051822344310472",
      "metadata":{
        "article":{
          "published_at":"2013-11-27T00:00:00",
          "description":"Just four months after having baby Ace, Jessica Simpson looks better than ever -- and now you can learn her secrets! Find out exactly what she eats to keep her new, fit, post-baby body. Jessica Sim...",
          "name":"Jessica Simpson: Her Exact Pregnancy Weight-Loss Diet Revealed",
          "authors":[]
        },
        "link":{
          "locale":"en_US",
          "title":"Jessica Simpson: Her Exact Pregnancy Weight-Loss Diet Revealed",
          "site_name":"Hollywood Life",
          "description":"Just four months after having baby Ace, Jessica Simpson looks better than ever -- and now you can learn her secrets! Find out exactly what she eats to keep her new, fit, post-baby body.",
          "favicon":"https:\/\/s-media-cache-ak0.pinimg.com\/favicons\/adaf07d6067c7c4c7c4a7ba310fd203492c0cb222d42eddc2eda276e?822721f5abcf0daeee7bf8d6c6ebf997"
        }
      }
    }
  ],
  "page":{
    "cursor":"LT40ODUwNTE4MjIzNDQzMTA0NzI6NTA1fDlmNDhmNDEwNmExZTFlZTkwM2UzZmUwYzY4NjEyYzIyNjE0NWUyYjhiYjFjYTEwNWM5NDE0MjA2MDYxZDZjYTE=",
    "next":"https:\/\/api.pinterest.com\/v1\/boards\/rhall101511\/before-and-after-weightloss-motivation\/pins\/?access_token=AZlZE-HOK-Y4205yRft75KyYVaauFCBIs8jxSxdCtrJcomAqbQAAAAA&fields=id%2Clink%2Cnote%2Curl%2Cattribution%2Cmedia%2Cmetadata%2Cboard%2Ccolor%2Ccounts%2Ccreated_at%2Ccreator%2Cimage%2Coriginal_link&cursor=LT40ODUwNTE4MjIzNDQzMTA0NzI6NTA1fDlmNDhmNDEwNmExZTFlZTkwM2UzZmUwYzY4NjEyYzIyNjE0NWUyYjhiYjFjYTEwNWM5NDE0MjA2MDYxZDZjYTE%3D"
  }
}
