{
  "data":[
    {
      "attribution":null,
      "creator":{
        "url":"https:\/\/www.pinterest.com\/dionnahearn7\/",
        "first_name":"Dionna",
        "last_name":"Hearn",
        "id":"543809861163434053"
      },
      "url":"https:\/\/www.pinterest.com\/pin\/543809723730238204\/",
      "media":{
        "type":"image"
      },
      "created_at":"2015-01-07T06:19:13",
      "original_link":"http:\/\/www.leanitup.com\/the-30-most-powerful-arm-exercises-for-titanic-toned-arms\/",
      "note":"Arms, The 30 Most Powerful Arm Exercises For Toned Arms",
      "color":"#2c1a14",
      "link":"https:\/\/www.pinterest.com\/r\/pin\/543809723730238204\/4779055074072594921\/55bc10460ce6f588ff17cd9499545b1cdad1e246e05d0e9a6b1d4a7cbe9d3a07",
      "board":{
        "url":"https:\/\/www.pinterest.com\/dionnahearn7\/before-and-after-weightloss\/",
        "id":"543809792444206579",
        "name":"Before and After Weightloss"
      },
      "image":{
        "original":{
          "url":"https:\/\/s-media-cache-ak0.pinimg.com\/originals\/85\/fa\/c6\/85fac61f48203a2aa8ff49da03df3049.png",
          "width":298,
          "height":448
        }
      },
      "counts":{
        "likes":0,
        "comments":0,
        "repins":7
      },
      "id":"543809723730238204",
      "metadata":{
      }
    },
    {
      "attribution":null,
      "creator":{
        "url":"https:\/\/www.pinterest.com\/dionnahearn7\/",
        "first_name":"Dionna",
        "last_name":"Hearn",
        "id":"543809861163434053"
      },
      "url":"https:\/\/www.pinterest.com\/pin\/543809723730236900\/",
      "media":{
        "type":"image"
      },
      "created_at":"2015-01-07T04:03:38",
      "original_link":"http:\/\/relaxedhairhealth.blogspot.com\/search\/label\/Health-Fitness",
      "note":"Before and after motivation.",
      "color":"#c69f5e",
      "link":"https:\/\/www.pinterest.com\/r\/pin\/543809723730236900\/4779055074072594921\/0f07e692c03d006c103893fe6ddf55afb40dd9d1b04aad3cf43e34a7b4f4778a",
      "board":{
        "url":"https:\/\/www.pinterest.com\/dionnahearn7\/before-and-after-weightloss\/",
        "id":"543809792444206579",
        "name":"Before and After Weightloss"
      },
      "image":{
        "original":{
          "url":"https:\/\/s-media-cache-ak0.pinimg.com\/originals\/10\/46\/d2\/1046d2a019dd5fb6603d16fb7e0bcccc.jpg",
          "width":306,
          "height":306
        }
      },
      "counts":{
        "likes":0,
        "comments":0,
        "repins":0
      },
      "id":"543809723730236900",
      "metadata":{
      }
    },
    {
      "attribution":null,
      "creator":{
        "url":"https:\/\/www.pinterest.com\/dionnahearn7\/",
        "first_name":"Dionna",
        "last_name":"Hearn",
        "id":"543809861163434053"
      },
      "url":"https:\/\/www.pinterest.com\/pin\/543809723730043054\/",
      "media":{
        "type":"image"
      },
      "created_at":"2014-12-21T19:07:45",
      "original_link":"http:\/\/www.zeel.com\/g\/tag\/celebrity-beauty-regimens",
      "note":"Jordin Sparks drops 6 dress sizes!",
      "color":"#b83954",
      "link":"https:\/\/www.pinterest.com\/r\/pin\/543809723730043054\/4779055074072594921\/3d305c030ae54d4afe2e543b23a87b473f1dde03be760f37c205ec9cc59e12c3",
      "board":{
        "url":"https:\/\/www.pinterest.com\/dionnahearn7\/before-and-after-weightloss\/",
        "id":"543809792444206579",
        "name":"Before and After Weightloss"
      },
      "image":{
        "original":{
          "url":"https:\/\/s-media-cache-ak0.pinimg.com\/originals\/03\/df\/e3\/03dfe34718bc96588f2ce2f7f0bdb40e.jpg",
          "width":370,
          "height":467
        }
      },
      "counts":{
        "likes":0,
        "comments":0,
        "repins":0
      },
      "id":"543809723730043054",
      "metadata":{
      }
    },
    {
      "attribution":null,
      "creator":{
        "url":"https:\/\/www.pinterest.com\/dionnahearn7\/",
        "first_name":"Dionna",
        "last_name":"Hearn",
        "id":"543809861163434053"
      },
      "url":"https:\/\/www.pinterest.com\/pin\/543809723730043050\/",
      "media":{
        "type":"image"
      },
      "created_at":"2014-12-21T19:06:18",
      "original_link":"http:\/\/suejeppsen.net\/",
      "note":"dailyhealthyliving:  Celebrity Diets That Worked! If these celebs could lose weight, so can you! Before and after pics to get you motivated,...",
      "color":"#bdae7f",
      "link":"https:\/\/www.pinterest.com\/r\/pin\/543809723730043050\/4779055074072594921\/f7a987a1f40063db169fd675c524c32317e856833a32ab69d9b7387ada02ec34",
      "board":{
        "url":"https:\/\/www.pinterest.com\/dionnahearn7\/before-and-after-weightloss\/",
        "id":"543809792444206579",
        "name":"Before and After Weightloss"
      },
      "image":{
        "original":{
          "url":"https:\/\/s-media-cache-ak0.pinimg.com\/originals\/be\/f0\/44\/bef0449484282cdb83dc5e1f41713119.jpg",
          "width":736,
          "height":647
        }
      },
      "counts":{
        "likes":0,
        "comments":0,
        "repins":0
      },
      "id":"543809723730043050",
      "metadata":{
      }
    },
    {
      "attribution":null,
      "creator":{
        "url":"https:\/\/www.pinterest.com\/dionnahearn7\/",
        "first_name":"Dionna",
        "last_name":"Hearn",
        "id":"543809861163434053"
      },
      "url":"https:\/\/www.pinterest.com\/pin\/543809723730043046\/",
      "media":{
        "type":"image"
      },
      "created_at":"2014-12-21T19:05:18",
      "original_link":"http:\/\/get-thinspiration.tumblr.com\/",
      "note":"before-and-after-pictures:    new afters!  Stick with it and drink water.  I always follow back and I\u2019m always excited to hear new stories! xo",
      "color":"#7e7671",
      "link":"https:\/\/www.pinterest.com\/r\/pin\/543809723730043046\/4779055074072594921\/d18fc9adddf9090856bd7244b7e563178bb33fd9e9992fb3503fd330049e4363",
      "board":{
        "url":"https:\/\/www.pinterest.com\/dionnahearn7\/before-and-after-weightloss\/",
        "id":"543809792444206579",
        "name":"Before and After Weightloss"
      },
      "image":{
        "original":{
          "url":"https:\/\/s-media-cache-ak0.pinimg.com\/originals\/22\/04\/94\/220494b0b0cac70a49b6a7a5b6f9760d.jpg",
          "width":500,
          "height":341
        }
      },
      "counts":{
        "likes":0,
        "comments":0,
        "repins":0
      },
      "id":"543809723730043046",
      "metadata":{
      }
    },
    {
      "attribution":null,
      "creator":{
        "url":"https:\/\/www.pinterest.com\/dionnahearn7\/",
        "first_name":"Dionna",
        "last_name":"Hearn",
        "id":"543809861163434053"
      },
      "url":"https:\/\/www.pinterest.com\/pin\/543809723730043032\/",
      "media":{
        "type":"image"
      },
      "created_at":"2014-12-21T19:03:35",
      "original_link":"http:\/\/www.poleworldnews.com\/fierce-fitness-ladies-in-her-own-words-by-samantha-thomas\/",
      "note":"before and after fitness photos - Google Search",
      "color":"#915b51",
      "link":"https:\/\/www.pinterest.com\/r\/pin\/543809723730043032\/4779055074072594921\/8fc933e71acf29daef343dba961655724c28fa0795d98a1f82c7c7759310f1a7",
      "board":{
        "url":"https:\/\/www.pinterest.com\/dionnahearn7\/before-and-after-weightloss\/",
        "id":"543809792444206579",
        "name":"Before and After Weightloss"
      },
      "image":{
        "original":{
          "url":"https:\/\/s-media-cache-ak0.pinimg.com\/originals\/c9\/2c\/ab\/c92cab8fa7dfa71c5ffc5adb2db13d9c.png",
          "width":628,
          "height":628
        }
      },
      "counts":{
        "likes":0,
        "comments":0,
        "repins":4
      },
      "id":"543809723730043032",
      "metadata":{
      }
    },
    {
      "attribution":null,
      "creator":{
        "url":"https:\/\/www.pinterest.com\/dionnahearn7\/",
        "first_name":"Dionna",
        "last_name":"Hearn",
        "id":"543809861163434053"
      },
      "url":"https:\/\/www.pinterest.com\/pin\/543809723730043025\/",
      "media":{
        "type":"image"
      },
      "created_at":"2014-12-21T19:03:03",
      "original_link":"http:\/\/besttwaytogetfit.blogspot.de\/2014\/09\/before-and-after-weight-loss-pics_90.html",
      "note":"Before And After Weight Loss Pics",
      "color":"#cb997e",
      "link":"https:\/\/www.pinterest.com\/r\/pin\/543809723730043025\/4779055074072594921\/4b91a0470b8343fa8bb0f1cc549b64b36bf63d85b84d725de6a7694285a8965d",
      "board":{
        "url":"https:\/\/www.pinterest.com\/dionnahearn7\/before-and-after-weightloss\/",
        "id":"543809792444206579",
        "name":"Before and After Weightloss"
      },
      "image":{
        "original":{
          "url":"https:\/\/s-media-cache-ak0.pinimg.com\/originals\/3a\/75\/21\/3a7521ddd000c9ab3999f406d219566b.jpg",
          "width":389,
          "height":402
        }
      },
      "counts":{
        "likes":0,
        "comments":0,
        "repins":0
      },
      "id":"543809723730043025",
      "metadata":{
      }
    },
    {
      "attribution":null,
      "creator":{
        "url":"https:\/\/www.pinterest.com\/dionnahearn7\/",
        "first_name":"Dionna",
        "last_name":"Hearn",
        "id":"543809861163434053"
      },
      "url":"https:\/\/www.pinterest.com\/pin\/543809723730043015\/",
      "media":{
        "type":"image"
      },
      "created_at":"2014-12-21T19:01:42",
      "original_link":"",
      "note":"Amazing before and after transformation",
      "color":"#110808",
      "link":"",
      "board":{
        "url":"https:\/\/www.pinterest.com\/dionnahearn7\/before-and-after-weightloss\/",
        "id":"543809792444206579",
        "name":"Before and After Weightloss"
      },
      "image":{
        "original":{
          "url":"https:\/\/s-media-cache-ak0.pinimg.com\/originals\/af\/e0\/1b\/afe01b1b3bd5e576a6a365195ec1fde0.jpg",
          "width":640,
          "height":1136
        }
      },
      "counts":{
        "likes":2,
        "comments":1,
        "repins":5
      },
      "id":"543809723730043015",
      "metadata":{
      }
    },
    {
      "attribution":null,
      "creator":{
        "url":"https:\/\/www.pinterest.com\/dionnahearn7\/",
        "first_name":"Dionna",
        "last_name":"Hearn",
        "id":"543809861163434053"
      },
      "url":"https:\/\/www.pinterest.com\/pin\/543809723730043011\/",
      "media":{
        "type":"image"
      },
      "created_at":"2014-12-21T19:01:18",
      "original_link":"http:\/\/forum.gofeminin.de\/forum\/dietetique\/__f9796_dietetique-5-kilo-runter-in-2-wochen.html",
      "note":"Before and after weight loss pic",
      "color":"#686868",
      "link":"https:\/\/www.pinterest.com\/r\/pin\/543809723730043011\/4779055074072594921\/07dcea06ae9520942152548b154ee28bfa4851f3814f47e227610f2b956698e8",
      "board":{
        "url":"https:\/\/www.pinterest.com\/dionnahearn7\/before-and-after-weightloss\/",
        "id":"543809792444206579",
        "name":"Before and After Weightloss"
      },
      "image":{
        "original":{
          "url":"https:\/\/s-media-cache-ak0.pinimg.com\/originals\/13\/c9\/07\/13c90799bcbd26a15794642083a43096.jpg",
          "width":500,
          "height":501
        }
      },
      "counts":{
        "likes":0,
        "comments":0,
        "repins":0
      },
      "id":"543809723730043011",
      "metadata":{
      }
    },
    {
      "attribution":null,
      "creator":{
        "url":"https:\/\/www.pinterest.com\/dionnahearn7\/",
        "first_name":"Dionna",
        "last_name":"Hearn",
        "id":"543809861163434053"
      },
      "url":"https:\/\/www.pinterest.com\/pin\/543809723730043007\/",
      "media":{
        "type":"image"
      },
      "created_at":"2014-12-21T19:01:01",
      "original_link":"",
      "note":"Before and after weightloss pics.  I like this one in particular because I can see her pregnancy \"tiger stripes.\"  Inspiration!",
      "color":"#7e6a6f",
      "link":"",
      "board":{
        "url":"https:\/\/www.pinterest.com\/dionnahearn7\/before-and-after-weightloss\/",
        "id":"543809792444206579",
        "name":"Before and After Weightloss"
      },
      "image":{
        "original":{
          "url":"https:\/\/s-media-cache-ak0.pinimg.com\/originals\/23\/1f\/b9\/231fb90e62ad97f5b5b2bb0b19b9ee92.jpg",
          "width":375,
          "height":467
        }
      },
      "counts":{
        "likes":0,
        "comments":0,
        "repins":0
      },
      "id":"543809723730043007",
      "metadata":{
      }
    },
    {
      "attribution":null,
      "creator":{
        "url":"https:\/\/www.pinterest.com\/dionnahearn7\/",
        "first_name":"Dionna",
        "last_name":"Hearn",
        "id":"543809861163434053"
      },
      "url":"https:\/\/www.pinterest.com\/pin\/543809723730042995\/",
      "media":{
        "type":"image"
      },
      "created_at":"2014-12-21T18:59:55",
      "original_link":"http:\/\/relaxedhairhealth.blogspot.com\/2013\/06\/monday-motivation-art-of-transformation.html",
      "note":"Before and After Weightloss Pics: Fitspo. Team Fit Bitch )( fitness motivation for black girls - Google Search",
      "color":"#9a675a",
      "link":"https:\/\/www.pinterest.com\/r\/pin\/543809723730042995\/4779055074072594921\/5244dec1a7aa0354385e27104372a14695cf7623053b4be3ee7110ff10624657",
      "board":{
        "url":"https:\/\/www.pinterest.com\/dionnahearn7\/before-and-after-weightloss\/",
        "id":"543809792444206579",
        "name":"Before and After Weightloss"
      },
      "image":{
        "original":{
          "url":"https:\/\/s-media-cache-ak0.pinimg.com\/originals\/c6\/69\/b7\/c669b7b4945bfdb82443ff2a1c245167.jpg",
          "width":306,
          "height":306
        }
      },
      "counts":{
        "likes":0,
        "comments":0,
        "repins":0
      },
      "id":"543809723730042995",
      "metadata":{
      }
    },
    {
      "attribution":null,
      "creator":{
        "url":"https:\/\/www.pinterest.com\/dionnahearn7\/",
        "first_name":"Dionna",
        "last_name":"Hearn",
        "id":"543809861163434053"
      },
      "url":"https:\/\/www.pinterest.com\/pin\/543809723730042991\/",
      "media":{
        "type":"image"
      },
      "created_at":"2014-12-21T18:59:28",
      "original_link":"http:\/\/www.trimmedandtoned.com\/fat-loss-motivation-3-the-best-female-fat-loss-transformations-30-pics",
      "note":"DIET FORMULA really works and you can try it out. Hope it will HELP you too! Doctor Oz was Right",
      "color":"#967263",
      "link":"https:\/\/www.pinterest.com\/r\/pin\/543809723730042991\/4779055074072594921\/d4925188d63f44a07f6e63b53cd2ba0974628dbf2a164dbe2a2a4939d11f0f9c",
      "board":{
        "url":"https:\/\/www.pinterest.com\/dionnahearn7\/before-and-after-weightloss\/",
        "id":"543809792444206579",
        "name":"Before and After Weightloss"
      },
      "image":{
        "original":{
          "url":"https:\/\/s-media-cache-ak0.pinimg.com\/originals\/ce\/08\/13\/ce0813b8a12870b81396459c59c75f9b.jpg",
          "width":236,
          "height":269
        }
      },
      "counts":{
        "likes":1,
        "comments":0,
        "repins":0
      },
      "id":"543809723730042991",
      "metadata":{
      }
    },
    {
      "attribution":null,
      "creator":{
        "url":"https:\/\/www.pinterest.com\/dionnahearn7\/",
        "first_name":"Dionna",
        "last_name":"Hearn",
        "id":"543809861163434053"
      },
      "url":"https:\/\/www.pinterest.com\/pin\/543809723730042984\/",
      "media":{
        "type":"image"
      },
      "created_at":"2014-12-21T18:59:01",
      "original_link":"http:\/\/mindandbodyscript.com\/",
      "note":"journey-of-yasmin: another one of my before and afters! xx this girl was one of my first weight loss inspirations on tumblr! I can\u2019t... #fitness",
      "color":"#675341",
      "link":"https:\/\/www.pinterest.com\/r\/pin\/543809723730042984\/4779055074072594921\/f2071ab3b2a59cb6302bbce29456fe5e839a53b6d75473932cb41e818b714de2",
      "board":{
        "url":"https:\/\/www.pinterest.com\/dionnahearn7\/before-and-after-weightloss\/",
        "id":"543809792444206579",
        "name":"Before and After Weightloss"
      },
      "image":{
        "original":{
          "url":"https:\/\/s-media-cache-ak0.pinimg.com\/originals\/e6\/b4\/fe\/e6b4fe618ae2ab15531a0ebc772c6175.jpg",
          "width":640,
          "height":640
        }
      },
      "counts":{
        "likes":0,
        "comments":0,
        "repins":1
      },
      "id":"543809723730042984",
      "metadata":{
      }
    },
    {
      "attribution":null,
      "creator":{
        "url":"https:\/\/www.pinterest.com\/dionnahearn7\/",
        "first_name":"Dionna",
        "last_name":"Hearn",
        "id":"543809861163434053"
      },
      "url":"https:\/\/www.pinterest.com\/pin\/543809723730042973\/",
      "media":{
        "type":"image"
      },
      "created_at":"2014-12-21T18:57:47",
      "original_link":"http:\/\/maanifstyourmirracle.com\/",
      "note":"Before and After Weightloss Pics  ----  How to FORCE the Universe to give you EVERYTHING you have ever Wished for!",
      "color":"#777777",
      "link":"https:\/\/www.pinterest.com\/r\/pin\/543809723730042973\/4779055074072594921\/e8a1bd04e0849f8eb9d0e5c1aa5fb7860cc17599e4ed2c61c1ca38014c2b740e",
      "board":{
        "url":"https:\/\/www.pinterest.com\/dionnahearn7\/before-and-after-weightloss\/",
        "id":"543809792444206579",
        "name":"Before and After Weightloss"
      },
      "image":{
        "original":{
          "url":"https:\/\/s-media-cache-ak0.pinimg.com\/originals\/06\/95\/65\/0695655e62de3025f1ca74a05656f990.jpg",
          "width":509,
          "height":518
        }
      },
      "counts":{
        "likes":1,
        "comments":0,
        "repins":0
      },
      "id":"543809723730042973",
      "metadata":{
      }
    },
    {
      "attribution":null,
      "creator":{
        "url":"https:\/\/www.pinterest.com\/dionnahearn7\/",
        "first_name":"Dionna",
        "last_name":"Hearn",
        "id":"543809861163434053"
      },
      "url":"https:\/\/www.pinterest.com\/pin\/543809723730042967\/",
      "media":{
        "type":"image"
      },
      "created_at":"2014-12-21T18:57:33",
      "original_link":"http:\/\/eiightminutestoskinny.com\/",
      "note":"Before and After Weightloss Pics  -- Feel what it will be like to more than 38.5 lbs in 1 month... looking at your sexy, slim, happy new you in the mirror!",
      "color":"#6e6067",
      "link":"https:\/\/www.pinterest.com\/r\/pin\/543809723730042967\/4779055074072594921\/2925d8a76110c70594da8534f23ed4bcd136da2327f180ac7197a60a40716867",
      "board":{
        "url":"https:\/\/www.pinterest.com\/dionnahearn7\/before-and-after-weightloss\/",
        "id":"543809792444206579",
        "name":"Before and After Weightloss"
      },
      "image":{
        "original":{
          "url":"https:\/\/s-media-cache-ak0.pinimg.com\/originals\/a8\/b5\/c2\/a8b5c2e97d4b394b32150965d725106b.jpg",
          "width":537,
          "height":535
        }
      },
      "counts":{
        "likes":0,
        "comments":0,
        "repins":0
      },
      "id":"543809723730042967",
      "metadata":{
      }
    },
    {
      "attribution":null,
      "creator":{
        "url":"https:\/\/www.pinterest.com\/dionnahearn7\/",
        "first_name":"Dionna",
        "last_name":"Hearn",
        "id":"543809861163434053"
      },
      "url":"https:\/\/www.pinterest.com\/pin\/543809723730042963\/",
      "media":{
        "type":"image"
      },
      "created_at":"2014-12-21T18:57:10",
      "original_link":"http:\/\/maanifstyourmirracle.com\/",
      "note":"Before and After Weightloss Pics ...How to FORCE the Universe to give you EVERYTHING you have ever Wished for!",
      "color":"#61395c",
      "link":"https:\/\/www.pinterest.com\/r\/pin\/543809723730042963\/4779055074072594921\/4d8b396cb55c261ffe5efb3436d5bb4446d8a6218ef70513041885915a4e0036",
      "board":{
        "url":"https:\/\/www.pinterest.com\/dionnahearn7\/before-and-after-weightloss\/",
        "id":"543809792444206579",
        "name":"Before and After Weightloss"
      },
      "image":{
        "original":{
          "url":"https:\/\/s-media-cache-ak0.pinimg.com\/originals\/4f\/df\/81\/4fdf8148347d285c3857e2c72228d1d7.jpg",
          "width":516,
          "height":512
        }
      },
      "counts":{
        "likes":0,
        "comments":0,
        "repins":6
      },
      "id":"543809723730042963",
      "metadata":{
      }
    }
  ],
  "page":{
    "cursor":null,
    "next":null
  }
}
