{
  "data":[
    {
      "attribution":null,
      "creator":{
        "url":"https:\/\/www.pinterest.com\/rhall101511\/",
        "first_name":"Reatha",
        "last_name":"Dake Hall",
        "id":"485051959775075104"
      },
      "url":"https:\/\/www.pinterest.com\/pin\/485051822336617971\/",
      "media":{
        "type":"image"
      },
      "created_at":"2013-02-05T22:36:05",
      "original_link":"http:\/\/www.stylecraze.com\/articles\/womens-fitness",
      "note":"#Fitness : Whats's Your Excuse?",
      "color":"#e1c7b8",
      "link":"https:\/\/www.pinterest.com\/r\/pin\/485051822336617971\/4779055074072594921\/2ef210a0fd200aad4759b388cc54ab656686e126a0321c4390a93310c98287aa",
      "board":{
        "url":"https:\/\/www.pinterest.com\/rhall101511\/before-and-after-weightloss-motivation\/",
        "id":"485051891055621099",
        "name":"Before and After Weightloss Motivation"
      },
      "image":{
        "original":{
          "url":"https:\/\/s-media-cache-ak0.pinimg.com\/originals\/3c\/ac\/ad\/3cacadc5cf13388372ec67de096eefcd.jpg",
          "width":500,
          "height":625
        }
      },
      "counts":{
        "likes":0,
        "comments":0,
        "repins":1
      },
      "id":"485051822336617971",
      "metadata":{
      }
    },
    {
      "attribution":null,
      "creator":{
        "url":"https:\/\/www.pinterest.com\/rhall101511\/",
        "first_name":"Reatha",
        "last_name":"Dake Hall",
        "id":"485051959775075104"
      },
      "url":"https:\/\/www.pinterest.com\/pin\/485051822336608324\/",
      "media":{
        "type":"image"
      },
      "created_at":"2013-02-03T15:26:11",
      "original_link":"http:\/\/www.phit-n-phat.com\/best-way-to-lose-weight\/",
      "note":"If you have never read Corinne Crabtree's story, you should. I have been encouraged by her via her blogs and website for years. She is real. This was another really good post, \"Best Way To Lose Weight - Phit-N-Phat\"",
      "color":"#8c9097",
      "link":"https:\/\/www.pinterest.com\/r\/pin\/485051822336608324\/4779055074072594921\/c3a87b71a5ff67152bed81122ee3ecfe50546ca246cb1ff9632d64bd42cfd4f7",
      "board":{
        "url":"https:\/\/www.pinterest.com\/rhall101511\/before-and-after-weightloss-motivation\/",
        "id":"485051891055621099",
        "name":"Before and After Weightloss Motivation"
      },
      "image":{
        "original":{
          "url":"https:\/\/s-media-cache-ak0.pinimg.com\/originals\/e4\/a8\/4c\/e4a84c2bef7dff1cc706d2b01c1a1bc2.jpg",
          "width":564,
          "height":417
        }
      },
      "counts":{
        "likes":0,
        "comments":0,
        "repins":1
      },
      "id":"485051822336608324",
      "metadata":{
      }
    },
    {
      "attribution":null,
      "creator":{
        "url":"https:\/\/www.pinterest.com\/rhall101511\/",
        "first_name":"Reatha",
        "last_name":"Dake Hall",
        "id":"485051959775075104"
      },
      "url":"https:\/\/www.pinterest.com\/pin\/485051822336608085\/",
      "media":{
        "type":"image"
      },
      "created_at":"2013-02-03T14:11:46",
      "original_link":"http:\/\/www.fitnessmagazine.com\/weight-loss\/success-stories\/100-pounds-lost\/lost-100-pounds\/",
      "note":"\"I Lost 100 Pounds!\"",
      "color":null,
      "link":"https:\/\/www.pinterest.com\/r\/pin\/485051822336608085\/4779055074072594921\/70d5fb09c06a604e5bb511f564c54a9f10079877dc0fb0821b2327035bd6c684",
      "board":{
        "url":"https:\/\/www.pinterest.com\/rhall101511\/before-and-after-weightloss-motivation\/",
        "id":"485051891055621099",
        "name":"Before and After Weightloss Motivation"
      },
      "image":{
        "original":{
          "url":"https:\/\/s-media-cache-ak0.pinimg.com\/originals\/a8\/98\/74\/a89874a799435cf9f7b954f7e83609bf.jpg",
          "width":275,
          "height":70
        }
      },
      "counts":{
        "likes":0,
        "comments":0,
        "repins":1
      },
      "id":"485051822336608085",
      "metadata":{
        "link":{
          "locale":"en",
          "title":"Page not found",
          "site_name":"Fitness Magazine",
          "description":null,
          "favicon":"https:\/\/s-media-cache-ak0.pinimg.com\/favicons\/df275a579f1d994bb50095cae4e0e15b707fcfd83764b22800c6dbf5.ico?0e233e48bd810737b467489d4a02af0b"
        },
        "recipe":{
          "servings":{
            "serves":"1",
            "summary":"Serves 1"
          },
          "name":"Strawberry Banana & Flax Smoothie",
          "ingredients":[
            {
              "category":"Produce",
              "ingredients":[
                {
                  "amount":"1\/2",
                  "name":"Banana, medium"
                },
                {
                  "amount":"1\/2 cup",
                  "name":"Strawberries, frozen unsweetened"
                }
              ]
            },
            {
              "category":"Refrigerated",
              "ingredients":[
                {
                  "amount":"1 1\/2 cups",
                  "name":"Skim milk or light soy milk"
                }
              ]
            },
            {
              "category":"Nuts & Seeds",
              "ingredients":[
                {
                  "amount":"2 tbsp",
                  "name":"Flaxseed, ground"
                }
              ]
            }
          ]
        }
      }
    },
    {
      "attribution":null,
      "creator":{
        "url":"https:\/\/www.pinterest.com\/rhall101511\/",
        "first_name":"Reatha",
        "last_name":"Dake Hall",
        "id":"485051959775075104"
      },
      "url":"https:\/\/www.pinterest.com\/pin\/485051822336608083\/",
      "media":{
        "type":"image"
      },
      "created_at":"2013-02-03T14:10:40",
      "original_link":"http:\/\/www.fitnessmagazine.com\/weight-loss\/success-stories\/100-pounds-lost\/lost-227-pounds\/",
      "note":"\"I Lost 227 Pounds\"",
      "color":null,
      "link":"https:\/\/www.pinterest.com\/r\/pin\/485051822336608083\/4779055074072594921\/60f1dc97906103304d6202ced6288b0df799f15a62db1bca4c84bb20df6dc339",
      "board":{
        "url":"https:\/\/www.pinterest.com\/rhall101511\/before-and-after-weightloss-motivation\/",
        "id":"485051891055621099",
        "name":"Before and After Weightloss Motivation"
      },
      "image":{
        "original":{
          "url":"https:\/\/s-media-cache-ak0.pinimg.com\/originals\/82\/5d\/f4\/825df400a5dae9bcabc6c3e5acb5fd05.jpg",
          "width":150,
          "height":150
        }
      },
      "counts":{
        "likes":0,
        "comments":0,
        "repins":0
      },
      "id":"485051822336608083",
      "metadata":{
      }
    },
    {
      "attribution":null,
      "creator":{
        "url":"https:\/\/www.pinterest.com\/rhall101511\/",
        "first_name":"Reatha",
        "last_name":"Dake Hall",
        "id":"485051959775075104"
      },
      "url":"https:\/\/www.pinterest.com\/pin\/485051822336608082\/",
      "media":{
        "type":"image"
      },
      "created_at":"2013-02-03T14:09:50",
      "original_link":"http:\/\/www.fitnessmagazine.com\/weight-loss\/success-stories\/100-pounds-lost\/lost-half-my-size\/",
      "note":"\"I Quit Yo-Yo Dieting and Lost Half My Size\"",
      "color":null,
      "link":"https:\/\/www.pinterest.com\/r\/pin\/485051822336608082\/4779055074072594921\/3e4ca60415f159c9e8374849b852a29449f8cb95e565a64d6114ab47fee987b6",
      "board":{
        "url":"https:\/\/www.pinterest.com\/rhall101511\/before-and-after-weightloss-motivation\/",
        "id":"485051891055621099",
        "name":"Before and After Weightloss Motivation"
      },
      "image":{
        "original":{
          "url":"https:\/\/s-media-cache-ak0.pinimg.com\/originals\/77\/b6\/cc\/77b6cc779687c73591f8603060370ef5.jpg",
          "width":150,
          "height":200
        }
      },
      "counts":{
        "likes":1,
        "comments":0,
        "repins":0
      },
      "id":"485051822336608082",
      "metadata":{
      }
    },
    {
      "attribution":null,
      "creator":{
        "url":"https:\/\/www.pinterest.com\/rhall101511\/",
        "first_name":"Reatha",
        "last_name":"Dake Hall",
        "id":"485051959775075104"
      },
      "url":"https:\/\/www.pinterest.com\/pin\/485051822336608080\/",
      "media":{
        "type":"image"
      },
      "created_at":"2013-02-03T14:08:54",
      "original_link":"http:\/\/www.fitnessmagazine.com\/weight-loss\/success-stories\/100-pounds-lost\/healthy-carbs-helped-me-lose-145-pounds\/",
      "note":"\"Healthy Carbs Helped Me Lose 145 Pounds\"",
      "color":null,
      "link":"https:\/\/www.pinterest.com\/r\/pin\/485051822336608080\/4779055074072594921\/ced4565e3a8bd42097d720cc53343707de3177120a834accca5c8b3bee44ed8c",
      "board":{
        "url":"https:\/\/www.pinterest.com\/rhall101511\/before-and-after-weightloss-motivation\/",
        "id":"485051891055621099",
        "name":"Before and After Weightloss Motivation"
      },
      "image":{
        "original":{
          "url":"https:\/\/s-media-cache-ak0.pinimg.com\/originals\/99\/18\/0d\/99180d8d5dc42e8907b08a00036689eb.jpg",
          "width":150,
          "height":200
        }
      },
      "counts":{
        "likes":0,
        "comments":0,
        "repins":0
      },
      "id":"485051822336608080",
      "metadata":{
      }
    },
    {
      "attribution":null,
      "creator":{
        "url":"https:\/\/www.pinterest.com\/rhall101511\/",
        "first_name":"Reatha",
        "last_name":"Dake Hall",
        "id":"485051959775075104"
      },
      "url":"https:\/\/www.pinterest.com\/pin\/485051822336608077\/",
      "media":{
        "type":"image"
      },
      "created_at":"2013-02-03T14:07:42",
      "original_link":"http:\/\/www.goodhousekeeping.com\/health\/weight-loss\/diet-success-pappas-0807",
      "note":"Half My Size: Maria Pappas",
      "color":"#ffffff",
      "link":"https:\/\/www.pinterest.com\/r\/pin\/485051822336608077\/4779055074072594921\/27e4542b86f44db3bc632eb3b970495dc88d713354a8083913b5e5a5e4bf5415",
      "board":{
        "url":"https:\/\/www.pinterest.com\/rhall101511\/before-and-after-weightloss-motivation\/",
        "id":"485051891055621099",
        "name":"Before and After Weightloss Motivation"
      },
      "image":{
        "original":{
          "url":"https:\/\/s-media-cache-ak0.pinimg.com\/originals\/42\/ef\/73\/42ef733bf3efc0fe79ec3a90fda21c7a.jpg",
          "width":200,
          "height":200
        }
      },
      "counts":{
        "likes":0,
        "comments":0,
        "repins":1
      },
      "id":"485051822336608077",
      "metadata":{
        "article":{
          "published_at":"2007-07-18T00:00:00",
          "description":"How she lost 133 pounds",
          "name":"Half My Size: Maria Pappas",
          "authors":[
            {
              "name":"Jessica Baumgardner"
            },
            {
              "name":"MS CDN Jaclyn London RD"
            },
            {
              "name":"Amanda Hawkins"
            },
            {
              "name":"Selene Yeager"
            }
          ]
        },
        "link":{
          "locale":"en",
          "title":"Half My Size: Maria Pappas",
          "site_name":"Good Housekeeping",
          "description":"Maria Pappas shares the diet strategies that helped her lose 133 pounds.",
          "favicon":"https:\/\/s-media-cache-ak0.pinimg.com\/favicons\/33ee901180a3bced0928c8644987949a926c8f153b3b28278aea4725.ico?75c2b0373dc44cddb55b83d9453ad7e2"
        }
      }
    }
  ],
  "page":{
    "cursor":null,
    "next":null
  }
}
