{
  "data":[
    {
      "attribution":null,
      "creator":{
        "url":"https:\/\/www.pinterest.com\/white42\/",
        "first_name":"Laneise",
        "last_name":"",
        "id":"485192697263437817"
      },
      "url":"https:\/\/www.pinterest.com\/pin\/485192559834487745\/",
      "media":{
        "type":"image"
      },
      "created_at":"2015-11-11T00:48:42",
      "original_link":"http:\/\/andrianfitforever.lospenitentes.com\/",
      "note":"Look at how much I lost! I feel amazing!! Doctor Oz is the best!!!",
      "color":"#8f7e66",
      "link":"https:\/\/www.pinterest.com\/r\/pin\/485192559834487745\/4779055074072594921\/dab884ada1ceb975d584dec5509484e8b7558a2a9f966cd722384e24391d3a0b",
      "board":{
        "url":"https:\/\/www.pinterest.com\/white42\/weightloss-before-and-after\/",
        "id":"485192628544034644",
        "name":"weightloss before and after"
      },
      "image":{
        "original":{
          "url":"https:\/\/s-media-cache-ak0.pinimg.com\/originals\/22\/b8\/fe\/22b8fe0f7b16d3291f1bd425d424c44e.jpg",
          "width":1024,
          "height":768
        }
      },
      "counts":{
        "likes":0,
        "comments":0,
        "repins":0
      },
      "id":"485192559834487745",
      "metadata":{
      }
    },
    {
      "attribution":null,
      "creator":{
        "url":"https:\/\/www.pinterest.com\/white42\/",
        "first_name":"Laneise",
        "last_name":"",
        "id":"485192697263437817"
      },
      "url":"https:\/\/www.pinterest.com\/pin\/485192559834487744\/",
      "media":{
        "type":"image"
      },
      "created_at":"2015-11-11T00:48:32",
      "original_link":"http:\/\/threeweekbllowout.vimgpro.com\/",
      "note":"If you dedicate yourself over the next 21-days and follow The 3 Week Diet as outlined, you will be walking around with 12 to 23 pounds of body fat gone from your waist, hips, thighs, belly and butt. Your clothes will be looser, you\ufffdll look healthier and more attractive\ufffdand you\ufffdll have more energy than you\ufffdve ever had in a long, long time.",
      "color":"#966c5d",
      "link":"https:\/\/www.pinterest.com\/r\/pin\/485192559834487744\/4779055074072594921\/825c2773892b0fb9647245f1868ce24996d3115b98344557a29d7d86c1177232",
      "board":{
        "url":"https:\/\/www.pinterest.com\/white42\/weightloss-before-and-after\/",
        "id":"485192628544034644",
        "name":"weightloss before and after"
      },
      "image":{
        "original":{
          "url":"https:\/\/s-media-cache-ak0.pinimg.com\/originals\/c3\/74\/05\/c37405e9fea59b28d5eee8e234411618.jpg",
          "width":500,
          "height":500
        }
      },
      "counts":{
        "likes":0,
        "comments":0,
        "repins":0
      },
      "id":"485192559834487744",
      "metadata":{
      }
    },
    {
      "attribution":null,
      "creator":{
        "url":"https:\/\/www.pinterest.com\/white42\/",
        "first_name":"Laneise",
        "last_name":"",
        "id":"485192697263437817"
      },
      "url":"https:\/\/www.pinterest.com\/pin\/485192559834487738\/",
      "media":{
        "type":"image"
      },
      "created_at":"2015-11-11T00:47:44",
      "original_link":"http:\/\/losing30lbsincollege.tumblr.com\/page\/64",
      "note":"more biggest loser",
      "color":"#cfd2da",
      "link":"https:\/\/www.pinterest.com\/r\/pin\/485192559834487738\/4779055074072594921\/37eb0d2271a94ff78367eb5d0bed73c5f89fc2e6245b92e7c7b4234a4cffffc9",
      "board":{
        "url":"https:\/\/www.pinterest.com\/white42\/weightloss-before-and-after\/",
        "id":"485192628544034644",
        "name":"weightloss before and after"
      },
      "image":{
        "original":{
          "url":"https:\/\/s-media-cache-ak0.pinimg.com\/originals\/11\/1f\/2c\/111f2c86fd14d94bff2ffbb19fb65db7.jpg",
          "width":420,
          "height":400
        }
      },
      "counts":{
        "likes":0,
        "comments":0,
        "repins":0
      },
      "id":"485192559834487738",
      "metadata":{
      }
    },
    {
      "attribution":null,
      "creator":{
        "url":"https:\/\/www.pinterest.com\/white42\/",
        "first_name":"Laneise",
        "last_name":"",
        "id":"485192697263437817"
      },
      "url":"https:\/\/www.pinterest.com\/pin\/485192559834487736\/",
      "media":{
        "type":"image"
      },
      "created_at":"2015-11-11T00:47:32",
      "original_link":"http:\/\/threeweekbllowout.vimgpro.com\/",
      "note":"If you dedicate yourself over the next 21-days and follow The 3 Week Diet as outlined, you will be walking around with 12 to 23 pounds of body fat gone from your waist, hips, thighs, belly and butt. Your clothes will be looser, you\ufffdll look healthier and more attractive\ufffdand you\ufffdll have more energy than you\ufffdve ever had in a long, long time.",
      "color":"#67513c",
      "link":"https:\/\/www.pinterest.com\/r\/pin\/485192559834487736\/4779055074072594921\/bcfc928452e3ef02666e3613ee1bdb3931cac7a3f26a9fd35d75f8629c2194b6",
      "board":{
        "url":"https:\/\/www.pinterest.com\/white42\/weightloss-before-and-after\/",
        "id":"485192628544034644",
        "name":"weightloss before and after"
      },
      "image":{
        "original":{
          "url":"https:\/\/s-media-cache-ak0.pinimg.com\/originals\/36\/7a\/a6\/367aa68c432979dca139c1bb015dc168.jpg",
          "width":291,
          "height":456
        }
      },
      "counts":{
        "likes":0,
        "comments":0,
        "repins":2
      },
      "id":"485192559834487736",
      "metadata":{
      }
    },
    {
      "attribution":null,
      "creator":{
        "url":"https:\/\/www.pinterest.com\/white42\/",
        "first_name":"Laneise",
        "last_name":"",
        "id":"485192697263437817"
      },
      "url":"https:\/\/www.pinterest.com\/pin\/485192559834487728\/",
      "media":{
        "type":"image"
      },
      "created_at":"2015-11-11T00:46:04",
      "original_link":"http:\/\/andrianfitforever.lospenitentes.com\/",
      "note":"Look at how much I lost! I feel amazing!! Doctor Oz is the best!!!",
      "color":"#78554a",
      "link":"https:\/\/www.pinterest.com\/r\/pin\/485192559834487728\/4779055074072594921\/54ae5301750367d66cf68b60020135819b35a4941f9702d732a9f1dc00353bc6",
      "board":{
        "url":"https:\/\/www.pinterest.com\/white42\/weightloss-before-and-after\/",
        "id":"485192628544034644",
        "name":"weightloss before and after"
      },
      "image":{
        "original":{
          "url":"https:\/\/s-media-cache-ak0.pinimg.com\/originals\/55\/17\/da\/5517da9558bfe85fb6404cc980389461.jpg",
          "width":1092,
          "height":1200
        }
      },
      "counts":{
        "likes":0,
        "comments":0,
        "repins":1
      },
      "id":"485192559834487728",
      "metadata":{
      }
    },
    {
      "attribution":null,
      "creator":{
        "url":"https:\/\/www.pinterest.com\/white42\/",
        "first_name":"Laneise",
        "last_name":"",
        "id":"485192697263437817"
      },
      "url":"https:\/\/www.pinterest.com\/pin\/485192559834487714\/",
      "media":{
        "type":"image"
      },
      "created_at":"2015-11-11T00:44:46",
      "original_link":"http:\/\/goodbyebabylon.tumblr.com\/post\/76112220653",
      "note":"Before and After - this girl in an inspiration",
      "color":"#725f65",
      "link":"https:\/\/www.pinterest.com\/r\/pin\/485192559834487714\/4779055074072594921\/299218c772980bc08ac554784a683598279ce4c5416da7317c880865d9c0e059",
      "board":{
        "url":"https:\/\/www.pinterest.com\/white42\/weightloss-before-and-after\/",
        "id":"485192628544034644",
        "name":"weightloss before and after"
      },
      "image":{
        "original":{
          "url":"https:\/\/s-media-cache-ak0.pinimg.com\/originals\/54\/29\/f0\/5429f0866861b293d0aa34ddd3a2a9d4.jpg",
          "width":1280,
          "height":1280
        }
      },
      "counts":{
        "likes":0,
        "comments":0,
        "repins":1
      },
      "id":"485192559834487714",
      "metadata":{
        "link":{
          "locale":"en",
          "title":"Not Found",
          "site_name":"goodbyebabylon.tumblr.com",
          "description":"Not Found - The URL you requested could not be found.",
          "favicon":"https:\/\/s-media-cache-ak0.pinimg.com\/favicons\/d95b61eb27ab802960686272e359a5e50e8d88949cb8423c53374fd1.png?abf33fc5a1e4f561e2c9a00011de96bd"
        }
      }
    },
    {
      "attribution":null,
      "creator":{
        "url":"https:\/\/www.pinterest.com\/white42\/",
        "first_name":"Laneise",
        "last_name":"",
        "id":"485192697263437817"
      },
      "url":"https:\/\/www.pinterest.com\/pin\/485192559834487411\/",
      "media":{
        "type":"image"
      },
      "created_at":"2015-11-11T00:12:07",
      "original_link":"http:\/\/andrianfitforever.lospenitentes.com\/",
      "note":"Look what happen to me in 2 months. DIET FORMULA really works and you can try it out. Hope it will HELP you too! Doctor Oz was Right",
      "color":"#74664f",
      "link":"https:\/\/www.pinterest.com\/r\/pin\/485192559834487411\/4779055074072594921\/9b8cb354469d6032ded95830a644ec44d820f316daa9cd824aead7aec3815d00",
      "board":{
        "url":"https:\/\/www.pinterest.com\/white42\/weightloss-before-and-after\/",
        "id":"485192628544034644",
        "name":"weightloss before and after"
      },
      "image":{
        "original":{
          "url":"https:\/\/s-media-cache-ak0.pinimg.com\/originals\/83\/ed\/b0\/83edb0e976cc5be6e996e7773a575a05.jpg",
          "width":585,
          "height":552
        }
      },
      "counts":{
        "likes":0,
        "comments":0,
        "repins":1
      },
      "id":"485192559834487411",
      "metadata":{
      }
    },
    {
      "attribution":null,
      "creator":{
        "url":"https:\/\/www.pinterest.com\/white42\/",
        "first_name":"Laneise",
        "last_name":"",
        "id":"485192697263437817"
      },
      "url":"https:\/\/www.pinterest.com\/pin\/485192559834487407\/",
      "media":{
        "type":"image"
      },
      "created_at":"2015-11-11T00:11:56",
      "original_link":"http:\/\/betareceptorswiitch.com\/",
      "note":"Join the savvy women who have discovered this little-known cellular \u201cswitch\u201d, to instantly start releasing and burning the fat that has been trapped for so long on your most unsightly and unhealthy trouble spots!\u2026",
      "color":"#463331",
      "link":"https:\/\/www.pinterest.com\/r\/pin\/485192559834487407\/4779055074072594921\/36a75382dd0ac7beab8d9c6e34256f7038cf54c8c789e71527128a5d047f38c6",
      "board":{
        "url":"https:\/\/www.pinterest.com\/white42\/weightloss-before-and-after\/",
        "id":"485192628544034644",
        "name":"weightloss before and after"
      },
      "image":{
        "original":{
          "url":"https:\/\/s-media-cache-ak0.pinimg.com\/originals\/6f\/a7\/7f\/6fa77f58785758aa9a43690bd6ceebc6.jpg",
          "width":640,
          "height":640
        }
      },
      "counts":{
        "likes":0,
        "comments":0,
        "repins":1
      },
      "id":"485192559834487407",
      "metadata":{
      }
    },
    {
      "attribution":null,
      "creator":{
        "url":"https:\/\/www.pinterest.com\/white42\/",
        "first_name":"Laneise",
        "last_name":"",
        "id":"485192697263437817"
      },
      "url":"https:\/\/www.pinterest.com\/pin\/485192559834487094\/",
      "media":{
        "type":"image"
      },
      "created_at":"2015-11-10T23:37:32",
      "original_link":"http:\/\/prestiigesolutionss.com\/",
      "note":"Join the savvy women who have discovered this little-known cellular \u201cswitch\u201d, to instantly start releasing and burning the fat that has been trapped for so long on your most unsightly and unhealthy trouble spots!\u2026",
      "color":"#73644e",
      "link":"https:\/\/www.pinterest.com\/r\/pin\/485192559834487094\/4779055074072594921\/b660b391b1219c18b10cc1714063e1894b71b9adbef58380869b10a436371c56",
      "board":{
        "url":"https:\/\/www.pinterest.com\/white42\/weightloss-before-and-after\/",
        "id":"485192628544034644",
        "name":"weightloss before and after"
      },
      "image":{
        "original":{
          "url":"https:\/\/s-media-cache-ak0.pinimg.com\/originals\/86\/59\/e5\/8659e55e1263f0a22aea6e5677e20c92.jpg",
          "width":1280,
          "height":1311
        }
      },
      "counts":{
        "likes":1,
        "comments":0,
        "repins":1
      },
      "id":"485192559834487094",
      "metadata":{
      }
    },
    {
      "attribution":null,
      "creator":{
        "url":"https:\/\/www.pinterest.com\/white42\/",
        "first_name":"Laneise",
        "last_name":"",
        "id":"485192697263437817"
      },
      "url":"https:\/\/www.pinterest.com\/pin\/485192559834487077\/",
      "media":{
        "type":"image"
      },
      "created_at":"2015-11-10T23:36:31",
      "original_link":"http:\/\/threeweekbllowout.vimgpro.com\/",
      "note":"If you dedicate yourself over the next 21-days and follow The 3 Week Diet as outlined, you will be walking around with 12 to 23 pounds of body fat gone from your waist, hips, thighs, belly and butt. Your clothes will be looser, you\ufffdll look healthier and more attractive\ufffdand you\ufffdll have more energy than you\ufffdve ever had in a long, long time.",
      "color":"#61484b",
      "link":"https:\/\/www.pinterest.com\/r\/pin\/485192559834487077\/4779055074072594921\/59b3ca02b28bf2609e4544b5a0a0c7de3ae58434b01a93d5f268752acdc112be",
      "board":{
        "url":"https:\/\/www.pinterest.com\/white42\/weightloss-before-and-after\/",
        "id":"485192628544034644",
        "name":"weightloss before and after"
      },
      "image":{
        "original":{
          "url":"https:\/\/s-media-cache-ak0.pinimg.com\/originals\/12\/f8\/1f\/12f81f2a5ba6ba13e7d7083ca3fa353e.jpg",
          "width":400,
          "height":400
        }
      },
      "counts":{
        "likes":0,
        "comments":0,
        "repins":1
      },
      "id":"485192559834487077",
      "metadata":{
      }
    },
    {
      "attribution":null,
      "creator":{
        "url":"https:\/\/www.pinterest.com\/white42\/",
        "first_name":"Laneise",
        "last_name":"",
        "id":"485192697263437817"
      },
      "url":"https:\/\/www.pinterest.com\/pin\/485192559834487075\/",
      "media":{
        "type":"image"
      },
      "created_at":"2015-11-10T23:36:26",
      "original_link":"http:\/\/fourminutestofitnesss.com\/",
      "note":". -- How she lost 12 dress sizes in 5 months.",
      "color":"#775046",
      "link":"https:\/\/www.pinterest.com\/r\/pin\/485192559834487075\/4779055074072594921\/1e58eb03e566a4e882a0984615cea0fb932d6894a437651c697a1c7867de90ef",
      "board":{
        "url":"https:\/\/www.pinterest.com\/white42\/weightloss-before-and-after\/",
        "id":"485192628544034644",
        "name":"weightloss before and after"
      },
      "image":{
        "original":{
          "url":"https:\/\/s-media-cache-ak0.pinimg.com\/originals\/97\/32\/20\/973220261cc2bab4470a9f20913dee3f.jpg",
          "width":500,
          "height":375
        }
      },
      "counts":{
        "likes":0,
        "comments":0,
        "repins":1
      },
      "id":"485192559834487075",
      "metadata":{
      }
    },
    {
      "attribution":null,
      "creator":{
        "url":"https:\/\/www.pinterest.com\/white42\/",
        "first_name":"Laneise",
        "last_name":"",
        "id":"485192697263437817"
      },
      "url":"https:\/\/www.pinterest.com\/pin\/485192559834487072\/",
      "media":{
        "type":"image"
      },
      "created_at":"2015-11-10T23:36:16",
      "original_link":"http:\/\/startreductiionnow.com\/",
      "note":"Join the savvy women who have discovered this little-known cellular \u201cswitch\u201d, to instantly start releasing and burning the fat that has been trapped for so long on your most unsightly and unhealthy trouble spots!\u2026",
      "color":"#a7b7ac",
      "link":"https:\/\/www.pinterest.com\/r\/pin\/485192559834487072\/4779055074072594921\/79a3a33db621d2660c709b59e8d1e4530c5dac6a53db2ae84353b9b84ed776e4",
      "board":{
        "url":"https:\/\/www.pinterest.com\/white42\/weightloss-before-and-after\/",
        "id":"485192628544034644",
        "name":"weightloss before and after"
      },
      "image":{
        "original":{
          "url":"https:\/\/s-media-cache-ak0.pinimg.com\/originals\/27\/ae\/b8\/27aeb8b5cae9e1bc7786cdd44df62313.jpg",
          "width":389,
          "height":400
        }
      },
      "counts":{
        "likes":0,
        "comments":0,
        "repins":1
      },
      "id":"485192559834487072",
      "metadata":{
      }
    },
    {
      "attribution":null,
      "creator":{
        "url":"https:\/\/www.pinterest.com\/white42\/",
        "first_name":"Laneise",
        "last_name":"",
        "id":"485192697263437817"
      },
      "url":"https:\/\/www.pinterest.com\/pin\/485192559834487068\/",
      "media":{
        "type":"image"
      },
      "created_at":"2015-11-10T23:36:05",
      "original_link":"http:\/\/prestigesolutiioons.com\/",
      "note":"Join the savvy women who have discovered this little-known cellular \u201cswitch\u201d, to instantly start releasing and burning the fat that has been trapped for so long on your most unsightly and unhealthy trouble spots!\u2026",
      "color":"#756954",
      "link":"https:\/\/www.pinterest.com\/r\/pin\/485192559834487068\/4779055074072594921\/2e6f103c0a2db50f09a77383128869ee049d00e06321947cef4fb254b27109ac",
      "board":{
        "url":"https:\/\/www.pinterest.com\/white42\/weightloss-before-and-after\/",
        "id":"485192628544034644",
        "name":"weightloss before and after"
      },
      "image":{
        "original":{
          "url":"https:\/\/s-media-cache-ak0.pinimg.com\/originals\/1a\/5c\/a2\/1a5ca2e610e01e80722711120d794ba4.jpg",
          "width":500,
          "height":500
        }
      },
      "counts":{
        "likes":0,
        "comments":0,
        "repins":1
      },
      "id":"485192559834487068",
      "metadata":{
      }
    },
    {
      "attribution":null,
      "creator":{
        "url":"https:\/\/www.pinterest.com\/white42\/",
        "first_name":"Laneise",
        "last_name":"",
        "id":"485192697263437817"
      },
      "url":"https:\/\/www.pinterest.com\/pin\/485192559834487063\/",
      "media":{
        "type":"image"
      },
      "created_at":"2015-11-10T23:35:59",
      "original_link":"http:\/\/prestigessolutionss.com\/",
      "note":"I had to go back and look at this again and again!",
      "color":"#67593c",
      "link":"https:\/\/www.pinterest.com\/r\/pin\/485192559834487063\/4779055074072594921\/431dd93a37635dafbfc17a9a3387557a7634e2f98e0e5b23a0da36ecd01428f1",
      "board":{
        "url":"https:\/\/www.pinterest.com\/white42\/weightloss-before-and-after\/",
        "id":"485192628544034644",
        "name":"weightloss before and after"
      },
      "image":{
        "original":{
          "url":"https:\/\/s-media-cache-ak0.pinimg.com\/originals\/00\/b5\/cb\/00b5cb25302d058449b15214a3974883.jpg",
          "width":500,
          "height":500
        }
      },
      "counts":{
        "likes":0,
        "comments":0,
        "repins":1
      },
      "id":"485192559834487063",
      "metadata":{
      }
    },
    {
      "attribution":null,
      "creator":{
        "url":"https:\/\/www.pinterest.com\/white42\/",
        "first_name":"Laneise",
        "last_name":"",
        "id":"485192697263437817"
      },
      "url":"https:\/\/www.pinterest.com\/pin\/485192559834487055\/",
      "media":{
        "type":"image"
      },
      "created_at":"2015-11-10T23:35:46",
      "original_link":"http:\/\/simplygetridofit.com\/",
      "note":"Join the savvy women who have discovered this little-known cellular \u201cswitch\u201d, to instantly start releasing and burning the fat that has been trapped for so long on your most unsightly and unhealthy trouble spots!\u2026",
      "color":"#815e42",
      "link":"https:\/\/www.pinterest.com\/r\/pin\/485192559834487055\/4779055074072594921\/9471efe367f2e2b693682d1bcc5d53827fb01735cb4fcec10d8fd0fd17a1b1fd",
      "board":{
        "url":"https:\/\/www.pinterest.com\/white42\/weightloss-before-and-after\/",
        "id":"485192628544034644",
        "name":"weightloss before and after"
      },
      "image":{
        "original":{
          "url":"https:\/\/s-media-cache-ak0.pinimg.com\/originals\/b4\/2f\/5d\/b42f5d5ef492cf8ed583921d2aef56a9.jpg",
          "width":500,
          "height":500
        }
      },
      "counts":{
        "likes":0,
        "comments":0,
        "repins":0
      },
      "id":"485192559834487055",
      "metadata":{
      }
    },
    {
      "attribution":null,
      "creator":{
        "url":"https:\/\/www.pinterest.com\/white42\/",
        "first_name":"Laneise",
        "last_name":"",
        "id":"485192697263437817"
      },
      "url":"https:\/\/www.pinterest.com\/pin\/485192559834487048\/",
      "media":{
        "type":"image"
      },
      "created_at":"2015-11-10T23:35:28",
      "original_link":"http:\/\/simplygetridofit.com\/",
      "note":"Join the savvy women who have discovered this little-known cellular \u201cswitch\u201d, to instantly start releasing and burning the fat that has been trapped for so long on your most unsightly and unhealthy trouble spots!\u2026",
      "color":"#79625a",
      "link":"https:\/\/www.pinterest.com\/r\/pin\/485192559834487048\/4779055074072594921\/3ed93ddf3b817fe0bcc5bc29f7d0c8f4531490ab269e89783b4bce8ecc311fbb",
      "board":{
        "url":"https:\/\/www.pinterest.com\/white42\/weightloss-before-and-after\/",
        "id":"485192628544034644",
        "name":"weightloss before and after"
      },
      "image":{
        "original":{
          "url":"https:\/\/s-media-cache-ak0.pinimg.com\/originals\/a4\/8d\/5a\/a48d5add58d7ff3e1f2511b72e45a6c7.jpg",
          "width":383,
          "height":419
        }
      },
      "counts":{
        "likes":0,
        "comments":0,
        "repins":0
      },
      "id":"485192559834487048",
      "metadata":{
      }
    },
    {
      "attribution":null,
      "creator":{
        "url":"https:\/\/www.pinterest.com\/white42\/",
        "first_name":"Laneise",
        "last_name":"",
        "id":"485192697263437817"
      },
      "url":"https:\/\/www.pinterest.com\/pin\/485192559834487044\/",
      "media":{
        "type":"image"
      },
      "created_at":"2015-11-10T23:35:16",
      "original_link":"http:\/\/startreducttiontoday.com\/",
      "note":"Join the savvy women who have discovered this little-known cellular \u201cswitch\u201d, to instantly start releasing and burning the fat that has been trapped for so long on your most unsightly and unhealthy trouble spots!\u2026",
      "color":"#a6516a",
      "link":"https:\/\/www.pinterest.com\/r\/pin\/485192559834487044\/4779055074072594921\/45d2ab969ddce477d0095639c7da002623dfd53984e58c593a29db47352ef397",
      "board":{
        "url":"https:\/\/www.pinterest.com\/white42\/weightloss-before-and-after\/",
        "id":"485192628544034644",
        "name":"weightloss before and after"
      },
      "image":{
        "original":{
          "url":"https:\/\/s-media-cache-ak0.pinimg.com\/originals\/c9\/a4\/63\/c9a463c94839e2d4aae1e537783b496d.jpg",
          "width":877,
          "height":877
        }
      },
      "counts":{
        "likes":0,
        "comments":0,
        "repins":0
      },
      "id":"485192559834487044",
      "metadata":{
      }
    },
    {
      "attribution":null,
      "creator":{
        "url":"https:\/\/www.pinterest.com\/white42\/",
        "first_name":"Laneise",
        "last_name":"",
        "id":"485192697263437817"
      },
      "url":"https:\/\/www.pinterest.com\/pin\/485192559834487043\/",
      "media":{
        "type":"image"
      },
      "created_at":"2015-11-10T23:35:11",
      "original_link":"http:\/\/startreductiionnow.com\/",
      "note":"amazing",
      "color":"#634e37",
      "link":"https:\/\/www.pinterest.com\/r\/pin\/485192559834487043\/4779055074072594921\/e829a90f427af667731324352fca144b52efc049809433c2ad5aa5c3faebf74f",
      "board":{
        "url":"https:\/\/www.pinterest.com\/white42\/weightloss-before-and-after\/",
        "id":"485192628544034644",
        "name":"weightloss before and after"
      },
      "image":{
        "original":{
          "url":"https:\/\/s-media-cache-ak0.pinimg.com\/originals\/66\/c9\/a3\/66c9a3b8860b14a898538ba604ea43b8.jpg",
          "width":500,
          "height":714
        }
      },
      "counts":{
        "likes":0,
        "comments":0,
        "repins":0
      },
      "id":"485192559834487043",
      "metadata":{
      }
    },
    {
      "attribution":null,
      "creator":{
        "url":"https:\/\/www.pinterest.com\/white42\/",
        "first_name":"Laneise",
        "last_name":"",
        "id":"485192697263437817"
      },
      "url":"https:\/\/www.pinterest.com\/pin\/485192559834487037\/",
      "media":{
        "type":"image"
      },
      "created_at":"2015-11-10T23:34:58",
      "original_link":"http:\/\/sixminuttestoskinny.com\/",
      "note":"Very Inspirational -- How she lost 12 dress sizes in 5 months.",
      "color":"#947155",
      "link":"https:\/\/www.pinterest.com\/r\/pin\/485192559834487037\/4779055074072594921\/3d7b5cc635c567fe8bc925e809a9e754e8d854544d48f79e15fb5d0f4fedb230",
      "board":{
        "url":"https:\/\/www.pinterest.com\/white42\/weightloss-before-and-after\/",
        "id":"485192628544034644",
        "name":"weightloss before and after"
      },
      "image":{
        "original":{
          "url":"https:\/\/s-media-cache-ak0.pinimg.com\/originals\/45\/e5\/1b\/45e51be74b5bc5dc3329c298a5463fcc.jpg",
          "width":630,
          "height":630
        }
      },
      "counts":{
        "likes":0,
        "comments":0,
        "repins":0
      },
      "id":"485192559834487037",
      "metadata":{
      }
    },
    {
      "attribution":null,
      "creator":{
        "url":"https:\/\/www.pinterest.com\/white42\/",
        "first_name":"Laneise",
        "last_name":"",
        "id":"485192697263437817"
      },
      "url":"https:\/\/www.pinterest.com\/pin\/485192559834487035\/",
      "media":{
        "type":"image"
      },
      "created_at":"2015-11-10T23:34:45",
      "original_link":"http:\/\/simplygetridofit.com\/",
      "note":"I had to go back and look at this again and again!",
      "color":"#8e765b",
      "link":"https:\/\/www.pinterest.com\/r\/pin\/485192559834487035\/4779055074072594921\/bc10bc33b82f80e8c3243ead619745ba626cec41c37d27484196fc1e662f600f",
      "board":{
        "url":"https:\/\/www.pinterest.com\/white42\/weightloss-before-and-after\/",
        "id":"485192628544034644",
        "name":"weightloss before and after"
      },
      "image":{
        "original":{
          "url":"https:\/\/s-media-cache-ak0.pinimg.com\/originals\/aa\/2c\/e1\/aa2ce1c984e3a2783260f01af49e80b3.jpg",
          "width":500,
          "height":339
        }
      },
      "counts":{
        "likes":0,
        "comments":0,
        "repins":1
      },
      "id":"485192559834487035",
      "metadata":{
      }
    },
    {
      "attribution":null,
      "creator":{
        "url":"https:\/\/www.pinterest.com\/white42\/",
        "first_name":"Laneise",
        "last_name":"",
        "id":"485192697263437817"
      },
      "url":"https:\/\/www.pinterest.com\/pin\/485192559834487031\/",
      "media":{
        "type":"image"
      },
      "created_at":"2015-11-10T23:34:26",
      "original_link":"http:\/\/lifestylediets.com-dj38.net\/1337\/?id=15631858&a=092513050432",
      "note":"Before and after my weight loss",
      "color":"#837261",
      "link":"https:\/\/www.pinterest.com\/r\/pin\/485192559834487031\/4779055074072594921\/f140bccfbfe097645181e4d34133b710a82eed8b92bcce998ae374d7829528ec",
      "board":{
        "url":"https:\/\/www.pinterest.com\/white42\/weightloss-before-and-after\/",
        "id":"485192628544034644",
        "name":"weightloss before and after"
      },
      "image":{
        "original":{
          "url":"https:\/\/s-media-cache-ak0.pinimg.com\/originals\/95\/cd\/12\/95cd124e2e1a825dceea90fa0c12c09b.jpg",
          "width":500,
          "height":402
        }
      },
      "counts":{
        "likes":0,
        "comments":0,
        "repins":0
      },
      "id":"485192559834487031",
      "metadata":{
      }
    },
    {
      "attribution":null,
      "creator":{
        "url":"https:\/\/www.pinterest.com\/white42\/",
        "first_name":"Laneise",
        "last_name":"",
        "id":"485192697263437817"
      },
      "url":"https:\/\/www.pinterest.com\/pin\/485192559834487030\/",
      "media":{
        "type":"image"
      },
      "created_at":"2015-11-10T23:34:21",
      "original_link":"http:\/\/prestigesolutiioons.com\/",
      "note":"Join the savvy women who have discovered this little-known cellular \u201cswitch\u201d, to instantly start releasing and burning the fat that has been trapped for so long on your most unsightly and unhealthy trouble spots!\u2026",
      "color":"#808880",
      "link":"https:\/\/www.pinterest.com\/r\/pin\/485192559834487030\/4779055074072594921\/68b2ccfaba04b0de11d0e28adf7d3cb91d4b676896bafa30c0ac50dfbd5f073a",
      "board":{
        "url":"https:\/\/www.pinterest.com\/white42\/weightloss-before-and-after\/",
        "id":"485192628544034644",
        "name":"weightloss before and after"
      },
      "image":{
        "original":{
          "url":"https:\/\/s-media-cache-ak0.pinimg.com\/originals\/0f\/19\/08\/0f1908d7f5b45e90b9fb9dc045e21407.jpg",
          "width":1333,
          "height":1600
        }
      },
      "counts":{
        "likes":0,
        "comments":0,
        "repins":0
      },
      "id":"485192559834487030",
      "metadata":{
      }
    },
    {
      "attribution":null,
      "creator":{
        "url":"https:\/\/www.pinterest.com\/white42\/",
        "first_name":"Laneise",
        "last_name":"",
        "id":"485192697263437817"
      },
      "url":"https:\/\/www.pinterest.com\/pin\/485192559834487029\/",
      "media":{
        "type":"image"
      },
      "created_at":"2015-11-10T23:34:14",
      "original_link":"http:\/\/simplygetridofit.com\/",
      "note":"I had to go back and look at this again and again!",
      "color":"#746253",
      "link":"https:\/\/www.pinterest.com\/r\/pin\/485192559834487029\/4779055074072594921\/11a1251990bd10809345c7da03d8afcba351e7a322c864928d8b8c8f50a79ab1",
      "board":{
        "url":"https:\/\/www.pinterest.com\/white42\/weightloss-before-and-after\/",
        "id":"485192628544034644",
        "name":"weightloss before and after"
      },
      "image":{
        "original":{
          "url":"https:\/\/s-media-cache-ak0.pinimg.com\/originals\/f3\/df\/a8\/f3dfa855edd7e2083e94893ccf1a6fac.jpg",
          "width":428,
          "height":750
        }
      },
      "counts":{
        "likes":0,
        "comments":0,
        "repins":0
      },
      "id":"485192559834487029",
      "metadata":{
      }
    },
    {
      "attribution":null,
      "creator":{
        "url":"https:\/\/www.pinterest.com\/white42\/",
        "first_name":"Laneise",
        "last_name":"",
        "id":"485192697263437817"
      },
      "url":"https:\/\/www.pinterest.com\/pin\/485192559834487021\/",
      "media":{
        "type":"image"
      },
      "created_at":"2015-11-10T23:33:33",
      "original_link":"http:\/\/tumblrgym.tumblr.com\/post\/11904679651\/just-a-year",
      "note":"Inspired. #Inspiration. #Fitness #Workout #Weight_loss",
      "color":"#696f45",
      "link":"https:\/\/www.pinterest.com\/r\/pin\/485192559834487021\/4779055074072594921\/10fcf3f852153ee54b4ca4512a80a8b1962a53f7984202a6a2e079d9b086779a",
      "board":{
        "url":"https:\/\/www.pinterest.com\/white42\/weightloss-before-and-after\/",
        "id":"485192628544034644",
        "name":"weightloss before and after"
      },
      "image":{
        "original":{
          "url":"https:\/\/s-media-cache-ak0.pinimg.com\/originals\/f4\/33\/1e\/f4331e9e0c590d6d03e759685dd02c7b.jpg",
          "width":400,
          "height":586
        }
      },
      "counts":{
        "likes":0,
        "comments":0,
        "repins":0
      },
      "id":"485192559834487021",
      "metadata":{
      }
    },
    {
      "attribution":null,
      "creator":{
        "url":"https:\/\/www.pinterest.com\/white42\/",
        "first_name":"Laneise",
        "last_name":"",
        "id":"485192697263437817"
      },
      "url":"https:\/\/www.pinterest.com\/pin\/485192559834487018\/",
      "media":{
        "type":"image"
      },
      "created_at":"2015-11-10T23:33:25",
      "original_link":"http:\/\/sixminuttestoskinny.com\/",
      "note":"WEIGHT LOSS BEFORE AFTER -- How she lost 12 dress sizes in 5 months.",
      "color":"#bea489",
      "link":"https:\/\/www.pinterest.com\/r\/pin\/485192559834487018\/4779055074072594921\/cbb5d5b4c014d4c7040f58c6557b9a06da71bf6ed354d1aa7a56718a97426fd1",
      "board":{
        "url":"https:\/\/www.pinterest.com\/white42\/weightloss-before-and-after\/",
        "id":"485192628544034644",
        "name":"weightloss before and after"
      },
      "image":{
        "original":{
          "url":"https:\/\/s-media-cache-ak0.pinimg.com\/originals\/17\/ba\/ef\/17baef93b1e4724114cb3bdefd11bf29.jpg",
          "width":274,
          "height":280
        }
      },
      "counts":{
        "likes":0,
        "comments":0,
        "repins":0
      },
      "id":"485192559834487018",
      "metadata":{
      }
    }
  ],
  "page":{
    "cursor":"LT40ODUxOTI1NTk4MzQ0ODcwMTg6MTY5fGNlZmEwOTczMmMzZDYwYjhiM2QyYTY1MzkxODU3NzMxYmVhMjVlYzkwMWU2MGNhYWVkYjM5ODQ4NTFhZTZhNWM=",
    "next":"https:\/\/api.pinterest.com\/v1\/boards\/white42\/weightloss-before-and-after\/pins\/?access_token=AZlZE-HOK-Y4205yRft75KyYVaauFCBIs8jxSxdCtrJcomAqbQAAAAA&fields=id%2Clink%2Cnote%2Curl%2Cattribution%2Cmedia%2Cmetadata%2Cboard%2Ccolor%2Ccounts%2Ccreated_at%2Ccreator%2Cimage%2Coriginal_link&cursor=LT40ODUxOTI1NTk4MzQ0ODcwMTg6MTY5fGNlZmEwOTczMmMzZDYwYjhiM2QyYTY1MzkxODU3NzMxYmVhMjVlYzkwMWU2MGNhYWVkYjM5ODQ4NTFhZTZhNWM%3D"
  }
}
