{
  "data":[
    {
      "attribution":null,
      "creator":{
        "url":"https:\/\/www.pinterest.com\/rhall101511\/",
        "first_name":"Reatha",
        "last_name":"Dake Hall",
        "id":"485051959775075104"
      },
      "url":"https:\/\/www.pinterest.com\/pin\/485051822343253364\/",
      "media":{
        "type":"image"
      },
      "created_at":"2015-03-28T16:17:01",
      "original_link":"http:\/\/theweighwewere.com\/",
      "note":"Tanee",
      "color":"#696849",
      "link":"https:\/\/www.pinterest.com\/r\/pin\/485051822343253364\/4779055074072594921\/4fc149e20793a58974e5aead4a88ddb85720c1f8b641de2099f462092b5cc42a",
      "board":{
        "url":"https:\/\/www.pinterest.com\/rhall101511\/before-and-after-weightloss-motivation\/",
        "id":"485051891055621099",
        "name":"Before and After Weightloss Motivation"
      },
      "image":{
        "original":{
          "url":"https:\/\/s-media-cache-ak0.pinimg.com\/originals\/e5\/3a\/88\/e53a885b0d475bc371e23092f32672e1.png",
          "width":740,
          "height":426
        }
      },
      "counts":{
        "likes":0,
        "comments":0,
        "repins":0
      },
      "id":"485051822343253364",
      "metadata":{
      }
    },
    {
      "attribution":null,
      "creator":{
        "url":"https:\/\/www.pinterest.com\/rhall101511\/",
        "first_name":"Reatha",
        "last_name":"Dake Hall",
        "id":"485051959775075104"
      },
      "url":"https:\/\/www.pinterest.com\/pin\/485051822343253335\/",
      "media":{
        "type":"image"
      },
      "created_at":"2015-03-28T16:10:35",
      "original_link":"http:\/\/www.sparkpeople.com\/blog\/blog.asp?post=meghan_lost_115_pounds_with_sparkpeople",
      "note":"\"How I lost 115 pounds the healthy way!\"",
      "color":"#736e6b",
      "link":"https:\/\/www.pinterest.com\/r\/pin\/485051822343253335\/4779055074072594921\/6f1c8097c50dd8979ab341c4898c82b3629984cf3e092c6f98e4bb6107995b60",
      "board":{
        "url":"https:\/\/www.pinterest.com\/rhall101511\/before-and-after-weightloss-motivation\/",
        "id":"485051891055621099",
        "name":"Before and After Weightloss Motivation"
      },
      "image":{
        "original":{
          "url":"https:\/\/s-media-cache-ak0.pinimg.com\/originals\/dd\/d6\/15\/ddd6157c16105ee91bc67c0031eb1395.jpg",
          "width":390,
          "height":350
        }
      },
      "counts":{
        "likes":0,
        "comments":0,
        "repins":1
      },
      "id":"485051822343253335",
      "metadata":{
        "article":{
          "published_at":null,
          "description":"Learn how SparkPeople member Meghan turned her life around and lost 115 pounds!",
          "name":"Meghan Lost 115 Pounds with SparkPeople!*",
          "authors":[]
        },
        "link":{
          "locale":"en",
          "title":"Meghan Lost 115 Pounds with SparkPeople!*",
          "site_name":"SparkPeople",
          "description":"Learn how SparkPeople member Meghan turned her life around and lost 115 pounds!",
          "favicon":"https:\/\/s-media-cache-ak0.pinimg.com\/favicons\/1f5048363da8ccc92776e8cca87eb838a80106986110ff9a817bb7ae.ico?dcb4ade4315e103c5a61d6440ee29724"
        }
      }
    },
    {
      "attribution":null,
      "creator":{
        "url":"https:\/\/www.pinterest.com\/rhall101511\/",
        "first_name":"Reatha",
        "last_name":"Dake Hall",
        "id":"485051959775075104"
      },
      "url":"https:\/\/www.pinterest.com\/pin\/485051822343253331\/",
      "media":{
        "type":"image"
      },
      "created_at":"2015-03-28T16:10:11",
      "original_link":"http:\/\/www.blackweightlosssuccess.com\/sindy-lost-75-pounds\/",
      "note":"Weight Loss Story of the Day: Sindy lost 75 pounds | Black Weight Loss Success",
      "color":"#8f676a",
      "link":"https:\/\/www.pinterest.com\/r\/pin\/485051822343253331\/4779055074072594921\/608e9fffe45b828747d504aa5206479187d8afbc18f4dcc16a176b2e2b243dfb",
      "board":{
        "url":"https:\/\/www.pinterest.com\/rhall101511\/before-and-after-weightloss-motivation\/",
        "id":"485051891055621099",
        "name":"Before and After Weightloss Motivation"
      },
      "image":{
        "original":{
          "url":"https:\/\/s-media-cache-ak0.pinimg.com\/originals\/7f\/a5\/33\/7fa533d04447996e316b184f896796e0.jpg",
          "width":500,
          "height":502
        }
      },
      "counts":{
        "likes":1,
        "comments":0,
        "repins":1
      },
      "id":"485051822343253331",
      "metadata":{
      }
    },
    {
      "attribution":null,
      "creator":{
        "url":"https:\/\/www.pinterest.com\/rhall101511\/",
        "first_name":"Reatha",
        "last_name":"Dake Hall",
        "id":"485051959775075104"
      },
      "url":"https:\/\/www.pinterest.com\/pin\/485051822343253328\/",
      "media":{
        "type":"image"
      },
      "created_at":"2015-03-28T16:10:04",
      "original_link":"http:\/\/www.huffingtonpost.com\/2013\/06\/10\/i-lost-weight-lori-filipiak_n_3288185.html?icid=maing-grid7%7Cmain5%7Cdl33%7Csec1_lnk3%26pLid%3D326549",
      "note":"I Lost Weight: Lori Filipiak Conquered Comfort Eating And Lost 115 Pounds",
      "color":"#969493",
      "link":"https:\/\/www.pinterest.com\/r\/pin\/485051822343253328\/4779055074072594921\/9c327e1cd87d935780fb1bf33399995a4ce15a57a3d061b1557cc2baa3e4152f",
      "board":{
        "url":"https:\/\/www.pinterest.com\/rhall101511\/before-and-after-weightloss-motivation\/",
        "id":"485051891055621099",
        "name":"Before and After Weightloss Motivation"
      },
      "image":{
        "original":{
          "url":"https:\/\/s-media-cache-ak0.pinimg.com\/originals\/ee\/34\/50\/ee34501d444ebc0870b72261043a1fb0.jpg",
          "width":672,
          "height":864
        }
      },
      "counts":{
        "likes":0,
        "comments":0,
        "repins":0
      },
      "id":"485051822343253328",
      "metadata":{
        "article":{
          "published_at":null,
          "description":"Got a success story of your own? Send it to us at success.stories@huffingtonpost.com and you could be featured on the site! Name: Lori Filipiak Age: 41 Height: 5'9\" Before Weight: 265 pound",
          "name":"Lori Lost 115 Pounds: 'It Is Never Too Late To Start'",
          "authors":[]
        },
        "link":{
          "locale":"en_US",
          "title":"Lori Lost 115 Pounds: 'It Is Never Too Late To Start'",
          "site_name":"The Huffington Post",
          "description":"Got a success story of your own? Send it to us at success.stories@huffingtonpost.com and you could be featured on the site! Name: Lori Filipiak Age: 41 Height: 5'9\" Before Weight: 265 pound",
          "favicon":"https:\/\/s-media-cache-ak0.pinimg.com\/favicons\/dabd337119d88529d5837c079ae41b7191f99748f1830b003249f220.ico?e5abfb98e95306addaa35d01aad2c6f6"
        }
      }
    },
    {
      "attribution":null,
      "creator":{
        "url":"https:\/\/www.pinterest.com\/rhall101511\/",
        "first_name":"Reatha",
        "last_name":"Dake Hall",
        "id":"485051959775075104"
      },
      "url":"https:\/\/www.pinterest.com\/pin\/485051822343253267\/",
      "media":{
        "type":"image"
      },
      "created_at":"2015-03-28T16:03:07",
      "original_link":"http:\/\/www.miraclenoodle.com\/t-testimonials.aspx?pagenum=2",
      "note":"MiracleNoodle | Testimonials",
      "color":"#edeceb",
      "link":"https:\/\/www.pinterest.com\/r\/pin\/485051822343253267\/4779055074072594921\/b0194b30e917ae7c02ef7792b81762dd4bfb5469367e2071c6d741d1de67e35f",
      "board":{
        "url":"https:\/\/www.pinterest.com\/rhall101511\/before-and-after-weightloss-motivation\/",
        "id":"485051891055621099",
        "name":"Before and After Weightloss Motivation"
      },
      "image":{
        "original":{
          "url":"https:\/\/s-media-cache-ak0.pinimg.com\/originals\/ec\/ab\/3b\/ecab3b810d516650ff5c2dc1a18cd9c0.jpg",
          "width":451,
          "height":396
        }
      },
      "counts":{
        "likes":0,
        "comments":0,
        "repins":0
      },
      "id":"485051822343253267",
      "metadata":{
      }
    },
    {
      "attribution":null,
      "creator":{
        "url":"https:\/\/www.pinterest.com\/rhall101511\/",
        "first_name":"Reatha",
        "last_name":"Dake Hall",
        "id":"485051959775075104"
      },
      "url":"https:\/\/www.pinterest.com\/pin\/485051822343253260\/",
      "media":{
        "type":"image"
      },
      "created_at":"2015-03-28T16:02:39",
      "original_link":"http:\/\/www.miraclenoodle.com\/t-testimonials.aspx?pagenum=2",
      "note":"MiracleNoodle | Testimonials",
      "color":"#efeff6",
      "link":"https:\/\/www.pinterest.com\/r\/pin\/485051822343253260\/4779055074072594921\/8980e8e450f93911e9f9920949a6f2c2d0f525a0c5ad2509fab4e8ec8a173081",
      "board":{
        "url":"https:\/\/www.pinterest.com\/rhall101511\/before-and-after-weightloss-motivation\/",
        "id":"485051891055621099",
        "name":"Before and After Weightloss Motivation"
      },
      "image":{
        "original":{
          "url":"https:\/\/s-media-cache-ak0.pinimg.com\/originals\/1a\/de\/5d\/1ade5db3a023c6e4349c3ba15a531309.jpg",
          "width":451,
          "height":396
        }
      },
      "counts":{
        "likes":0,
        "comments":0,
        "repins":0
      },
      "id":"485051822343253260",
      "metadata":{
      }
    },
    {
      "attribution":null,
      "creator":{
        "url":"https:\/\/www.pinterest.com\/rhall101511\/",
        "first_name":"Reatha",
        "last_name":"Dake Hall",
        "id":"485051959775075104"
      },
      "url":"https:\/\/www.pinterest.com\/pin\/485051822343253215\/",
      "media":{
        "type":"image"
      },
      "created_at":"2015-03-28T15:57:40",
      "original_link":"http:\/\/www.miraclenoodle.com\/t-testimonials.aspx?pagenum=2",
      "note":"MiracleNoodle | Testimonials",
      "color":"#f3f4f4",
      "link":"https:\/\/www.pinterest.com\/r\/pin\/485051822343253215\/4779055074072594921\/8aebc51c6690b664ef19ccebddce0b257de72f79a5ddbc14851cddd63122fd70",
      "board":{
        "url":"https:\/\/www.pinterest.com\/rhall101511\/before-and-after-weightloss-motivation\/",
        "id":"485051891055621099",
        "name":"Before and After Weightloss Motivation"
      },
      "image":{
        "original":{
          "url":"https:\/\/s-media-cache-ak0.pinimg.com\/originals\/9b\/36\/cb\/9b36cb36860b4b044ca734619480ea70.jpg",
          "width":450,
          "height":390
        }
      },
      "counts":{
        "likes":0,
        "comments":0,
        "repins":0
      },
      "id":"485051822343253215",
      "metadata":{
      }
    },
    {
      "attribution":null,
      "creator":{
        "url":"https:\/\/www.pinterest.com\/rhall101511\/",
        "first_name":"Reatha",
        "last_name":"Dake Hall",
        "id":"485051959775075104"
      },
      "url":"https:\/\/www.pinterest.com\/pin\/485051822343253207\/",
      "media":{
        "type":"image"
      },
      "created_at":"2015-03-28T15:57:19",
      "original_link":"http:\/\/www.miraclenoodle.com\/t-testimonials.aspx?pagenum=2",
      "note":"MiracleNoodle | Testimonials",
      "color":"#edecea",
      "link":"https:\/\/www.pinterest.com\/r\/pin\/485051822343253207\/4779055074072594921\/1429e9b334a0e23cb524e09f8f42a9c40898f8977f800a6a0f2ab696cdfb6968",
      "board":{
        "url":"https:\/\/www.pinterest.com\/rhall101511\/before-and-after-weightloss-motivation\/",
        "id":"485051891055621099",
        "name":"Before and After Weightloss Motivation"
      },
      "image":{
        "original":{
          "url":"https:\/\/s-media-cache-ak0.pinimg.com\/originals\/aa\/38\/0a\/aa380a1ff92bec448946c6534da35769.jpg",
          "width":450,
          "height":390
        }
      },
      "counts":{
        "likes":0,
        "comments":0,
        "repins":0
      },
      "id":"485051822343253207",
      "metadata":{
      }
    },
    {
      "attribution":null,
      "creator":{
        "url":"https:\/\/www.pinterest.com\/rhall101511\/",
        "first_name":"Reatha",
        "last_name":"Dake Hall",
        "id":"485051959775075104"
      },
      "url":"https:\/\/www.pinterest.com\/pin\/485051822343253200\/",
      "media":{
        "type":"image"
      },
      "created_at":"2015-03-28T15:56:38",
      "original_link":"http:\/\/www.miraclenoodle.com\/t-testimonials.aspx",
      "note":"MiracleNoodle | Testimonials",
      "color":"#ecebea",
      "link":"https:\/\/www.pinterest.com\/r\/pin\/485051822343253200\/4779055074072594921\/b1b1ea3a1ee4ecfb83fe0b507650ea69c3f3e87bcd3deb51bd8405a01ada4a46",
      "board":{
        "url":"https:\/\/www.pinterest.com\/rhall101511\/before-and-after-weightloss-motivation\/",
        "id":"485051891055621099",
        "name":"Before and After Weightloss Motivation"
      },
      "image":{
        "original":{
          "url":"https:\/\/s-media-cache-ak0.pinimg.com\/originals\/21\/83\/50\/218350069d94011c7ef0cadd98b3d243.png",
          "width":451,
          "height":390
        }
      },
      "counts":{
        "likes":0,
        "comments":0,
        "repins":0
      },
      "id":"485051822343253200",
      "metadata":{
      }
    },
    {
      "attribution":null,
      "creator":{
        "url":"https:\/\/www.pinterest.com\/rhall101511\/",
        "first_name":"Reatha",
        "last_name":"Dake Hall",
        "id":"485051959775075104"
      },
      "url":"https:\/\/www.pinterest.com\/pin\/485051822343253191\/",
      "media":{
        "type":"image"
      },
      "created_at":"2015-03-28T15:55:42",
      "original_link":"http:\/\/www.miraclenoodle.com\/t-testimonials.aspx",
      "note":"MiracleNoodle | Testimonials",
      "color":"#cec9c4",
      "link":"https:\/\/www.pinterest.com\/r\/pin\/485051822343253191\/4779055074072594921\/e4bbf40a9d664538ecd87d08d2a50ddfb56d974e3d146f88cbf0a851cd4dfff4",
      "board":{
        "url":"https:\/\/www.pinterest.com\/rhall101511\/before-and-after-weightloss-motivation\/",
        "id":"485051891055621099",
        "name":"Before and After Weightloss Motivation"
      },
      "image":{
        "original":{
          "url":"https:\/\/s-media-cache-ak0.pinimg.com\/originals\/15\/df\/93\/15df93d4dd744e501819737bb083792d.jpg",
          "width":221,
          "height":288
        }
      },
      "counts":{
        "likes":0,
        "comments":0,
        "repins":0
      },
      "id":"485051822343253191",
      "metadata":{
      }
    },
    {
      "attribution":null,
      "creator":{
        "url":"https:\/\/www.pinterest.com\/rhall101511\/",
        "first_name":"Reatha",
        "last_name":"Dake Hall",
        "id":"485051959775075104"
      },
      "url":"https:\/\/www.pinterest.com\/pin\/485051822343253186\/",
      "media":{
        "type":"image"
      },
      "created_at":"2015-03-28T15:55:31",
      "original_link":"http:\/\/www.miraclenoodle.com\/t-testimonials.aspx",
      "note":"MiracleNoodle | Testimonials",
      "color":"#b3a5a0",
      "link":"https:\/\/www.pinterest.com\/r\/pin\/485051822343253186\/4779055074072594921\/5d1156b3fabe949094189b2c95319d7da409db3208b013aa63307dcbadd05a34",
      "board":{
        "url":"https:\/\/www.pinterest.com\/rhall101511\/before-and-after-weightloss-motivation\/",
        "id":"485051891055621099",
        "name":"Before and After Weightloss Motivation"
      },
      "image":{
        "original":{
          "url":"https:\/\/s-media-cache-ak0.pinimg.com\/originals\/5f\/ca\/20\/5fca20137f7a1ad709ce266735f5b5ea.jpg",
          "width":433,
          "height":214
        }
      },
      "counts":{
        "likes":0,
        "comments":0,
        "repins":0
      },
      "id":"485051822343253186",
      "metadata":{
      }
    },
    {
      "attribution":null,
      "creator":{
        "url":"https:\/\/www.pinterest.com\/rhall101511\/",
        "first_name":"Reatha",
        "last_name":"Dake Hall",
        "id":"485051959775075104"
      },
      "url":"https:\/\/www.pinterest.com\/pin\/485051822343253184\/",
      "media":{
        "type":"image"
      },
      "created_at":"2015-03-28T15:55:21",
      "original_link":"http:\/\/www.miraclenoodle.com\/t-testimonials.aspx",
      "note":"MiracleNoodle | Testimonials",
      "color":"#b0aba9",
      "link":"https:\/\/www.pinterest.com\/r\/pin\/485051822343253184\/4779055074072594921\/d5a3a4b596d7108977c00aa5046265e708c2d7bcad43ea715c1167f9f5addf58",
      "board":{
        "url":"https:\/\/www.pinterest.com\/rhall101511\/before-and-after-weightloss-motivation\/",
        "id":"485051891055621099",
        "name":"Before and After Weightloss Motivation"
      },
      "image":{
        "original":{
          "url":"https:\/\/s-media-cache-ak0.pinimg.com\/originals\/e8\/0e\/c3\/e80ec34dc7332c30565fba6aa4c849a5.jpg",
          "width":433,
          "height":214
        }
      },
      "counts":{
        "likes":0,
        "comments":0,
        "repins":0
      },
      "id":"485051822343253184",
      "metadata":{
      }
    },
    {
      "attribution":null,
      "creator":{
        "url":"https:\/\/www.pinterest.com\/rhall101511\/",
        "first_name":"Reatha",
        "last_name":"Dake Hall",
        "id":"485051959775075104"
      },
      "url":"https:\/\/www.pinterest.com\/pin\/485051822343253146\/",
      "media":{
        "type":"image"
      },
      "created_at":"2015-03-28T15:53:24",
      "original_link":"http:\/\/www.sugarfreemom.com\/my-journey-before-after-pics\/",
      "note":"afterpic",
      "color":"#6d6c69",
      "link":"https:\/\/www.pinterest.com\/r\/pin\/485051822343253146\/4779055074072594921\/788800a94bd6cb7a218802c46a233cfb942d912c62fca82f80259f889a5c7f19",
      "board":{
        "url":"https:\/\/www.pinterest.com\/rhall101511\/before-and-after-weightloss-motivation\/",
        "id":"485051891055621099",
        "name":"Before and After Weightloss Motivation"
      },
      "image":{
        "original":{
          "url":"https:\/\/s-media-cache-ak0.pinimg.com\/originals\/a3\/6d\/df\/a36ddf45c50acbc0315aa4d7061ee121.jpg",
          "width":1024,
          "height":768
        }
      },
      "counts":{
        "likes":0,
        "comments":0,
        "repins":0
      },
      "id":"485051822343253146",
      "metadata":{
      }
    },
    {
      "attribution":null,
      "creator":{
        "url":"https:\/\/www.pinterest.com\/rhall101511\/",
        "first_name":"Reatha",
        "last_name":"Dake Hall",
        "id":"485051959775075104"
      },
      "url":"https:\/\/www.pinterest.com\/pin\/485051822343253129\/",
      "media":{
        "type":"image"
      },
      "created_at":"2015-03-28T15:52:34",
      "original_link":"http:\/\/sparrowhawkseries.com\/atkins-diet-pictures-before-after\/",
      "note":"atkins diet pictures before after (4)",
      "color":"#443333",
      "link":"https:\/\/www.pinterest.com\/r\/pin\/485051822343253129\/4779055074072594921\/dd88c848b3cf49a752277176f4acd77a96ddc685e9485159adc5cadc6c20db42",
      "board":{
        "url":"https:\/\/www.pinterest.com\/rhall101511\/before-and-after-weightloss-motivation\/",
        "id":"485051891055621099",
        "name":"Before and After Weightloss Motivation"
      },
      "image":{
        "original":{
          "url":"https:\/\/s-media-cache-ak0.pinimg.com\/originals\/f3\/65\/31\/f36531d4b689d6e77a8bcbfd9cedf1bd.gif",
          "width":395,
          "height":372
        }
      },
      "counts":{
        "likes":0,
        "comments":0,
        "repins":5
      },
      "id":"485051822343253129",
      "metadata":{
      }
    },
    {
      "attribution":null,
      "creator":{
        "url":"https:\/\/www.pinterest.com\/rhall101511\/",
        "first_name":"Reatha",
        "last_name":"Dake Hall",
        "id":"485051959775075104"
      },
      "url":"https:\/\/www.pinterest.com\/pin\/485051822343253123\/",
      "media":{
        "type":"image"
      },
      "created_at":"2015-03-28T15:52:10",
      "original_link":"http:\/\/sparrowhawkseries.com\/atkins-diet-pictures-before-after\/",
      "note":"atkins diet pictures before after",
      "color":"#cdbcba",
      "link":"https:\/\/www.pinterest.com\/r\/pin\/485051822343253123\/4779055074072594921\/7c5c5af4cb8d8cc2ffddeaaded64b4a8dcb85c9ba9d005b03ce6bb0c6b2a0d68",
      "board":{
        "url":"https:\/\/www.pinterest.com\/rhall101511\/before-and-after-weightloss-motivation\/",
        "id":"485051891055621099",
        "name":"Before and After Weightloss Motivation"
      },
      "image":{
        "original":{
          "url":"https:\/\/s-media-cache-ak0.pinimg.com\/originals\/00\/ae\/1e\/00ae1e90fca2233566f280d4e95c1cc0.jpg",
          "width":350,
          "height":300
        }
      },
      "counts":{
        "likes":0,
        "comments":0,
        "repins":0
      },
      "id":"485051822343253123",
      "metadata":{
      }
    },
    {
      "attribution":null,
      "creator":{
        "url":"https:\/\/www.pinterest.com\/rhall101511\/",
        "first_name":"Reatha",
        "last_name":"Dake Hall",
        "id":"485051959775075104"
      },
      "url":"https:\/\/www.pinterest.com\/pin\/485051822343253098\/",
      "media":{
        "type":"image"
      },
      "created_at":"2015-03-28T15:49:51",
      "original_link":"http:\/\/www.leangains.com\/2010\/04\/leangains-inspired-bodyrecomposition.html",
      "note":"Leangains-Inspired Bodyrecomposition | Intermittent fasting diet for fat loss, muscle gain and health",
      "color":"#a39b8d",
      "link":"https:\/\/www.pinterest.com\/r\/pin\/485051822343253098\/4779055074072594921\/5a23a9f01d7b4e68b49fb0597a9ced332f171dd231641083cdf70fe3118c3582",
      "board":{
        "url":"https:\/\/www.pinterest.com\/rhall101511\/before-and-after-weightloss-motivation\/",
        "id":"485051891055621099",
        "name":"Before and After Weightloss Motivation"
      },
      "image":{
        "original":{
          "url":"https:\/\/s-media-cache-ak0.pinimg.com\/originals\/b8\/16\/8d\/b8168d3fb03b1594237827ca00fb9c78.jpg",
          "width":476,
          "height":631
        }
      },
      "counts":{
        "likes":0,
        "comments":0,
        "repins":1
      },
      "id":"485051822343253098",
      "metadata":{
      }
    },
    {
      "attribution":null,
      "creator":{
        "url":"https:\/\/www.pinterest.com\/rhall101511\/",
        "first_name":"Reatha",
        "last_name":"Dake Hall",
        "id":"485051959775075104"
      },
      "url":"https:\/\/www.pinterest.com\/pin\/485051822343253059\/",
      "media":{
        "type":"image"
      },
      "created_at":"2015-03-28T15:47:06",
      "original_link":"http:\/\/www.skinnyfiberweightlosssupport.com\/p\/before-and-after-weight-loss-skinny.html",
      "note":"Skinny Fiber Weight Loss Success Pictures",
      "color":"#f5eeeb",
      "link":"https:\/\/www.pinterest.com\/r\/pin\/485051822343253059\/4779055074072594921\/5e8debb8c4563a891500dfc70232d5d68fd99d58f1527c4b728ebff0660b7dfa",
      "board":{
        "url":"https:\/\/www.pinterest.com\/rhall101511\/before-and-after-weightloss-motivation\/",
        "id":"485051891055621099",
        "name":"Before and After Weightloss Motivation"
      },
      "image":{
        "original":{
          "url":"https:\/\/s-media-cache-ak0.pinimg.com\/originals\/54\/7e\/a1\/547ea141bbf5337422a4b5738dd7f333.jpg",
          "width":320,
          "height":238
        }
      },
      "counts":{
        "likes":0,
        "comments":0,
        "repins":0
      },
      "id":"485051822343253059",
      "metadata":{
      }
    },
    {
      "attribution":null,
      "creator":{
        "url":"https:\/\/www.pinterest.com\/rhall101511\/",
        "first_name":"Reatha",
        "last_name":"Dake Hall",
        "id":"485051959775075104"
      },
      "url":"https:\/\/www.pinterest.com\/pin\/485051822343252882\/",
      "media":{
        "type":"image"
      },
      "created_at":"2015-03-28T15:29:35",
      "original_link":"http:\/\/www.womenshealthmag.com\/weight-loss",
      "note":"Women&#39;s Health Magazine: Lose Weight &amp; Increase Your Metabolism ...",
      "color":"#7d5a56",
      "link":"https:\/\/www.pinterest.com\/r\/pin\/485051822343252882\/4779055074072594921\/64f4fe5b30bd0893587627c81ba5072128e833596032a702559dea5d3dcd983a",
      "board":{
        "url":"https:\/\/www.pinterest.com\/rhall101511\/before-and-after-weightloss-motivation\/",
        "id":"485051891055621099",
        "name":"Before and After Weightloss Motivation"
      },
      "image":{
        "original":{
          "url":"https:\/\/s-media-cache-ak0.pinimg.com\/originals\/2b\/b2\/24\/2bb2246f598073645fc12297f07f16eb.jpg",
          "width":251,
          "height":201
        }
      },
      "counts":{
        "likes":0,
        "comments":0,
        "repins":0
      },
      "id":"485051822343252882",
      "metadata":{
        "article":{
          "published_at":null,
          "description":"LATEST WEIGHT LOSS STORIES",
          "name":"Weight Loss",
          "authors":[]
        },
        "link":{
          "locale":"en",
          "title":"Weight Loss",
          "site_name":"Women's Health",
          "description":"LATEST WEIGHT LOSS STORIES",
          "favicon":"https:\/\/s-media-cache-ak0.pinimg.com\/favicons\/2e5d77d5fcbcfd9c98ee2feb3a19a058812fbe8d95f198b32d9f9a07.ico?dbb79828a114bd9a5eb066401d048f1e"
        }
      }
    },
    {
      "attribution":null,
      "creator":{
        "url":"https:\/\/www.pinterest.com\/rhall101511\/",
        "first_name":"Reatha",
        "last_name":"Dake Hall",
        "id":"485051959775075104"
      },
      "url":"https:\/\/www.pinterest.com\/pin\/485051822343252859\/",
      "media":{
        "type":"image"
      },
      "created_at":"2015-03-28T15:26:54",
      "original_link":"http:\/\/www.womenshealthmag.com\/weight-loss\/weight-loss-and-low-carb-diets",
      "note":"More Energetic than Ever | Women&#39;s Health Magazine",
      "color":"#1f2117",
      "link":"https:\/\/www.pinterest.com\/r\/pin\/485051822343252859\/4779055074072594921\/82dc5474031883a05b1067a7b145ee77b7493d9186310768c2f189c9fa7c1f28",
      "board":{
        "url":"https:\/\/www.pinterest.com\/rhall101511\/before-and-after-weightloss-motivation\/",
        "id":"485051891055621099",
        "name":"Before and After Weightloss Motivation"
      },
      "image":{
        "original":{
          "url":"https:\/\/s-media-cache-ak0.pinimg.com\/originals\/91\/f4\/8f\/91f48fc0bed78656c760fdf09c3a4b95.jpg",
          "width":800,
          "height":800
        }
      },
      "counts":{
        "likes":0,
        "comments":0,
        "repins":0
      },
      "id":"485051822343252859",
      "metadata":{
        "article":{
          "published_at":null,
          "description":"Vital Stats Name Christy Thatcher Hometown Limerick, PA Age 35 Height 5'5\" Job Speech pathologist Weight before 205 Weight after 135 The Gain: \"My life was insane,\" Thatcher says. In 1999 she was going to graduate school, holding down a full-time job, caring for a young child, and driving from Pennsylvania to New Jersey on weekends to visit her mom, who was battling cancer. With so little time to spare, she routinely reached for fast food. \"Taco Bell was my demise,\" Thatcher says. A typical day's diet: nachos, a hamburger, ice cream, and soda. Over the next 2 years, she gained 70 pounds.",
          "name":"More Energetic than Ever",
          "authors":[]
        },
        "link":{
          "locale":"en",
          "title":"More Energetic than Ever",
          "site_name":"Women's Health",
          "description":"Thanks to a low carb diet and triathlon training, Christy Thatcher is more energetic than ever!",
          "favicon":"https:\/\/s-media-cache-ak0.pinimg.com\/favicons\/2e5d77d5fcbcfd9c98ee2feb3a19a058812fbe8d95f198b32d9f9a07.ico?dbb79828a114bd9a5eb066401d048f1e"
        }
      }
    },
    {
      "attribution":null,
      "creator":{
        "url":"https:\/\/www.pinterest.com\/rhall101511\/",
        "first_name":"Reatha",
        "last_name":"Dake Hall",
        "id":"485051959775075104"
      },
      "url":"https:\/\/www.pinterest.com\/pin\/485051822343252848\/",
      "media":{
        "type":"image"
      },
      "created_at":"2015-03-28T15:25:45",
      "original_link":"http:\/\/www.carbsmart.com\/tinakaye.html",
      "note":"Tinakaye&#39;s Story",
      "color":"#655d6a",
      "link":"https:\/\/www.pinterest.com\/r\/pin\/485051822343252848\/4779055074072594921\/eb9962136a9ca377614a0278491d572f4e18eb6cd393c1a5e10df91e72a4d953",
      "board":{
        "url":"https:\/\/www.pinterest.com\/rhall101511\/before-and-after-weightloss-motivation\/",
        "id":"485051891055621099",
        "name":"Before and After Weightloss Motivation"
      },
      "image":{
        "original":{
          "url":"https:\/\/s-media-cache-ak0.pinimg.com\/originals\/76\/45\/56\/764556c96b2de1fb7b4d4c9d8b3da3cd.jpg",
          "width":234,
          "height":250
        }
      },
      "counts":{
        "likes":0,
        "comments":0,
        "repins":0
      },
      "id":"485051822343252848",
      "metadata":{
      }
    },
    {
      "attribution":null,
      "creator":{
        "url":"https:\/\/www.pinterest.com\/rhall101511\/",
        "first_name":"Reatha",
        "last_name":"Dake Hall",
        "id":"485051959775075104"
      },
      "url":"https:\/\/www.pinterest.com\/pin\/485051822343252843\/",
      "media":{
        "type":"image"
      },
      "created_at":"2015-03-28T15:24:19",
      "original_link":"http:\/\/www.atkinsdietbulletinboard.com\/",
      "note":"Atkins Diet - Forum Happenings",
      "color":"#767069",
      "link":"https:\/\/www.pinterest.com\/r\/pin\/485051822343252843\/4779055074072594921\/79adbaba24bcd29187e1b9c6c140cbde895f227f5f587701912213e7ba36ae96",
      "board":{
        "url":"https:\/\/www.pinterest.com\/rhall101511\/before-and-after-weightloss-motivation\/",
        "id":"485051891055621099",
        "name":"Before and After Weightloss Motivation"
      },
      "image":{
        "original":{
          "url":"https:\/\/s-media-cache-ak0.pinimg.com\/originals\/83\/92\/d5\/8392d59bc57b095bc1cd1ef4626445c2.jpg",
          "width":407,
          "height":321
        }
      },
      "counts":{
        "likes":0,
        "comments":0,
        "repins":0
      },
      "id":"485051822343252843",
      "metadata":{
      }
    },
    {
      "attribution":null,
      "creator":{
        "url":"https:\/\/www.pinterest.com\/rhall101511\/",
        "first_name":"Reatha",
        "last_name":"Dake Hall",
        "id":"485051959775075104"
      },
      "url":"https:\/\/www.pinterest.com\/pin\/485051822343252831\/",
      "media":{
        "type":"image"
      },
      "created_at":"2015-03-28T15:23:00",
      "original_link":"http:\/\/www.lowcarbdietnews.com\/success-story-losing-40lbs-and-discovering-a-lifelong-allergy-to-wheat-by-going-low-carb\/?utm_source=rss&utm_medium=rss&utm_campaign=success-story-losing-40lbs-and-discovering-a-lifelong-allergy-to-wheat-by-going-low-carb",
      "note":"Low Carb Diet News - Success Story: Losing 40lbs and Discovering a ...",
      "color":"#705a44",
      "link":"https:\/\/www.pinterest.com\/r\/pin\/485051822343252831\/4779055074072594921\/afbe391e3ba9cbf0ba06f5bbb2c8a347a224a936263159dc980b55559fcd6e2a",
      "board":{
        "url":"https:\/\/www.pinterest.com\/rhall101511\/before-and-after-weightloss-motivation\/",
        "id":"485051891055621099",
        "name":"Before and After Weightloss Motivation"
      },
      "image":{
        "original":{
          "url":"https:\/\/s-media-cache-ak0.pinimg.com\/originals\/2c\/2d\/93\/2c2d935651633685b6cc9089742010b8.jpg",
          "width":259,
          "height":300
        }
      },
      "counts":{
        "likes":1,
        "comments":0,
        "repins":4
      },
      "id":"485051822343252831",
      "metadata":{
      }
    },
    {
      "attribution":null,
      "creator":{
        "url":"https:\/\/www.pinterest.com\/rhall101511\/",
        "first_name":"Reatha",
        "last_name":"Dake Hall",
        "id":"485051959775075104"
      },
      "url":"https:\/\/www.pinterest.com\/pin\/485051822343252823\/",
      "media":{
        "type":"image"
      },
      "created_at":"2015-03-28T15:22:31",
      "original_link":"http:\/\/www.learnlowcarb.com\/wp\/lowcarb-journey\/",
      "note":"My Low-Carb Diet Story \u2014 LearnLowCarb",
      "color":"#928157",
      "link":"https:\/\/www.pinterest.com\/r\/pin\/485051822343252823\/4779055074072594921\/84e9898dd0545a753ef91b1525290fff2124bb01776b110b7f972c1280011ed9",
      "board":{
        "url":"https:\/\/www.pinterest.com\/rhall101511\/before-and-after-weightloss-motivation\/",
        "id":"485051891055621099",
        "name":"Before and After Weightloss Motivation"
      },
      "image":{
        "original":{
          "url":"https:\/\/s-media-cache-ak0.pinimg.com\/originals\/bc\/51\/41\/bc51413b17b99a2111466a1f650dbd59.jpg",
          "width":351,
          "height":233
        }
      },
      "counts":{
        "likes":0,
        "comments":0,
        "repins":0
      },
      "id":"485051822343252823",
      "metadata":{
      }
    },
    {
      "attribution":null,
      "creator":{
        "url":"https:\/\/www.pinterest.com\/rhall101511\/",
        "first_name":"Reatha",
        "last_name":"Dake Hall",
        "id":"485051959775075104"
      },
      "url":"https:\/\/www.pinterest.com\/pin\/485051822343252821\/",
      "media":{
        "type":"image"
      },
      "created_at":"2015-03-28T15:22:19",
      "original_link":"http:\/\/www.marksdailyapple.com\/the-book\/success-stories\/",
      "note":"Success Stories | Mark&#39;s Daily Apple",
      "color":"#665a51",
      "link":"https:\/\/www.pinterest.com\/r\/pin\/485051822343252821\/4779055074072594921\/e88955be18423a516c44fa3a9f58608f3a89c28d66ab3d6ee71647cb3d6f3b2e",
      "board":{
        "url":"https:\/\/www.pinterest.com\/rhall101511\/before-and-after-weightloss-motivation\/",
        "id":"485051891055621099",
        "name":"Before and After Weightloss Motivation"
      },
      "image":{
        "original":{
          "url":"https:\/\/s-media-cache-ak0.pinimg.com\/originals\/8b\/bc\/7f\/8bbc7f4a65c09182a7f3869c7701aca7.jpg",
          "width":640,
          "height":567
        }
      },
      "counts":{
        "likes":0,
        "comments":0,
        "repins":0
      },
      "id":"485051822343252821",
      "metadata":{
        "article":{
          "published_at":"2009-02-03T00:00:00",
          "description":"The Primal Blueprint message has been received and taken to heart by regular readers of Mark's Daily Apple. I receive emails nearly every day with inspiring, life-changing success stories. People that reversed diabetes; lost 50+ pounds and took back control of their lives; refined their diet and exercise program to attain goals they thought were impossible. Here is just a small sample of the amazing accounts of transformation I have received over the last year. If you have your own personal success story you would like to share please drop me a line via our contact form. You can also share your story (and upload before and after pics) in the Primal Blueprint Success Stories forum. Click Here for More Success Stories... I went primal back in mid November after seeing the results in Son of Grok. I've been overweight my whole life and when I recently realized I was just over 300 I knew it was time to change and this time actually stick to it. There are very few foods I miss or crave and",
          "name":"Success Stories",
          "authors":[]
        },
        "link":{
          "locale":"en",
          "title":"Success Stories | Mark's Daily Apple",
          "site_name":"Mark's Daily Apple",
          "description":"The Primal Blueprint message has been received and taken to heart by regular readers of Mark's Daily Apple. I receive emails nearly every day with inspiring,",
          "favicon":"https:\/\/s-media-cache-ak0.pinimg.com\/favicons\/37c22907261a34590bd04eab59cf197d4d1458fc0ffb40fd754ea3ea.ico?58a667d12ded0f770bdfe65df8d332ec"
        }
      }
    },
    {
      "attribution":null,
      "creator":{
        "url":"https:\/\/www.pinterest.com\/rhall101511\/",
        "first_name":"Reatha",
        "last_name":"Dake Hall",
        "id":"485051959775075104"
      },
      "url":"https:\/\/www.pinterest.com\/pin\/485051822343252815\/",
      "media":{
        "type":"image"
      },
      "created_at":"2015-03-28T15:22:08",
      "original_link":"https:\/\/metabolicmemory.wordpress.com\/2010\/12\/23\/vicki-drops-atkins-for-eet-goes-from-115-to-105-lost-last-10-lbs-in-60-days\/",
      "note":"Vicki Drops Atkins for EET \u2013 goes from 115 to 105 (Lost LAST 10 ...",
      "color":"#9b947f",
      "link":"https:\/\/www.pinterest.com\/r\/pin\/485051822343252815\/4779055074072594921\/09f6f240a930e1e66c32813e7615d1e5d1577bca4a2d43303c93c52145643594",
      "board":{
        "url":"https:\/\/www.pinterest.com\/rhall101511\/before-and-after-weightloss-motivation\/",
        "id":"485051891055621099",
        "name":"Before and After Weightloss Motivation"
      },
      "image":{
        "original":{
          "url":"https:\/\/s-media-cache-ak0.pinimg.com\/originals\/f5\/28\/1a\/f5281a2c6caeb90bdfeb8ac58a72441f.jpg",
          "width":573,
          "height":451
        }
      },
      "counts":{
        "likes":0,
        "comments":0,
        "repins":0
      },
      "id":"485051822343252815",
      "metadata":{
        "article":{
          "published_at":"2010-12-23T00:00:00",
          "description":"Meet EET's lastest success story Vicki. Lost her last 10 pounds in 2 months starting out at 115 -- STARVATION DIET, RIGHT? Not for Vicki she's an EETer and one of the BEST at it! Vicki's EET ef...",
          "name":"Vicki Drops Atkins for EET - goes from 115 to 105 (Lost LAST 10 lbs) in 60 Days!",
          "authors":[]
        },
        "link":{
          "locale":"en_US",
          "title":"Vicki Drops Atkins for EET  - goes from 115 to 105 (Lost LAST 10 lbs) in 60 Days!",
          "site_name":"The EET Fitness Plan: EET's Blog",
          "description":"Meet EET's lastest success story Vicki.\u00a0 Lost her last 10 pounds in 2 months starting out at 115 -- STARVATION DIET, RIGHT?\u00a0 Not for Vicki she's an EETer and one of the BEST at it!\u00a0 Vicki's\u00a0 EET efforts can send a HUGE message to anyone trying to lose weight! (click to enlarge) NOTE:\u00a0 This is\u2026",
          "favicon":"https:\/\/s-media-cache-ak0.pinimg.com\/favicons\/4c43589d517b30043544ef57db0579b00a65e1911e87d69649e4fa3e?f798fbca81bbccff8553539a64721115"
        }
      }
    }
  ],
  "page":{
    "cursor":"LT40ODUwNTE4MjIzNDMyNTI4MTU6MTA4MnwyMjJhMzcwM2UwMGFmOGZiNDBjMTRmMWE4ZWMwMTM1ZjA4YWYxNjI3YzljNDU5OTI1Y2NlZjdjZDhiMjA1N2Qx",
    "next":"https:\/\/api.pinterest.com\/v1\/boards\/rhall101511\/before-and-after-weightloss-motivation\/pins\/?access_token=AZlZE-HOK-Y4205yRft75KyYVaauFCBIs8jxSxdCtrJcomAqbQAAAAA&fields=id%2Clink%2Cnote%2Curl%2Cattribution%2Cmedia%2Cmetadata%2Cboard%2Ccolor%2Ccounts%2Ccreated_at%2Ccreator%2Cimage%2Coriginal_link&cursor=LT40ODUwNTE4MjIzNDMyNTI4MTU6MTA4MnwyMjJhMzcwM2UwMGFmOGZiNDBjMTRmMWE4ZWMwMTM1ZjA4YWYxNjI3YzljNDU5OTI1Y2NlZjdjZDhiMjA1N2Qx"
  }
}
