{
  "data":[
    {
      "attribution":null,
      "creator":{
        "url":"https:\/\/www.pinterest.com\/rhall101511\/",
        "first_name":"Reatha",
        "last_name":"Dake Hall",
        "id":"485051959775075104"
      },
      "url":"https:\/\/www.pinterest.com\/pin\/485051822341887452\/",
      "media":{
        "type":"image"
      },
      "created_at":"2014-12-27T16:18:48",
      "original_link":"",
      "note":"Weight loss",
      "color":"#b19f80",
      "link":"",
      "board":{
        "url":"https:\/\/www.pinterest.com\/rhall101511\/before-and-after-weightloss-motivation\/",
        "id":"485051891055621099",
        "name":"Before and After Weightloss Motivation"
      },
      "image":{
        "original":{
          "url":"https:\/\/s-media-cache-ak0.pinimg.com\/originals\/68\/6c\/18\/686c181d7de5955134b6117df71417e3.jpg",
          "width":500,
          "height":500
        }
      },
      "counts":{
        "likes":0,
        "comments":0,
        "repins":1
      },
      "id":"485051822341887452",
      "metadata":{
      }
    },
    {
      "attribution":null,
      "creator":{
        "url":"https:\/\/www.pinterest.com\/rhall101511\/",
        "first_name":"Reatha",
        "last_name":"Dake Hall",
        "id":"485051959775075104"
      },
      "url":"https:\/\/www.pinterest.com\/pin\/485051822341887450\/",
      "media":{
        "type":"image"
      },
      "created_at":"2014-12-27T16:18:42",
      "original_link":"",
      "note":"Before and After Weight Loss Success Story Photo",
      "color":"#6c6156",
      "link":"",
      "board":{
        "url":"https:\/\/www.pinterest.com\/rhall101511\/before-and-after-weightloss-motivation\/",
        "id":"485051891055621099",
        "name":"Before and After Weightloss Motivation"
      },
      "image":{
        "original":{
          "url":"https:\/\/s-media-cache-ak0.pinimg.com\/originals\/3a\/74\/ae\/3a74ae70cdefc2441b8c0918d3e76f9f.jpg",
          "width":554,
          "height":415
        }
      },
      "counts":{
        "likes":0,
        "comments":0,
        "repins":1
      },
      "id":"485051822341887450",
      "metadata":{
      }
    },
    {
      "attribution":null,
      "creator":{
        "url":"https:\/\/www.pinterest.com\/rhall101511\/",
        "first_name":"Reatha",
        "last_name":"Dake Hall",
        "id":"485051959775075104"
      },
      "url":"https:\/\/www.pinterest.com\/pin\/485051822341887448\/",
      "media":{
        "type":"image"
      },
      "created_at":"2014-12-27T16:18:35",
      "original_link":"",
      "note":"Weight loss before and after",
      "color":"#8b4c52",
      "link":"",
      "board":{
        "url":"https:\/\/www.pinterest.com\/rhall101511\/before-and-after-weightloss-motivation\/",
        "id":"485051891055621099",
        "name":"Before and After Weightloss Motivation"
      },
      "image":{
        "original":{
          "url":"https:\/\/s-media-cache-ak0.pinimg.com\/originals\/92\/83\/dc\/9283dc7ca57ad56da209d01eb7a726a1.jpg",
          "width":640,
          "height":640
        }
      },
      "counts":{
        "likes":0,
        "comments":0,
        "repins":2
      },
      "id":"485051822341887448",
      "metadata":{
      }
    },
    {
      "attribution":null,
      "creator":{
        "url":"https:\/\/www.pinterest.com\/rhall101511\/",
        "first_name":"Reatha",
        "last_name":"Dake Hall",
        "id":"485051959775075104"
      },
      "url":"https:\/\/www.pinterest.com\/pin\/485051822341887440\/",
      "media":{
        "type":"image"
      },
      "created_at":"2014-12-27T16:17:51",
      "original_link":"",
      "note":"Before and After Weight Loss Photo",
      "color":"#927659",
      "link":"",
      "board":{
        "url":"https:\/\/www.pinterest.com\/rhall101511\/before-and-after-weightloss-motivation\/",
        "id":"485051891055621099",
        "name":"Before and After Weightloss Motivation"
      },
      "image":{
        "original":{
          "url":"https:\/\/s-media-cache-ak0.pinimg.com\/originals\/de\/7c\/28\/de7c2830b14b23179ebda3b70f8c4b40.jpg",
          "width":297,
          "height":320
        }
      },
      "counts":{
        "likes":0,
        "comments":0,
        "repins":1
      },
      "id":"485051822341887440",
      "metadata":{
      }
    },
    {
      "attribution":null,
      "creator":{
        "url":"https:\/\/www.pinterest.com\/rhall101511\/",
        "first_name":"Reatha",
        "last_name":"Dake Hall",
        "id":"485051959775075104"
      },
      "url":"https:\/\/www.pinterest.com\/pin\/485051822341887439\/",
      "media":{
        "type":"image"
      },
      "created_at":"2014-12-27T16:17:45",
      "original_link":"http:\/\/funnie.st\/399298\/weight-transformation\/26\/",
      "note":"Before and After Weight Loss",
      "color":"#948680",
      "link":"https:\/\/www.pinterest.com\/r\/pin\/485051822341887439\/4779055074072594921\/86ed890dcb28b4c33b2b94aa88244f9faa2528cbc5f0e32126659f38437f6577",
      "board":{
        "url":"https:\/\/www.pinterest.com\/rhall101511\/before-and-after-weightloss-motivation\/",
        "id":"485051891055621099",
        "name":"Before and After Weightloss Motivation"
      },
      "image":{
        "original":{
          "url":"https:\/\/s-media-cache-ak0.pinimg.com\/originals\/c5\/e1\/3a\/c5e13a25a22c31c5d74b31bad742944e.jpg",
          "width":500,
          "height":584
        }
      },
      "counts":{
        "likes":0,
        "comments":0,
        "repins":1
      },
      "id":"485051822341887439",
      "metadata":{
      }
    },
    {
      "attribution":null,
      "creator":{
        "url":"https:\/\/www.pinterest.com\/rhall101511\/",
        "first_name":"Reatha",
        "last_name":"Dake Hall",
        "id":"485051959775075104"
      },
      "url":"https:\/\/www.pinterest.com\/pin\/485051822341887438\/",
      "media":{
        "type":"image"
      },
      "created_at":"2014-12-27T16:17:38",
      "original_link":"http:\/\/www.fatlosss.info\/2013\/02\/05\/before-and-after-weight-loss-success-story-photo-25\/",
      "note":"Before and After Weight Loss Success Story Photo",
      "color":"#816a55",
      "link":"https:\/\/www.pinterest.com\/r\/pin\/485051822341887438\/4779055074072594921\/59fd05bbeba755114eea79cec8eda0d1ffef0c710d3076d90c97626ca9373c93",
      "board":{
        "url":"https:\/\/www.pinterest.com\/rhall101511\/before-and-after-weightloss-motivation\/",
        "id":"485051891055621099",
        "name":"Before and After Weightloss Motivation"
      },
      "image":{
        "original":{
          "url":"https:\/\/s-media-cache-ak0.pinimg.com\/originals\/e6\/8c\/0d\/e68c0df2cb96c78816494e42d8d0ebb6.jpg",
          "width":500,
          "height":499
        }
      },
      "counts":{
        "likes":0,
        "comments":0,
        "repins":0
      },
      "id":"485051822341887438",
      "metadata":{
      }
    },
    {
      "attribution":null,
      "creator":{
        "url":"https:\/\/www.pinterest.com\/rhall101511\/",
        "first_name":"Reatha",
        "last_name":"Dake Hall",
        "id":"485051959775075104"
      },
      "url":"https:\/\/www.pinterest.com\/pin\/485051822341887437\/",
      "media":{
        "type":"image"
      },
      "created_at":"2014-12-27T16:17:31",
      "original_link":"http:\/\/www.weightlossstories.info\/2013\/07\/03\/before-and-after-weight-loss-photo-252\/",
      "note":"Before and After Weight Loss Photo",
      "color":"#937c61",
      "link":"https:\/\/www.pinterest.com\/r\/pin\/485051822341887437\/4779055074072594921\/0d8744503231f7528f4262789a54850bc9123a393fb20ce9cde6c94f274af6d9",
      "board":{
        "url":"https:\/\/www.pinterest.com\/rhall101511\/before-and-after-weightloss-motivation\/",
        "id":"485051891055621099",
        "name":"Before and After Weightloss Motivation"
      },
      "image":{
        "original":{
          "url":"https:\/\/s-media-cache-ak0.pinimg.com\/originals\/46\/dd\/4b\/46dd4bad8164b399bf01f014eebee4b6.jpg",
          "width":500,
          "height":500
        }
      },
      "counts":{
        "likes":0,
        "comments":0,
        "repins":0
      },
      "id":"485051822341887437",
      "metadata":{
      }
    },
    {
      "attribution":null,
      "creator":{
        "url":"https:\/\/www.pinterest.com\/rhall101511\/",
        "first_name":"Reatha",
        "last_name":"Dake Hall",
        "id":"485051959775075104"
      },
      "url":"https:\/\/www.pinterest.com\/pin\/485051822341887436\/",
      "media":{
        "type":"image"
      },
      "created_at":"2014-12-27T16:17:09",
      "original_link":"http:\/\/www.fitmama.com.hr\/transformacije\/",
      "note":"weight loss",
      "color":"#957262",
      "link":"https:\/\/www.pinterest.com\/r\/pin\/485051822341887436\/4779055074072594921\/9bf894fe70c22e4b0166c274a6be367add3cd223cc6eb270a67191c194385cc4",
      "board":{
        "url":"https:\/\/www.pinterest.com\/rhall101511\/before-and-after-weightloss-motivation\/",
        "id":"485051891055621099",
        "name":"Before and After Weightloss Motivation"
      },
      "image":{
        "original":{
          "url":"https:\/\/s-media-cache-ak0.pinimg.com\/originals\/ad\/d5\/e7\/add5e7934ac09b486c4c74abd4cfdcd1.jpg",
          "width":500,
          "height":376
        }
      },
      "counts":{
        "likes":0,
        "comments":0,
        "repins":0
      },
      "id":"485051822341887436",
      "metadata":{
      }
    },
    {
      "attribution":null,
      "creator":{
        "url":"https:\/\/www.pinterest.com\/rhall101511\/",
        "first_name":"Reatha",
        "last_name":"Dake Hall",
        "id":"485051959775075104"
      },
      "url":"https:\/\/www.pinterest.com\/pin\/485051822341887435\/",
      "media":{
        "type":"image"
      },
      "created_at":"2014-12-27T16:16:57",
      "original_link":"http:\/\/thechive.files.wordpress.com\/2012\/06\/women-before-after-losing-weight-30.jpg",
      "note":"weight loss is possible",
      "color":"#897561",
      "link":"https:\/\/www.pinterest.com\/r\/pin\/485051822341887435\/4779055074072594921\/f4d2bfa28de6859afd9e8c1704495c66ea040cddb62d66c7e61d342e8b97f104",
      "board":{
        "url":"https:\/\/www.pinterest.com\/rhall101511\/before-and-after-weightloss-motivation\/",
        "id":"485051891055621099",
        "name":"Before and After Weightloss Motivation"
      },
      "image":{
        "original":{
          "url":"https:\/\/s-media-cache-ak0.pinimg.com\/originals\/54\/bc\/71\/54bc718103550f633d79d55389c2711e.jpg",
          "width":500,
          "height":751
        }
      },
      "counts":{
        "likes":0,
        "comments":0,
        "repins":1
      },
      "id":"485051822341887435",
      "metadata":{
      }
    },
    {
      "attribution":null,
      "creator":{
        "url":"https:\/\/www.pinterest.com\/rhall101511\/",
        "first_name":"Reatha",
        "last_name":"Dake Hall",
        "id":"485051959775075104"
      },
      "url":"https:\/\/www.pinterest.com\/pin\/485051822341887433\/",
      "media":{
        "type":"image"
      },
      "created_at":"2014-12-27T16:16:45",
      "original_link":"",
      "note":"Before and after  Weight loss and fitness.",
      "color":"#4e4335",
      "link":"",
      "board":{
        "url":"https:\/\/www.pinterest.com\/rhall101511\/before-and-after-weightloss-motivation\/",
        "id":"485051891055621099",
        "name":"Before and After Weightloss Motivation"
      },
      "image":{
        "original":{
          "url":"https:\/\/s-media-cache-ak0.pinimg.com\/originals\/2b\/84\/0b\/2b840b244c6b9b3f118c21c1a875c215.jpg",
          "width":500,
          "height":442
        }
      },
      "counts":{
        "likes":0,
        "comments":0,
        "repins":0
      },
      "id":"485051822341887433",
      "metadata":{
      }
    },
    {
      "attribution":null,
      "creator":{
        "url":"https:\/\/www.pinterest.com\/rhall101511\/",
        "first_name":"Reatha",
        "last_name":"Dake Hall",
        "id":"485051959775075104"
      },
      "url":"https:\/\/www.pinterest.com\/pin\/485051822341887432\/",
      "media":{
        "type":"image"
      },
      "created_at":"2014-12-27T16:16:37",
      "original_link":"",
      "note":"Weight loss before and after photos",
      "color":"#c1aa8f",
      "link":"",
      "board":{
        "url":"https:\/\/www.pinterest.com\/rhall101511\/before-and-after-weightloss-motivation\/",
        "id":"485051891055621099",
        "name":"Before and After Weightloss Motivation"
      },
      "image":{
        "original":{
          "url":"https:\/\/s-media-cache-ak0.pinimg.com\/originals\/19\/c8\/12\/19c812cb72fd07719370d8d4cb984af8.jpg",
          "width":400,
          "height":400
        }
      },
      "counts":{
        "likes":0,
        "comments":0,
        "repins":0
      },
      "id":"485051822341887432",
      "metadata":{
      }
    },
    {
      "attribution":null,
      "creator":{
        "url":"https:\/\/www.pinterest.com\/rhall101511\/",
        "first_name":"Reatha",
        "last_name":"Dake Hall",
        "id":"485051959775075104"
      },
      "url":"https:\/\/www.pinterest.com\/pin\/485051822341887431\/",
      "media":{
        "type":"image"
      },
      "created_at":"2014-12-27T16:16:29",
      "original_link":"http:\/\/www.fatlosss.info\/2013\/03\/27\/before-and-after-weight-loss-27\/",
      "note":"Before and After Weight Loss",
      "color":"#5e5448",
      "link":"https:\/\/www.pinterest.com\/r\/pin\/485051822341887431\/4779055074072594921\/dcdc3a4007874f0f3743469aa1996552143985bb83d7c7de0aa31b69e47b01cb",
      "board":{
        "url":"https:\/\/www.pinterest.com\/rhall101511\/before-and-after-weightloss-motivation\/",
        "id":"485051891055621099",
        "name":"Before and After Weightloss Motivation"
      },
      "image":{
        "original":{
          "url":"https:\/\/s-media-cache-ak0.pinimg.com\/originals\/4e\/e4\/f6\/4ee4f643d0481ec083fe6b2572c10d44.jpg",
          "width":720,
          "height":698
        }
      },
      "counts":{
        "likes":0,
        "comments":0,
        "repins":0
      },
      "id":"485051822341887431",
      "metadata":{
      }
    },
    {
      "attribution":null,
      "creator":{
        "url":"https:\/\/www.pinterest.com\/rhall101511\/",
        "first_name":"Reatha",
        "last_name":"Dake Hall",
        "id":"485051959775075104"
      },
      "url":"https:\/\/www.pinterest.com\/pin\/485051822341887428\/",
      "media":{
        "type":"image"
      },
      "created_at":"2014-12-27T16:16:10",
      "original_link":"http:\/\/edition.cnn.com\/2009\/HEALTH\/12\/04\/fn.beck.griggs\/",
      "note":"352lbs to 139lbs. Weight loss: 213lbs. Posting this AGAIN with a link to CNN for those of you who think it's photoshopped. Her name is Becky Griggs, a 43-year-old fitness trainer. Read her story and how she did it: http:\/\/edition.cnn.com\/2009\/HEALTH\/12\/04\/fn.beck.griggs\/",
      "color":"#57634c",
      "link":"https:\/\/www.pinterest.com\/r\/pin\/485051822341887428\/4779055074072594921\/8fbef3d9461249e204ece625eec5e7f2e3669552a484060f6e0c1d578f28157e",
      "board":{
        "url":"https:\/\/www.pinterest.com\/rhall101511\/before-and-after-weightloss-motivation\/",
        "id":"485051891055621099",
        "name":"Before and After Weightloss Motivation"
      },
      "image":{
        "original":{
          "url":"https:\/\/s-media-cache-ak0.pinimg.com\/originals\/05\/60\/84\/056084bc8d5c9ac97195f53473d58792.jpg",
          "width":350,
          "height":324
        }
      },
      "counts":{
        "likes":0,
        "comments":0,
        "repins":0
      },
      "id":"485051822341887428",
      "metadata":{
      }
    },
    {
      "attribution":null,
      "creator":{
        "url":"https:\/\/www.pinterest.com\/rhall101511\/",
        "first_name":"Reatha",
        "last_name":"Dake Hall",
        "id":"485051959775075104"
      },
      "url":"https:\/\/www.pinterest.com\/pin\/485051822341887425\/",
      "media":{
        "type":"image"
      },
      "created_at":"2014-12-27T16:15:49",
      "original_link":"http:\/\/besttwaytogetfit.blogspot.fr\/2014\/09\/before-and-after-weight-loss_39.html",
      "note":"Before And After Weight Loss",
      "color":"#6a3d31",
      "link":"https:\/\/www.pinterest.com\/r\/pin\/485051822341887425\/4779055074072594921\/175eba64fafe63166de85c0f3bc8e649c40609a27a3ffffbc790589e7a42997a",
      "board":{
        "url":"https:\/\/www.pinterest.com\/rhall101511\/before-and-after-weightloss-motivation\/",
        "id":"485051891055621099",
        "name":"Before and After Weightloss Motivation"
      },
      "image":{
        "original":{
          "url":"https:\/\/s-media-cache-ak0.pinimg.com\/originals\/19\/27\/d3\/1927d3ef2e05a9f738517d391da6007f.jpg",
          "width":389,
          "height":402
        }
      },
      "counts":{
        "likes":0,
        "comments":0,
        "repins":0
      },
      "id":"485051822341887425",
      "metadata":{
      }
    },
    {
      "attribution":null,
      "creator":{
        "url":"https:\/\/www.pinterest.com\/rhall101511\/",
        "first_name":"Reatha",
        "last_name":"Dake Hall",
        "id":"485051959775075104"
      },
      "url":"https:\/\/www.pinterest.com\/pin\/485051822341887423\/",
      "media":{
        "type":"image"
      },
      "created_at":"2014-12-27T16:15:23",
      "original_link":"http:\/\/fozmeadows.tumblr.com\/post\/80930076791\/female-bodies-a-weighty-issue",
      "note":"American women who all weigh 154 pounds",
      "color":"#8a9aa4",
      "link":"https:\/\/www.pinterest.com\/r\/pin\/485051822341887423\/4779055074072594921\/48eb77a0e058153a0782b7737fce7005eee8d9caaab318807e162f76ab3d6d35",
      "board":{
        "url":"https:\/\/www.pinterest.com\/rhall101511\/before-and-after-weightloss-motivation\/",
        "id":"485051891055621099",
        "name":"Before and After Weightloss Motivation"
      },
      "image":{
        "original":{
          "url":"https:\/\/s-media-cache-ak0.pinimg.com\/originals\/2d\/10\/4f\/2d104fed5bd13f92ad25624c07ef1b6b.jpg",
          "width":554,
          "height":348
        }
      },
      "counts":{
        "likes":0,
        "comments":0,
        "repins":0
      },
      "id":"485051822341887423",
      "metadata":{
        "link":{
          "locale":"en",
          "title":"Female Bodies: A Weighty Issue",
          "site_name":"fozmeadows.tumblr.com",
          "description":"Female Bodies: A Weighty Issue Hypothesis: We have, as a society, such a completely disordered, distorted perception of female bodies that the vast majority of people are incapable of recognising what...",
          "favicon":"https:\/\/s-media-cache-ak0.pinimg.com\/favicons\/c5cf7e86b5cbcadf1fcdbf108be80f302055a254dd6be0c82d5b7e34.png?93c6d93df62bbefc31ec80b0e9f79647"
        }
      }
    },
    {
      "attribution":null,
      "creator":{
        "url":"https:\/\/www.pinterest.com\/rhall101511\/",
        "first_name":"Reatha",
        "last_name":"Dake Hall",
        "id":"485051959775075104"
      },
      "url":"https:\/\/www.pinterest.com\/pin\/485051822341887420\/",
      "media":{
        "type":"image"
      },
      "created_at":"2014-12-27T16:14:10",
      "original_link":"http:\/\/beforemyweightloss.com\/99999999814\/11\/1396017706\/",
      "note":"Weight loss before and after are always inspiring to me. It shows me that real people just like myself have successfully made the best changes of their lives.",
      "color":"#74664f",
      "link":"https:\/\/www.pinterest.com\/r\/pin\/485051822341887420\/4779055074072594921\/d92fcf1702550f42c6cdbb014975663e25b54e72c49949a29f948ce9c567ff75",
      "board":{
        "url":"https:\/\/www.pinterest.com\/rhall101511\/before-and-after-weightloss-motivation\/",
        "id":"485051891055621099",
        "name":"Before and After Weightloss Motivation"
      },
      "image":{
        "original":{
          "url":"https:\/\/s-media-cache-ak0.pinimg.com\/originals\/83\/ed\/b0\/83edb0e976cc5be6e996e7773a575a05.jpg",
          "width":585,
          "height":552
        }
      },
      "counts":{
        "likes":0,
        "comments":0,
        "repins":1
      },
      "id":"485051822341887420",
      "metadata":{
      }
    },
    {
      "attribution":null,
      "creator":{
        "url":"https:\/\/www.pinterest.com\/rhall101511\/",
        "first_name":"Reatha",
        "last_name":"Dake Hall",
        "id":"485051959775075104"
      },
      "url":"https:\/\/www.pinterest.com\/pin\/485051822341887419\/",
      "media":{
        "type":"image"
      },
      "created_at":"2014-12-27T16:14:02",
      "original_link":"",
      "note":"Wow",
      "color":"#977469",
      "link":"",
      "board":{
        "url":"https:\/\/www.pinterest.com\/rhall101511\/before-and-after-weightloss-motivation\/",
        "id":"485051891055621099",
        "name":"Before and After Weightloss Motivation"
      },
      "image":{
        "original":{
          "url":"https:\/\/s-media-cache-ak0.pinimg.com\/originals\/e5\/0d\/ef\/e50defd28a549561a533560abbe862b4.jpg",
          "width":480,
          "height":480
        }
      },
      "counts":{
        "likes":0,
        "comments":0,
        "repins":0
      },
      "id":"485051822341887419",
      "metadata":{
      }
    },
    {
      "attribution":null,
      "creator":{
        "url":"https:\/\/www.pinterest.com\/rhall101511\/",
        "first_name":"Reatha",
        "last_name":"Dake Hall",
        "id":"485051959775075104"
      },
      "url":"https:\/\/www.pinterest.com\/pin\/485051822341887415\/",
      "media":{
        "type":"image"
      },
      "created_at":"2014-12-27T16:13:49",
      "original_link":"http:\/\/uk.omg.yahoo.com\/gossip\/the-juice\/vicky-pattison-geordie-shore-diet-before-and-after-weight-loss-pictures-size-16-to-size-8-150947425.html",
      "note":"Vicky Pattison has gone from a size 16 to a size 8 in just a matter of months. Copyright [FameFlynet \/ Xposure]",
      "color":"#756562",
      "link":"https:\/\/www.pinterest.com\/r\/pin\/485051822341887415\/4779055074072594921\/36671e0ca236eed63abf42d854acfbba54000862661e739353533364f18d14b3",
      "board":{
        "url":"https:\/\/www.pinterest.com\/rhall101511\/before-and-after-weightloss-motivation\/",
        "id":"485051891055621099",
        "name":"Before and After Weightloss Motivation"
      },
      "image":{
        "original":{
          "url":"https:\/\/s-media-cache-ak0.pinimg.com\/originals\/76\/3d\/69\/763d694621b563edb9685588d5ab757e.jpg",
          "width":630,
          "height":740
        }
      },
      "counts":{
        "likes":0,
        "comments":0,
        "repins":0
      },
      "id":"485051822341887415",
      "metadata":{
        "link":{
          "locale":"en",
          "title":"Vicky Pattison shows off her post-Geordie Shore diet before-and-after weight loss pictures as she drops from a size 16 to a size 8",
          "site_name":"uk.celebrity.yahoo.com",
          "description":"Vicky Pattison shows off her post-Geordie Shore diet before-and-after weight loss pictures as she drops from a size 16 to a size 8 yahoo-uk-celebrity-archive: \u201cJust this summer the world was gasping...",
          "favicon":"https:\/\/s-media-cache-ak0.pinimg.com\/favicons\/60a539bc35d9191266037a8f2fa79cbf58f318a774751388554edb62.ico?9796ed786d95606d51be9dab54fb5350"
        }
      }
    },
    {
      "attribution":null,
      "creator":{
        "url":"https:\/\/www.pinterest.com\/rhall101511\/",
        "first_name":"Reatha",
        "last_name":"Dake Hall",
        "id":"485051959775075104"
      },
      "url":"https:\/\/www.pinterest.com\/pin\/485051822341887411\/",
      "media":{
        "type":"image"
      },
      "created_at":"2014-12-27T16:13:35",
      "original_link":"http:\/\/www.weightlossstories.info\/2013\/06\/15\/before-and-after-weight-loss-photo-24\/",
      "note":"Before and After Weight Loss Photo",
      "color":"#5e5447",
      "link":"https:\/\/www.pinterest.com\/r\/pin\/485051822341887411\/4779055074072594921\/7ac76ec2e95035f3fa5e88945c405968957ef21c9f36df3cc64ca722bc3b11f2",
      "board":{
        "url":"https:\/\/www.pinterest.com\/rhall101511\/before-and-after-weightloss-motivation\/",
        "id":"485051891055621099",
        "name":"Before and After Weightloss Motivation"
      },
      "image":{
        "original":{
          "url":"https:\/\/s-media-cache-ak0.pinimg.com\/originals\/d7\/3d\/c1\/d73dc1327819dd04e2a09a3b304f866f.jpg",
          "width":720,
          "height":698
        }
      },
      "counts":{
        "likes":0,
        "comments":0,
        "repins":1
      },
      "id":"485051822341887411",
      "metadata":{
      }
    },
    {
      "attribution":null,
      "creator":{
        "url":"https:\/\/www.pinterest.com\/rhall101511\/",
        "first_name":"Reatha",
        "last_name":"Dake Hall",
        "id":"485051959775075104"
      },
      "url":"https:\/\/www.pinterest.com\/pin\/485051822341887408\/",
      "media":{
        "type":"image"
      },
      "created_at":"2014-12-27T16:13:13",
      "original_link":"http:\/\/besttwaytogetfit.blogspot.com.au\/2014\/09\/extreme-weight-loss-before-after_38.html",
      "note":"Extreme Weight Loss Before After",
      "color":"#b2a584",
      "link":"https:\/\/www.pinterest.com\/r\/pin\/485051822341887408\/4779055074072594921\/6301e5901352bd4e147dbd862a208305652729bd18bafff34dda83dbba2afcb1",
      "board":{
        "url":"https:\/\/www.pinterest.com\/rhall101511\/before-and-after-weightloss-motivation\/",
        "id":"485051891055621099",
        "name":"Before and After Weightloss Motivation"
      },
      "image":{
        "original":{
          "url":"https:\/\/s-media-cache-ak0.pinimg.com\/originals\/59\/2b\/12\/592b12775c4855dde5e1437f0d754fa8.jpg",
          "width":389,
          "height":402
        }
      },
      "counts":{
        "likes":0,
        "comments":0,
        "repins":1
      },
      "id":"485051822341887408",
      "metadata":{
      }
    },
    {
      "attribution":null,
      "creator":{
        "url":"https:\/\/www.pinterest.com\/rhall101511\/",
        "first_name":"Reatha",
        "last_name":"Dake Hall",
        "id":"485051959775075104"
      },
      "url":"https:\/\/www.pinterest.com\/pin\/485051822341887406\/",
      "media":{
        "type":"image"
      },
      "created_at":"2014-12-27T16:13:05",
      "original_link":"http:\/\/goodbyebabylon.tumblr.com\/post\/70726828849",
      "note":"wow Six minutes to skinny!",
      "color":"#784e41",
      "link":"https:\/\/www.pinterest.com\/r\/pin\/485051822341887406\/4779055074072594921\/3300be6e0707d0a90100f0dee325e430722903477bd3b66f67faced973fb2ab0",
      "board":{
        "url":"https:\/\/www.pinterest.com\/rhall101511\/before-and-after-weightloss-motivation\/",
        "id":"485051891055621099",
        "name":"Before and After Weightloss Motivation"
      },
      "image":{
        "original":{
          "url":"https:\/\/s-media-cache-ak0.pinimg.com\/originals\/f6\/e7\/18\/f6e718bfb29e957fd6fda96e1e623c57.jpg",
          "width":500,
          "height":446
        }
      },
      "counts":{
        "likes":0,
        "comments":0,
        "repins":2
      },
      "id":"485051822341887406",
      "metadata":{
        "link":{
          "locale":"en",
          "title":"Not Found",
          "site_name":"goodbyebabylon.tumblr.com",
          "description":"Not Found - The URL you requested could not be found.",
          "favicon":"https:\/\/s-media-cache-ak0.pinimg.com\/favicons\/d95b61eb27ab802960686272e359a5e50e8d88949cb8423c53374fd1.png?abf33fc5a1e4f561e2c9a00011de96bd"
        }
      }
    },
    {
      "attribution":null,
      "creator":{
        "url":"https:\/\/www.pinterest.com\/rhall101511\/",
        "first_name":"Reatha",
        "last_name":"Dake Hall",
        "id":"485051959775075104"
      },
      "url":"https:\/\/www.pinterest.com\/pin\/485051822341887404\/",
      "media":{
        "type":"image"
      },
      "created_at":"2014-12-27T16:12:59",
      "original_link":"http:\/\/beforemyweightloss.com\/99999999768\/12\/1411782875\/",
      "note":"before and after weight loss pictures",
      "color":"#a0917a",
      "link":"https:\/\/www.pinterest.com\/r\/pin\/485051822341887404\/4779055074072594921\/c4b5f8aeeaa72c8f33333c0664d9e941e2d030aeffa581d50de107f447576ee7",
      "board":{
        "url":"https:\/\/www.pinterest.com\/rhall101511\/before-and-after-weightloss-motivation\/",
        "id":"485051891055621099",
        "name":"Before and After Weightloss Motivation"
      },
      "image":{
        "original":{
          "url":"https:\/\/s-media-cache-ak0.pinimg.com\/originals\/f6\/26\/85\/f6268531bbd88d7949f839f0ff13d05a.jpg",
          "width":541,
          "height":492
        }
      },
      "counts":{
        "likes":0,
        "comments":0,
        "repins":0
      },
      "id":"485051822341887404",
      "metadata":{
      }
    },
    {
      "attribution":null,
      "creator":{
        "url":"https:\/\/www.pinterest.com\/rhall101511\/",
        "first_name":"Reatha",
        "last_name":"Dake Hall",
        "id":"485051959775075104"
      },
      "url":"https:\/\/www.pinterest.com\/pin\/485051822341887402\/",
      "media":{
        "type":"image"
      },
      "created_at":"2014-12-27T16:12:40",
      "original_link":"http:\/\/corinthfrench.tumblr.com\/",
      "note":"Here is my before and after! I am still trying to maintain my weight and keep a healthy lifestyle! Check out my weightloss story on my tumblr blog! :)www.corinthfrench.tumblr.com \u2014- Shop here for great weight loss and health products at rock bottom prices, or follow these blogs: weight loss before and after pictures, weight loss stories, & workout songs!",
      "color":"#bcb28f",
      "link":"https:\/\/www.pinterest.com\/r\/pin\/485051822341887402\/4779055074072594921\/36c8c33e4ed1a7d532f985f0bd13985f1ee8b86acc4ab2df05aba6ed4f4fb029",
      "board":{
        "url":"https:\/\/www.pinterest.com\/rhall101511\/before-and-after-weightloss-motivation\/",
        "id":"485051891055621099",
        "name":"Before and After Weightloss Motivation"
      },
      "image":{
        "original":{
          "url":"https:\/\/s-media-cache-ak0.pinimg.com\/originals\/b1\/26\/ac\/b126ac03fc920e6d3626b5f425f84e61.jpg",
          "width":500,
          "height":500
        }
      },
      "counts":{
        "likes":1,
        "comments":0,
        "repins":1
      },
      "id":"485051822341887402",
      "metadata":{
        "link":{
          "locale":"en",
          "title":"Untitled",
          "site_name":"corinthfrench.tumblr.com",
          "description":"corinthfrench",
          "favicon":"https:\/\/s-media-cache-ak0.pinimg.com\/favicons\/71e25e02eefabb9b3775fda450de44b649d6d89ccba8cba79c2531fe.png?43832d7491820f948264848425c0330a"
        }
      }
    },
    {
      "attribution":null,
      "creator":{
        "url":"https:\/\/www.pinterest.com\/rhall101511\/",
        "first_name":"Reatha",
        "last_name":"Dake Hall",
        "id":"485051959775075104"
      },
      "url":"https:\/\/www.pinterest.com\/pin\/485051822341887401\/",
      "media":{
        "type":"image"
      },
      "created_at":"2014-12-27T16:12:27",
      "original_link":"http:\/\/waterbrookmultnomah.com\/press-room-book.php?isbn=9780307444936",
      "note":"Before And After Weight Loss Pictures! Amazing! [Weight Loss Pictures]",
      "color":"#ddc0a3",
      "link":"https:\/\/www.pinterest.com\/r\/pin\/485051822341887401\/4779055074072594921\/4cedd3fe68ce2ff356fc984e5412277cfe4101976e1ee6e6c35e226efb6a19ed",
      "board":{
        "url":"https:\/\/www.pinterest.com\/rhall101511\/before-and-after-weightloss-motivation\/",
        "id":"485051891055621099",
        "name":"Before and After Weightloss Motivation"
      },
      "image":{
        "original":{
          "url":"https:\/\/s-media-cache-ak0.pinimg.com\/originals\/3b\/14\/b7\/3b14b7cb2d6bf076655de6a54862067c.jpg",
          "width":600,
          "height":480
        }
      },
      "counts":{
        "likes":0,
        "comments":0,
        "repins":2
      },
      "id":"485051822341887401",
      "metadata":{
      }
    },
    {
      "attribution":null,
      "creator":{
        "url":"https:\/\/www.pinterest.com\/rhall101511\/",
        "first_name":"Reatha",
        "last_name":"Dake Hall",
        "id":"485051959775075104"
      },
      "url":"https:\/\/www.pinterest.com\/pin\/485051822341887400\/",
      "media":{
        "type":"image"
      },
      "created_at":"2014-12-27T16:12:21",
      "original_link":"http:\/\/www.weightlossstories.info\/2014\/01\/06\/before-and-after-weight-loss-photo-2328\/",
      "note":"Before and After Weight Loss Photo",
      "color":"#7c6d54",
      "link":"https:\/\/www.pinterest.com\/r\/pin\/485051822341887400\/4779055074072594921\/de0c61bf510f65009812c3e98066595991e1f9d763c0cc0bec25543f0d3a5d69",
      "board":{
        "url":"https:\/\/www.pinterest.com\/rhall101511\/before-and-after-weightloss-motivation\/",
        "id":"485051891055621099",
        "name":"Before and After Weightloss Motivation"
      },
      "image":{
        "original":{
          "url":"https:\/\/s-media-cache-ak0.pinimg.com\/originals\/66\/83\/fb\/6683fbe7763e6df749faa79650b0ec9c.jpg",
          "width":500,
          "height":500
        }
      },
      "counts":{
        "likes":0,
        "comments":0,
        "repins":0
      },
      "id":"485051822341887400",
      "metadata":{
      }
    }
  ],
  "page":{
    "cursor":"LT40ODUwNTE4MjIzNDE4ODc0MDA6MTY1OXwwOGI2M2ExMjU1M2EyMTc0NzUyNzc1NjAwOGU5NzAwZWRlZDA0ODIxZTZjMzY3NjUwMDBlOGIyMTI1ZDhlODYz",
    "next":"https:\/\/api.pinterest.com\/v1\/boards\/rhall101511\/before-and-after-weightloss-motivation\/pins\/?access_token=AZlZE-HOK-Y4205yRft75KyYVaauFCBIs8jxSxdCtrJcomAqbQAAAAA&fields=id%2Clink%2Cnote%2Curl%2Cattribution%2Cmedia%2Cmetadata%2Cboard%2Ccolor%2Ccounts%2Ccreated_at%2Ccreator%2Cimage%2Coriginal_link&cursor=LT40ODUwNTE4MjIzNDE4ODc0MDA6MTY1OXwwOGI2M2ExMjU1M2EyMTc0NzUyNzc1NjAwOGU5NzAwZWRlZDA0ODIxZTZjMzY3NjUwMDBlOGIyMTI1ZDhlODYz"
  }
}
