{
  "data":[
    {
      "attribution":null,
      "creator":{
        "url":"https:\/\/www.pinterest.com\/rhall101511\/",
        "first_name":"Reatha",
        "last_name":"Dake Hall",
        "id":"485051959775075104"
      },
      "url":"https:\/\/www.pinterest.com\/pin\/485051822342909237\/",
      "media":{
        "type":"image"
      },
      "created_at":"2015-03-04T20:21:19",
      "original_link":"http:\/\/www.walkathome.com\/success-story\/",
      "note":"Lost 152lbs in 18 weeks walk away the pounds",
      "color":"#775351",
      "link":"https:\/\/www.pinterest.com\/r\/pin\/485051822342909237\/4779055074072594921\/eba338b3aa5929b46662444de278e6410547e22861e2ecf083479b37b1117606",
      "board":{
        "url":"https:\/\/www.pinterest.com\/rhall101511\/before-and-after-weightloss-motivation\/",
        "id":"485051891055621099",
        "name":"Before and After Weightloss Motivation"
      },
      "image":{
        "original":{
          "url":"https:\/\/s-media-cache-ak0.pinimg.com\/originals\/86\/79\/fe\/8679fedd7e0238a270b512b7a12bc5b3.jpg",
          "width":417,
          "height":500
        }
      },
      "counts":{
        "likes":1,
        "comments":0,
        "repins":0
      },
      "id":"485051822342909237",
      "metadata":{
      }
    },
    {
      "attribution":null,
      "creator":{
        "url":"https:\/\/www.pinterest.com\/rhall101511\/",
        "first_name":"Reatha",
        "last_name":"Dake Hall",
        "id":"485051959775075104"
      },
      "url":"https:\/\/www.pinterest.com\/pin\/485051822342909225\/",
      "media":{
        "type":"image"
      },
      "created_at":"2015-03-04T20:20:12",
      "original_link":"http:\/\/www.walkathome.com\/success-story\/",
      "note":"Lost 62 pounds with Walk away the pounds",
      "color":"#5f514b",
      "link":"https:\/\/www.pinterest.com\/r\/pin\/485051822342909225\/4779055074072594921\/c433d2a94c924f4d3c2cfc4ef467105616c1c0480e90d7fbc5cfa1dab79d6ed3",
      "board":{
        "url":"https:\/\/www.pinterest.com\/rhall101511\/before-and-after-weightloss-motivation\/",
        "id":"485051891055621099",
        "name":"Before and After Weightloss Motivation"
      },
      "image":{
        "original":{
          "url":"https:\/\/s-media-cache-ak0.pinimg.com\/originals\/74\/34\/d4\/7434d4c5769c65decd25031a5fdd70ac.jpg",
          "width":340,
          "height":500
        }
      },
      "counts":{
        "likes":3,
        "comments":0,
        "repins":8
      },
      "id":"485051822342909225",
      "metadata":{
      }
    },
    {
      "attribution":null,
      "creator":{
        "url":"https:\/\/www.pinterest.com\/rhall101511\/",
        "first_name":"Reatha",
        "last_name":"Dake Hall",
        "id":"485051959775075104"
      },
      "url":"https:\/\/www.pinterest.com\/pin\/485051822342909215\/",
      "media":{
        "type":"image"
      },
      "created_at":"2015-03-04T20:18:51",
      "original_link":"http:\/\/www.walkathome.com\/success-story\/",
      "note":"Before Lost 40 pounds in 3 weeks  walk away the pounds!",
      "color":"#807c66",
      "link":"https:\/\/www.pinterest.com\/r\/pin\/485051822342909215\/4779055074072594921\/a0a87e0933514f1c1728f5cd49dc258657eac094297ebd170a477c725966804f",
      "board":{
        "url":"https:\/\/www.pinterest.com\/rhall101511\/before-and-after-weightloss-motivation\/",
        "id":"485051891055621099",
        "name":"Before and After Weightloss Motivation"
      },
      "image":{
        "original":{
          "url":"https:\/\/s-media-cache-ak0.pinimg.com\/originals\/9a\/63\/b2\/9a63b2298b6541dce34d2b13a37835c9.jpg",
          "width":241,
          "height":487
        }
      },
      "counts":{
        "likes":4,
        "comments":0,
        "repins":3
      },
      "id":"485051822342909215",
      "metadata":{
      }
    },
    {
      "attribution":null,
      "creator":{
        "url":"https:\/\/www.pinterest.com\/rhall101511\/",
        "first_name":"Reatha",
        "last_name":"Dake Hall",
        "id":"485051959775075104"
      },
      "url":"https:\/\/www.pinterest.com\/pin\/485051822342907219\/",
      "media":{
        "type":"image"
      },
      "created_at":"2015-03-04T17:03:27",
      "original_link":"http:\/\/www.atkins.com\/Program\/Success-Stories\/Angela-Cook.aspx",
      "note":"This year's All-Star Competition Grand Prize Winner is a mother of three who lost 119 pounds on Atkins! Tune in to her live Twitter chat to learn her tips and tricks! https:\/\/twitter.com\/AtkinsInsider",
      "color":"#a06d92",
      "link":"https:\/\/www.pinterest.com\/r\/pin\/485051822342907219\/4779055074072594921\/562245615e974d88532b87ec13cd78401d2d27e651ba3234206ac4b45e50b9d5",
      "board":{
        "url":"https:\/\/www.pinterest.com\/rhall101511\/before-and-after-weightloss-motivation\/",
        "id":"485051891055621099",
        "name":"Before and After Weightloss Motivation"
      },
      "image":{
        "original":{
          "url":"https:\/\/s-media-cache-ak0.pinimg.com\/originals\/f0\/9f\/00\/f09f0035ba8feb288b913cc6cefc2293.jpg",
          "width":403,
          "height":403
        }
      },
      "counts":{
        "likes":0,
        "comments":0,
        "repins":0
      },
      "id":"485051822342907219",
      "metadata":{
      }
    },
    {
      "attribution":null,
      "creator":{
        "url":"https:\/\/www.pinterest.com\/rhall101511\/",
        "first_name":"Reatha",
        "last_name":"Dake Hall",
        "id":"485051959775075104"
      },
      "url":"https:\/\/www.pinterest.com\/pin\/485051822342907210\/",
      "media":{
        "type":"image"
      },
      "created_at":"2015-03-04T17:02:56",
      "original_link":"http:\/\/www.atkins.com\/Program\/Success-Stories\/Jeff-Bame.aspx",
      "note":"Jeff Bame lost 32 pounds on Atkins. Doesn't he look great? Click to check him out!",
      "color":"#696161",
      "link":"https:\/\/www.pinterest.com\/r\/pin\/485051822342907210\/4779055074072594921\/847a2fda8ff0f21fe9dfb2d1a90ea1cfdeff8333a5d8b5bd0756e0e39c9bc44d",
      "board":{
        "url":"https:\/\/www.pinterest.com\/rhall101511\/before-and-after-weightloss-motivation\/",
        "id":"485051891055621099",
        "name":"Before and After Weightloss Motivation"
      },
      "image":{
        "original":{
          "url":"https:\/\/s-media-cache-ak0.pinimg.com\/originals\/6d\/48\/f2\/6d48f2b2e8cb856e9ed7b078cfdd29a7.jpg",
          "width":403,
          "height":403
        }
      },
      "counts":{
        "likes":0,
        "comments":0,
        "repins":1
      },
      "id":"485051822342907210",
      "metadata":{
      }
    },
    {
      "attribution":null,
      "creator":{
        "url":"https:\/\/www.pinterest.com\/rhall101511\/",
        "first_name":"Reatha",
        "last_name":"Dake Hall",
        "id":"485051959775075104"
      },
      "url":"https:\/\/www.pinterest.com\/pin\/485051822342907206\/",
      "media":{
        "type":"image"
      },
      "created_at":"2015-03-04T17:02:50",
      "original_link":"http:\/\/www.atkins.com\/Program\/Success-Stories\/Sharon-Southern.aspx",
      "note":"Sharon Southern not only lost 65 lbs, but also lowered her cholesterol back in to the healthy range! Click to learn her story.",
      "color":"#5c5465",
      "link":"https:\/\/www.pinterest.com\/r\/pin\/485051822342907206\/4779055074072594921\/a79c16d5102e0929f258bd83bd6a5d013cc08fccba58dd195299365e8c8ae303",
      "board":{
        "url":"https:\/\/www.pinterest.com\/rhall101511\/before-and-after-weightloss-motivation\/",
        "id":"485051891055621099",
        "name":"Before and After Weightloss Motivation"
      },
      "image":{
        "original":{
          "url":"https:\/\/s-media-cache-ak0.pinimg.com\/originals\/c4\/b7\/ab\/c4b7ab0e4ef689dba313a8b043cd7dff.jpg",
          "width":403,
          "height":403
        }
      },
      "counts":{
        "likes":0,
        "comments":0,
        "repins":0
      },
      "id":"485051822342907206",
      "metadata":{
      }
    },
    {
      "attribution":null,
      "creator":{
        "url":"https:\/\/www.pinterest.com\/rhall101511\/",
        "first_name":"Reatha",
        "last_name":"Dake Hall",
        "id":"485051959775075104"
      },
      "url":"https:\/\/www.pinterest.com\/pin\/485051822342907202\/",
      "media":{
        "type":"image"
      },
      "created_at":"2015-03-04T17:02:40",
      "original_link":"",
      "note":"Congratulate Eileen-Carol, a mother of four who has maintained a #weightloss of 118 pounds - amazing! #LowCarb",
      "color":"#32303f",
      "link":"",
      "board":{
        "url":"https:\/\/www.pinterest.com\/rhall101511\/before-and-after-weightloss-motivation\/",
        "id":"485051891055621099",
        "name":"Before and After Weightloss Motivation"
      },
      "image":{
        "original":{
          "url":"https:\/\/s-media-cache-ak0.pinimg.com\/originals\/2c\/bc\/00\/2cbc00885c170d443fc5b4344970de77.jpg",
          "width":640,
          "height":640
        }
      },
      "counts":{
        "likes":1,
        "comments":0,
        "repins":0
      },
      "id":"485051822342907202",
      "metadata":{
      }
    },
    {
      "attribution":null,
      "creator":{
        "url":"https:\/\/www.pinterest.com\/rhall101511\/",
        "first_name":"Reatha",
        "last_name":"Dake Hall",
        "id":"485051959775075104"
      },
      "url":"https:\/\/www.pinterest.com\/pin\/485051822342853935\/",
      "media":{
        "type":"image"
      },
      "created_at":"2015-03-01T03:20:19",
      "original_link":"http:\/\/primalgirl.com\/about\/",
      "note":"My Journey | PrimalGirl",
      "color":"#5e3428",
      "link":"https:\/\/www.pinterest.com\/r\/pin\/485051822342853935\/4779055074072594921\/f68eb59340a16e292edc2bd9a4c5411f0a34eeeaf8a94477b86272097899d7af",
      "board":{
        "url":"https:\/\/www.pinterest.com\/rhall101511\/before-and-after-weightloss-motivation\/",
        "id":"485051891055621099",
        "name":"Before and After Weightloss Motivation"
      },
      "image":{
        "original":{
          "url":"https:\/\/s-media-cache-ak0.pinimg.com\/originals\/f1\/82\/89\/f182896e2ab4b73cd3d6442f5cad1c62.jpg",
          "width":2833,
          "height":3819
        }
      },
      "counts":{
        "likes":0,
        "comments":0,
        "repins":0
      },
      "id":"485051822342853935",
      "metadata":{
      }
    },
    {
      "attribution":null,
      "creator":{
        "url":"https:\/\/www.pinterest.com\/rhall101511\/",
        "first_name":"Reatha",
        "last_name":"Dake Hall",
        "id":"485051959775075104"
      },
      "url":"https:\/\/www.pinterest.com\/pin\/485051822342853806\/",
      "media":{
        "type":"image"
      },
      "created_at":"2015-03-01T03:12:47",
      "original_link":"http:\/\/www.thefrisky.com\/2010-08-09\/girl-talk-i-lost-100-pounds-and-found-out-what-the-world-thinks-of-fat\/?utm_source=share-pnt&utm_medium=button",
      "note":"Girl Talk: I Lost 100 Pounds (And Found Out What The World Thinks Of Fat People)",
      "color":"#8f8d60",
      "link":"https:\/\/www.pinterest.com\/r\/pin\/485051822342853806\/4779055074072594921\/2bf7da79df4f216bd2ad2e107699c47b971d3892d4110320dac655258385225d",
      "board":{
        "url":"https:\/\/www.pinterest.com\/rhall101511\/before-and-after-weightloss-motivation\/",
        "id":"485051891055621099",
        "name":"Before and After Weightloss Motivation"
      },
      "image":{
        "original":{
          "url":"https:\/\/s-media-cache-ak0.pinimg.com\/originals\/42\/e7\/2e\/42e72e6cb2a0f4427a9e10f49592db1f.jpg",
          "width":445,
          "height":286
        }
      },
      "counts":{
        "likes":0,
        "comments":0,
        "repins":2
      },
      "id":"485051822342853806",
      "metadata":{
        "article":{
          "published_at":"2010-08-09T00:00:00",
          "description":"I come from a small-ish town in Oklahoma where we\u2019ve never met a vegetable we couldn\u2019t fry and the only thing more super-sized than our portions are the huge church complexes that alternate with fast-food restaurants along our roads. So it maybe isn\u2019t such a big surprise that by the time I graduated from high school, I weighed 260 pounds. My prom dress was a size 24, and my mother had to help me zip it up, a five-minute ordeal during which we grunted and cursed at one another. My aunt had to custom-make my graduation gown, a huge white tent in which I resembled the Stay-Puft marshmallow man. Still, I left for college in New York City feeling relatively confident. After all, I wasn\u2019t just fat. I was also stylish, managing to alter and combine pieces in a way where they overcame their origins as shapeless sacks designed by people with the gall to decorate plus-size garments with ice-cream cones and slices of pizza. And I was hilarious, bitchy and sexually brash,",
          "name":"Girl Talk: I Lost 100 Pounds (And Found Out What The World Thinks Of Fat People",
          "authors":[]
        },
        "link":{
          "locale":"en",
          "title":"Girl Talk: I Lost 100 Pounds (And Found Out What The World Thinks Of Fat People) - The Frisky",
          "site_name":"The Frisky",
          "description":"I come from a small-ish town in Oklahoma where we\u2019ve never met a vegetable we couldn\u2019t fry and the only thing more super-sized than our portions are",
          "favicon":"https:\/\/s-media-cache-ak0.pinimg.com\/favicons\/af1e2ddf4cdfeea80b111a5567c80ff804bdc529429f67c37e240fed.jpg?37d85c558c58e8815c42fb1bcd90a251"
        }
      }
    },
    {
      "attribution":null,
      "creator":{
        "url":"https:\/\/www.pinterest.com\/rhall101511\/",
        "first_name":"Reatha",
        "last_name":"Dake Hall",
        "id":"485051959775075104"
      },
      "url":"https:\/\/www.pinterest.com\/pin\/485051822342853432\/",
      "media":{
        "type":"image"
      },
      "created_at":"2015-03-01T02:53:04",
      "original_link":"http:\/\/www.sheknows.com\/food-and-recipes\/articles\/4727\/elizabeth-more-than-pounds-gone-in-less-than-a-year",
      "note":"Elizabeth: More than 100 pounds gone in less than a year",
      "color":"#4d3936",
      "link":"https:\/\/www.pinterest.com\/r\/pin\/485051822342853432\/4779055074072594921\/504b9261a093a5bb58e93e0b7a41fcac2c5fbcf2c30cd0154f2dd68d5bc3f243",
      "board":{
        "url":"https:\/\/www.pinterest.com\/rhall101511\/before-and-after-weightloss-motivation\/",
        "id":"485051891055621099",
        "name":"Before and After Weightloss Motivation"
      },
      "image":{
        "original":{
          "url":"https:\/\/s-media-cache-ak0.pinimg.com\/originals\/00\/8c\/6e\/008c6eb79ab129184f4130d6a266e1f1.jpg",
          "width":200,
          "height":435
        }
      },
      "counts":{
        "likes":0,
        "comments":0,
        "repins":0
      },
      "id":"485051822342853432",
      "metadata":{
      }
    },
    {
      "attribution":null,
      "creator":{
        "url":"https:\/\/www.pinterest.com\/rhall101511\/",
        "first_name":"Reatha",
        "last_name":"Dake Hall",
        "id":"485051959775075104"
      },
      "url":"https:\/\/www.pinterest.com\/pin\/485051822342849384\/",
      "media":{
        "type":"image"
      },
      "created_at":"2015-02-28T22:37:04",
      "original_link":"http:\/\/theweighwewere.com\/soaring-with-confidence-2\/",
      "note":"Zumba Story:  One morning I simply woke up and decided that I was going to be going on my final diet. It\u2019s been over a year since then, and I\u2019m still going strong!",
      "color":"#956863",
      "link":"https:\/\/www.pinterest.com\/r\/pin\/485051822342849384\/4779055074072594921\/0379d8dd0b0173550dda4dc5c6d6161cdb80519d5957373189e3a986486f0c8e",
      "board":{
        "url":"https:\/\/www.pinterest.com\/rhall101511\/before-and-after-weightloss-motivation\/",
        "id":"485051891055621099",
        "name":"Before and After Weightloss Motivation"
      },
      "image":{
        "original":{
          "url":"https:\/\/s-media-cache-ak0.pinimg.com\/originals\/ff\/b0\/e7\/ffb0e7dcefe7992794df4615c5c7f4c2.png",
          "width":250,
          "height":232
        }
      },
      "counts":{
        "likes":0,
        "comments":0,
        "repins":2
      },
      "id":"485051822342849384",
      "metadata":{
        "article":{
          "published_at":"2014-11-02T00:00:00",
          "description":"Blogging and using Calorie Count\u2019s tools are the major factors in Gretchen weight loss journey. Being aware of the calories she's taking in and then sharing them in her blog knowing that the whole world can read about it has allowed her to adjust her eating habits for the better... #5080lbs #women",
          "name":"Soaring with Confidence",
          "authors":[
            {
              "name":"KatC"
            }
          ]
        },
        "link":{
          "locale":"en_US",
          "title":"Soaring with Confidence \u2013 The Weigh We Were",
          "site_name":"The Weigh We Were.com",
          "description":"Blogging and using Calorie Count\u2019s tools are the major factors in Gretchen weight loss journey. Being aware of the calories she's taking in and then sharing them in her blog knowing that the whole world can read about it has allowed her to adjust her eating habits for the better... #5080lbs #women",
          "favicon":"https:\/\/s-media-cache-ak0.pinimg.com\/favicons\/7af8c01519f31c91f239b4159dcfdf9d291761ecbcfda16c33d52b76.ico?250e38dd519272eaa578b23f8df1f35d"
        }
      }
    },
    {
      "attribution":null,
      "creator":{
        "url":"https:\/\/www.pinterest.com\/rhall101511\/",
        "first_name":"Reatha",
        "last_name":"Dake Hall",
        "id":"485051959775075104"
      },
      "url":"https:\/\/www.pinterest.com\/pin\/485051822342823519\/",
      "media":{
        "type":"image"
      },
      "created_at":"2015-02-27T03:48:49",
      "original_link":"http:\/\/theweighwewere.com\/running-circles-around-my-former-self\/",
      "note":"Zumba:  I really started my weight lose in about 2003 when I weighed an astounding 335 pounds.  Read her story...",
      "color":"#867272",
      "link":"https:\/\/www.pinterest.com\/r\/pin\/485051822342823519\/4779055074072594921\/31f2e42c9f875d18de307e4fddb3c6445d9c330c26883d8a8439cf078939e58a",
      "board":{
        "url":"https:\/\/www.pinterest.com\/rhall101511\/before-and-after-weightloss-motivation\/",
        "id":"485051891055621099",
        "name":"Before and After Weightloss Motivation"
      },
      "image":{
        "original":{
          "url":"https:\/\/s-media-cache-ak0.pinimg.com\/originals\/1c\/9a\/37\/1c9a371a8ca58e4b1af6e5ef3e4784f0.jpg",
          "width":246,
          "height":250
        }
      },
      "counts":{
        "likes":0,
        "comments":0,
        "repins":1
      },
      "id":"485051822342823519",
      "metadata":{
        "article":{
          "published_at":"2014-11-16T00:00:00",
          "description":"Ellektra is not a stranger to losing weight. Having been overweight for her entire life, she has previously lost 140lbs simply by counting calories and exercising. Then in 2010 she quit smoking and slowly realized her weight was creeping back up. She joined Calorie Count and has... #100lbs #women",
          "name":"Running Circles Around My Former Self",
          "authors":[
            {
              "name":"KatC"
            }
          ]
        },
        "link":{
          "locale":"en_US",
          "title":"Running Circles Around My Former Self \u2013 The Weigh We Were",
          "site_name":"The Weigh We Were.com",
          "description":"Ellektra is not a stranger to losing weight. Having been overweight for her entire life, she has previously lost 140lbs simply by counting calories and exercising. Then in 2010 she quit smoking and slowly realized her weight was creeping back up. She joined Calorie Count and has... #100lbs #women",
          "favicon":"https:\/\/s-media-cache-ak0.pinimg.com\/favicons\/7af8c01519f31c91f239b4159dcfdf9d291761ecbcfda16c33d52b76.ico?250e38dd519272eaa578b23f8df1f35d"
        }
      }
    },
    {
      "attribution":null,
      "creator":{
        "url":"https:\/\/www.pinterest.com\/rhall101511\/",
        "first_name":"Reatha",
        "last_name":"Dake Hall",
        "id":"485051959775075104"
      },
      "url":"https:\/\/www.pinterest.com\/pin\/485051822342823492\/",
      "media":{
        "type":"image"
      },
      "created_at":"2015-02-27T03:46:40",
      "original_link":"http:\/\/theweighwewere.com\/123-pounds-lost-fat-to-fantabulous\/",
      "note":"123 Pounds Lost: Fat to fantabulous",
      "color":"#7a5c58",
      "link":"https:\/\/www.pinterest.com\/r\/pin\/485051822342823492\/4779055074072594921\/2637e26d0730624d951c4a8ec227d6fada32ece383ee2599992c26e0c63b6bf6",
      "board":{
        "url":"https:\/\/www.pinterest.com\/rhall101511\/before-and-after-weightloss-motivation\/",
        "id":"485051891055621099",
        "name":"Before and After Weightloss Motivation"
      },
      "image":{
        "original":{
          "url":"https:\/\/s-media-cache-ak0.pinimg.com\/originals\/99\/d7\/f4\/99d7f4d89986189fac2679a4c5798974.jpg",
          "width":200,
          "height":300
        }
      },
      "counts":{
        "likes":0,
        "comments":0,
        "repins":3
      },
      "id":"485051822342823492",
      "metadata":{
        "article":{
          "published_at":"2015-02-26T00:00:00",
          "description":"NAME : Misty BEFORE WEIGHT : 300 AFTER WEIGHT : 177 POUNDS LOST : 123 WHEN DID YOU START DEVELOPING A WEIGHT PROBLEM? For as long as I can remember I've been overweight. Food became my best friend, but ultimately became my enemy. HOW DID YOUR WEIGHT AFFECT... #consistency #dedication #determination",
          "name":"123 Pounds Lost: Fat to fantabulous",
          "authors":[
            {
              "name":"Theweighwewere"
            },
            {
              "name":"Kat C"
            }
          ]
        },
        "link":{
          "locale":"en_US",
          "title":"123 Pounds Lost: Fat to fantabulous \u2013 The Weigh We Were",
          "site_name":"The Weigh We Were.com",
          "description":"NAME : Misty BEFORE WEIGHT : 300 AFTER WEIGHT : 177 POUNDS LOST : 123 WHEN DID YOU START DEVELOPING A WEIGHT PROBLEM? For as long as I can remember I've been overweight. Food became my best friend, but ultimately became my enemy. HOW DID YOUR WEIGHT AFFECT... #consistency #dedication #determination",
          "favicon":"https:\/\/s-media-cache-ak0.pinimg.com\/favicons\/7af8c01519f31c91f239b4159dcfdf9d291761ecbcfda16c33d52b76.ico?250e38dd519272eaa578b23f8df1f35d"
        }
      }
    },
    {
      "attribution":null,
      "creator":{
        "url":"https:\/\/www.pinterest.com\/rhall101511\/",
        "first_name":"Reatha",
        "last_name":"Dake Hall",
        "id":"485051959775075104"
      },
      "url":"https:\/\/www.pinterest.com\/pin\/485051822342805255\/",
      "media":{
        "type":"image"
      },
      "created_at":"2015-02-25T23:10:52",
      "original_link":"http:\/\/halfofgabby.blogspot.com\/2014\/05\/you-know-what-to-do-to-lose-weight.html",
      "note":"3 ways to guarantee you'll lose your weight. If you can master these three things, you will hit goal weight and keep it off. Follow HALF OF GABBY on Facebook for daily weight loss & health tips, recipes, workouts, motivation, and much more!",
      "color":"#a26a51",
      "link":"https:\/\/www.pinterest.com\/r\/pin\/485051822342805255\/4779055074072594921\/254a498dca8d5861eb94958bf729d610bc44ba604e9b46ab871127539645bc3f",
      "board":{
        "url":"https:\/\/www.pinterest.com\/rhall101511\/before-and-after-weightloss-motivation\/",
        "id":"485051891055621099",
        "name":"Before and After Weightloss Motivation"
      },
      "image":{
        "original":{
          "url":"https:\/\/s-media-cache-ak0.pinimg.com\/originals\/fb\/6d\/f4\/fb6df41fe42995edc48434721c5822ad.jpg",
          "width":1423,
          "height":1600
        }
      },
      "counts":{
        "likes":0,
        "comments":0,
        "repins":4
      },
      "id":"485051822342805255",
      "metadata":{
      }
    },
    {
      "attribution":null,
      "creator":{
        "url":"https:\/\/www.pinterest.com\/rhall101511\/",
        "first_name":"Reatha",
        "last_name":"Dake Hall",
        "id":"485051959775075104"
      },
      "url":"https:\/\/www.pinterest.com\/pin\/485051822342798894\/",
      "media":{
        "type":"image"
      },
      "created_at":"2015-02-25T14:25:38",
      "original_link":"http:\/\/www.redbookmag.com\/body\/news\/a20239\/single-mom-drops-over-50-pounds-becomes-body-building-champ\/",
      "note":"Single Mom Drops Over 50 Pounds, Becomes Body Building Champ  - Redbook.com",
      "color":"#948e85",
      "link":"https:\/\/www.pinterest.com\/r\/pin\/485051822342798894\/4779055074072594921\/bd8c02ff373bce4137df97692ee83fa9ea68a1fd289327b4288cffe4847b6a7b",
      "board":{
        "url":"https:\/\/www.pinterest.com\/rhall101511\/before-and-after-weightloss-motivation\/",
        "id":"485051891055621099",
        "name":"Before and After Weightloss Motivation"
      },
      "image":{
        "original":{
          "url":"https:\/\/s-media-cache-ak0.pinimg.com\/originals\/13\/af\/c3\/13afc3ff0325206bede712aaefe2dc41.jpg",
          "width":640,
          "height":853
        }
      },
      "counts":{
        "likes":1,
        "comments":0,
        "repins":1
      },
      "id":"485051822342798894",
      "metadata":{
        "article":{
          "published_at":"2015-02-06T00:00:00",
          "description":"\"The common misconception is that people think they need to starve themselves to lose weight.\"",
          "name":"Single Mom Drops Over 50 Pounds, Becomes Body Building Champ",
          "authors":[
            {
              "name":"Brie Schwartz"
            },
            {
              "name":"Helin Jung"
            },
            {
              "name":"Mylan Torres"
            },
            {
              "name":"Peggy Truong"
            },
            {
              "name":"REDBOOK Editors"
            }
          ]
        },
        "link":{
          "locale":"en",
          "title":"Single Mom Drops Over 50 Pounds, Becomes Body Building Champ",
          "site_name":"Redbook",
          "description":"\",,,The common misconception is that people think they need to starve themselves to lose weight.\",,,",
          "favicon":"https:\/\/s-media-cache-ak0.pinimg.com\/favicons\/ce458e451a45a169daf6ff2a35254626250f7bd74a0f622a8efcd12a.ico?46d7d3c2dd918573838664bbf8eba33e"
        }
      }
    },
    {
      "attribution":null,
      "creator":{
        "url":"https:\/\/www.pinterest.com\/rhall101511\/",
        "first_name":"Reatha",
        "last_name":"Dake Hall",
        "id":"485051959775075104"
      },
      "url":"https:\/\/www.pinterest.com\/pin\/485051822342798568\/",
      "media":{
        "type":"image"
      },
      "created_at":"2015-02-25T13:40:58",
      "original_link":"http:\/\/www.redbookmag.com\/body\/a20010\/eva-rut-gunnlaugsdottir-selfie-diet\/",
      "note":"Woman Loses 110 Pounds to Look Better in Selfies  - Redbook.com",
      "color":"#54723e",
      "link":"https:\/\/www.pinterest.com\/r\/pin\/485051822342798568\/4779055074072594921\/c639105b59b753c9734a721760df21bf6c7a7b6085508c736b535fabfdc1ed4d",
      "board":{
        "url":"https:\/\/www.pinterest.com\/rhall101511\/before-and-after-weightloss-motivation\/",
        "id":"485051891055621099",
        "name":"Before and After Weightloss Motivation"
      },
      "image":{
        "original":{
          "url":"https:\/\/s-media-cache-ak0.pinimg.com\/originals\/d0\/d2\/44\/d0d244874713030775bb0c829e3bce20.jpg",
          "width":480,
          "height":240
        }
      },
      "counts":{
        "likes":0,
        "comments":0,
        "repins":0
      },
      "id":"485051822342798568",
      "metadata":{
      }
    },
    {
      "attribution":null,
      "creator":{
        "url":"https:\/\/www.pinterest.com\/rhall101511\/",
        "first_name":"Reatha",
        "last_name":"Dake Hall",
        "id":"485051959775075104"
      },
      "url":"https:\/\/www.pinterest.com\/pin\/485051822342798453\/",
      "media":{
        "type":"image"
      },
      "created_at":"2015-02-25T13:32:52",
      "original_link":"http:\/\/www.redbookmag.com\/body\/news\/a20428\/after-her-first-husband-called-her-fat-and-ugly-this-woman\/",
      "note":"After Her Ex-Husband Called Her \"Fat and Ugly\" This Woman Got Revenge By Losing 70 Pounds  - Redbook.com",
      "color":"#c0bebf",
      "link":"https:\/\/www.pinterest.com\/r\/pin\/485051822342798453\/4779055074072594921\/74e3a34233449e5f9125f695f0536a2735764d99f5404b46fa9c09d03b98284e",
      "board":{
        "url":"https:\/\/www.pinterest.com\/rhall101511\/before-and-after-weightloss-motivation\/",
        "id":"485051891055621099",
        "name":"Before and After Weightloss Motivation"
      },
      "image":{
        "original":{
          "url":"https:\/\/s-media-cache-ak0.pinimg.com\/originals\/38\/36\/d1\/3836d12b77bcee19f0ce967e15d6ebbd.jpg",
          "width":640,
          "height":853
        }
      },
      "counts":{
        "likes":1,
        "comments":0,
        "repins":0
      },
      "id":"485051822342798453",
      "metadata":{
        "article":{
          "published_at":"2015-02-18T00:00:00",
          "description":"...just in time for her next wedding.",
          "name":"After Her Ex-Husband Called Her \"Fat and Ugly\" This Woman Got Revenge By Losing 70 Pounds",
          "authors":[
            {
              "name":"Brie Schwartz"
            },
            {
              "name":"REDBOOK Editors"
            },
            {
              "name":"Rebecca Rose"
            }
          ]
        },
        "link":{
          "locale":"en",
          "title":"After Her Ex-Husband Called Her \"Fat and Ugly\" This Woman Got Revenge By Losing 70 Pounds",
          "site_name":"Redbook",
          "description":"After husband calls her \",,fat\",, and \",,ugly\",, woman loses 70 pounds",
          "favicon":"https:\/\/s-media-cache-ak0.pinimg.com\/favicons\/9003d298983530d894bb96cb951f58635e85c0409c5f70e4bef445fc.ico?46d7d3c2dd918573838664bbf8eba33e"
        }
      }
    },
    {
      "attribution":null,
      "creator":{
        "url":"https:\/\/www.pinterest.com\/rhall101511\/",
        "first_name":"Reatha",
        "last_name":"Dake Hall",
        "id":"485051959775075104"
      },
      "url":"https:\/\/www.pinterest.com\/pin\/485051822342747067\/",
      "media":{
        "type":"image"
      },
      "created_at":"2015-02-22T02:49:39",
      "original_link":"http:\/\/www.trimmedandtoned.com\/fat-loss-motivation-the-most-amazing-female-weight-loss-transformations-30-pics",
      "note":"Kelsey Byer:  I believe nutrition makes up 80% of what you look like, exercise being 20%.",
      "color":"#ba9475",
      "link":"https:\/\/www.pinterest.com\/r\/pin\/485051822342747067\/4779055074072594921\/e8fdb65baeba8a4e6600a81271d58e631abac3ca1121c37e3cc12d29d19d3d33",
      "board":{
        "url":"https:\/\/www.pinterest.com\/rhall101511\/before-and-after-weightloss-motivation\/",
        "id":"485051891055621099",
        "name":"Before and After Weightloss Motivation"
      },
      "image":{
        "original":{
          "url":"https:\/\/s-media-cache-ak0.pinimg.com\/originals\/38\/6c\/8f\/386c8ffeb9255135c124e0b7a16c7377.jpg",
          "width":630,
          "height":508
        }
      },
      "counts":{
        "likes":0,
        "comments":0,
        "repins":3
      },
      "id":"485051822342747067",
      "metadata":{
      }
    },
    {
      "attribution":null,
      "creator":{
        "url":"https:\/\/www.pinterest.com\/rhall101511\/",
        "first_name":"Reatha",
        "last_name":"Dake Hall",
        "id":"485051959775075104"
      },
      "url":"https:\/\/www.pinterest.com\/pin\/485051822342747061\/",
      "media":{
        "type":"image"
      },
      "created_at":"2015-02-22T02:49:20",
      "original_link":"http:\/\/www.trimmedandtoned.com\/fat-loss-motivation-4-the-most-amazing-female-weight-loss-transformations-30-pics",
      "note":"Fat Loss Motivation 4: The Most Amazing Female Weight Loss Transformations [30 Pics]!",
      "color":"#6e6249",
      "link":"https:\/\/www.pinterest.com\/r\/pin\/485051822342747061\/4779055074072594921\/374f3ca8e3fccc3cbc24426cc81603a3b4c227b1f628326b62d7d8bc694778a5",
      "board":{
        "url":"https:\/\/www.pinterest.com\/rhall101511\/before-and-after-weightloss-motivation\/",
        "id":"485051891055621099",
        "name":"Before and After Weightloss Motivation"
      },
      "image":{
        "original":{
          "url":"https:\/\/s-media-cache-ak0.pinimg.com\/originals\/5c\/e4\/d3\/5ce4d3070a4b5c54dec9c8af008a2e61.jpg",
          "width":600,
          "height":600
        }
      },
      "counts":{
        "likes":0,
        "comments":0,
        "repins":4
      },
      "id":"485051822342747061",
      "metadata":{
      }
    },
    {
      "attribution":null,
      "creator":{
        "url":"https:\/\/www.pinterest.com\/rhall101511\/",
        "first_name":"Reatha",
        "last_name":"Dake Hall",
        "id":"485051959775075104"
      },
      "url":"https:\/\/www.pinterest.com\/pin\/485051822342747037\/",
      "media":{
        "type":"image"
      },
      "created_at":"2015-02-22T02:47:55",
      "original_link":"http:\/\/msdance2beats.tumblr.com\/post\/108228578580\/61kg-katiesfightforfitness-may-3rd-2014",
      "note":"61kg: \u201c katiesfightforfitness: \u201c MAY 3rd 2014.. stepped on the scale this morning only to surprisingly find I am officially 100LBS DOWN!! It reminds me when I used to daydream about what life would be...",
      "color":"#d1ad74",
      "link":"https:\/\/www.pinterest.com\/r\/pin\/485051822342747037\/4779055074072594921\/51126ab38a44b5f03079ae8d3a5317c0e61da5425efa00cd4006f47f75f275cb",
      "board":{
        "url":"https:\/\/www.pinterest.com\/rhall101511\/before-and-after-weightloss-motivation\/",
        "id":"485051891055621099",
        "name":"Before and After Weightloss Motivation"
      },
      "image":{
        "original":{
          "url":"https:\/\/s-media-cache-ak0.pinimg.com\/originals\/85\/67\/2e\/85672e9b44ab1b399edcc8e7e4fe6db8.jpg",
          "width":640,
          "height":640
        }
      },
      "counts":{
        "likes":0,
        "comments":0,
        "repins":1
      },
      "id":"485051822342747037",
      "metadata":{
        "link":{
          "locale":"en",
          "title":"msdance2beats",
          "site_name":"msdance2beats.tumblr.com",
          "description":"61kg: \u201c katiesfightforfitness: \u201c MAY 3rd 2014.. stepped on the scale this morning only to surprisingly find I am officially 100LBS DOWN!! It reminds me when I used to daydream about what life would be...",
          "favicon":"https:\/\/s-media-cache-ak0.pinimg.com\/favicons\/bfb6b720effd87422aafb6210b1428e34e67b50a37ed7360cc5b653c.png?55d49a8c1c781efc88623b84426276bf"
        }
      }
    },
    {
      "attribution":null,
      "creator":{
        "url":"https:\/\/www.pinterest.com\/rhall101511\/",
        "first_name":"Reatha",
        "last_name":"Dake Hall",
        "id":"485051959775075104"
      },
      "url":"https:\/\/www.pinterest.com\/pin\/485051822342747020\/",
      "media":{
        "type":"image"
      },
      "created_at":"2015-02-22T02:46:53",
      "original_link":"http:\/\/www.jensjourney.com\/2012\/01\/hardest-blog-i-have-had-to-post-on-very.html",
      "note":"Before and after...read her story",
      "color":"#615f5c",
      "link":"https:\/\/www.pinterest.com\/r\/pin\/485051822342747020\/4779055074072594921\/32c869c3a72bb1fa1dac8184520fd970e1f71a806f0095da531c1fd4e13445d0",
      "board":{
        "url":"https:\/\/www.pinterest.com\/rhall101511\/before-and-after-weightloss-motivation\/",
        "id":"485051891055621099",
        "name":"Before and After Weightloss Motivation"
      },
      "image":{
        "original":{
          "url":"https:\/\/s-media-cache-ak0.pinimg.com\/originals\/96\/45\/30\/9645308fb6ec13f71b0205692aca950d.jpg",
          "width":320,
          "height":320
        }
      },
      "counts":{
        "likes":0,
        "comments":0,
        "repins":2
      },
      "id":"485051822342747020",
      "metadata":{
      }
    },
    {
      "attribution":null,
      "creator":{
        "url":"https:\/\/www.pinterest.com\/rhall101511\/",
        "first_name":"Reatha",
        "last_name":"Dake Hall",
        "id":"485051959775075104"
      },
      "url":"https:\/\/www.pinterest.com\/pin\/485051822342747011\/",
      "media":{
        "type":"image"
      },
      "created_at":"2015-02-22T02:46:19",
      "original_link":"",
      "note":"Before and After Weightloss Pics",
      "color":"#a2988e",
      "link":"",
      "board":{
        "url":"https:\/\/www.pinterest.com\/rhall101511\/before-and-after-weightloss-motivation\/",
        "id":"485051891055621099",
        "name":"Before and After Weightloss Motivation"
      },
      "image":{
        "original":{
          "url":"https:\/\/s-media-cache-ak0.pinimg.com\/originals\/1d\/85\/3e\/1d853e82338ae3ea02db29e437f5f4ba.jpg",
          "width":539,
          "height":534
        }
      },
      "counts":{
        "likes":0,
        "comments":0,
        "repins":4
      },
      "id":"485051822342747011",
      "metadata":{
      }
    },
    {
      "attribution":null,
      "creator":{
        "url":"https:\/\/www.pinterest.com\/rhall101511\/",
        "first_name":"Reatha",
        "last_name":"Dake Hall",
        "id":"485051959775075104"
      },
      "url":"https:\/\/www.pinterest.com\/pin\/485051822342747008\/",
      "media":{
        "type":"image"
      },
      "created_at":"2015-02-22T02:46:08",
      "original_link":"http:\/\/weightlossbeforeafterdone.blogspot.ca\/2013\/12\/healthiest-way-to-fat-loss.html",
      "note":"How To Lose Stomach Fat - Solved ,Before After Weight Loss Pic",
      "color":"#87786f",
      "link":"https:\/\/www.pinterest.com\/r\/pin\/485051822342747008\/4779055074072594921\/e7749b3dc70f96f1712ef90b1f89746426c8be17b17a629f63b7a3189ce651e4",
      "board":{
        "url":"https:\/\/www.pinterest.com\/rhall101511\/before-and-after-weightloss-motivation\/",
        "id":"485051891055621099",
        "name":"Before and After Weightloss Motivation"
      },
      "image":{
        "original":{
          "url":"https:\/\/s-media-cache-ak0.pinimg.com\/originals\/b6\/ce\/ff\/b6ceff08f0ff22b13a5394d84bcf217c.jpg",
          "width":331,
          "height":363
        }
      },
      "counts":{
        "likes":0,
        "comments":0,
        "repins":0
      },
      "id":"485051822342747008",
      "metadata":{
      }
    },
    {
      "attribution":null,
      "creator":{
        "url":"https:\/\/www.pinterest.com\/rhall101511\/",
        "first_name":"Reatha",
        "last_name":"Dake Hall",
        "id":"485051959775075104"
      },
      "url":"https:\/\/www.pinterest.com\/pin\/485051822342747001\/",
      "media":{
        "type":"image"
      },
      "created_at":"2015-02-22T02:45:51",
      "original_link":"http:\/\/goodbyebabylon.tumblr.com\/post\/46379838217",
      "note":"5\u20199\u201d US Size 18 to US size 3-4 ... Eat clean and keep moving!",
      "color":"#726d6f",
      "link":"https:\/\/www.pinterest.com\/r\/pin\/485051822342747001\/4779055074072594921\/1f19690a575658dece1c3fbc8bfc980bcd348e41a4cb048e2e7a07e84bb1c6a5",
      "board":{
        "url":"https:\/\/www.pinterest.com\/rhall101511\/before-and-after-weightloss-motivation\/",
        "id":"485051891055621099",
        "name":"Before and After Weightloss Motivation"
      },
      "image":{
        "original":{
          "url":"https:\/\/s-media-cache-ak0.pinimg.com\/originals\/59\/82\/3e\/59823eef2ed24336ae7756616ffc8d0c.jpg",
          "width":1280,
          "height":1280
        }
      },
      "counts":{
        "likes":0,
        "comments":0,
        "repins":0
      },
      "id":"485051822342747001",
      "metadata":{
        "link":{
          "locale":"en",
          "title":"Not Found",
          "site_name":"goodbyebabylon.tumblr.com",
          "description":"Not Found - The URL you requested could not be found.",
          "favicon":"https:\/\/s-media-cache-ak0.pinimg.com\/favicons\/d95b61eb27ab802960686272e359a5e50e8d88949cb8423c53374fd1.png?abf33fc5a1e4f561e2c9a00011de96bd"
        }
      }
    },
    {
      "attribution":null,
      "creator":{
        "url":"https:\/\/www.pinterest.com\/rhall101511\/",
        "first_name":"Reatha",
        "last_name":"Dake Hall",
        "id":"485051959775075104"
      },
      "url":"https:\/\/www.pinterest.com\/pin\/485051822342746997\/",
      "media":{
        "type":"image"
      },
      "created_at":"2015-02-22T02:45:38",
      "original_link":"http:\/\/yourweightlossmethods.com\/fatty-2-fitty-height-5-ft-6first-picture-238-lbssecond\/",
      "note":"fatty-2-fitty Height - 5 ft 6 First picture - 238 + lbs Second picture - 134.4 lbs Goal - To look like a ripped Jessica Rabbit! Please follow & support me on my weight loss journey =)",
      "color":"#47424d",
      "link":"https:\/\/www.pinterest.com\/r\/pin\/485051822342746997\/4779055074072594921\/a9a9b857b3b6712f57ad8e617e2a233c11ae727fe1d5a53ac982841405bb4a6b",
      "board":{
        "url":"https:\/\/www.pinterest.com\/rhall101511\/before-and-after-weightloss-motivation\/",
        "id":"485051891055621099",
        "name":"Before and After Weightloss Motivation"
      },
      "image":{
        "original":{
          "url":"https:\/\/s-media-cache-ak0.pinimg.com\/originals\/63\/33\/6b\/63336b7423fcd533fe50d94f5eb9372b.jpg",
          "width":500,
          "height":742
        }
      },
      "counts":{
        "likes":0,
        "comments":0,
        "repins":2
      },
      "id":"485051822342746997",
      "metadata":{
      }
    }
  ],
  "page":{
    "cursor":"LT40ODUwNTE4MjIzNDI3NDY5OTc6MTM3MXxmZTdjNTcyMTEwNDA5MTRmNTE2ZWU5ZGJiNWViOGE1ZDg5YTFkZjQ5MmUwMTQ1Yjg1ZDBhYzMyMmU0MDhlMzhm",
    "next":"https:\/\/api.pinterest.com\/v1\/boards\/rhall101511\/before-and-after-weightloss-motivation\/pins\/?access_token=AZlZE-HOK-Y4205yRft75KyYVaauFCBIs8jxSxdCtrJcomAqbQAAAAA&fields=id%2Clink%2Cnote%2Curl%2Cattribution%2Cmedia%2Cmetadata%2Cboard%2Ccolor%2Ccounts%2Ccreated_at%2Ccreator%2Cimage%2Coriginal_link&cursor=LT40ODUwNTE4MjIzNDI3NDY5OTc6MTM3MXxmZTdjNTcyMTEwNDA5MTRmNTE2ZWU5ZGJiNWViOGE1ZDg5YTFkZjQ5MmUwMTQ1Yjg1ZDBhYzMyMmU0MDhlMzhm"
  }
}
