{
  "data":[
    {
      "attribution":null,
      "creator":{
        "url":"https:\/\/www.pinterest.com\/rhall101511\/",
        "first_name":"Reatha",
        "last_name":"Dake Hall",
        "id":"485051959775075104"
      },
      "url":"https:\/\/www.pinterest.com\/pin\/485051822342363490\/",
      "media":{
        "type":"image"
      },
      "created_at":"2015-01-28T04:22:39",
      "original_link":"http:\/\/www.everydayhealth.com\/columns\/my-health-story\/near-death-experience-inspired-family-lose-pounds\/",
      "note":"A near-death experience prompted Gabi to lose 168 pounds.",
      "color":"#a48f71",
      "link":"https:\/\/www.pinterest.com\/r\/pin\/485051822342363490\/4779055074072594921\/9c8326fb10c0a66d9d4e240a3f9afeafdb09d234472928f4fe1f04b9e25aba6e",
      "board":{
        "url":"https:\/\/www.pinterest.com\/rhall101511\/before-and-after-weightloss-motivation\/",
        "id":"485051891055621099",
        "name":"Before and After Weightloss Motivation"
      },
      "image":{
        "original":{
          "url":"https:\/\/s-media-cache-ak0.pinimg.com\/originals\/68\/35\/99\/683599050c5f6c4d4e8176e6ba5832b1.jpg",
          "width":448,
          "height":675
        }
      },
      "counts":{
        "likes":1,
        "comments":0,
        "repins":2
      },
      "id":"485051822342363490",
      "metadata":{
        "article":{
          "published_at":null,
          "description":"A near-death experience helped Gabi realize that she and her family need to lose weight.",
          "name":"My Near-Death Experience Inspired My Family to Lose 298 Pounds",
          "authors":[]
        },
        "link":{
          "locale":"en_US",
          "title":"My Near-Death Experience Inspired My Family to Lose 298 Pounds",
          "site_name":"everydayhealth.com",
          "description":"A near-death experience helped Gabi realize that she and her family need to lose weight.",
          "favicon":"https:\/\/s-media-cache-ak0.pinimg.com\/favicons\/1663c28a915a92aee8faa185a318837ee77660558b9bd7094f320be2.ico?e0c6df091c5a8317ef46568fae400b0e"
        }
      }
    },
    {
      "attribution":null,
      "creator":{
        "url":"https:\/\/www.pinterest.com\/rhall101511\/",
        "first_name":"Reatha",
        "last_name":"Dake Hall",
        "id":"485051959775075104"
      },
      "url":"https:\/\/www.pinterest.com\/pin\/485051822342363488\/",
      "media":{
        "type":"image"
      },
      "created_at":"2015-01-28T04:22:33",
      "original_link":"http:\/\/www.everydayhealth.com\/columns\/my-health-story\/near-death-experience-inspired-family-lose-pounds\/",
      "note":"This is Gabi before she lost 168 pounds!",
      "color":"#33668e",
      "link":"https:\/\/www.pinterest.com\/r\/pin\/485051822342363488\/4779055074072594921\/a6b65261c02861cbd9dc927484163be3c58eaee9842e423bb252e9748cf4e706",
      "board":{
        "url":"https:\/\/www.pinterest.com\/rhall101511\/before-and-after-weightloss-motivation\/",
        "id":"485051891055621099",
        "name":"Before and After Weightloss Motivation"
      },
      "image":{
        "original":{
          "url":"https:\/\/s-media-cache-ak0.pinimg.com\/originals\/e5\/61\/03\/e56103bfa532279baba58fdcb680db50.jpg",
          "width":178,
          "height":240
        }
      },
      "counts":{
        "likes":0,
        "comments":0,
        "repins":4
      },
      "id":"485051822342363488",
      "metadata":{
        "article":{
          "published_at":null,
          "description":"A near-death experience helped Gabi realize that she and her family need to lose weight.",
          "name":"My Near-Death Experience Inspired My Family to Lose 298 Pounds",
          "authors":[]
        },
        "link":{
          "locale":"en_US",
          "title":"My Near-Death Experience Inspired My Family to Lose 298 Pounds",
          "site_name":"everydayhealth.com",
          "description":"A near-death experience helped Gabi realize that she and her family need to lose weight.",
          "favicon":"https:\/\/s-media-cache-ak0.pinimg.com\/favicons\/1663c28a915a92aee8faa185a318837ee77660558b9bd7094f320be2.ico?e0c6df091c5a8317ef46568fae400b0e"
        }
      }
    },
    {
      "attribution":null,
      "creator":{
        "url":"https:\/\/www.pinterest.com\/rhall101511\/",
        "first_name":"Reatha",
        "last_name":"Dake Hall",
        "id":"485051959775075104"
      },
      "url":"https:\/\/www.pinterest.com\/pin\/485051822342363408\/",
      "media":{
        "type":"image"
      },
      "created_at":"2015-01-28T04:17:52",
      "original_link":"http:\/\/www.womenshealthmag.com\/weight-loss\/best-gym-bodies-success-story",
      "note":"Walk Off the Baby Weight",
      "color":"#758d92",
      "link":"https:\/\/www.pinterest.com\/r\/pin\/485051822342363408\/4779055074072594921\/52195eb51d603798734c56ba48c0230c01f2acf9560c7247293741ab32090cdf",
      "board":{
        "url":"https:\/\/www.pinterest.com\/rhall101511\/before-and-after-weightloss-motivation\/",
        "id":"485051891055621099",
        "name":"Before and After Weightloss Motivation"
      },
      "image":{
        "original":{
          "url":"https:\/\/s-media-cache-ak0.pinimg.com\/originals\/21\/8d\/55\/218d55d6ba71ffbbecec44091a3019e2.jpg",
          "width":447,
          "height":414
        }
      },
      "counts":{
        "likes":0,
        "comments":0,
        "repins":0
      },
      "id":"485051822342363408",
      "metadata":{
        "article":{
          "published_at":null,
          "description":"Vitals Erin Bauer-Whitfield, 27, Sierra Vista, AZ Occupation Stay-at-home mom Height 5'10\" Weight Before 198 Weight After 135 Lesson Learned Exercising shouldn't be a chore. You can do all the exercise you need right in front of the TV. Secret Weapon \"Salad plates. I eat off smaller plates to control my portion size, but I still eat everything I want.\" Most people who join the Army lose weight. Erin Bauer-Whitfield packed on more than 20 pounds after she enlisted. Stationed in Bamberg, Germany, Erin ate a steady diet of beer, chicken cordon bleu, schnitzel, and pizza rolls, and the number on the scale slowly crept up. When she hit 170, she was put on the Army's overweight program, which relegated her to extra physical training and cleaning duties. In 2004, Erin left the Army due to endometriosis (a condition that puts her at risk of hemorrhaging). When Erin's husband, Richard, was deployed to Iraq, she hit a turning point. Feeling bored and alone, she decided to make a change.",
          "name":"Walk Off the Baby Weight",
          "authors":[]
        },
        "link":{
          "locale":"en",
          "title":"Walk Off the Baby Weight",
          "site_name":"Women's Health",
          "description":"To get fit without exercise equipment, new mom Erin Bauer-Whitfield suggests to walk off the baby weight",
          "favicon":"https:\/\/s-media-cache-ak0.pinimg.com\/favicons\/2e5d77d5fcbcfd9c98ee2feb3a19a058812fbe8d95f198b32d9f9a07.ico?dbb79828a114bd9a5eb066401d048f1e"
        }
      }
    },
    {
      "attribution":null,
      "creator":{
        "url":"https:\/\/www.pinterest.com\/rhall101511\/",
        "first_name":"Reatha",
        "last_name":"Dake Hall",
        "id":"485051959775075104"
      },
      "url":"https:\/\/www.pinterest.com\/pin\/485051822342363337\/",
      "media":{
        "type":"image"
      },
      "created_at":"2015-01-28T04:11:28",
      "original_link":"http:\/\/www.blackweightlosssuccess.com\/lloydia-lost-80-pounds\/",
      "note":"Today's weight loss success story: Lloydia lost over 80 pounds. She shared how she lost the weight.",
      "color":"#485955",
      "link":"https:\/\/www.pinterest.com\/r\/pin\/485051822342363337\/4779055074072594921\/bbde3bfd528bc02e7b40dcf7a38a0bb1d7bc26337db64b90df990e9e62a06c6e",
      "board":{
        "url":"https:\/\/www.pinterest.com\/rhall101511\/before-and-after-weightloss-motivation\/",
        "id":"485051891055621099",
        "name":"Before and After Weightloss Motivation"
      },
      "image":{
        "original":{
          "url":"https:\/\/s-media-cache-ak0.pinimg.com\/originals\/96\/85\/89\/968589628fd0998567de3962a67616ef.jpg",
          "width":450,
          "height":495
        }
      },
      "counts":{
        "likes":0,
        "comments":0,
        "repins":1
      },
      "id":"485051822342363337",
      "metadata":{
      }
    },
    {
      "attribution":null,
      "creator":{
        "url":"https:\/\/www.pinterest.com\/rhall101511\/",
        "first_name":"Reatha",
        "last_name":"Dake Hall",
        "id":"485051959775075104"
      },
      "url":"https:\/\/www.pinterest.com\/pin\/485051822342361730\/",
      "media":{
        "type":"image"
      },
      "created_at":"2015-01-28T02:25:25",
      "original_link":"http:\/\/simplymarlena.com\/life-in-general\/how-i-lost-and-kept-off-125-pounds\/",
      "note":"weightloss",
      "color":"#312421",
      "link":"https:\/\/www.pinterest.com\/r\/pin\/485051822342361730\/4779055074072594921\/7e6aeff8bbcfc41086c512c4d41caaffa70266cbcd8b9b4a3bcdc748d933e304",
      "board":{
        "url":"https:\/\/www.pinterest.com\/rhall101511\/before-and-after-weightloss-motivation\/",
        "id":"485051891055621099",
        "name":"Before and After Weightloss Motivation"
      },
      "image":{
        "original":{
          "url":"https:\/\/s-media-cache-ak0.pinimg.com\/originals\/32\/22\/4f\/32224f7edd35f4588f0fd99872ee6e22.jpg",
          "width":1010,
          "height":747
        }
      },
      "counts":{
        "likes":0,
        "comments":0,
        "repins":4
      },
      "id":"485051822342361730",
      "metadata":{
      }
    },
    {
      "attribution":null,
      "creator":{
        "url":"https:\/\/www.pinterest.com\/rhall101511\/",
        "first_name":"Reatha",
        "last_name":"Dake Hall",
        "id":"485051959775075104"
      },
      "url":"https:\/\/www.pinterest.com\/pin\/485051822342361557\/",
      "media":{
        "type":"image"
      },
      "created_at":"2015-01-28T02:12:03",
      "original_link":"http:\/\/www.shapefit.com\/success\/success-stories-weight-loss-mike.html",
      "note":"lost 80 pounds in 2 months!",
      "color":"#ecece2",
      "link":"https:\/\/www.pinterest.com\/r\/pin\/485051822342361557\/4779055074072594921\/091888b51e68e0edf19c6b74179950817c19a99ff9da6b017b46e2b78e3144c2",
      "board":{
        "url":"https:\/\/www.pinterest.com\/rhall101511\/before-and-after-weightloss-motivation\/",
        "id":"485051891055621099",
        "name":"Before and After Weightloss Motivation"
      },
      "image":{
        "original":{
          "url":"https:\/\/s-media-cache-ak0.pinimg.com\/originals\/7f\/b6\/55\/7fb6554c43199b3959b24df2bf1536b2.jpg",
          "width":500,
          "height":300
        }
      },
      "counts":{
        "likes":0,
        "comments":0,
        "repins":1
      },
      "id":"485051822342361557",
      "metadata":{
      }
    },
    {
      "attribution":null,
      "creator":{
        "url":"https:\/\/www.pinterest.com\/rhall101511\/",
        "first_name":"Reatha",
        "last_name":"Dake Hall",
        "id":"485051959775075104"
      },
      "url":"https:\/\/www.pinterest.com\/pin\/485051822342340451\/",
      "media":{
        "type":"image"
      },
      "created_at":"2015-01-26T23:53:16",
      "original_link":"http:\/\/blog.walkjogrun.net\/2010\/01\/04\/walkjogrun-user-shares-how-she-lost-100-lbs-in-one-year\/",
      "note":"WalkJogRun User Shares How She Lost 100 lbs. in One Year! | WalkJogRun",
      "color":"#d0cabf",
      "link":"https:\/\/www.pinterest.com\/r\/pin\/485051822342340451\/4779055074072594921\/1a89b91f1a7bc23158bd0f26d56b24122ff9312603a49cb36adc61133c2657ea",
      "board":{
        "url":"https:\/\/www.pinterest.com\/rhall101511\/before-and-after-weightloss-motivation\/",
        "id":"485051891055621099",
        "name":"Before and After Weightloss Motivation"
      },
      "image":{
        "original":{
          "url":"https:\/\/s-media-cache-ak0.pinimg.com\/originals\/13\/51\/93\/1351933888df112ca2297a031ee628ad.jpg",
          "width":540,
          "height":410
        }
      },
      "counts":{
        "likes":0,
        "comments":0,
        "repins":0
      },
      "id":"485051822342340451",
      "metadata":{
      }
    },
    {
      "attribution":null,
      "creator":{
        "url":"https:\/\/www.pinterest.com\/rhall101511\/",
        "first_name":"Reatha",
        "last_name":"Dake Hall",
        "id":"485051959775075104"
      },
      "url":"https:\/\/www.pinterest.com\/pin\/485051822342340398\/",
      "media":{
        "type":"image"
      },
      "created_at":"2015-01-26T23:50:14",
      "original_link":"http:\/\/www.today.com\/video\/today\/45640374",
      "note":"Video on Today: Caroline Jhingory weighed over 300 pounds when she found out she was pre-diabetic, and tells TODAY this was the wakeup call that made her determined to become \u201cJoy Fit.\u201d",
      "color":"#82635b",
      "link":"https:\/\/www.pinterest.com\/r\/pin\/485051822342340398\/4779055074072594921\/026a3b25a5df105495112c58f98eb493bb99dc48389f0a688b8bb497e39d036a",
      "board":{
        "url":"https:\/\/www.pinterest.com\/rhall101511\/before-and-after-weightloss-motivation\/",
        "id":"485051891055621099",
        "name":"Before and After Weightloss Motivation"
      },
      "image":{
        "original":{
          "url":"https:\/\/s-media-cache-ak0.pinimg.com\/originals\/65\/7c\/d5\/657cd552d5acd75f455aad753276e8ef.jpg",
          "width":640,
          "height":480
        }
      },
      "counts":{
        "likes":0,
        "comments":0,
        "repins":0
      },
      "id":"485051822342340398",
      "metadata":{
      }
    },
    {
      "attribution":null,
      "creator":{
        "url":"https:\/\/www.pinterest.com\/rhall101511\/",
        "first_name":"Reatha",
        "last_name":"Dake Hall",
        "id":"485051959775075104"
      },
      "url":"https:\/\/www.pinterest.com\/pin\/485051822342340331\/",
      "media":{
        "type":"image"
      },
      "created_at":"2015-01-26T23:46:49",
      "original_link":"http:\/\/healthblog.dallasnews.com\/2013\/05\/how-did-heather-martinez-lose-175-pounds-by-surprise-eating-right-exercising.html\/",
      "note":"heather lost 175 pounds",
      "color":"#7e7046",
      "link":"https:\/\/www.pinterest.com\/r\/pin\/485051822342340331\/4779055074072594921\/12659f08d8d095da63602b2d6cdcf5b286d358c05b9f092bf00d6d8ca2bf4931",
      "board":{
        "url":"https:\/\/www.pinterest.com\/rhall101511\/before-and-after-weightloss-motivation\/",
        "id":"485051891055621099",
        "name":"Before and After Weightloss Motivation"
      },
      "image":{
        "original":{
          "url":"https:\/\/s-media-cache-ak0.pinimg.com\/originals\/7a\/de\/8f\/7ade8fa4538471676fa9879b25537cd4.jpg",
          "width":534,
          "height":413
        }
      },
      "counts":{
        "likes":0,
        "comments":0,
        "repins":0
      },
      "id":"485051822342340331",
      "metadata":{
      }
    },
    {
      "attribution":null,
      "creator":{
        "url":"https:\/\/www.pinterest.com\/rhall101511\/",
        "first_name":"Reatha",
        "last_name":"Dake Hall",
        "id":"485051959775075104"
      },
      "url":"https:\/\/www.pinterest.com\/pin\/485051822342340144\/",
      "media":{
        "type":"image"
      },
      "created_at":"2015-01-26T23:38:00",
      "original_link":"http:\/\/www.jamesaltucher.com\/2012\/05\/how-i-lost-100-pounds\/",
      "note":"lisa5",
      "color":"#876262",
      "link":"https:\/\/www.pinterest.com\/r\/pin\/485051822342340144\/4779055074072594921\/3c55e5acd0bd0079d2be39222f266c6f5f895dea0a6498516ae0d61fb74782a1",
      "board":{
        "url":"https:\/\/www.pinterest.com\/rhall101511\/before-and-after-weightloss-motivation\/",
        "id":"485051891055621099",
        "name":"Before and After Weightloss Motivation"
      },
      "image":{
        "original":{
          "url":"https:\/\/s-media-cache-ak0.pinimg.com\/originals\/f0\/7a\/be\/f07abe4750f5f189185b724c9eeba3ab.jpg",
          "width":902,
          "height":1249
        }
      },
      "counts":{
        "likes":0,
        "comments":0,
        "repins":0
      },
      "id":"485051822342340144",
      "metadata":{
      }
    },
    {
      "attribution":null,
      "creator":{
        "url":"https:\/\/www.pinterest.com\/rhall101511\/",
        "first_name":"Reatha",
        "last_name":"Dake Hall",
        "id":"485051959775075104"
      },
      "url":"https:\/\/www.pinterest.com\/pin\/485051822342340001\/",
      "media":{
        "type":"image"
      },
      "created_at":"2015-01-26T23:30:42",
      "original_link":"http:\/\/spousebuzz.com\/blog\/2014\/01\/military-wife-loses-100-pounds.html",
      "note":"I make no claims to be a Weight Loss Guru. I am just one determined chick who decided to take control of her life and body and lost 100 pounds in 274 days. After years of unconscious eating, pregna...",
      "color":"#4f4341",
      "link":"https:\/\/www.pinterest.com\/r\/pin\/485051822342340001\/4779055074072594921\/9e8825bb2319f1a29dfefd3743f97118e7bee969918d8d31ef0d1423911e02ac",
      "board":{
        "url":"https:\/\/www.pinterest.com\/rhall101511\/before-and-after-weightloss-motivation\/",
        "id":"485051891055621099",
        "name":"Before and After Weightloss Motivation"
      },
      "image":{
        "original":{
          "url":"https:\/\/s-media-cache-ak0.pinimg.com\/originals\/85\/ef\/7b\/85ef7bf80890edfcb679ba12962d0ce1.jpg",
          "width":570,
          "height":200
        }
      },
      "counts":{
        "likes":0,
        "comments":0,
        "repins":0
      },
      "id":"485051822342340001",
      "metadata":{
      }
    },
    {
      "attribution":null,
      "creator":{
        "url":"https:\/\/www.pinterest.com\/rhall101511\/",
        "first_name":"Reatha",
        "last_name":"Dake Hall",
        "id":"485051959775075104"
      },
      "url":"https:\/\/www.pinterest.com\/pin\/485051822342333959\/",
      "media":{
        "type":"image"
      },
      "created_at":"2015-01-26T15:13:07",
      "original_link":"http:\/\/www.everydayhealth.com\/columns\/weight-loss-success-stories\/pounds-lost-hanna-stops-obsessing-over-the-scale\/",
      "note":"110 Pounds Lost: Hanna Stops Obsessing Over the Scale",
      "color":"#9f8384",
      "link":"https:\/\/www.pinterest.com\/r\/pin\/485051822342333959\/4779055074072594921\/44bccf31376959b0ffb44fcc6998e296924b8e642875920a857d4a7998273933",
      "board":{
        "url":"https:\/\/www.pinterest.com\/rhall101511\/before-and-after-weightloss-motivation\/",
        "id":"485051891055621099",
        "name":"Before and After Weightloss Motivation"
      },
      "image":{
        "original":{
          "url":"https:\/\/s-media-cache-ak0.pinimg.com\/originals\/d6\/84\/ac\/d684ac51ff9a64678752f2dc07005d5a.jpg",
          "width":400,
          "height":400
        }
      },
      "counts":{
        "likes":0,
        "comments":0,
        "repins":0
      },
      "id":"485051822342333959",
      "metadata":{
        "article":{
          "published_at":null,
          "description":"20-year old Hanna makes some life changes to get healthy in time for college.",
          "name":"110 Pounds Lost: Hanna Stops Obsessing Over the Scale",
          "authors":[]
        },
        "link":{
          "locale":"en_US",
          "title":"110 Pounds Lost: Hanna Stops Obsessing Over the Scale",
          "site_name":"everydayhealth.com",
          "description":"20-year old Hanna makes some life changes to get healthy in time for college.",
          "favicon":"https:\/\/s-media-cache-ak0.pinimg.com\/favicons\/1663c28a915a92aee8faa185a318837ee77660558b9bd7094f320be2.ico?e0c6df091c5a8317ef46568fae400b0e"
        }
      }
    },
    {
      "attribution":null,
      "creator":{
        "url":"https:\/\/www.pinterest.com\/rhall101511\/",
        "first_name":"Reatha",
        "last_name":"Dake Hall",
        "id":"485051959775075104"
      },
      "url":"https:\/\/www.pinterest.com\/pin\/485051822342333831\/",
      "media":{
        "type":"image"
      },
      "created_at":"2015-01-26T14:59:52",
      "original_link":"http:\/\/www.everydayhealth.com\/columns\/weight-loss-success-stories\/cat-learns-happiness-is-much-more-than-being-skinny\/",
      "note":"120 Pounds Lost: Cat Learns Happiness Is Much More Than Being Skinny",
      "color":"#6f7580",
      "link":"https:\/\/www.pinterest.com\/r\/pin\/485051822342333831\/4779055074072594921\/458e47b0ef246c63a9bc6db39f04dab2c4d1db7eb5bf5691f9b850c8f9703c9d",
      "board":{
        "url":"https:\/\/www.pinterest.com\/rhall101511\/before-and-after-weightloss-motivation\/",
        "id":"485051891055621099",
        "name":"Before and After Weightloss Motivation"
      },
      "image":{
        "original":{
          "url":"https:\/\/s-media-cache-ak0.pinimg.com\/originals\/f7\/b1\/7c\/f7b17c49c41671b5141853d76c3863e1.jpg",
          "width":400,
          "height":400
        }
      },
      "counts":{
        "likes":0,
        "comments":0,
        "repins":0
      },
      "id":"485051822342333831",
      "metadata":{
        "article":{
          "published_at":null,
          "description":"A harsh reality check helped Cat start dieting, but motivation to get healthy kept her on track.",
          "name":"120 Pounds Lost: Cat Learns Happiness Is Much More Than Being Skinny",
          "authors":[]
        },
        "link":{
          "locale":"en_US",
          "title":"120 Pounds Lost: Cat Learns Happiness Is Much More Than Being Skinny",
          "site_name":"everydayhealth.com",
          "description":"A harsh reality check helped Cat start dieting, but motivation to get healthy kept her on track.",
          "favicon":"https:\/\/s-media-cache-ak0.pinimg.com\/favicons\/1663c28a915a92aee8faa185a318837ee77660558b9bd7094f320be2.ico?e0c6df091c5a8317ef46568fae400b0e"
        }
      }
    },
    {
      "attribution":null,
      "creator":{
        "url":"https:\/\/www.pinterest.com\/rhall101511\/",
        "first_name":"Reatha",
        "last_name":"Dake Hall",
        "id":"485051959775075104"
      },
      "url":"https:\/\/www.pinterest.com\/pin\/485051822342332842\/",
      "media":{
        "type":"image"
      },
      "created_at":"2015-01-26T13:06:48",
      "original_link":"http:\/\/www.everydayhealth.com\/columns\/weight-loss-success-stories\/113-pounds-lost-pamela-kicked-extra-pounds-her-medication-curb\/",
      "note":"113 Pounds Lost: Pamela Kicked the Extra Pounds \u2013 and Her Meds \u2013 to the Curb - Weight Loss Success Stories",
      "color":"#473a34",
      "link":"https:\/\/www.pinterest.com\/r\/pin\/485051822342332842\/4779055074072594921\/ef5ba793a374c23f846e25bac2f050b1ae0c2e55a50b4f3960544f7177087eaf",
      "board":{
        "url":"https:\/\/www.pinterest.com\/rhall101511\/before-and-after-weightloss-motivation\/",
        "id":"485051891055621099",
        "name":"Before and After Weightloss Motivation"
      },
      "image":{
        "original":{
          "url":"https:\/\/s-media-cache-ak0.pinimg.com\/originals\/2a\/77\/e1\/2a77e1e67ea87c7713fcd4a3cf616abc.jpg",
          "width":400,
          "height":400
        }
      },
      "counts":{
        "likes":0,
        "comments":0,
        "repins":0
      },
      "id":"485051822342332842",
      "metadata":{
        "article":{
          "published_at":null,
          "description":"113 Pounds Lost: Pamela Kicked the Extra Pounds \u2013 and Her Meds \u2013 to the Curb - Weight Loss Success Stories",
          "name":"113 Pounds Lost: Pamela Kicked the Extra Pounds \u2013 and Her Meds \u2013 to the Curb - Weight Loss Success Stories",
          "authors":[]
        },
        "link":{
          "locale":"en_US",
          "title":"113 Pounds Lost: Pamela Kicked the Extra Pounds \u2013 and Her Meds \u2013 to the Curb - Weight Loss Success Stories",
          "site_name":"everydayhealth.com",
          "description":"113 Pounds Lost: Pamela Kicked the Extra Pounds \u2013 and Her Meds \u2013 to the Curb - Weight Loss Success Stories",
          "favicon":"https:\/\/s-media-cache-ak0.pinimg.com\/favicons\/1663c28a915a92aee8faa185a318837ee77660558b9bd7094f320be2.ico?e0c6df091c5a8317ef46568fae400b0e"
        }
      }
    },
    {
      "attribution":null,
      "creator":{
        "url":"https:\/\/www.pinterest.com\/rhall101511\/",
        "first_name":"Reatha",
        "last_name":"Dake Hall",
        "id":"485051959775075104"
      },
      "url":"https:\/\/www.pinterest.com\/pin\/485051822342332817\/",
      "media":{
        "type":"image"
      },
      "created_at":"2015-01-26T13:04:17",
      "original_link":"http:\/\/www.everydayhealth.com\/columns\/weight-loss-success-stories\/104-pounds-lost-jennifer-leans-on-lean-meat-and-portion-control\/",
      "note":"104 Pounds Lost: Jennifer Leans on Lean Meat and Portion Control - Weight Loss Success Stories",
      "color":"#c14b52",
      "link":"https:\/\/www.pinterest.com\/r\/pin\/485051822342332817\/4779055074072594921\/9dbd61d1256b32fb6605aed8a32b2b629fd490046fd76a31d3bdc0991f225908",
      "board":{
        "url":"https:\/\/www.pinterest.com\/rhall101511\/before-and-after-weightloss-motivation\/",
        "id":"485051891055621099",
        "name":"Before and After Weightloss Motivation"
      },
      "image":{
        "original":{
          "url":"https:\/\/s-media-cache-ak0.pinimg.com\/originals\/45\/ea\/b3\/45eab3a6bccf0eaa81484fea8f17735e.jpg",
          "width":400,
          "height":400
        }
      },
      "counts":{
        "likes":0,
        "comments":0,
        "repins":1
      },
      "id":"485051822342332817",
      "metadata":{
        "article":{
          "published_at":null,
          "description":"104 Pounds Lost: Jennifer Leans on Lean Meat and Portion Control - Weight Loss Success Stories",
          "name":"104 Pounds Lost: Jennifer Leans on Lean Meat and Portion Control - Weight Loss Success Stories",
          "authors":[]
        },
        "link":{
          "locale":"en_US",
          "title":"104 Pounds Lost: Jennifer Leans on Lean Meat and Portion Control - Weight Loss Success Stories",
          "site_name":"everydayhealth.com",
          "description":"104 Pounds Lost: Jennifer Leans on Lean Meat and Portion Control - Weight Loss Success Stories",
          "favicon":"https:\/\/s-media-cache-ak0.pinimg.com\/favicons\/1663c28a915a92aee8faa185a318837ee77660558b9bd7094f320be2.ico?e0c6df091c5a8317ef46568fae400b0e"
        }
      }
    },
    {
      "attribution":null,
      "creator":{
        "url":"https:\/\/www.pinterest.com\/rhall101511\/",
        "first_name":"Reatha",
        "last_name":"Dake Hall",
        "id":"485051959775075104"
      },
      "url":"https:\/\/www.pinterest.com\/pin\/485051822342332756\/",
      "media":{
        "type":"image"
      },
      "created_at":"2015-01-26T12:57:33",
      "original_link":"http:\/\/www.health.com\/health\/article\/0,,20883003,00.html",
      "note":"healthy-comeback-before-suheily-rodriguez",
      "color":"#3d3a23",
      "link":"https:\/\/www.pinterest.com\/r\/pin\/485051822342332756\/4779055074072594921\/eca21778f6cb5a82dbd0c293a1e2e8911eca3cd0ed97dec9897c4dbfbb44a729",
      "board":{
        "url":"https:\/\/www.pinterest.com\/rhall101511\/before-and-after-weightloss-motivation\/",
        "id":"485051891055621099",
        "name":"Before and After Weightloss Motivation"
      },
      "image":{
        "original":{
          "url":"https:\/\/s-media-cache-ak0.pinimg.com\/originals\/e3\/fc\/f2\/e3fcf2898b92fe972d3b82379ecbcf60.jpg",
          "width":400,
          "height":400
        }
      },
      "counts":{
        "likes":0,
        "comments":0,
        "repins":0
      },
      "id":"485051822342332756",
      "metadata":{
        "article":{
          "published_at":null,
          "description":"Weight loss success story from Suheily Rodriguez, who dropped major pounds after she reined in her portions and made exercise a must-do",
          "name":"Weight Loss Success Story: \"I Lost 96 Pounds\"",
          "authors":[]
        },
        "link":{
          "locale":"en",
          "title":"Weight Loss Success Story: \"I Lost 96 Pounds\"",
          "site_name":"Health.com",
          "description":"Weight loss success story from Suheily Rodriguez, who dropped major pounds after she reined in her portions and made exercise a must-do",
          "favicon":"https:\/\/s-media-cache-ak0.pinimg.com\/favicons\/c945a289618e7aaae8c0cb93f587948b6293c314d0e6ab446a6700d0.ico?de480e8623cadc12348dfecf63059615"
        }
      }
    },
    {
      "attribution":null,
      "creator":{
        "url":"https:\/\/www.pinterest.com\/rhall101511\/",
        "first_name":"Reatha",
        "last_name":"Dake Hall",
        "id":"485051959775075104"
      },
      "url":"https:\/\/www.pinterest.com\/pin\/485051822342262782\/",
      "media":{
        "type":"image"
      },
      "created_at":"2015-01-22T02:15:06",
      "original_link":"http:\/\/www.fitwoman.com\/blog\/2014\/09\/27\/mental-journey-behind-jen-corns-successful-healthy-weight-road-trip\/",
      "note":"Featured on CNN's Weekly column about weight loss success stories, Jen Corn talks to us about how changing her lifestyle started with a new mindset.",
      "color":"#95bebf",
      "link":"https:\/\/www.pinterest.com\/r\/pin\/485051822342262782\/4779055074072594921\/7e66348d80ad2de33569c684f0ec5d004cfae535e17a8c1f6b10145d9f7cec6c",
      "board":{
        "url":"https:\/\/www.pinterest.com\/rhall101511\/before-and-after-weightloss-motivation\/",
        "id":"485051891055621099",
        "name":"Before and After Weightloss Motivation"
      },
      "image":{
        "original":{
          "url":"https:\/\/s-media-cache-ak0.pinimg.com\/originals\/a5\/0a\/a9\/a50aa915a70375b072f94be94df96c82.jpg",
          "width":768,
          "height":1024
        }
      },
      "counts":{
        "likes":0,
        "comments":0,
        "repins":1
      },
      "id":"485051822342262782",
      "metadata":{
        "article":{
          "published_at":"2014-09-27T00:00:00",
          "description":"Featured on CNN's Weekly column about weight loss success stories, Jen Corn talks to us about how changing her lifestyle started with a new mindset.",
          "name":"Jen Corn's Healthy Weight Road Trip",
          "authors":[]
        },
        "link":{
          "locale":"en_US",
          "title":"Jen Corn's Healthy Weight Road Trip | Weight Loss Women",
          "site_name":"Green Mountain at Fox Run",
          "description":"Featured on CNN's Weekly column about weight loss success stories, Jen Corn talks to us about how changing her lifestyle started with a new mindset.",
          "favicon":"https:\/\/s-media-cache-ak0.pinimg.com\/favicons\/3d3ee9b06be1b54435532f5dbb04ac9c3cdecf2d430397f82736b8ff.ico?fba8d02b98bf9008101480236b534d73"
        }
      }
    },
    {
      "attribution":null,
      "creator":{
        "url":"https:\/\/www.pinterest.com\/rhall101511\/",
        "first_name":"Reatha",
        "last_name":"Dake Hall",
        "id":"485051959775075104"
      },
      "url":"https:\/\/www.pinterest.com\/pin\/485051822342262740\/",
      "media":{
        "type":"image"
      },
      "created_at":"2015-01-22T02:10:53",
      "original_link":"http:\/\/www.kevinandamanda.com\/whatsnew\/my-weight-loss-story\/my-weight-loss-story-before-after-photos.html",
      "note":"30 lbs weight loss before and after pictures",
      "color":"#8e957e",
      "link":"https:\/\/www.pinterest.com\/r\/pin\/485051822342262740\/4779055074072594921\/2e3064859d2dab5154057c856f2ab613a8b6a7ed017cfed079e29dd420a54b99",
      "board":{
        "url":"https:\/\/www.pinterest.com\/rhall101511\/before-and-after-weightloss-motivation\/",
        "id":"485051891055621099",
        "name":"Before and After Weightloss Motivation"
      },
      "image":{
        "original":{
          "url":"https:\/\/s-media-cache-ak0.pinimg.com\/originals\/8d\/7d\/89\/8d7d89ebffe14029892004eb52d1e599.jpg",
          "width":490,
          "height":624
        }
      },
      "counts":{
        "likes":0,
        "comments":0,
        "repins":0
      },
      "id":"485051822342262740",
      "metadata":{
        "article":{
          "published_at":"2009-11-18T00:00:00",
          "description":"Some of you have noticed (and thank you so much for your sweet comments! :)) that Kevin and I have lost some weight recently\u2026 I have been putting off writing this post because I don\u2019t want to seem like I\u2019m bragging or fishing for compliments\u2026 But I wanted to share my story, because before all \u2026",
          "name":"My Weight Loss Story { Before & After Photos }",
          "authors":[]
        },
        "link":{
          "locale":"en_US",
          "title":"My Weight Loss Story { Before & After Photos } | Kevin & Amanda | Food & Travel Blog",
          "site_name":"Kevin & Amanda",
          "description":"Some of you have noticed (and thank you so much for your sweet comments! :)) that Kevin and I have lost some weight recently\u2026 I have been putting off writing this post because I don\u2019t want to seem like I\u2019m",
          "favicon":"https:\/\/s-media-cache-ak0.pinimg.com\/favicons\/125c92f18bcd1dc8759cbc830076631f74af1ae3dbd745e91c32492b.ico?b64748ecf972a8b3ac7fbfde13f115c2"
        }
      }
    },
    {
      "attribution":null,
      "creator":{
        "url":"https:\/\/www.pinterest.com\/rhall101511\/",
        "first_name":"Reatha",
        "last_name":"Dake Hall",
        "id":"485051959775075104"
      },
      "url":"https:\/\/www.pinterest.com\/pin\/485051822342262694\/",
      "media":{
        "type":"image"
      },
      "created_at":"2015-01-22T02:07:03",
      "original_link":"http:\/\/www.rebootwithjoe.com\/reboot-success-story-jenny-no-longer-needs-a-walking-stick\/",
      "note":"Name:\u00a0 Jenny Reboot: Juice for breakfast and lunch, whole foods for dinner for 16 weeks Age: 51 What Health Issues apply to you? Arthritis, High Blood Pressure, Obesity, Osteo Genisus Imperfecta (Brittle Bones)  How did you learn about Reboot with Joe? My husband and I saw the commercial for the program on TV two years ago and watched the program that night.  What inspired you to do a Reboot? My health was at an all-time low and seeing Joe being so unwell himself definitely spurred me on.  I ...",
      "color":"#635353",
      "link":"https:\/\/www.pinterest.com\/r\/pin\/485051822342262694\/4779055074072594921\/b6bf860368f7a6c657c5c6869378c155fa3b43188a5991c46a7f632189f42ebd",
      "board":{
        "url":"https:\/\/www.pinterest.com\/rhall101511\/before-and-after-weightloss-motivation\/",
        "id":"485051891055621099",
        "name":"Before and After Weightloss Motivation"
      },
      "image":{
        "original":{
          "url":"https:\/\/s-media-cache-ak0.pinimg.com\/originals\/e5\/72\/87\/e57287c549ba528b691881eda7c821d3.jpg",
          "width":654,
          "height":467
        }
      },
      "counts":{
        "likes":0,
        "comments":0,
        "repins":0
      },
      "id":"485051822342262694",
      "metadata":{
        "article":{
          "published_at":"2014-04-21T00:00:00",
          "description":"Name: Jenny Reboot: Juice for breakfast and lunch, whole foods for dinner for 16 weeks Age: 51 What Health Issues apply to you? Arthritis, High Blood Pressure, Obesity, Osteo Genisus Imperfecta (Brittle Bones) How did you learn about Reboot with Joe? My husband and I saw the commercial for the program on TV two years ago and watched the program that night. What inspired you to do a Reboot? My health was at an all-time low and seeing Joe being so unwell himself definitely spurred me on. I have Osteo Genisus Imperfecta which is brittle bones. With the pain in my spine from fractures and disc degeneration, I was on a walking stick unable to walk any more than 20 meters\/65 feet without being in severe pain. How did the experience go for you? It was life changing. My husband and I only did the juice for breakfast and lunch and had a non-processed meal for dinner. It was amazing how fantastic we both felt. How much weight did you lose (even if that wasn\u2019t your goal!)? 16",
          "name":"From Using a Walking Stick to Running 4 Miles Pain Free",
          "authors":[]
        },
        "link":{
          "locale":"en_US",
          "title":"From Using a Walking Stick to Running 4 Miles Pain Free | Reboot With Joe",
          "site_name":"Reboot With Joe",
          "description":"\"I have Osteo Genisus Imperfecta which is brittle bones. With the pain in my spine from fractures and disc degeneration, I was on a walking stick unable to walk",
          "favicon":"https:\/\/s-media-cache-ak0.pinimg.com\/favicons\/ea23628e8f6bbdc58bb8cb546639241e3fd66432b1b53cbaa0bd5f0e.ico?d77a2653073bf102e3458c90c6a66370"
        }
      }
    },
    {
      "attribution":null,
      "creator":{
        "url":"https:\/\/www.pinterest.com\/rhall101511\/",
        "first_name":"Reatha",
        "last_name":"Dake Hall",
        "id":"485051959775075104"
      },
      "url":"https:\/\/www.pinterest.com\/pin\/485051822342262679\/",
      "media":{
        "type":"image"
      },
      "created_at":"2015-01-22T02:04:29",
      "original_link":"http:\/\/www.fitday.com\/fitness-articles\/fitness\/weight-loss\/walking-weight-off-how-a-daily-walk-can-help-you-shed-pounds.html",
      "note":"How a daily walk can help you reach your weight loss goals",
      "color":"#90c8e7",
      "link":"https:\/\/www.pinterest.com\/r\/pin\/485051822342262679\/4779055074072594921\/4221c9c492453da11d6dd190b057d3d20e529a7a95a217728bc910837067f8c4",
      "board":{
        "url":"https:\/\/www.pinterest.com\/rhall101511\/before-and-after-weightloss-motivation\/",
        "id":"485051891055621099",
        "name":"Before and After Weightloss Motivation"
      },
      "image":{
        "original":{
          "url":"https:\/\/s-media-cache-ak0.pinimg.com\/originals\/59\/94\/8d\/59948d711e668f224d2d8786a82cba7f.png",
          "width":300,
          "height":203
        }
      },
      "counts":{
        "likes":0,
        "comments":0,
        "repins":0
      },
      "id":"485051822342262679",
      "metadata":{
      }
    },
    {
      "attribution":null,
      "creator":{
        "url":"https:\/\/www.pinterest.com\/rhall101511\/",
        "first_name":"Reatha",
        "last_name":"Dake Hall",
        "id":"485051959775075104"
      },
      "url":"https:\/\/www.pinterest.com\/pin\/485051822342262589\/",
      "media":{
        "type":"image"
      },
      "created_at":"2015-01-22T01:56:43",
      "original_link":"http:\/\/www.blackweightlosssuccess.com\/debbie-lost-70-pounds\/",
      "note":"Debbie weight loss",
      "color":"#aa923a",
      "link":"https:\/\/www.pinterest.com\/r\/pin\/485051822342262589\/4779055074072594921\/6c492175be1289c22f8b29ddd7baf48651d3a661cbe89b9435b6d4d016639270",
      "board":{
        "url":"https:\/\/www.pinterest.com\/rhall101511\/before-and-after-weightloss-motivation\/",
        "id":"485051891055621099",
        "name":"Before and After Weightloss Motivation"
      },
      "image":{
        "original":{
          "url":"https:\/\/s-media-cache-ak0.pinimg.com\/originals\/19\/ff\/fe\/19fffea535ca0d361de917bbe5d03363.jpg",
          "width":450,
          "height":450
        }
      },
      "counts":{
        "likes":0,
        "comments":0,
        "repins":0
      },
      "id":"485051822342262589",
      "metadata":{
      }
    },
    {
      "attribution":null,
      "creator":{
        "url":"https:\/\/www.pinterest.com\/rhall101511\/",
        "first_name":"Reatha",
        "last_name":"Dake Hall",
        "id":"485051959775075104"
      },
      "url":"https:\/\/www.pinterest.com\/pin\/485051822342262557\/",
      "media":{
        "type":"image"
      },
      "created_at":"2015-01-22T01:54:47",
      "original_link":"http:\/\/www.blackweightlosssuccess.com\/tatenda-lost-62-pounds\/",
      "note":"Weight Loss Story of the Day: Our African sista Tatenda lost 62 pounds. This petite diva gained weight from emotional eating, not exercising and pregnancy.",
      "color":"#765c40",
      "link":"https:\/\/www.pinterest.com\/r\/pin\/485051822342262557\/4779055074072594921\/5e519725b17a8d94c7d856e59c67147b743113df0d464346506738fd1e081039",
      "board":{
        "url":"https:\/\/www.pinterest.com\/rhall101511\/before-and-after-weightloss-motivation\/",
        "id":"485051891055621099",
        "name":"Before and After Weightloss Motivation"
      },
      "image":{
        "original":{
          "url":"https:\/\/s-media-cache-ak0.pinimg.com\/originals\/f5\/33\/14\/f53314cd62f16706f378800f6e7660fc.jpg",
          "width":550,
          "height":426
        }
      },
      "counts":{
        "likes":0,
        "comments":0,
        "repins":0
      },
      "id":"485051822342262557",
      "metadata":{
      }
    },
    {
      "attribution":null,
      "creator":{
        "url":"https:\/\/www.pinterest.com\/rhall101511\/",
        "first_name":"Reatha",
        "last_name":"Dake Hall",
        "id":"485051959775075104"
      },
      "url":"https:\/\/www.pinterest.com\/pin\/485051822342262516\/",
      "media":{
        "type":"image"
      },
      "created_at":"2015-01-22T01:51:38",
      "original_link":"http:\/\/www.chatelaine.com\/health\/fitness\/a-chatelaine-readers-amazing-weight-loss-success-story\/",
      "note":"Read on for the inspiring story of how this mother of three lost 200 pounds by taking health into her own hands!",
      "color":"#88778a",
      "link":"https:\/\/www.pinterest.com\/r\/pin\/485051822342262516\/4779055074072594921\/4362e0afc592e521f39f4f52e2a98e1d8b80613a67b8140b01e7364ccd1f448d",
      "board":{
        "url":"https:\/\/www.pinterest.com\/rhall101511\/before-and-after-weightloss-motivation\/",
        "id":"485051891055621099",
        "name":"Before and After Weightloss Motivation"
      },
      "image":{
        "original":{
          "url":"https:\/\/s-media-cache-ak0.pinimg.com\/originals\/e5\/b2\/5a\/e5b25a80df95048781b8d81f2be9c723.jpg",
          "width":348,
          "height":360
        }
      },
      "counts":{
        "likes":0,
        "comments":0,
        "repins":2
      },
      "id":"485051822342262516",
      "metadata":{
      }
    },
    {
      "attribution":null,
      "creator":{
        "url":"https:\/\/www.pinterest.com\/rhall101511\/",
        "first_name":"Reatha",
        "last_name":"Dake Hall",
        "id":"485051959775075104"
      },
      "url":"https:\/\/www.pinterest.com\/pin\/485051822342213855\/",
      "media":{
        "type":"image"
      },
      "created_at":"2015-01-19T00:37:42",
      "original_link":"http:\/\/www.ajc.com\/news\/lifestyles\/health\/catherine-anliker-loses-105-pounds\/nQfLs\/",
      "note":"Catherine Anliker loses 105 pounds",
      "color":"#b499ab",
      "link":"https:\/\/www.pinterest.com\/r\/pin\/485051822342213855\/4779055074072594921\/3d9cc8cfc36e5fbd1372cb61ee11c082670b0346a2fa3f941b8dadf63eb459d0",
      "board":{
        "url":"https:\/\/www.pinterest.com\/rhall101511\/before-and-after-weightloss-motivation\/",
        "id":"485051891055621099",
        "name":"Before and After Weightloss Motivation"
      },
      "image":{
        "original":{
          "url":"https:\/\/s-media-cache-ak0.pinimg.com\/originals\/01\/51\/9d\/01519d81b101f3bdf6e1869d0577abaf.jpg",
          "width":600,
          "height":600
        }
      },
      "counts":{
        "likes":0,
        "comments":0,
        "repins":0
      },
      "id":"485051822342213855",
      "metadata":{
      }
    },
    {
      "attribution":null,
      "creator":{
        "url":"https:\/\/www.pinterest.com\/rhall101511\/",
        "first_name":"Reatha",
        "last_name":"Dake Hall",
        "id":"485051959775075104"
      },
      "url":"https:\/\/www.pinterest.com\/pin\/485051822342212894\/",
      "media":{
        "type":"image"
      },
      "created_at":"2015-01-18T23:29:01",
      "original_link":"http:\/\/fromfattofitchick.blogspot.com\/p\/my-weight-loss.html",
      "note":"From Fat to Fit Chick: : Meet Tanee",
      "color":"#402e19",
      "link":"https:\/\/www.pinterest.com\/r\/pin\/485051822342212894\/4779055074072594921\/11f1158614b609c00997bc65b1fae28d232bc8757df2fe548c90c6ab93022104",
      "board":{
        "url":"https:\/\/www.pinterest.com\/rhall101511\/before-and-after-weightloss-motivation\/",
        "id":"485051891055621099",
        "name":"Before and After Weightloss Motivation"
      },
      "image":{
        "original":{
          "url":"https:\/\/s-media-cache-ak0.pinimg.com\/originals\/08\/2f\/af\/082faf1e94e74e8a882961cc0cd4c3b1.jpg",
          "width":638,
          "height":638
        }
      },
      "counts":{
        "likes":0,
        "comments":0,
        "repins":0
      },
      "id":"485051822342212894",
      "metadata":{
      }
    }
  ],
  "page":{
    "cursor":"LT40ODUwNTE4MjIzNDIyMTI4OTQ6MTUzOXxmMzI1ZDcyMWFiZmNhOWUxYThkMDBiYzRjMmFmNGUwMzQ2OWRjMTgyZDhmODdjZDQzOGRmZWY1OWE1ZGMzMWY2",
    "next":"https:\/\/api.pinterest.com\/v1\/boards\/rhall101511\/before-and-after-weightloss-motivation\/pins\/?access_token=AZlZE-HOK-Y4205yRft75KyYVaauFCBIs8jxSxdCtrJcomAqbQAAAAA&fields=id%2Clink%2Cnote%2Curl%2Cattribution%2Cmedia%2Cmetadata%2Cboard%2Ccolor%2Ccounts%2Ccreated_at%2Ccreator%2Cimage%2Coriginal_link&cursor=LT40ODUwNTE4MjIzNDIyMTI4OTQ6MTUzOXxmMzI1ZDcyMWFiZmNhOWUxYThkMDBiYzRjMmFmNGUwMzQ2OWRjMTgyZDhmODdjZDQzOGRmZWY1OWE1ZGMzMWY2"
  }
}
