{
  "data":[
    {
      "attribution":null,
      "creator":{
        "url":"https:\/\/www.pinterest.com\/rhall101511\/",
        "first_name":"Reatha",
        "last_name":"Dake Hall",
        "id":"485051959775075104"
      },
      "url":"https:\/\/www.pinterest.com\/pin\/485051822340692869\/",
      "media":{
        "type":"image"
      },
      "created_at":"2014-09-13T23:08:55",
      "original_link":"http:\/\/healthiestwaytoweightloss.blogspot.co.uk\/2014\/07\/losing-belly-fat_76.html",
      "note":"Losing Belly Fat",
      "color":"#4e555c",
      "link":"https:\/\/www.pinterest.com\/r\/pin\/485051822340692869\/4779055074072594921\/9d9c7e380c131c1901d5babe3351804c9911d7889c0d453280cf5c19a468e2f8",
      "board":{
        "url":"https:\/\/www.pinterest.com\/rhall101511\/before-and-after-weightloss-motivation\/",
        "id":"485051891055621099",
        "name":"Before and After Weightloss Motivation"
      },
      "image":{
        "original":{
          "url":"https:\/\/s-media-cache-ak0.pinimg.com\/originals\/31\/71\/39\/3171398d13eb7d1a15609d9a5b14c211.jpg",
          "width":386,
          "height":401
        }
      },
      "counts":{
        "likes":0,
        "comments":0,
        "repins":0
      },
      "id":"485051822340692869",
      "metadata":{
      }
    },
    {
      "attribution":null,
      "creator":{
        "url":"https:\/\/www.pinterest.com\/rhall101511\/",
        "first_name":"Reatha",
        "last_name":"Dake Hall",
        "id":"485051959775075104"
      },
      "url":"https:\/\/www.pinterest.com\/pin\/485051822340641435\/",
      "media":{
        "type":"image"
      },
      "created_at":"2014-09-08T14:55:08",
      "original_link":"http:\/\/www.trimmedandtoned.com\/fat-loss-motivation-2-the-best-female-weight-loss-transformations-30-pics",
      "note":"Amanda Wicker",
      "color":"#aaa495",
      "link":"https:\/\/www.pinterest.com\/r\/pin\/485051822340641435\/4779055074072594921\/3e4853b32b062f3c19af5cba45eb971537bd2597b215e1d1ff98f282900a6d7e",
      "board":{
        "url":"https:\/\/www.pinterest.com\/rhall101511\/before-and-after-weightloss-motivation\/",
        "id":"485051891055621099",
        "name":"Before and After Weightloss Motivation"
      },
      "image":{
        "original":{
          "url":"https:\/\/s-media-cache-ak0.pinimg.com\/originals\/87\/ea\/05\/87ea058128564041df0a28c0f1516fc0.jpg",
          "width":400,
          "height":400
        }
      },
      "counts":{
        "likes":0,
        "comments":0,
        "repins":0
      },
      "id":"485051822340641435",
      "metadata":{
      }
    },
    {
      "attribution":null,
      "creator":{
        "url":"https:\/\/www.pinterest.com\/rhall101511\/",
        "first_name":"Reatha",
        "last_name":"Dake Hall",
        "id":"485051959775075104"
      },
      "url":"https:\/\/www.pinterest.com\/pin\/485051822340641424\/",
      "media":{
        "type":"image"
      },
      "created_at":"2014-09-08T14:51:41",
      "original_link":"http:\/\/www.dailyspark.com\/blog.asp?post=how_i_lost_132_pounds",
      "note":"Read their inspiring story! Woman lost 132 pounds without surgery, pills or fitness fads. See her pics and strategies!",
      "color":"#7a8379",
      "link":"https:\/\/www.pinterest.com\/r\/pin\/485051822340641424\/4779055074072594921\/2ab1806e290e83cbfa201e4df79feb91c407486a203d3af6f320b0d085d13f5e",
      "board":{
        "url":"https:\/\/www.pinterest.com\/rhall101511\/before-and-after-weightloss-motivation\/",
        "id":"485051891055621099",
        "name":"Before and After Weightloss Motivation"
      },
      "image":{
        "original":{
          "url":"https:\/\/s-media-cache-ak0.pinimg.com\/originals\/68\/1f\/08\/681f08397bc35992cf4057c983a2188b.jpg",
          "width":201,
          "height":268
        }
      },
      "counts":{
        "likes":0,
        "comments":0,
        "repins":3
      },
      "id":"485051822340641424",
      "metadata":{
        "article":{
          "published_at":null,
          "description":"Get inspired by one woman who won the battle of the bulge.",
          "name":"How I Lost 132 Pounds*",
          "authors":[]
        },
        "link":{
          "locale":"en",
          "title":"How I Lost 132 Pounds*",
          "site_name":"SparkPeople",
          "description":"Get inspired by one woman who won the battle of the bulge.",
          "favicon":"https:\/\/s-media-cache-ak0.pinimg.com\/favicons\/1f5048363da8ccc92776e8cca87eb838a80106986110ff9a817bb7ae.ico?dcb4ade4315e103c5a61d6440ee29724"
        }
      }
    },
    {
      "attribution":null,
      "creator":{
        "url":"https:\/\/www.pinterest.com\/rhall101511\/",
        "first_name":"Reatha",
        "last_name":"Dake Hall",
        "id":"485051959775075104"
      },
      "url":"https:\/\/www.pinterest.com\/pin\/485051822340641419\/",
      "media":{
        "type":"image"
      },
      "created_at":"2014-09-08T14:51:13",
      "original_link":"http:\/\/usa.goodplace4you.eu\/?p=1031",
      "note":"Success is not a race, be patient. Start Lose Weight Now !",
      "color":"#d0c8ca",
      "link":"https:\/\/www.pinterest.com\/r\/pin\/485051822340641419\/4779055074072594921\/d4e2f3fddd2376d553e3860ddd72507dcb347f4c72e533989d69402736fceddf",
      "board":{
        "url":"https:\/\/www.pinterest.com\/rhall101511\/before-and-after-weightloss-motivation\/",
        "id":"485051891055621099",
        "name":"Before and After Weightloss Motivation"
      },
      "image":{
        "original":{
          "url":"https:\/\/s-media-cache-ak0.pinimg.com\/originals\/9d\/18\/28\/9d18284277f5854dca5865a80d7af29c.jpg",
          "width":615,
          "height":694
        }
      },
      "counts":{
        "likes":1,
        "comments":0,
        "repins":1
      },
      "id":"485051822340641419",
      "metadata":{
      }
    },
    {
      "attribution":{
        "title":"Angela-Blue-Natural-Weight-Loss-Success-Story-Bikini-Body-Program",
        "url":"http:\/\/www.flickr.com\/photos\/71656126@N04\/6474697869\/",
        "provider_icon_url":"https:\/\/s-passets-cache-ak0.pinimg.com\/images\/api\/attrib\/flickr@2x.png",
        "author_name":"damyhealth",
        "provider_favicon_url":"https:\/\/s-passets-cache-ak0.pinimg.com\/images\/api\/attrib\/flickr.png",
        "author_url":"http:\/\/www.flickr.com\/photos\/71656126@N04\/",
        "provider_name":"flickr"
      },
      "creator":{
        "url":"https:\/\/www.pinterest.com\/rhall101511\/",
        "first_name":"Reatha",
        "last_name":"Dake Hall",
        "id":"485051959775075104"
      },
      "url":"https:\/\/www.pinterest.com\/pin\/485051822340641417\/",
      "media":{
        "type":"image"
      },
      "created_at":"2014-09-08T14:50:50",
      "original_link":"http:\/\/afatlossfactor.tk\/",
      "note":"In this short weight loss presentation I will teach you a somewhat unusual weight loss strategy that can help you get a flatter belly in under 7 days, while still enjoying the foods you love. #weightloss #fatburning",
      "color":"#8a7660",
      "link":"https:\/\/www.pinterest.com\/r\/pin\/485051822340641417\/4779055074072594921\/7159faf702750e63180c49c1d50bf760994ec000c6cf0c18667790ff71055913",
      "board":{
        "url":"https:\/\/www.pinterest.com\/rhall101511\/before-and-after-weightloss-motivation\/",
        "id":"485051891055621099",
        "name":"Before and After Weightloss Motivation"
      },
      "image":{
        "original":{
          "url":"https:\/\/s-media-cache-ak0.pinimg.com\/originals\/be\/35\/20\/be352038eef159a59f6b8d9278787355.jpg",
          "width":320,
          "height":215
        }
      },
      "counts":{
        "likes":0,
        "comments":0,
        "repins":0
      },
      "id":"485051822340641417",
      "metadata":{
      }
    },
    {
      "attribution":null,
      "creator":{
        "url":"https:\/\/www.pinterest.com\/rhall101511\/",
        "first_name":"Reatha",
        "last_name":"Dake Hall",
        "id":"485051959775075104"
      },
      "url":"https:\/\/www.pinterest.com\/pin\/485051822340641416\/",
      "media":{
        "type":"image"
      },
      "created_at":"2014-09-08T14:50:43",
      "original_link":"http:\/\/frutaplantanobrasil.blogspot.com\/2013\/03\/li-da-daidaihua-emagrecedor-poderoso.html",
      "note":"Here you can find more information about my success.I love this way of weight loss!",
      "color":"#7e696f",
      "link":"https:\/\/www.pinterest.com\/r\/pin\/485051822340641416\/4779055074072594921\/6736e898c5e655b2b4f2bab28fa7848b514c27215f97cff532e1d80183d93898",
      "board":{
        "url":"https:\/\/www.pinterest.com\/rhall101511\/before-and-after-weightloss-motivation\/",
        "id":"485051891055621099",
        "name":"Before and After Weightloss Motivation"
      },
      "image":{
        "original":{
          "url":"https:\/\/s-media-cache-ak0.pinimg.com\/originals\/c4\/43\/57\/c44357c2148499f49b8e5a12f7f86562.jpg",
          "width":373,
          "height":465
        }
      },
      "counts":{
        "likes":0,
        "comments":0,
        "repins":0
      },
      "id":"485051822340641416",
      "metadata":{
      }
    },
    {
      "attribution":null,
      "creator":{
        "url":"https:\/\/www.pinterest.com\/rhall101511\/",
        "first_name":"Reatha",
        "last_name":"Dake Hall",
        "id":"485051959775075104"
      },
      "url":"https:\/\/www.pinterest.com\/pin\/485051822340641415\/",
      "media":{
        "type":"image"
      },
      "created_at":"2014-09-08T14:50:01",
      "original_link":"http:\/\/best-way-to-lose-weight-fast-and-easy.blogspot.com\/",
      "note":"before and after",
      "color":"#a99a92",
      "link":"https:\/\/www.pinterest.com\/r\/pin\/485051822340641415\/4779055074072594921\/99481ef52911cd80ad058c73c90b0a2ac97892042d1d6e0c4b8f2e79bcbe701d",
      "board":{
        "url":"https:\/\/www.pinterest.com\/rhall101511\/before-and-after-weightloss-motivation\/",
        "id":"485051891055621099",
        "name":"Before and After Weightloss Motivation"
      },
      "image":{
        "original":{
          "url":"https:\/\/s-media-cache-ak0.pinimg.com\/originals\/62\/f6\/da\/62f6da69e61d35e3a4b5ae0bea08ecab.jpg",
          "width":192,
          "height":192
        }
      },
      "counts":{
        "likes":0,
        "comments":0,
        "repins":0
      },
      "id":"485051822340641415",
      "metadata":{
      }
    },
    {
      "attribution":null,
      "creator":{
        "url":"https:\/\/www.pinterest.com\/rhall101511\/",
        "first_name":"Reatha",
        "last_name":"Dake Hall",
        "id":"485051959775075104"
      },
      "url":"https:\/\/www.pinterest.com\/pin\/485051822340641411\/",
      "media":{
        "type":"image"
      },
      "created_at":"2014-09-08T14:49:25",
      "original_link":"http:\/\/backonpointe.tumblr.com\/post\/36005623372\/healthyhero-awesome",
      "note":"tells you workouts for every day AND  THE  WILL POWER TO START  THE FIRST DAY....",
      "color":"#6a4e32",
      "link":"https:\/\/www.pinterest.com\/r\/pin\/485051822340641411\/4779055074072594921\/7195769c8bedb022c69b64032a9ec55667a80ad4c53fe780c0fe735542aff9f1",
      "board":{
        "url":"https:\/\/www.pinterest.com\/rhall101511\/before-and-after-weightloss-motivation\/",
        "id":"485051891055621099",
        "name":"Before and After Weightloss Motivation"
      },
      "image":{
        "original":{
          "url":"https:\/\/s-media-cache-ak0.pinimg.com\/originals\/87\/ba\/99\/87ba99ee00f27abc425744169b15032b.jpg",
          "width":1280,
          "height":1656
        }
      },
      "counts":{
        "likes":0,
        "comments":0,
        "repins":5
      },
      "id":"485051822340641411",
      "metadata":{
        "link":{
          "locale":"en",
          "title":"We're sorry.",
          "site_name":"backonpointe.tumblr.com",
          "description":"healthyhero: \u201c Awesome! \u201d",
          "favicon":"https:\/\/s-media-cache-ak0.pinimg.com\/favicons\/c2fd0baf7e648f14729ad8748310d24e9e384bc3c8888fb551457acc.ico?f9b03df5b8e19a9a821ec1997d011c19"
        }
      }
    },
    {
      "attribution":null,
      "creator":{
        "url":"https:\/\/www.pinterest.com\/rhall101511\/",
        "first_name":"Reatha",
        "last_name":"Dake Hall",
        "id":"485051959775075104"
      },
      "url":"https:\/\/www.pinterest.com\/pin\/485051822340641396\/",
      "media":{
        "type":"image"
      },
      "created_at":"2014-09-08T14:47:17",
      "original_link":"http:\/\/a7.sphotos.ak.fbcdn.net\/hphotos-ak-snc6\/33973_10150810356957634_1896900328_n.jpg",
      "note":"My diet consist of high protein, foods and whey protein shakes, egg whites, grapefruit, and 3 cups of green veggies a day. I drink 1 gallon of water and try to exercise 7 days a week, even if it's just a 1mile run. I do 7 days right now because I'm getting ready for a bikini competition in 4 weeks, but after that, 5 days...\u201d~ Ethel Chambers-Gardner",
      "color":"#5d4225",
      "link":"https:\/\/www.pinterest.com\/r\/pin\/485051822340641396\/4779055074072594921\/3288d21728b03406dfc5e51db0693c93b82cb614d1323682218096104467dab5",
      "board":{
        "url":"https:\/\/www.pinterest.com\/rhall101511\/before-and-after-weightloss-motivation\/",
        "id":"485051891055621099",
        "name":"Before and After Weightloss Motivation"
      },
      "image":{
        "original":{
          "url":"https:\/\/s-media-cache-ak0.pinimg.com\/originals\/d8\/02\/40\/d80240bb0e36cc93ec2d0b731fd346bf.jpg",
          "width":392,
          "height":244
        }
      },
      "counts":{
        "likes":0,
        "comments":0,
        "repins":0
      },
      "id":"485051822340641396",
      "metadata":{
      }
    },
    {
      "attribution":null,
      "creator":{
        "url":"https:\/\/www.pinterest.com\/rhall101511\/",
        "first_name":"Reatha",
        "last_name":"Dake Hall",
        "id":"485051959775075104"
      },
      "url":"https:\/\/www.pinterest.com\/pin\/485051822340641381\/",
      "media":{
        "type":"image"
      },
      "created_at":"2014-09-08T14:44:52",
      "original_link":"http:\/\/www.everydayhealth.com\/columns\/weight-loss-success-stories\/62-pounds-lost-ronis-road-from-serial-dieter-to-crossfit\/",
      "note":"62 Pounds Lost: Roni's Road From Serial Dieter to CrossFit - Weight Loss Success Stories",
      "color":"#6f6963",
      "link":"https:\/\/www.pinterest.com\/r\/pin\/485051822340641381\/4779055074072594921\/a0d952e7ae7fd1f83f19540dd46942c4c0187b8d7ba0cf101ed9179fbc2cb4a4",
      "board":{
        "url":"https:\/\/www.pinterest.com\/rhall101511\/before-and-after-weightloss-motivation\/",
        "id":"485051891055621099",
        "name":"Before and After Weightloss Motivation"
      },
      "image":{
        "original":{
          "url":"https:\/\/s-media-cache-ak0.pinimg.com\/originals\/f7\/89\/c8\/f789c8b6f9ab0f3ba1a04c1b8423e099.jpg",
          "width":400,
          "height":400
        }
      },
      "counts":{
        "likes":1,
        "comments":0,
        "repins":0
      },
      "id":"485051822340641381",
      "metadata":{
        "article":{
          "published_at":null,
          "description":"62 Pounds Lost: Roni's Road From Serial Dieter to CrossFit - Weight Loss Success Stories",
          "name":"62 Pounds Lost: Roni's Road From Serial Dieter to CrossFit - Weight Loss Success Stories",
          "authors":[]
        },
        "link":{
          "locale":"en_US",
          "title":"62 Pounds Lost: Roni's Road From Serial Dieter to CrossFit - Weight Loss Success Stories",
          "site_name":"everydayhealth.com",
          "description":"62 Pounds Lost: Roni's Road From Serial Dieter to CrossFit - Weight Loss Success Stories",
          "favicon":"https:\/\/s-media-cache-ak0.pinimg.com\/favicons\/1663c28a915a92aee8faa185a318837ee77660558b9bd7094f320be2.ico?e0c6df091c5a8317ef46568fae400b0e"
        }
      }
    },
    {
      "attribution":null,
      "creator":{
        "url":"https:\/\/www.pinterest.com\/rhall101511\/",
        "first_name":"Reatha",
        "last_name":"Dake Hall",
        "id":"485051959775075104"
      },
      "url":"https:\/\/www.pinterest.com\/pin\/485051822340641362\/",
      "media":{
        "type":"image"
      },
      "created_at":"2014-09-08T14:42:41",
      "original_link":"http:\/\/backonpointe.tumblr.com\/post\/36005623372\/healthyhero-awesome",
      "note":"tells you workouts for every day AND  THE  WILL POWER TO START  THE FIRST DAY....",
      "color":"#6a4e32",
      "link":"https:\/\/www.pinterest.com\/r\/pin\/485051822340641362\/4779055074072594921\/c734e6766522af47482990a252bd45c922ba4ef7af973655223358a96195ba40",
      "board":{
        "url":"https:\/\/www.pinterest.com\/rhall101511\/before-and-after-weightloss-motivation\/",
        "id":"485051891055621099",
        "name":"Before and After Weightloss Motivation"
      },
      "image":{
        "original":{
          "url":"https:\/\/s-media-cache-ak0.pinimg.com\/originals\/87\/ba\/99\/87ba99ee00f27abc425744169b15032b.jpg",
          "width":1280,
          "height":1656
        }
      },
      "counts":{
        "likes":0,
        "comments":0,
        "repins":0
      },
      "id":"485051822340641362",
      "metadata":{
        "link":{
          "locale":"en",
          "title":"We're sorry.",
          "site_name":"backonpointe.tumblr.com",
          "description":"healthyhero: \u201c Awesome! \u201d",
          "favicon":"https:\/\/s-media-cache-ak0.pinimg.com\/favicons\/c2fd0baf7e648f14729ad8748310d24e9e384bc3c8888fb551457acc.ico?f9b03df5b8e19a9a821ec1997d011c19"
        }
      }
    },
    {
      "attribution":null,
      "creator":{
        "url":"https:\/\/www.pinterest.com\/rhall101511\/",
        "first_name":"Reatha",
        "last_name":"Dake Hall",
        "id":"485051959775075104"
      },
      "url":"https:\/\/www.pinterest.com\/pin\/485051822340625622\/",
      "media":{
        "type":"image"
      },
      "created_at":"2014-09-07T00:39:10",
      "original_link":"http:\/\/paleoparents.com\/2011\/what-losing-100lbs-feels-like\/",
      "note":"Stacy Loses over 100 pounds and feels the great benefits of a paleo lifestyle",
      "color":"#775122",
      "link":"https:\/\/www.pinterest.com\/r\/pin\/485051822340625622\/4779055074072594921\/59e0c4476304037cd5a74e11c39334c064f3d050cf6031605693b9b5cf584ddc",
      "board":{
        "url":"https:\/\/www.pinterest.com\/rhall101511\/before-and-after-weightloss-motivation\/",
        "id":"485051891055621099",
        "name":"Before and After Weightloss Motivation"
      },
      "image":{
        "original":{
          "url":"https:\/\/s-media-cache-ak0.pinimg.com\/originals\/e2\/81\/ca\/e281ca77e67eda6558640e728daa9184.jpg",
          "width":200,
          "height":200
        }
      },
      "counts":{
        "likes":0,
        "comments":0,
        "repins":0
      },
      "id":"485051822340625622",
      "metadata":{
      }
    },
    {
      "attribution":null,
      "creator":{
        "url":"https:\/\/www.pinterest.com\/rhall101511\/",
        "first_name":"Reatha",
        "last_name":"Dake Hall",
        "id":"485051959775075104"
      },
      "url":"https:\/\/www.pinterest.com\/pin\/485051822340625612\/",
      "media":{
        "type":"image"
      },
      "created_at":"2014-09-07T00:38:31",
      "original_link":"http:\/\/www.shape.com\/weight-loss\/success-stories\/10-best-weight-loss-tips",
      "note":"10 Best Weight Loss Tips from people who've lost 40, 50, 100+ pounds",
      "color":"#ffddfe",
      "link":"https:\/\/www.pinterest.com\/r\/pin\/485051822340625612\/4779055074072594921\/550476ce84e5b10efd4e5451b5d0e63ffb2fa36f6595636d5814a49a05f490de",
      "board":{
        "url":"https:\/\/www.pinterest.com\/rhall101511\/before-and-after-weightloss-motivation\/",
        "id":"485051891055621099",
        "name":"Before and After Weightloss Motivation"
      },
      "image":{
        "original":{
          "url":"https:\/\/s-media-cache-ak0.pinimg.com\/originals\/16\/b5\/92\/16b592bcb5b0cee75cdc76a4a049fed5.jpg",
          "width":481,
          "height":481
        }
      },
      "counts":{
        "likes":1,
        "comments":0,
        "repins":3
      },
      "id":"485051822340625612",
      "metadata":{
        "article":{
          "published_at":null,
          "description":"10 Best Weight Loss Tips from people who've lost 40, 50, 100+ pounds.",
          "name":"10 Best Weight Loss Tips",
          "authors":[]
        },
        "link":{
          "locale":"en",
          "title":"10 Best Weight Loss Tips",
          "site_name":"Shape Magazine",
          "description":"10 Best Weight Loss Tips from people who've lost 40, 50, 100+ pounds.",
          "favicon":"https:\/\/s-media-cache-ak0.pinimg.com\/favicons\/4d7a99dcc6af9e3c32af7c0df714ff3e8f874e266916bb8f82595730.ico?c1df787338bcc8d66767a3e37d8fd55e"
        }
      }
    },
    {
      "attribution":null,
      "creator":{
        "url":"https:\/\/www.pinterest.com\/rhall101511\/",
        "first_name":"Reatha",
        "last_name":"Dake Hall",
        "id":"485051959775075104"
      },
      "url":"https:\/\/www.pinterest.com\/pin\/485051822340625608\/",
      "media":{
        "type":"image"
      },
      "created_at":"2014-09-07T00:38:10",
      "original_link":"http:\/\/www.myfitnesspal.com\/blog\/ShannonMpls\/view\/follow-up-15-months-134-pounds-lost-at-goal-427140",
      "note":"Follow up - 15 months, 134 pounds lost, at GOAL!  What an inspiration!",
      "color":"#6e6b62",
      "link":"https:\/\/www.pinterest.com\/r\/pin\/485051822340625608\/4779055074072594921\/501b802e6152532210c9cbe202896188c79565a6d09674716d4b668f987c0526",
      "board":{
        "url":"https:\/\/www.pinterest.com\/rhall101511\/before-and-after-weightloss-motivation\/",
        "id":"485051891055621099",
        "name":"Before and After Weightloss Motivation"
      },
      "image":{
        "original":{
          "url":"https:\/\/s-media-cache-ak0.pinimg.com\/originals\/1d\/52\/45\/1d52458d79c68e23ae944b9ab5c78b42.jpg",
          "width":400,
          "height":287
        }
      },
      "counts":{
        "likes":0,
        "comments":0,
        "repins":0
      },
      "id":"485051822340625608",
      "metadata":{
      }
    },
    {
      "attribution":null,
      "creator":{
        "url":"https:\/\/www.pinterest.com\/rhall101511\/",
        "first_name":"Reatha",
        "last_name":"Dake Hall",
        "id":"485051959775075104"
      },
      "url":"https:\/\/www.pinterest.com\/pin\/485051822340625605\/",
      "media":{
        "type":"image"
      },
      "created_at":"2014-09-07T00:38:04",
      "original_link":"http:\/\/www.escapefromobesity.net\/p\/weight-loss-program-habit-week.html",
      "note":"Habit a Week Challenge from Escape from Obesity (100 pounds lost)",
      "color":"#767676",
      "link":"https:\/\/www.pinterest.com\/r\/pin\/485051822340625605\/4779055074072594921\/436a568592dde1aec8fa22842664644e942b925d8de727cdb09cdd2b3583b459",
      "board":{
        "url":"https:\/\/www.pinterest.com\/rhall101511\/before-and-after-weightloss-motivation\/",
        "id":"485051891055621099",
        "name":"Before and After Weightloss Motivation"
      },
      "image":{
        "original":{
          "url":"https:\/\/s-media-cache-ak0.pinimg.com\/originals\/34\/4f\/33\/344f3330cc52e5ad5cde26b4c5030848.jpg",
          "width":230,
          "height":219
        }
      },
      "counts":{
        "likes":0,
        "comments":0,
        "repins":0
      },
      "id":"485051822340625605",
      "metadata":{
      }
    },
    {
      "attribution":null,
      "creator":{
        "url":"https:\/\/www.pinterest.com\/rhall101511\/",
        "first_name":"Reatha",
        "last_name":"Dake Hall",
        "id":"485051959775075104"
      },
      "url":"https:\/\/www.pinterest.com\/pin\/485051822340625604\/",
      "media":{
        "type":"image"
      },
      "created_at":"2014-09-07T00:37:57",
      "original_link":"http:\/\/www.oxygenmag.com\/Fat-Loss\/Articles\/Kelly-Smith-lost-over-100-pounds.aspx",
      "note":"Kelly Smith lost over 100 pounds! She lost the weight, the leftover cellulite, and energized her home life.",
      "color":"#89998a",
      "link":"https:\/\/www.pinterest.com\/r\/pin\/485051822340625604\/4779055074072594921\/97a25bd52fc97459fe8a2002242766fc6d7b8bd632a0a4c0a8849ded84bf85ab",
      "board":{
        "url":"https:\/\/www.pinterest.com\/rhall101511\/before-and-after-weightloss-motivation\/",
        "id":"485051891055621099",
        "name":"Before and After Weightloss Motivation"
      },
      "image":{
        "original":{
          "url":"https:\/\/s-media-cache-ak0.pinimg.com\/originals\/2a\/63\/1e\/2a631e6b5b22bd50e7d8a84b40f6f0c6.jpg",
          "width":616,
          "height":437
        }
      },
      "counts":{
        "likes":0,
        "comments":0,
        "repins":0
      },
      "id":"485051822340625604",
      "metadata":{
      }
    },
    {
      "attribution":null,
      "creator":{
        "url":"https:\/\/www.pinterest.com\/rhall101511\/",
        "first_name":"Reatha",
        "last_name":"Dake Hall",
        "id":"485051959775075104"
      },
      "url":"https:\/\/www.pinterest.com\/pin\/485051822340625603\/",
      "media":{
        "type":"image"
      },
      "created_at":"2014-09-07T00:37:49",
      "original_link":"http:\/\/theweighwewere.com\/michelle-tackled-portion-control-and-lost-100-pounds\/",
      "note":"100 lbs - changed her portion sizes, started eating \"clean\" food, limited intake of breads and starches, went to gym 4x\/week (became addicted to exercise); at least 30min cardio\/day, weight train 3x\/week, created own exercise plan and research plan through research.",
      "color":"#4c544c",
      "link":"https:\/\/www.pinterest.com\/r\/pin\/485051822340625603\/4779055074072594921\/12f655975fbee6a5ed10af8a04d4f2937c1ea3357a3f141f9f8fa9f79e8f0a1e",
      "board":{
        "url":"https:\/\/www.pinterest.com\/rhall101511\/before-and-after-weightloss-motivation\/",
        "id":"485051891055621099",
        "name":"Before and After Weightloss Motivation"
      },
      "image":{
        "original":{
          "url":"https:\/\/s-media-cache-ak0.pinimg.com\/originals\/bb\/11\/3a\/bb113ab968ee5170c0d4779952e16cbc.jpg",
          "width":300,
          "height":237
        }
      },
      "counts":{
        "likes":0,
        "comments":0,
        "repins":0
      },
      "id":"485051822340625603",
      "metadata":{
        "article":{
          "published_at":"2012-03-28T00:00:00",
          "description":"Name: Michelle Mohr Age: 26 Height: 5 feet, 4 inches Before Weight: 210 pounds How I Gained It: The short answer? Lack of activity and portion control. But it's not like it just \"happened\" in my case -- I had always been overweight. I was always the \"fat... #100lbs #freeweights #portioncontrol",
          "name":"Michelle Tackled Portion Control and Lost 100 Pounds \u2013 The Weigh...",
          "authors":[
            {
              "name":"KatC"
            }
          ]
        },
        "link":{
          "locale":"en_US",
          "title":"Michelle Tackled Portion Control and Lost 100 Pounds \u2013 The Weigh...",
          "site_name":"The Weigh We Were.com",
          "description":"Name: Michelle Mohr Age: 26 Height: 5 feet, 4 inches Before Weight: 210 pounds How I Gained It: The short answer? Lack of activity and portion control. But it's not like it just \"happened\" in my case -- I had always been overweight. I was always the \"fat... #100lbs #freeweights #portioncontrol",
          "favicon":"https:\/\/s-media-cache-ak0.pinimg.com\/favicons\/7af8c01519f31c91f239b4159dcfdf9d291761ecbcfda16c33d52b76.ico?250e38dd519272eaa578b23f8df1f35d"
        }
      }
    },
    {
      "attribution":null,
      "creator":{
        "url":"https:\/\/www.pinterest.com\/rhall101511\/",
        "first_name":"Reatha",
        "last_name":"Dake Hall",
        "id":"485051959775075104"
      },
      "url":"https:\/\/www.pinterest.com\/pin\/485051822340625596\/",
      "media":{
        "type":"image"
      },
      "created_at":"2014-09-07T00:37:32",
      "original_link":"http:\/\/grace2882.wordpress.com\/2010\/03\/28\/100-pounds-lost\/",
      "note":"100 Pounds\u00a0Lost | Grace2882",
      "color":"#98705f",
      "link":"https:\/\/www.pinterest.com\/r\/pin\/485051822340625596\/4779055074072594921\/cddb05e9cc53e3695d5e6ce498e80f6fd329ef969fda3e0fb9014edb381a6563",
      "board":{
        "url":"https:\/\/www.pinterest.com\/rhall101511\/before-and-after-weightloss-motivation\/",
        "id":"485051891055621099",
        "name":"Before and After Weightloss Motivation"
      },
      "image":{
        "original":{
          "url":"https:\/\/s-media-cache-ak0.pinimg.com\/originals\/c7\/95\/0a\/c7950a23ade4da4ff1c8190c3305cb11.jpg",
          "width":240,
          "height":360
        }
      },
      "counts":{
        "likes":0,
        "comments":0,
        "repins":0
      },
      "id":"485051822340625596",
      "metadata":{
        "article":{
          "published_at":"2010-03-28T00:00:00",
          "description":"Today is a big day. On Sundays I usually post the menu for what we plan to eat for the week. However, this morning I got on the scales and found that as of today I have lost 100 pounds. I have been...",
          "name":"100 Pounds Lost",
          "authors":[]
        },
        "link":{
          "locale":"en_US",
          "title":"100 Pounds\u00a0Lost",
          "site_name":"Grace2882",
          "description":"Today is a big day. On Sundays I usually post the menu for what we plan to eat for the week. However, this morning I got on the scales and found that as of today I have lost 100 pounds. I have been sitting on 99 pounds for weeks and was wondering how long it\u2026",
          "favicon":"https:\/\/s-media-cache-ak0.pinimg.com\/favicons\/ee25e2c257ff7c76b27531b6de6f86f68695cbd89cebcac8bb3de517.ico?c291c057816f71ce15ba5c496f1a965a"
        }
      }
    },
    {
      "attribution":{
        "title":"Mother and daughter lose weight together (74lbs in 100 days)",
        "url":"http:\/\/www.youtube.com\/watch?v=-by7uB9uhxU",
        "provider_icon_url":"https:\/\/s-passets-cache-ak0.pinimg.com\/images\/api\/attrib\/youtube@2x.png",
        "author_name":"Give it 100",
        "provider_favicon_url":"https:\/\/s-passets-cache-ak0.pinimg.com\/images\/api\/attrib\/youtube.png",
        "author_url":"http:\/\/www.youtube.com\/channel\/UCyoASTmoxHwKlH5P2KSrm5Q",
        "provider_name":"youtube"
      },
      "creator":{
        "url":"https:\/\/www.pinterest.com\/rhall101511\/",
        "first_name":"Reatha",
        "last_name":"Dake Hall",
        "id":"485051959775075104"
      },
      "url":"https:\/\/www.pinterest.com\/pin\/485051822340625573\/",
      "media":{
        "type":"video"
      },
      "created_at":"2014-09-07T00:35:52",
      "original_link":"http:\/\/www.buzzfeed.com\/maycie\/this-mother-and-daughter-duo-lost-74-pounds-in-100-days-and?sub=3224339_2903918",
      "note":"50-year-old Cheryl Shaw and her daughter, 17-year-old Tessa, were unhappy with their weight, and they needed a change. After being inspired by a # GiveIt100 video that went viral , the pair decided to spend 100 days losing weight, together. | This Mother And Daughter Duo Lost 74 Pounds In 100 Days And Documented Their Journey",
      "color":"#6f4d40",
      "link":"https:\/\/www.pinterest.com\/r\/pin\/485051822340625573\/4779055074072594921\/7f92644b587a6369d86314f2b167870b1e82b62dd44b6a3ac7ee89bb2ac8b3cf",
      "board":{
        "url":"https:\/\/www.pinterest.com\/rhall101511\/before-and-after-weightloss-motivation\/",
        "id":"485051891055621099",
        "name":"Before and After Weightloss Motivation"
      },
      "image":{
        "original":{
          "url":"https:\/\/s-media-cache-ak0.pinimg.com\/originals\/7a\/16\/01\/7a1601a60568d34e8b6649f10ee6fe90.jpg",
          "width":480,
          "height":360
        }
      },
      "counts":{
        "likes":0,
        "comments":0,
        "repins":0
      },
      "id":"485051822340625573",
      "metadata":{
        "article":{
          "published_at":null,
          "description":"You go, girls!",
          "name":"This Mother And Daughter Duo Lost 74 Pounds In 100 Days And Documented Their Journey",
          "authors":[]
        },
        "link":{
          "locale":"en",
          "title":"This Mother And Daughter Duo Lost 74 Pounds In 100 Days And Documented Their Journey",
          "site_name":"BuzzFeed",
          "description":"You go, girls!..",
          "favicon":"https:\/\/s-media-cache-ak0.pinimg.com\/favicons\/5a2f3ddebb24221ec8a631ee05b7e6418bbb2e7de0f019eab2dd7b32.png?6f90f349a263fafae3843e9decf2812a"
        }
      }
    },
    {
      "attribution":null,
      "creator":{
        "url":"https:\/\/www.pinterest.com\/rhall101511\/",
        "first_name":"Reatha",
        "last_name":"Dake Hall",
        "id":"485051959775075104"
      },
      "url":"https:\/\/www.pinterest.com\/pin\/485051822340625572\/",
      "media":{
        "type":"image"
      },
      "created_at":"2014-09-07T00:35:43",
      "original_link":"http:\/\/www.3fatchicks.com\/forum\/mini-goal-photo-album\/195004-100-pounds-lost-photos.html",
      "note":"100 pounds lost!!!! (photos) - 3 Fat Chicks on a Diet Weight Loss Community Mini-Goal Photo Album",
      "color":"#6c5652",
      "link":"https:\/\/www.pinterest.com\/r\/pin\/485051822340625572\/4779055074072594921\/4e18217d3138bd1833889058b363d068cb22c6898969860829212a4b2fe86f0a",
      "board":{
        "url":"https:\/\/www.pinterest.com\/rhall101511\/before-and-after-weightloss-motivation\/",
        "id":"485051891055621099",
        "name":"Before and After Weightloss Motivation"
      },
      "image":{
        "original":{
          "url":"https:\/\/s-media-cache-ak0.pinimg.com\/originals\/64\/8f\/df\/648fdf1d1be0d7672c7467e5aec92d52.jpg",
          "width":600,
          "height":401
        }
      },
      "counts":{
        "likes":0,
        "comments":0,
        "repins":0
      },
      "id":"485051822340625572",
      "metadata":{
      }
    },
    {
      "attribution":null,
      "creator":{
        "url":"https:\/\/www.pinterest.com\/rhall101511\/",
        "first_name":"Reatha",
        "last_name":"Dake Hall",
        "id":"485051959775075104"
      },
      "url":"https:\/\/www.pinterest.com\/pin\/485051822340625570\/",
      "media":{
        "type":"image"
      },
      "created_at":"2014-09-07T00:35:32",
      "original_link":"http:\/\/www.shape.com\/weight-loss\/success-stories\/how-lose-more-100-pounds",
      "note":"Advise from people who have lost over a hundred pounds",
      "color":"#767b86",
      "link":"https:\/\/www.pinterest.com\/r\/pin\/485051822340625570\/4779055074072594921\/d6e8fa4dad564b73fe418906119e7bd9f86f8963bafc4a4b593472d44759b949",
      "board":{
        "url":"https:\/\/www.pinterest.com\/rhall101511\/before-and-after-weightloss-motivation\/",
        "id":"485051891055621099",
        "name":"Before and After Weightloss Motivation"
      },
      "image":{
        "original":{
          "url":"https:\/\/s-media-cache-ak0.pinimg.com\/originals\/23\/ed\/9c\/23ed9cc2d6cd4e02e37ad5ca485f0272.jpg",
          "width":320,
          "height":320
        }
      },
      "counts":{
        "likes":0,
        "comments":0,
        "repins":1
      },
      "id":"485051822340625570",
      "metadata":{
        "article":{
          "published_at":null,
          "description":"Six inspiring men and women share what helped them achieve their triple-digit weight loss and their tips for keeping it off.",
          "name":"How to Lose More Than 100 Pounds",
          "authors":[]
        },
        "link":{
          "locale":"en",
          "title":"How to Lose More Than 100 Pounds",
          "site_name":"Shape Magazine",
          "description":"Six inspiring men and women share what helped them achieve their triple-digit weight loss and their tips for keeping it off.",
          "favicon":"https:\/\/s-media-cache-ak0.pinimg.com\/favicons\/4d7a99dcc6af9e3c32af7c0df714ff3e8f874e266916bb8f82595730.ico?c1df787338bcc8d66767a3e37d8fd55e"
        }
      }
    },
    {
      "attribution":null,
      "creator":{
        "url":"https:\/\/www.pinterest.com\/rhall101511\/",
        "first_name":"Reatha",
        "last_name":"Dake Hall",
        "id":"485051959775075104"
      },
      "url":"https:\/\/www.pinterest.com\/pin\/485051822340625567\/",
      "media":{
        "type":"image"
      },
      "created_at":"2014-09-07T00:35:13",
      "original_link":"http:\/\/www.sparkpeople.com\/blog\/blog.asp?post=success_story_i_view_the_entire_world_differently#_a5y_p=1676953",
      "note":"Jan-Marie is such an inspiration. She has lost 100 pounds the HEALTHY way and her story is amazing!",
      "color":"#4e6b3d",
      "link":"https:\/\/www.pinterest.com\/r\/pin\/485051822340625567\/4779055074072594921\/80245c80250e3be2162a52b501946acf7497f9edcc3d5ad1d5db915ed6ad432b",
      "board":{
        "url":"https:\/\/www.pinterest.com\/rhall101511\/before-and-after-weightloss-motivation\/",
        "id":"485051891055621099",
        "name":"Before and After Weightloss Motivation"
      },
      "image":{
        "original":{
          "url":"https:\/\/s-media-cache-ak0.pinimg.com\/originals\/e4\/37\/89\/e4378937c48b9321d604d851b2b44ce0.jpg",
          "width":610,
          "height":793
        }
      },
      "counts":{
        "likes":1,
        "comments":0,
        "repins":1
      },
      "id":"485051822340625567",
      "metadata":{
        "article":{
          "published_at":null,
          "description":"Seeing her 275-pound self on TV at a football game motivated Jan-Marie to get serious about her health. Read on to learn about her journey to an amazing 100-pound loss!",
          "name":"'After Losing 100 Pounds, I View the Entire World Differently'",
          "authors":[]
        },
        "link":{
          "locale":"en",
          "title":"'After Losing 100 Pounds, I View the Entire World Differently'",
          "site_name":"SparkPeople",
          "description":"Seeing her 275-pound self on TV at a football game motivated Jan-Marie to get serious about her health. Read on to learn about her journey to an amazing 100-pound loss!",
          "favicon":"https:\/\/s-media-cache-ak0.pinimg.com\/favicons\/1f5048363da8ccc92776e8cca87eb838a80106986110ff9a817bb7ae.ico?dcb4ade4315e103c5a61d6440ee29724"
        }
      }
    },
    {
      "attribution":null,
      "creator":{
        "url":"https:\/\/www.pinterest.com\/rhall101511\/",
        "first_name":"Reatha",
        "last_name":"Dake Hall",
        "id":"485051959775075104"
      },
      "url":"https:\/\/www.pinterest.com\/pin\/485051822340625563\/",
      "media":{
        "type":"image"
      },
      "created_at":"2014-09-07T00:34:58",
      "original_link":"http:\/\/www.blackweightlosssuccess.com\/trayce-lost-100-pounds\/#.Uo_y_qX83U5#2t320lxjcb.61007.pi",
      "note":"Updated: Trayce lost 137 pounds",
      "color":"#ab6c6b",
      "link":"https:\/\/www.pinterest.com\/r\/pin\/485051822340625563\/4779055074072594921\/55ffa359a89f7b36f17dec1375effc81a0b484089635445a9a7db425d552db2d",
      "board":{
        "url":"https:\/\/www.pinterest.com\/rhall101511\/before-and-after-weightloss-motivation\/",
        "id":"485051891055621099",
        "name":"Before and After Weightloss Motivation"
      },
      "image":{
        "original":{
          "url":"https:\/\/s-media-cache-ak0.pinimg.com\/originals\/cb\/96\/6e\/cb966e22bd01d8b58d61cca52747f9d3.jpg",
          "width":450,
          "height":450
        }
      },
      "counts":{
        "likes":0,
        "comments":0,
        "repins":2
      },
      "id":"485051822340625563",
      "metadata":{
      }
    }
  ],
  "page":{
    "cursor":"LT40ODUwNTE4MjIzNDA2MjU1NjM6MTgyN3xmNzJlNzgxMWNlNWQ0MTEwYzMwNmY4NGIxMGVkNTc1ZmZjNGZkMjQyZjFmMjY5ODNlNDBlYTZjNWM1NWJhNTY0",
    "next":"https:\/\/api.pinterest.com\/v1\/boards\/rhall101511\/before-and-after-weightloss-motivation\/pins\/?access_token=AZlZE-HOK-Y4205yRft75KyYVaauFCBIs8jxSxdCtrJcomAqbQAAAAA&fields=id%2Clink%2Cnote%2Curl%2Cattribution%2Cmedia%2Cmetadata%2Cboard%2Ccolor%2Ccounts%2Ccreated_at%2Ccreator%2Cimage%2Coriginal_link&cursor=LT40ODUwNTE4MjIzNDA2MjU1NjM6MTgyN3xmNzJlNzgxMWNlNWQ0MTEwYzMwNmY4NGIxMGVkNTc1ZmZjNGZkMjQyZjFmMjY5ODNlNDBlYTZjNWM1NWJhNTY0"
  }
}
