{
  "data":[
    {
      "attribution":null,
      "creator":{
        "url":"https:\/\/www.pinterest.com\/white42\/",
        "first_name":"Laneise",
        "last_name":"",
        "id":"485192697263437817"
      },
      "url":"https:\/\/www.pinterest.com\/pin\/485192559826737905\/",
      "media":{
        "type":"image"
      },
      "created_at":"2014-01-03T13:22:03",
      "original_link":"http:\/\/www.shape.com\/celebrities\/celebrity-photos\/top-10-celebrity-body-transformations-2013\/slide\/4",
      "note":"Parks and Recreation Star Chris Pratt - Celebrity Before and After Photos: Weight-Loss Success in 2013 - Shape Magazine",
      "color":"#4d443f",
      "link":"https:\/\/www.pinterest.com\/r\/pin\/485192559826737905\/4779055074072594921\/ddbc57bd27ddb488080c5de2feb90505b6d710285aaf347f0280d0eb72777f4c",
      "board":{
        "url":"https:\/\/www.pinterest.com\/white42\/weightloss-before-and-after\/",
        "id":"485192628544034644",
        "name":"weightloss before and after"
      },
      "image":{
        "original":{
          "url":"https:\/\/s-media-cache-ak0.pinimg.com\/originals\/fb\/86\/90\/fb8690fc8895fd8f9816b09b2522b5ba.jpg",
          "width":600,
          "height":600
        }
      },
      "counts":{
        "likes":0,
        "comments":0,
        "repins":0
      },
      "id":"485192559826737905",
      "metadata":{
        "article":{
          "published_at":null,
          "description":"From Christina Aguilera to Khloe Kardashian, see who slimmed down with the best before and after celebrity weight loss photos in 2013.",
          "name":"Top 10 Celebrity Body Transformations of 2013",
          "authors":[]
        },
        "link":{
          "locale":"en",
          "title":"Top 10 Celebrity Body Transformations of 2013",
          "site_name":"Shape Magazine",
          "description":"From Christina Aguilera to Khloe Kardashian, see who slimmed down with the best before and after celebrity weight loss photos in 2013.",
          "favicon":"https:\/\/s-media-cache-ak0.pinimg.com\/favicons\/4d7a99dcc6af9e3c32af7c0df714ff3e8f874e266916bb8f82595730.ico?c1df787338bcc8d66767a3e37d8fd55e"
        }
      }
    },
    {
      "attribution":{
        "title":"Ricky Lake",
        "provider_favicon_url":"https:\/\/s-passets-cache-ak0.pinimg.com\/images\/api\/attrib\/getty images.png",
        "author_name":"Time & Life Pictures",
        "url":"http:\/\/www.gettyimages.com\/detail\/116540714",
        "author_url":"http:\/\/www.gettyimages.com\/detail\/116540714",
        "provider_name":"Getty Images"
      },
      "creator":{
        "url":"https:\/\/www.pinterest.com\/white42\/",
        "first_name":"Laneise",
        "last_name":"",
        "id":"485192697263437817"
      },
      "url":"https:\/\/www.pinterest.com\/pin\/485192559826737904\/",
      "media":{
        "type":"image"
      },
      "created_at":"2014-01-03T13:21:52",
      "original_link":"http:\/\/quickslimu.wordpress.com\/",
      "note":"Look what happen to me in 2 months. DIET FORMULA really works and you can try it out. Hope it will HELP you too! Doctor Oz was Right (Ricki Lake)",
      "color":"#73625e",
      "link":"https:\/\/www.pinterest.com\/r\/pin\/485192559826737904\/4779055074072594921\/7025c456fba6b0d7d4925b1acb64f10e70d77c2a9daa3dfea8426930b965d572",
      "board":{
        "url":"https:\/\/www.pinterest.com\/white42\/weightloss-before-and-after\/",
        "id":"485192628544034644",
        "name":"weightloss before and after"
      },
      "image":{
        "original":{
          "url":"https:\/\/s-media-cache-ak0.pinimg.com\/originals\/ae\/69\/17\/ae6917e479e2f6f336389b6aa15cb383.jpg",
          "width":236,
          "height":236
        }
      },
      "counts":{
        "likes":0,
        "comments":0,
        "repins":0
      },
      "id":"485192559826737904",
      "metadata":{
      }
    },
    {
      "attribution":null,
      "creator":{
        "url":"https:\/\/www.pinterest.com\/white42\/",
        "first_name":"Laneise",
        "last_name":"",
        "id":"485192697263437817"
      },
      "url":"https:\/\/www.pinterest.com\/pin\/485192559826737901\/",
      "media":{
        "type":"image"
      },
      "created_at":"2014-01-03T13:21:10",
      "original_link":"http:\/\/quickslimu.wordpress.com\/",
      "note":"Be able to tighten that bikini string a little tighter and still enjoy your favorite foods\u2026 (Kelly Osbourn)",
      "color":"#78807a",
      "link":"https:\/\/www.pinterest.com\/r\/pin\/485192559826737901\/4779055074072594921\/3c483607e451d185a63a15e950de299ee8ec78bff9a6a37a4355b4d448b44153",
      "board":{
        "url":"https:\/\/www.pinterest.com\/white42\/weightloss-before-and-after\/",
        "id":"485192628544034644",
        "name":"weightloss before and after"
      },
      "image":{
        "original":{
          "url":"https:\/\/s-media-cache-ak0.pinimg.com\/originals\/1c\/cf\/20\/1ccf2013925861fd1b5b83bbc71a079b.jpg",
          "width":400,
          "height":400
        }
      },
      "counts":{
        "likes":0,
        "comments":0,
        "repins":0
      },
      "id":"485192559826737901",
      "metadata":{
      }
    },
    {
      "attribution":{
        "title":"Jordan Sparks Arrives In Perth",
        "provider_favicon_url":"https:\/\/s-passets-cache-ak0.pinimg.com\/images\/api\/attrib\/getty images.png",
        "author_name":"Matt Jelonek",
        "url":"http:\/\/www.gettyimages.com\/detail\/84089332",
        "author_url":"http:\/\/www.gettyimages.com\/detail\/84089332",
        "provider_name":"Getty Images"
      },
      "creator":{
        "url":"https:\/\/www.pinterest.com\/white42\/",
        "first_name":"Laneise",
        "last_name":"",
        "id":"485192697263437817"
      },
      "url":"https:\/\/www.pinterest.com\/pin\/485192559826737898\/",
      "media":{
        "type":"image"
      },
      "created_at":"2014-01-03T13:20:47",
      "original_link":"http:\/\/quickslimu.wordpress.com\/",
      "note":"What an amazing transformation! Find Out How Amanda Lost 137 Pounds and Counting! |(Jordan Sparks)",
      "color":"#8e9789",
      "link":"https:\/\/www.pinterest.com\/r\/pin\/485192559826737898\/4779055074072594921\/6d2e90b9ad693094831c2c085ff8b518d6c213a7f395a797515c7c1f2766dcf7",
      "board":{
        "url":"https:\/\/www.pinterest.com\/white42\/weightloss-before-and-after\/",
        "id":"485192628544034644",
        "name":"weightloss before and after"
      },
      "image":{
        "original":{
          "url":"https:\/\/s-media-cache-ak0.pinimg.com\/originals\/20\/08\/36\/200836581e464dee970dc7d8e0b9f683.jpg",
          "width":236,
          "height":236
        }
      },
      "counts":{
        "likes":0,
        "comments":0,
        "repins":1
      },
      "id":"485192559826737898",
      "metadata":{
      }
    },
    {
      "attribution":{
        "title":"Maxim, FX And Fox Home Entertainment Comic-Con Party",
        "provider_favicon_url":"https:\/\/s-passets-cache-ak0.pinimg.com\/images\/api\/attrib\/getty images.png",
        "author_name":"Chelsea Lauren",
        "url":"http:\/\/www.gettyimages.com\/detail\/174052999",
        "author_url":"http:\/\/www.gettyimages.com\/detail\/174052999",
        "provider_name":"Getty Images"
      },
      "creator":{
        "url":"https:\/\/www.pinterest.com\/white42\/",
        "first_name":"Laneise",
        "last_name":"",
        "id":"485192697263437817"
      },
      "url":"https:\/\/www.pinterest.com\/pin\/485192559826737897\/",
      "media":{
        "type":"image"
      },
      "created_at":"2014-01-03T13:20:22",
      "original_link":"http:\/\/quickslimu.wordpress.com\/",
      "note":"Before and After Celebrity Weight Loss Photos: Jason Segel - Celebrity Before and After Photos: Weight-Loss Success in 2013 - Shape Magazine...",
      "color":"#9f8c82",
      "link":"https:\/\/www.pinterest.com\/r\/pin\/485192559826737897\/4779055074072594921\/e72bc5cfea15eb38753decda7025b6b0fd655f96c02f9acd18337488365cf92e",
      "board":{
        "url":"https:\/\/www.pinterest.com\/white42\/weightloss-before-and-after\/",
        "id":"485192628544034644",
        "name":"weightloss before and after"
      },
      "image":{
        "original":{
          "url":"https:\/\/s-media-cache-ak0.pinimg.com\/originals\/4d\/11\/42\/4d11429dc56521cc76e6634005118f8c.jpg",
          "width":600,
          "height":600
        }
      },
      "counts":{
        "likes":0,
        "comments":0,
        "repins":0
      },
      "id":"485192559826737897",
      "metadata":{
      }
    },
    {
      "attribution":{
        "title":"Tao Las Vegas Grand Opening at the Venetian Resort Hotel & Casino",
        "provider_favicon_url":"https:\/\/s-passets-cache-ak0.pinimg.com\/images\/api\/attrib\/getty images.png",
        "author_name":"Bruce Gifford",
        "url":"http:\/\/www.gettyimages.com\/detail\/111616296",
        "author_url":"http:\/\/www.gettyimages.com\/detail\/111616296",
        "provider_name":"Getty Images"
      },
      "creator":{
        "url":"https:\/\/www.pinterest.com\/white42\/",
        "first_name":"Laneise",
        "last_name":"",
        "id":"485192697263437817"
      },
      "url":"https:\/\/www.pinterest.com\/pin\/485192559826737896\/",
      "media":{
        "type":"image"
      },
      "created_at":"2014-01-03T13:20:10",
      "original_link":"http:\/\/quickslimu.wordpress.com\/",
      "note":"Celebrity Weight Loss: Before & After",
      "color":"#655248",
      "link":"https:\/\/www.pinterest.com\/r\/pin\/485192559826737896\/4779055074072594921\/92077e901f5412730f46426610ecc37779846f2975b8a8a1cdd6daf7a315fb86",
      "board":{
        "url":"https:\/\/www.pinterest.com\/white42\/weightloss-before-and-after\/",
        "id":"485192628544034644",
        "name":"weightloss before and after"
      },
      "image":{
        "original":{
          "url":"https:\/\/s-media-cache-ak0.pinimg.com\/originals\/a5\/51\/fd\/a551fdfaded72440c3ecdf07445a199a.jpg",
          "width":580,
          "height":435
        }
      },
      "counts":{
        "likes":0,
        "comments":0,
        "repins":1
      },
      "id":"485192559826737896",
      "metadata":{
      }
    },
    {
      "attribution":null,
      "creator":{
        "url":"https:\/\/www.pinterest.com\/white42\/",
        "first_name":"Laneise",
        "last_name":"",
        "id":"485192697263437817"
      },
      "url":"https:\/\/www.pinterest.com\/pin\/485192559826737895\/",
      "media":{
        "type":"image"
      },
      "created_at":"2014-01-03T13:20:00",
      "original_link":"http:\/\/patriciazimmermanmuv.blogspot.com\/",
      "note":"Celebrity Before and After Weight Loss: (Jonah Hill)",
      "color":"#1d1a19",
      "link":"https:\/\/www.pinterest.com\/r\/pin\/485192559826737895\/4779055074072594921\/d7f39eeee1cb573f41db1b3e95ca26687c8f6bc7d9d42fed204a4f53fa4db4ea",
      "board":{
        "url":"https:\/\/www.pinterest.com\/white42\/weightloss-before-and-after\/",
        "id":"485192628544034644",
        "name":"weightloss before and after"
      },
      "image":{
        "original":{
          "url":"https:\/\/s-media-cache-ak0.pinimg.com\/originals\/74\/86\/f4\/7486f4556cdd426aa562db9cee59ec05.jpg",
          "width":150,
          "height":150
        }
      },
      "counts":{
        "likes":0,
        "comments":0,
        "repins":0
      },
      "id":"485192559826737895",
      "metadata":{
      }
    },
    {
      "attribution":{
        "title":"Multicultural Benefit Gala To Celebrate \"An Evening of Many Cultures\"",
        "provider_favicon_url":"https:\/\/s-passets-cache-ak0.pinimg.com\/images\/api\/attrib\/getty images.png",
        "author_name":"Mark Von Holden",
        "url":"http:\/\/www.gettyimages.com\/detail\/127234572",
        "author_url":"http:\/\/www.gettyimages.com\/detail\/127234572",
        "provider_name":"Getty Images"
      },
      "creator":{
        "url":"https:\/\/www.pinterest.com\/white42\/",
        "first_name":"Laneise",
        "last_name":"",
        "id":"485192697263437817"
      },
      "url":"https:\/\/www.pinterest.com\/pin\/485192559826737890\/",
      "media":{
        "type":"image"
      },
      "created_at":"2014-01-03T13:19:15",
      "original_link":"http:\/\/quickslimu.wordpress.com\/",
      "note":"Star Jones weight loss before and after",
      "color":"#4f3c3f",
      "link":"https:\/\/www.pinterest.com\/r\/pin\/485192559826737890\/4779055074072594921\/f5cf5c394e6313ee670897d048e9d5e0e172b6e4fb8e98124a024952664bba43",
      "board":{
        "url":"https:\/\/www.pinterest.com\/white42\/weightloss-before-and-after\/",
        "id":"485192628544034644",
        "name":"weightloss before and after"
      },
      "image":{
        "original":{
          "url":"https:\/\/s-media-cache-ak0.pinimg.com\/originals\/9b\/c0\/6b\/9bc06beebde27232b5eb9fc03de74bdb.jpg",
          "width":920,
          "height":575
        }
      },
      "counts":{
        "likes":0,
        "comments":0,
        "repins":0
      },
      "id":"485192559826737890",
      "metadata":{
      }
    },
    {
      "attribution":{
        "title":"\"Kinky Boots\" London Premiere - Inside Arrivals",
        "provider_favicon_url":"https:\/\/s-passets-cache-ak0.pinimg.com\/images\/api\/attrib\/getty images.png",
        "author_name":"Jon Furniss",
        "url":"http:\/\/www.gettyimages.com\/detail\/98467698",
        "author_url":"http:\/\/www.gettyimages.com\/detail\/98467698",
        "provider_name":"Getty Images"
      },
      "creator":{
        "url":"https:\/\/www.pinterest.com\/white42\/",
        "first_name":"Laneise",
        "last_name":"",
        "id":"485192697263437817"
      },
      "url":"https:\/\/www.pinterest.com\/pin\/485192559826737888\/",
      "media":{
        "type":"image"
      },
      "created_at":"2014-01-03T13:18:49",
      "original_link":"http:\/\/quickslimu.wordpress.com\/",
      "note":"Transformation MOTIVATION!! You can do anything as long as you set your mind to it!! Have a fitness question or interested in program information? http:\/\/mmorris.webs.com or  https:\/\/www.facebook.com\/MMorrisFitness",
      "color":"#463831",
      "link":"https:\/\/www.pinterest.com\/r\/pin\/485192559826737888\/4779055074072594921\/5bb4c308aad76ef7e3accef81cca34be48b5d0764225da5e16c407b8ce28da52",
      "board":{
        "url":"https:\/\/www.pinterest.com\/white42\/weightloss-before-and-after\/",
        "id":"485192628544034644",
        "name":"weightloss before and after"
      },
      "image":{
        "original":{
          "url":"https:\/\/s-media-cache-ak0.pinimg.com\/originals\/5a\/48\/dc\/5a48dc9fa30cb4eddd2d106f0b67d6de.jpg",
          "width":550,
          "height":468
        }
      },
      "counts":{
        "likes":0,
        "comments":0,
        "repins":0
      },
      "id":"485192559826737888",
      "metadata":{
      }
    },
    {
      "attribution":null,
      "creator":{
        "url":"https:\/\/www.pinterest.com\/white42\/",
        "first_name":"Laneise",
        "last_name":"",
        "id":"485192697263437817"
      },
      "url":"https:\/\/www.pinterest.com\/pin\/485192559826737883\/",
      "media":{
        "type":"image"
      },
      "created_at":"2014-01-03T13:18:06",
      "original_link":"http:\/\/quickslimu.wordpress.com\/",
      "note":"Miley Cyrus Before and After Weight Loss \u2013 Gluten Free Eating",
      "color":"#acafb1",
      "link":"https:\/\/www.pinterest.com\/r\/pin\/485192559826737883\/4779055074072594921\/564b373a1ef056b744f90dab001da7eddb8b90dfcd994e258d380ddfca82d446",
      "board":{
        "url":"https:\/\/www.pinterest.com\/white42\/weightloss-before-and-after\/",
        "id":"485192628544034644",
        "name":"weightloss before and after"
      },
      "image":{
        "original":{
          "url":"https:\/\/s-media-cache-ak0.pinimg.com\/originals\/ad\/67\/9a\/ad679a82688c0d70187f0a5d69901dd4.jpg",
          "width":545,
          "height":710
        }
      },
      "counts":{
        "likes":0,
        "comments":0,
        "repins":1
      },
      "id":"485192559826737883",
      "metadata":{
      }
    },
    {
      "attribution":{
        "title":"40th Anniversary American Music Awards - Nominations Announcement",
        "provider_favicon_url":"https:\/\/s-passets-cache-ak0.pinimg.com\/images\/api\/attrib\/getty images.png",
        "author_name":"Alexandra Wyman",
        "url":"http:\/\/www.gettyimages.com\/detail\/153841529",
        "author_url":"http:\/\/www.gettyimages.com\/detail\/153841529",
        "provider_name":"Getty Images"
      },
      "creator":{
        "url":"https:\/\/www.pinterest.com\/white42\/",
        "first_name":"Laneise",
        "last_name":"",
        "id":"485192697263437817"
      },
      "url":"https:\/\/www.pinterest.com\/pin\/485192559826737882\/",
      "media":{
        "type":"image"
      },
      "created_at":"2014-01-03T13:17:50",
      "original_link":"http:\/\/quickslimu.wordpress.com\/",
      "note":"Celebrity weight loss: Before and after",
      "color":"#c4b7b4",
      "link":"https:\/\/www.pinterest.com\/r\/pin\/485192559826737882\/4779055074072594921\/1a6f7ee67e09afb05cf4211f9cb2cb00e4cea45b22afcb57d4dc604f64c7b1a7",
      "board":{
        "url":"https:\/\/www.pinterest.com\/white42\/weightloss-before-and-after\/",
        "id":"485192628544034644",
        "name":"weightloss before and after"
      },
      "image":{
        "original":{
          "url":"https:\/\/s-media-cache-ak0.pinimg.com\/originals\/63\/5d\/cf\/635dcfce06fa84e6535b92aa2838ab2c.jpg",
          "width":600,
          "height":525
        }
      },
      "counts":{
        "likes":1,
        "comments":0,
        "repins":0
      },
      "id":"485192559826737882",
      "metadata":{
      }
    },
    {
      "attribution":null,
      "creator":{
        "url":"https:\/\/www.pinterest.com\/white42\/",
        "first_name":"Laneise",
        "last_name":"",
        "id":"485192697263437817"
      },
      "url":"https:\/\/www.pinterest.com\/pin\/485192559826737880\/",
      "media":{
        "type":"image"
      },
      "created_at":"2014-01-03T13:17:29",
      "original_link":"http:\/\/youtu.be\/5cvzo0XeBbM",
      "note":"weight loss secrets",
      "color":"#7f7066",
      "link":"https:\/\/www.pinterest.com\/r\/pin\/485192559826737880\/4779055074072594921\/cf840c29225c6a6ec93e4b181d60179eb65e9591bed702d794209b84142d318a",
      "board":{
        "url":"https:\/\/www.pinterest.com\/white42\/weightloss-before-and-after\/",
        "id":"485192628544034644",
        "name":"weightloss before and after"
      },
      "image":{
        "original":{
          "url":"https:\/\/s-media-cache-ak0.pinimg.com\/originals\/96\/83\/e0\/9683e0877b087a22d271cc1e78180436.jpg",
          "width":404,
          "height":402
        }
      },
      "counts":{
        "likes":2,
        "comments":0,
        "repins":1
      },
      "id":"485192559826737880",
      "metadata":{
      }
    },
    {
      "attribution":null,
      "creator":{
        "url":"https:\/\/www.pinterest.com\/white42\/",
        "first_name":"Laneise",
        "last_name":"",
        "id":"485192697263437817"
      },
      "url":"https:\/\/www.pinterest.com\/pin\/485192559826737879\/",
      "media":{
        "type":"image"
      },
      "created_at":"2014-01-03T13:17:12",
      "original_link":"http:\/\/youtu.be\/5cvzo0XeBbM",
      "note":"Celebrity Weight Loss Secrets",
      "color":"#b08571",
      "link":"https:\/\/www.pinterest.com\/r\/pin\/485192559826737879\/4779055074072594921\/ef8fe8fdfb98573a112cf1f421d1b6f0cbb4438d0d7bdb443286225940db81c7",
      "board":{
        "url":"https:\/\/www.pinterest.com\/white42\/weightloss-before-and-after\/",
        "id":"485192628544034644",
        "name":"weightloss before and after"
      },
      "image":{
        "original":{
          "url":"https:\/\/s-media-cache-ak0.pinimg.com\/originals\/bc\/d6\/3b\/bcd63bee388c412def7b32521fc435a6.jpg",
          "width":226,
          "height":176
        }
      },
      "counts":{
        "likes":0,
        "comments":0,
        "repins":0
      },
      "id":"485192559826737879",
      "metadata":{
      }
    },
    {
      "attribution":null,
      "creator":{
        "url":"https:\/\/www.pinterest.com\/white42\/",
        "first_name":"Laneise",
        "last_name":"",
        "id":"485192697263437817"
      },
      "url":"https:\/\/www.pinterest.com\/pin\/485192559826737878\/",
      "media":{
        "type":"image"
      },
      "created_at":"2014-01-03T13:17:02",
      "original_link":"http:\/\/youtu.be\/5cvzo0XeBbM",
      "note":"Celebrity Weight Loss Secrets",
      "color":"#a66548",
      "link":"https:\/\/www.pinterest.com\/r\/pin\/485192559826737878\/4779055074072594921\/f51c37eeae2197a908f1edd6ad3c849ffc02e30d0ec22f8aaf172a50f40fbc62",
      "board":{
        "url":"https:\/\/www.pinterest.com\/white42\/weightloss-before-and-after\/",
        "id":"485192628544034644",
        "name":"weightloss before and after"
      },
      "image":{
        "original":{
          "url":"https:\/\/s-media-cache-ak0.pinimg.com\/originals\/6d\/02\/2c\/6d022cc14d47ec4fe8bc62daa007b751.jpg",
          "width":238,
          "height":186
        }
      },
      "counts":{
        "likes":0,
        "comments":0,
        "repins":0
      },
      "id":"485192559826737878",
      "metadata":{
      }
    },
    {
      "attribution":{
        "title":"2011 ABC Upfront Presentation",
        "provider_favicon_url":"https:\/\/s-passets-cache-ak0.pinimg.com\/images\/api\/attrib\/getty images.png",
        "author_name":"Stephen Lovekin",
        "url":"http:\/\/www.gettyimages.com\/detail\/109929415",
        "author_url":"http:\/\/www.gettyimages.com\/detail\/109929415",
        "provider_name":"Getty Images"
      },
      "creator":{
        "url":"https:\/\/www.pinterest.com\/white42\/",
        "first_name":"Laneise",
        "last_name":"",
        "id":"485192697263437817"
      },
      "url":"https:\/\/www.pinterest.com\/pin\/485192559826737874\/",
      "media":{
        "type":"image"
      },
      "created_at":"2014-01-03T13:16:17",
      "original_link":"http:\/\/quickslimu.wordpress.com\/",
      "note":"Raven Symone Before & After Weight Loss photos.",
      "color":"#8c4932",
      "link":"https:\/\/www.pinterest.com\/r\/pin\/485192559826737874\/4779055074072594921\/296b787f5062561c2c7dbd538c78d79a60203eebd76afbf176272de2dfc717c2",
      "board":{
        "url":"https:\/\/www.pinterest.com\/white42\/weightloss-before-and-after\/",
        "id":"485192628544034644",
        "name":"weightloss before and after"
      },
      "image":{
        "original":{
          "url":"https:\/\/s-media-cache-ak0.pinimg.com\/originals\/bc\/f3\/7d\/bcf37db060449be432a3ed33365b6ab1.jpg",
          "width":574,
          "height":540
        }
      },
      "counts":{
        "likes":2,
        "comments":0,
        "repins":2
      },
      "id":"485192559826737874",
      "metadata":{
      }
    },
    {
      "attribution":null,
      "creator":{
        "url":"https:\/\/www.pinterest.com\/white42\/",
        "first_name":"Laneise",
        "last_name":"",
        "id":"485192697263437817"
      },
      "url":"https:\/\/www.pinterest.com\/pin\/485192559826737867\/",
      "media":{
        "type":"image"
      },
      "created_at":"2014-01-03T13:15:34",
      "original_link":"http:\/\/youtu.be\/5cvzo0XeBbM",
      "note":"Celebrity Weight Loss Secrets(Mirah Carey)",
      "color":"#984539",
      "link":"https:\/\/www.pinterest.com\/r\/pin\/485192559826737867\/4779055074072594921\/8e66b8c42a6fe0af64598a47bb07921864b6385331a44874c86bce9081e405d5",
      "board":{
        "url":"https:\/\/www.pinterest.com\/white42\/weightloss-before-and-after\/",
        "id":"485192628544034644",
        "name":"weightloss before and after"
      },
      "image":{
        "original":{
          "url":"https:\/\/s-media-cache-ak0.pinimg.com\/originals\/94\/d4\/fe\/94d4feaef2ec9bd60797c978580e7ff1.jpg",
          "width":259,
          "height":188
        }
      },
      "counts":{
        "likes":0,
        "comments":0,
        "repins":0
      },
      "id":"485192559826737867",
      "metadata":{
      }
    },
    {
      "attribution":null,
      "creator":{
        "url":"https:\/\/www.pinterest.com\/white42\/",
        "first_name":"Laneise",
        "last_name":"",
        "id":"485192697263437817"
      },
      "url":"https:\/\/www.pinterest.com\/pin\/485192559826737866\/",
      "media":{
        "type":"image"
      },
      "created_at":"2014-01-03T13:15:25",
      "original_link":"http:\/\/youtu.be\/5cvzo0XeBbM",
      "note":"weight before and after weight loss",
      "color":"#a29e8b",
      "link":"https:\/\/www.pinterest.com\/r\/pin\/485192559826737866\/4779055074072594921\/ab41c42677a414775ff655df0edd04f34a51338689dccad896ce2e1950636183",
      "board":{
        "url":"https:\/\/www.pinterest.com\/white42\/weightloss-before-and-after\/",
        "id":"485192628544034644",
        "name":"weightloss before and after"
      },
      "image":{
        "original":{
          "url":"https:\/\/s-media-cache-ak0.pinimg.com\/originals\/6c\/6a\/64\/6c6a64e12b587661428e18a46f9869a2.jpg",
          "width":520,
          "height":390
        }
      },
      "counts":{
        "likes":0,
        "comments":0,
        "repins":2
      },
      "id":"485192559826737866",
      "metadata":{
      }
    },
    {
      "attribution":null,
      "creator":{
        "url":"https:\/\/www.pinterest.com\/white42\/",
        "first_name":"Laneise",
        "last_name":"",
        "id":"485192697263437817"
      },
      "url":"https:\/\/www.pinterest.com\/pin\/485192559826737864\/",
      "media":{
        "type":"image"
      },
      "created_at":"2014-01-03T13:15:14",
      "original_link":"http:\/\/quickslimu.wordpress.com\/",
      "note":"#celebrity #weightloss #fitness #motivation #transformation #healthy Visit us: http:\/\/phen375kb.com\/celebrity-weight-loss\/",
      "color":"#584f47",
      "link":"https:\/\/www.pinterest.com\/r\/pin\/485192559826737864\/4779055074072594921\/7abc28abf11bce76b44dc81628f49017c6a44b8701840be9e2840b83abbb3510",
      "board":{
        "url":"https:\/\/www.pinterest.com\/white42\/weightloss-before-and-after\/",
        "id":"485192628544034644",
        "name":"weightloss before and after"
      },
      "image":{
        "original":{
          "url":"https:\/\/s-media-cache-ak0.pinimg.com\/originals\/d2\/49\/76\/d2497634c9bd42ddb00a9dccd5e173d7.jpg",
          "width":600,
          "height":550
        }
      },
      "counts":{
        "likes":1,
        "comments":0,
        "repins":2
      },
      "id":"485192559826737864",
      "metadata":{
      }
    },
    {
      "attribution":null,
      "creator":{
        "url":"https:\/\/www.pinterest.com\/white42\/",
        "first_name":"Laneise",
        "last_name":"",
        "id":"485192697263437817"
      },
      "url":"https:\/\/www.pinterest.com\/pin\/485192559826737862\/",
      "media":{
        "type":"image"
      },
      "created_at":"2014-01-03T13:15:04",
      "original_link":"http:\/\/quickslimu.wordpress.com\/",
      "note":"Unbelievable Celebrity Weight Loss Before and After-My Information Site nice the picture   Take a Look  this Simple way thousands and thousands of average poeple are making Money. Thought you might want to see this for your self: perfectdietprogra...Jennifer Hudson",
      "color":"#70405d",
      "link":"https:\/\/www.pinterest.com\/r\/pin\/485192559826737862\/4779055074072594921\/4b695ad7f758550828f5d27a26acabeff3169fdd801f52122631cf4a8029959f",
      "board":{
        "url":"https:\/\/www.pinterest.com\/white42\/weightloss-before-and-after\/",
        "id":"485192628544034644",
        "name":"weightloss before and after"
      },
      "image":{
        "original":{
          "url":"https:\/\/s-media-cache-ak0.pinimg.com\/originals\/76\/49\/1c\/76491c8f1cc967b52cfe21e429f2c5c7.jpg",
          "width":480,
          "height":360
        }
      },
      "counts":{
        "likes":0,
        "comments":0,
        "repins":0
      },
      "id":"485192559826737862",
      "metadata":{
      }
    }
  ],
  "page":{
    "cursor":null,
    "next":null
  }
}
