{
  "data":[
    {
      "attribution":null,
      "creator":{
        "url":"https:\/\/www.pinterest.com\/white42\/",
        "first_name":"Laneise",
        "last_name":"",
        "id":"485192697263437817"
      },
      "url":"https:\/\/www.pinterest.com\/pin\/485192559832682051\/",
      "media":{
        "type":"image"
      },
      "created_at":"2015-06-30T00:52:25",
      "original_link":"http:\/\/hitchfit.com\/2011-08-17\/before-afters\/swat-officer-lose-weight\/",
      "note":"Swat Officer Loses 50 lbs... http:\/\/hitchfit.com\/2011-08-17\/before-afters\/swat-officer-lose-weight\/ And I get to say I knew him before his Hitch Fit Fame!! Great job Chad!",
      "color":"#cec196",
      "link":"https:\/\/www.pinterest.com\/r\/pin\/485192559832682051\/4779055074072594921\/ae10762b153c973100b2591b0c76592a8362e3b1f812d4d0175e868ca908ed27",
      "board":{
        "url":"https:\/\/www.pinterest.com\/white42\/weightloss-before-and-after\/",
        "id":"485192628544034644",
        "name":"weightloss before and after"
      },
      "image":{
        "original":{
          "url":"https:\/\/s-media-cache-ak0.pinimg.com\/originals\/f4\/f6\/91\/f4f691e01aea31690702166d3d03391d.jpg",
          "width":1024,
          "height":724
        }
      },
      "counts":{
        "likes":0,
        "comments":0,
        "repins":0
      },
      "id":"485192559832682051",
      "metadata":{
      }
    },
    {
      "attribution":null,
      "creator":{
        "url":"https:\/\/www.pinterest.com\/white42\/",
        "first_name":"Laneise",
        "last_name":"",
        "id":"485192697263437817"
      },
      "url":"https:\/\/www.pinterest.com\/pin\/485192559832682044\/",
      "media":{
        "type":"image"
      },
      "created_at":"2015-06-30T00:52:15",
      "original_link":"http:\/\/www.weightlossphotos.net\/2011\/12\/21\/weight-loss-photos-before-and-after-91\/",
      "note":"91-weight-loss-photos-before-and-after-men-women-ripped",
      "color":"#b0adac",
      "link":"https:\/\/www.pinterest.com\/r\/pin\/485192559832682044\/4779055074072594921\/1bb9cd56c49cd59f83106c518e08a247b22962beb1ed42080fa7a8cb5b8151d8",
      "board":{
        "url":"https:\/\/www.pinterest.com\/white42\/weightloss-before-and-after\/",
        "id":"485192628544034644",
        "name":"weightloss before and after"
      },
      "image":{
        "original":{
          "url":"https:\/\/s-media-cache-ak0.pinimg.com\/originals\/03\/c7\/83\/03c7835de57852d12ec3bf62993ebcaf.png",
          "width":658,
          "height":385
        }
      },
      "counts":{
        "likes":0,
        "comments":0,
        "repins":0
      },
      "id":"485192559832682044",
      "metadata":{
      }
    },
    {
      "attribution":null,
      "creator":{
        "url":"https:\/\/www.pinterest.com\/white42\/",
        "first_name":"Laneise",
        "last_name":"",
        "id":"485192697263437817"
      },
      "url":"https:\/\/www.pinterest.com\/pin\/485192559832682042\/",
      "media":{
        "type":"image"
      },
      "created_at":"2015-06-30T00:52:07",
      "original_link":"https:\/\/www.google.com\/blank.html",
      "note":"before and after weightloss",
      "color":"#6d4f43",
      "link":"https:\/\/www.pinterest.com\/r\/pin\/485192559832682042\/4779055074072594921\/ddbe707fe0327277d0000a20c4c808e7596a64aaf8468b394739a57a013a1f1a",
      "board":{
        "url":"https:\/\/www.pinterest.com\/white42\/weightloss-before-and-after\/",
        "id":"485192628544034644",
        "name":"weightloss before and after"
      },
      "image":{
        "original":{
          "url":"https:\/\/s-media-cache-ak0.pinimg.com\/originals\/b7\/d1\/94\/b7d194adcf17f21122ef0fd480886b68.jpg",
          "width":640,
          "height":348
        }
      },
      "counts":{
        "likes":0,
        "comments":0,
        "repins":0
      },
      "id":"485192559832682042",
      "metadata":{
      }
    },
    {
      "attribution":null,
      "creator":{
        "url":"https:\/\/www.pinterest.com\/white42\/",
        "first_name":"Laneise",
        "last_name":"",
        "id":"485192697263437817"
      },
      "url":"https:\/\/www.pinterest.com\/pin\/485192559832682037\/",
      "media":{
        "type":"image"
      },
      "created_at":"2015-06-30T00:52:00",
      "original_link":"http:\/\/www.instantlyshocking.com\/",
      "note":"Transformation Tuesday!! REAL MEN DRINK PINK!!! William's Before & After Get started for $34.95 Check out our website: www.neversaydietblog.com Or http:\/\/plexusslimoflaporte.myplexusopportunity.com\/",
      "color":"#4e493e",
      "link":"https:\/\/www.pinterest.com\/r\/pin\/485192559832682037\/4779055074072594921\/fb3d8511b271aded035c53ea50e193bf60aa672cfa022b1f33f601bc909ae12e",
      "board":{
        "url":"https:\/\/www.pinterest.com\/white42\/weightloss-before-and-after\/",
        "id":"485192628544034644",
        "name":"weightloss before and after"
      },
      "image":{
        "original":{
          "url":"https:\/\/s-media-cache-ak0.pinimg.com\/originals\/19\/31\/e7\/1931e79e1509410d7c12e4be23bc99df.jpg",
          "width":483,
          "height":337
        }
      },
      "counts":{
        "likes":0,
        "comments":0,
        "repins":0
      },
      "id":"485192559832682037",
      "metadata":{
      }
    },
    {
      "attribution":null,
      "creator":{
        "url":"https:\/\/www.pinterest.com\/white42\/",
        "first_name":"Laneise",
        "last_name":"",
        "id":"485192697263437817"
      },
      "url":"https:\/\/www.pinterest.com\/pin\/485192559832682035\/",
      "media":{
        "type":"image"
      },
      "created_at":"2015-06-30T00:51:52",
      "original_link":"http:\/\/hitchfit.com\/2012-08-14\/before-afters\/fat-loss-and-over-40-years-old\/",
      "note":"http:\/\/wanelo.com\/p\/4078869\/leanness-lifestyle-university-home - Jim Lee Over 40 Years Old and Dropped Nearly 80 lbs http:\/\/hitchfit.com\/2012-08-14\/before-afters\/fat-loss-and-over-40-years-old\/",
      "color":"#cab19f",
      "link":"https:\/\/www.pinterest.com\/r\/pin\/485192559832682035\/4779055074072594921\/e485f947837169fe3e269154391db15379d00876c2342127d93333a72e0e944e",
      "board":{
        "url":"https:\/\/www.pinterest.com\/white42\/weightloss-before-and-after\/",
        "id":"485192628544034644",
        "name":"weightloss before and after"
      },
      "image":{
        "original":{
          "url":"https:\/\/s-media-cache-ak0.pinimg.com\/originals\/e2\/e9\/12\/e2e912d69b9595612d3c1ccc7e4a07b4.jpg",
          "width":965,
          "height":898
        }
      },
      "counts":{
        "likes":0,
        "comments":0,
        "repins":0
      },
      "id":"485192559832682035",
      "metadata":{
      }
    },
    {
      "attribution":null,
      "creator":{
        "url":"https:\/\/www.pinterest.com\/white42\/",
        "first_name":"Laneise",
        "last_name":"",
        "id":"485192697263437817"
      },
      "url":"https:\/\/www.pinterest.com\/pin\/485192559832682032\/",
      "media":{
        "type":"image"
      },
      "created_at":"2015-06-30T00:51:38",
      "original_link":"http:\/\/muscletransform.com\/jp-hulley-40-kg-loss-muscular-transformation-interview\/",
      "note":"JP Hulley-body-transformation12",
      "color":"#a88162",
      "link":"https:\/\/www.pinterest.com\/r\/pin\/485192559832682032\/4779055074072594921\/0cb63fa26f7040030e2adece5ad26756455eca6eb2fde870a992e74d7775f876",
      "board":{
        "url":"https:\/\/www.pinterest.com\/white42\/weightloss-before-and-after\/",
        "id":"485192628544034644",
        "name":"weightloss before and after"
      },
      "image":{
        "original":{
          "url":"https:\/\/s-media-cache-ak0.pinimg.com\/originals\/6b\/65\/f6\/6b65f6c61296c3addbd220cf72de3edd.jpg",
          "width":960,
          "height":960
        }
      },
      "counts":{
        "likes":1,
        "comments":0,
        "repins":0
      },
      "id":"485192559832682032",
      "metadata":{
      }
    },
    {
      "attribution":null,
      "creator":{
        "url":"https:\/\/www.pinterest.com\/white42\/",
        "first_name":"Laneise",
        "last_name":"",
        "id":"485192697263437817"
      },
      "url":"https:\/\/www.pinterest.com\/pin\/485192559832682026\/",
      "media":{
        "type":"image"
      },
      "created_at":"2015-06-30T00:51:04",
      "original_link":"http:\/\/www.cindyknowles.myplexusproducts.com\/",
      "note":"Plexus is changing lives!!! 60 day money back guarantee! Order now! http:\/\/www.cindyknowles.myplexusproducts.com\/",
      "color":"#ba9888",
      "link":"https:\/\/www.pinterest.com\/r\/pin\/485192559832682026\/4779055074072594921\/40e54f9ddb29cf1b28e996f63bda1ced78e05b5ce326cdabe4d527ef2e982b50",
      "board":{
        "url":"https:\/\/www.pinterest.com\/white42\/weightloss-before-and-after\/",
        "id":"485192628544034644",
        "name":"weightloss before and after"
      },
      "image":{
        "original":{
          "url":"https:\/\/s-media-cache-ak0.pinimg.com\/originals\/cc\/99\/38\/cc9938128b4a895bfa908b70a8d73872.jpg",
          "width":600,
          "height":411
        }
      },
      "counts":{
        "likes":0,
        "comments":0,
        "repins":0
      },
      "id":"485192559832682026",
      "metadata":{
      }
    },
    {
      "attribution":null,
      "creator":{
        "url":"https:\/\/www.pinterest.com\/white42\/",
        "first_name":"Laneise",
        "last_name":"",
        "id":"485192697263437817"
      },
      "url":"https:\/\/www.pinterest.com\/pin\/485192559832682022\/",
      "media":{
        "type":"image"
      },
      "created_at":"2015-06-30T00:50:44",
      "original_link":"http:\/\/www.trimmedandtoned.com\/60-weight-loss-transformations-will-make-jaw-drop\/",
      "note":" ",
      "color":"#885730",
      "link":"https:\/\/www.pinterest.com\/r\/pin\/485192559832682022\/4779055074072594921\/f41bae3ddf08e0c2ff6245d0a61282fff19799ae504897e3ada6002ddc6f64d0",
      "board":{
        "url":"https:\/\/www.pinterest.com\/white42\/weightloss-before-and-after\/",
        "id":"485192628544034644",
        "name":"weightloss before and after"
      },
      "image":{
        "original":{
          "url":"https:\/\/s-media-cache-ak0.pinimg.com\/originals\/76\/6d\/84\/766d84c8c5e60d8c1fa1b515a09dadab.jpg",
          "width":541,
          "height":720
        }
      },
      "counts":{
        "likes":0,
        "comments":0,
        "repins":1
      },
      "id":"485192559832682022",
      "metadata":{
      }
    },
    {
      "attribution":null,
      "creator":{
        "url":"https:\/\/www.pinterest.com\/white42\/",
        "first_name":"Laneise",
        "last_name":"",
        "id":"485192697263437817"
      },
      "url":"https:\/\/www.pinterest.com\/pin\/485192559832682019\/",
      "media":{
        "type":"image"
      },
      "created_at":"2015-06-30T00:50:31",
      "original_link":"http:\/\/www.weightlossphotos.net\/category\/weight-loss-before-after-miscellaneous\/extreme-weight-loss-before-after\/page\/9\/",
      "note":"Weight loss: 51 pounds Start weight: 235Ibs ~ End weight: 184Ibs Time scale: 9 months",
      "color":"#beada1",
      "link":"https:\/\/www.pinterest.com\/r\/pin\/485192559832682019\/4779055074072594921\/e6ff030d452e620a8b4fa6348faae31f9241c0f89685dfa456dc62fcdd9652e8",
      "board":{
        "url":"https:\/\/www.pinterest.com\/white42\/weightloss-before-and-after\/",
        "id":"485192628544034644",
        "name":"weightloss before and after"
      },
      "image":{
        "original":{
          "url":"https:\/\/s-media-cache-ak0.pinimg.com\/originals\/f8\/f2\/23\/f8f223cc246dc410b6623244bcac8c2a.png",
          "width":574,
          "height":632
        }
      },
      "counts":{
        "likes":0,
        "comments":0,
        "repins":0
      },
      "id":"485192559832682019",
      "metadata":{
      }
    },
    {
      "attribution":null,
      "creator":{
        "url":"https:\/\/www.pinterest.com\/white42\/",
        "first_name":"Laneise",
        "last_name":"",
        "id":"485192697263437817"
      },
      "url":"https:\/\/www.pinterest.com\/pin\/485192559832681927\/",
      "media":{
        "type":"image"
      },
      "created_at":"2015-06-30T00:45:17",
      "original_link":"http:\/\/www.women-health-info.com\/342-SUCCESS-STORIES.html",
      "note":"Weight loss success stories - http:\/\/www.women-health-info.com\/342-SUCCESS-STORIES.html",
      "color":"#874f46",
      "link":"https:\/\/www.pinterest.com\/r\/pin\/485192559832681927\/4779055074072594921\/5aaebb145e49a4a1c56f503aa7ab83a57cd8222ce91036a67b9b5b561abde02b",
      "board":{
        "url":"https:\/\/www.pinterest.com\/white42\/weightloss-before-and-after\/",
        "id":"485192628544034644",
        "name":"weightloss before and after"
      },
      "image":{
        "original":{
          "url":"https:\/\/s-media-cache-ak0.pinimg.com\/originals\/8e\/38\/f8\/8e38f8a576db451fc21b2b672ce1d2f8.jpg",
          "width":245,
          "height":300
        }
      },
      "counts":{
        "likes":0,
        "comments":0,
        "repins":0
      },
      "id":"485192559832681927",
      "metadata":{
      }
    },
    {
      "attribution":null,
      "creator":{
        "url":"https:\/\/www.pinterest.com\/white42\/",
        "first_name":"Laneise",
        "last_name":"",
        "id":"485192697263437817"
      },
      "url":"https:\/\/www.pinterest.com\/pin\/485192559832681924\/",
      "media":{
        "type":"image"
      },
      "created_at":"2015-06-30T00:45:04",
      "original_link":"http:\/\/chocolatefitspo.tumblr.com\/image\/81641908517",
      "note":"@star2hi Oh my gosh girl! Time to get back on it! We have to look good for spring break! <3",
      "color":"#805039",
      "link":"https:\/\/www.pinterest.com\/r\/pin\/485192559832681924\/4779055074072594921\/d7b032a75d6749f3abfe0b21de11bca823ec654a060a4f6974c7e5ef7a922fc5",
      "board":{
        "url":"https:\/\/www.pinterest.com\/white42\/weightloss-before-and-after\/",
        "id":"485192628544034644",
        "name":"weightloss before and after"
      },
      "image":{
        "original":{
          "url":"https:\/\/s-media-cache-ak0.pinimg.com\/originals\/71\/4b\/4e\/714b4e14986b4f3868e92f1d41e3eb87.jpg",
          "width":640,
          "height":630
        }
      },
      "counts":{
        "likes":0,
        "comments":0,
        "repins":0
      },
      "id":"485192559832681924",
      "metadata":{
      }
    },
    {
      "attribution":null,
      "creator":{
        "url":"https:\/\/www.pinterest.com\/white42\/",
        "first_name":"Laneise",
        "last_name":"",
        "id":"485192697263437817"
      },
      "url":"https:\/\/www.pinterest.com\/pin\/485192559832681914\/",
      "media":{
        "type":"image"
      },
      "created_at":"2015-06-30T00:44:30",
      "original_link":"http:\/\/www.weightlossphotos.net\/page\/28\/",
      "note":"Before & After Weight Loss Photos | Real people. Real inspiration. | Page 28",
      "color":"#b8a49c",
      "link":"https:\/\/www.pinterest.com\/r\/pin\/485192559832681914\/4779055074072594921\/de7de9db6f8c45d4ce3ba290df54c43883a0d9123f05f989cf7495bb03b5fe1f",
      "board":{
        "url":"https:\/\/www.pinterest.com\/white42\/weightloss-before-and-after\/",
        "id":"485192628544034644",
        "name":"weightloss before and after"
      },
      "image":{
        "original":{
          "url":"https:\/\/s-media-cache-ak0.pinimg.com\/originals\/ff\/a4\/a7\/ffa4a7f705016016e464b17f186d743d.jpg",
          "width":510,
          "height":549
        }
      },
      "counts":{
        "likes":0,
        "comments":0,
        "repins":0
      },
      "id":"485192559832681914",
      "metadata":{
      }
    },
    {
      "attribution":null,
      "creator":{
        "url":"https:\/\/www.pinterest.com\/white42\/",
        "first_name":"Laneise",
        "last_name":"",
        "id":"485192697263437817"
      },
      "url":"https:\/\/www.pinterest.com\/pin\/485192559832681908\/",
      "media":{
        "type":"image"
      },
      "created_at":"2015-06-30T00:44:20",
      "original_link":"http:\/\/www.trimmedandtoned.com\/fat-loss-motivation-the-most-amazing-female-weight-loss-transformations-30-pics",
      "note":"Weight Loss Transformations: http:\/\/www.trimmedandtoned.com\/fat-loss-motivation-the-most-amazing-female-weight-loss-transformations-30-pics Check it out!",
      "color":"#616965",
      "link":"https:\/\/www.pinterest.com\/r\/pin\/485192559832681908\/4779055074072594921\/a09545c202b200c694dad2acb9a5d98e7abfda978f6f146dfb6b0604f1231298",
      "board":{
        "url":"https:\/\/www.pinterest.com\/white42\/weightloss-before-and-after\/",
        "id":"485192628544034644",
        "name":"weightloss before and after"
      },
      "image":{
        "original":{
          "url":"https:\/\/s-media-cache-ak0.pinimg.com\/originals\/23\/00\/fa\/2300fa8b62b26fc5995898544f3fdb13.jpg",
          "width":669,
          "height":512
        }
      },
      "counts":{
        "likes":0,
        "comments":0,
        "repins":0
      },
      "id":"485192559832681908",
      "metadata":{
      }
    },
    {
      "attribution":null,
      "creator":{
        "url":"https:\/\/www.pinterest.com\/white42\/",
        "first_name":"Laneise",
        "last_name":"",
        "id":"485192697263437817"
      },
      "url":"https:\/\/www.pinterest.com\/pin\/485192559832681904\/",
      "media":{
        "type":"image"
      },
      "created_at":"2015-06-30T00:44:12",
      "original_link":"http:\/\/theprettyyouproject.blogspot.com\/2014\/03\/before-you-cheat-think-about.html",
      "note":"BEFORE YOU CHEAT THINK ABOUT: ** How tired you are of your clothes being tight! **How ANNOYING it gets to not be able to wear anything you want! **How quickly that food is down your throat, in your stomach and how it totally wasn't worth it! **How GOOD you will feel in the morning after a successful day of staying on track! *Hang in there!! Staying on track gets you to your goals and it is SO WORTH IT!!",
      "color":"#baa671",
      "link":"https:\/\/www.pinterest.com\/r\/pin\/485192559832681904\/4779055074072594921\/29ba2311775414c14559350ef5d4ffca6429f8c6e22da48539f9ad857c50b98c",
      "board":{
        "url":"https:\/\/www.pinterest.com\/white42\/weightloss-before-and-after\/",
        "id":"485192628544034644",
        "name":"weightloss before and after"
      },
      "image":{
        "original":{
          "url":"https:\/\/s-media-cache-ak0.pinimg.com\/originals\/b0\/1b\/db\/b01bdbc38825593caad31360a3d56e23.jpg",
          "width":683,
          "height":512
        }
      },
      "counts":{
        "likes":0,
        "comments":0,
        "repins":0
      },
      "id":"485192559832681904",
      "metadata":{
      }
    },
    {
      "attribution":null,
      "creator":{
        "url":"https:\/\/www.pinterest.com\/white42\/",
        "first_name":"Laneise",
        "last_name":"",
        "id":"485192697263437817"
      },
      "url":"https:\/\/www.pinterest.com\/pin\/485192559832681892\/",
      "media":{
        "type":"image"
      },
      "created_at":"2015-06-30T00:43:39",
      "original_link":"http:\/\/www.blackweightlosssuccess.com\/krystina-lost-103-pounds\/#.UpCsN6X83U4#2t320aaz70x.87761.pi",
      "note":"Weight Loss Story: Krystina lost 103 pounds! Find out how on our blog.",
      "color":"#9c896a",
      "link":"https:\/\/www.pinterest.com\/r\/pin\/485192559832681892\/4779055074072594921\/2af9f73731bec2ed8ec162a483580d33aab8e7b439f2912758349c7bd7a35c58",
      "board":{
        "url":"https:\/\/www.pinterest.com\/white42\/weightloss-before-and-after\/",
        "id":"485192628544034644",
        "name":"weightloss before and after"
      },
      "image":{
        "original":{
          "url":"https:\/\/s-media-cache-ak0.pinimg.com\/originals\/e4\/ec\/02\/e4ec027e4f4b058433e52e5ef45ea7ac.jpg",
          "width":450,
          "height":450
        }
      },
      "counts":{
        "likes":11,
        "comments":0,
        "repins":31
      },
      "id":"485192559832681892",
      "metadata":{
      }
    },
    {
      "attribution":null,
      "creator":{
        "url":"https:\/\/www.pinterest.com\/white42\/",
        "first_name":"Laneise",
        "last_name":"",
        "id":"485192697263437817"
      },
      "url":"https:\/\/www.pinterest.com\/pin\/485192559832681885\/",
      "media":{
        "type":"image"
      },
      "created_at":"2015-06-30T00:43:07",
      "original_link":"http:\/\/www.weightlossphotos.net\/category\/weight-loss-before-after-by-gender\/weight-loss-before-after-women\/page\/13\/",
      "note":"150 to 121 through diet and exercise. Shady diet pill companies steal her picture to advertize their products, but she did this the hard way - not with drugs",
      "color":"#9d7857",
      "link":"https:\/\/www.pinterest.com\/r\/pin\/485192559832681885\/4779055074072594921\/60d683ab88172b34b06d426f70824e5e2a6f09f5b35a6c3825d351bb4e238220",
      "board":{
        "url":"https:\/\/www.pinterest.com\/white42\/weightloss-before-and-after\/",
        "id":"485192628544034644",
        "name":"weightloss before and after"
      },
      "image":{
        "original":{
          "url":"https:\/\/s-media-cache-ak0.pinimg.com\/originals\/fa\/09\/92\/fa09921daee7ec48d20f4615e3fb7148.png",
          "width":399,
          "height":405
        }
      },
      "counts":{
        "likes":0,
        "comments":0,
        "repins":0
      },
      "id":"485192559832681885",
      "metadata":{
      }
    },
    {
      "attribution":null,
      "creator":{
        "url":"https:\/\/www.pinterest.com\/white42\/",
        "first_name":"Laneise",
        "last_name":"",
        "id":"485192697263437817"
      },
      "url":"https:\/\/www.pinterest.com\/pin\/485192559832681871\/",
      "media":{
        "type":"image"
      },
      "created_at":"2015-06-30T00:42:30",
      "original_link":"http:\/\/www.smosh.com\/smosh-pit\/photos\/28-amazing-weight-loss-and-after-photos",
      "note":"28 AMAZING Weight Loss Before-and-After Photos | SMOSH",
      "color":"#928566",
      "link":"https:\/\/www.pinterest.com\/r\/pin\/485192559832681871\/4779055074072594921\/7284474933c50c3ef801911b9f49dc7ff6cf26210af4f9e865bcd06a4b19c51c",
      "board":{
        "url":"https:\/\/www.pinterest.com\/white42\/weightloss-before-and-after\/",
        "id":"485192628544034644",
        "name":"weightloss before and after"
      },
      "image":{
        "original":{
          "url":"https:\/\/s-media-cache-ak0.pinimg.com\/originals\/3d\/21\/6a\/3d216abe92bf177c1ae0554a05adb189.jpg",
          "width":460,
          "height":427
        }
      },
      "counts":{
        "likes":0,
        "comments":0,
        "repins":0
      },
      "id":"485192559832681871",
      "metadata":{
      }
    },
    {
      "attribution":null,
      "creator":{
        "url":"https:\/\/www.pinterest.com\/white42\/",
        "first_name":"Laneise",
        "last_name":"",
        "id":"485192697263437817"
      },
      "url":"https:\/\/www.pinterest.com\/pin\/485192559832681861\/",
      "media":{
        "type":"image"
      },
      "created_at":"2015-06-30T00:41:38",
      "original_link":"http:\/\/fleurmeetsfitness.tumblr.com\/tagged\/my+weightloss+photos\/page\/2",
      "note":"Fleur Meets Fitness - Did it the healthy way. Still doing it the healthy way! Fleur. Sydney, Australia. Age: 25 Height: 5'9\" HW\/SW: 126.2 kg (277.6 lb) CW: No longer a slave to the scales UGW: Focusing on my UGB (Ultimate Goal Body)! Weight lost Jan 28 '11 - Jan 28 '12: 59.7 kg (131.3 lb)",
      "color":"#686052",
      "link":"https:\/\/www.pinterest.com\/r\/pin\/485192559832681861\/4779055074072594921\/473da4cea7ca1d6ed641c4ebb32edb1d3f87122420edaa476aa91177ea4b5c56",
      "board":{
        "url":"https:\/\/www.pinterest.com\/white42\/weightloss-before-and-after\/",
        "id":"485192628544034644",
        "name":"weightloss before and after"
      },
      "image":{
        "original":{
          "url":"https:\/\/s-media-cache-ak0.pinimg.com\/originals\/d1\/11\/09\/d11109ae05b494abd4754db7d682d276.jpg",
          "width":718,
          "height":1014
        }
      },
      "counts":{
        "likes":0,
        "comments":0,
        "repins":0
      },
      "id":"485192559832681861",
      "metadata":{
        "link":{
          "locale":"en",
          "title":"Fleur Meets Fitness",
          "site_name":"fleurmeetsfitness.tumblr.com",
          "description":"Did it the healthy way. Still doing it the healthy way! Fleur. Sydney, Australia. Age: 25 Height:...",
          "favicon":"https:\/\/s-media-cache-ak0.pinimg.com\/favicons\/68af7fa0deaaead7a4d0b327f6e1a0b1875507375018ec75829be1b5.png?b04a89a0fdd8e6664984e98a79b52caf"
        }
      }
    },
    {
      "attribution":null,
      "creator":{
        "url":"https:\/\/www.pinterest.com\/white42\/",
        "first_name":"Laneise",
        "last_name":"",
        "id":"485192697263437817"
      },
      "url":"https:\/\/www.pinterest.com\/pin\/485192559832681859\/",
      "media":{
        "type":"image"
      },
      "created_at":"2015-06-30T00:41:31",
      "original_link":"http:\/\/www.runsforcookies.com\/p\/progress-photos.html",
      "note":"Katie started Runs for Cookies after losing 125 pounds through diet and exercise. She says, \"I became a runner in order to continue to eat cookies (and all sweet things!), and now I blog about weight maintenance, running, my ever-constant battle with binge eating, and some totally unrelated things going on in my life.\" She is an inspiration!",
      "color":"#766657",
      "link":"https:\/\/www.pinterest.com\/r\/pin\/485192559832681859\/4779055074072594921\/6f29e7c72beac9d3b55324a6e0ca9689a8eb5712a3cd6c43e4b7219fce79490b",
      "board":{
        "url":"https:\/\/www.pinterest.com\/white42\/weightloss-before-and-after\/",
        "id":"485192628544034644",
        "name":"weightloss before and after"
      },
      "image":{
        "original":{
          "url":"https:\/\/s-media-cache-ak0.pinimg.com\/originals\/04\/ab\/33\/04ab33fde88c8b674778ef334ff11ccb.jpg",
          "width":400,
          "height":357
        }
      },
      "counts":{
        "likes":0,
        "comments":0,
        "repins":0
      },
      "id":"485192559832681859",
      "metadata":{
      }
    },
    {
      "attribution":null,
      "creator":{
        "url":"https:\/\/www.pinterest.com\/white42\/",
        "first_name":"Laneise",
        "last_name":"",
        "id":"485192697263437817"
      },
      "url":"https:\/\/www.pinterest.com\/pin\/485192559832681855\/",
      "media":{
        "type":"image"
      },
      "created_at":"2015-06-30T00:41:20",
      "original_link":"http:\/\/www.nowloss.com\/how-to-lose-weight-with-pcos-insulin-resistance.htm",
      "note":"Don't mind the photo. 7 ways to lose weight with PCOS & Insulin resistance.",
      "color":"#7c8676",
      "link":"https:\/\/www.pinterest.com\/r\/pin\/485192559832681855\/4779055074072594921\/4b6ab26d3a567b174e6ac1d9cfee1b74384a51bca02d1763e2ecb6d05d3cabb4",
      "board":{
        "url":"https:\/\/www.pinterest.com\/white42\/weightloss-before-and-after\/",
        "id":"485192628544034644",
        "name":"weightloss before and after"
      },
      "image":{
        "original":{
          "url":"https:\/\/s-media-cache-ak0.pinimg.com\/originals\/ac\/8a\/19\/ac8a198ccc99723b07a0a41e1caf6a10.jpg",
          "width":665,
          "height":654
        }
      },
      "counts":{
        "likes":0,
        "comments":0,
        "repins":0
      },
      "id":"485192559832681855",
      "metadata":{
      }
    },
    {
      "attribution":null,
      "creator":{
        "url":"https:\/\/www.pinterest.com\/white42\/",
        "first_name":"Laneise",
        "last_name":"",
        "id":"485192697263437817"
      },
      "url":"https:\/\/www.pinterest.com\/pin\/485192559832681852\/",
      "media":{
        "type":"image"
      },
      "created_at":"2015-06-30T00:41:09",
      "original_link":"http:\/\/www.huffingtonpost.com\/2011\/08\/09\/brian-lost-128-pounds-through-at-home-workouts_n_921403.html",
      "note":"Brian Lost 128 Pounds Through At-Home Workouts",
      "color":"#9e8170",
      "link":"https:\/\/www.pinterest.com\/r\/pin\/485192559832681852\/4779055074072594921\/903ba91cb4809390f931911ebad5c67525e51a3c5eed5fb426f26a9d797be16b",
      "board":{
        "url":"https:\/\/www.pinterest.com\/white42\/weightloss-before-and-after\/",
        "id":"485192628544034644",
        "name":"weightloss before and after"
      },
      "image":{
        "original":{
          "url":"https:\/\/s-media-cache-ak0.pinimg.com\/originals\/9d\/ad\/50\/9dad506320b9374adda8513630239d6c.jpg",
          "width":640,
          "height":468
        }
      },
      "counts":{
        "likes":0,
        "comments":0,
        "repins":0
      },
      "id":"485192559832681852",
      "metadata":{
        "article":{
          "published_at":null,
          "description":"Got a weight loss success story of your own? Tell us about it at success.stories@huffingtonpost.com and you could be featured on the site! Name: Brian Utter Age: 33 Height: 5'7\" Before Weig",
          "name":"Brian Lost 128 Pounds Through At-Home Workouts",
          "authors":[]
        },
        "link":{
          "locale":"en_US",
          "title":"Brian Lost 128 Pounds Through At-Home Workouts",
          "site_name":"The Huffington Post",
          "description":"Got a weight loss success story of your own? Tell us about it at success.stories@huffingtonpost.com and you could be featured on the site! Name: Brian Utter Age: 33 Height: 5'7\" Before Weig",
          "favicon":"https:\/\/s-media-cache-ak0.pinimg.com\/favicons\/dabd337119d88529d5837c079ae41b7191f99748f1830b003249f220.ico?e5abfb98e95306addaa35d01aad2c6f6"
        }
      }
    },
    {
      "attribution":null,
      "creator":{
        "url":"https:\/\/www.pinterest.com\/white42\/",
        "first_name":"Laneise",
        "last_name":"",
        "id":"485192697263437817"
      },
      "url":"https:\/\/www.pinterest.com\/pin\/485192559832681849\/",
      "media":{
        "type":"image"
      },
      "created_at":"2015-06-30T00:40:46",
      "original_link":"http:\/\/www.mymommystyle.com\/2013\/12\/19\/how-ive-lost-40-pounds-what-im-doing-to-finally-lose-the-baby-weight\/",
      "note":"How I lost 22 pounds in 4 weeks! How I\u2019m losing weight #weightloss #fitspiration #beforeandafter www.mymommystyle.com",
      "color":"#bda288",
      "link":"https:\/\/www.pinterest.com\/r\/pin\/485192559832681849\/4779055074072594921\/bcb801692facd885c3d521656bc3bcf9e100d097f76e7925eb98e2c02bd7422b",
      "board":{
        "url":"https:\/\/www.pinterest.com\/white42\/weightloss-before-and-after\/",
        "id":"485192628544034644",
        "name":"weightloss before and after"
      },
      "image":{
        "original":{
          "url":"https:\/\/s-media-cache-ak0.pinimg.com\/originals\/36\/e6\/d2\/36e6d23b0322cacd455a7f9595a04f4f.jpg",
          "width":1000,
          "height":2519
        }
      },
      "counts":{
        "likes":2,
        "comments":0,
        "repins":0
      },
      "id":"485192559832681849",
      "metadata":{
      }
    },
    {
      "attribution":null,
      "creator":{
        "url":"https:\/\/www.pinterest.com\/white42\/",
        "first_name":"Laneise",
        "last_name":"",
        "id":"485192697263437817"
      },
      "url":"https:\/\/www.pinterest.com\/pin\/485192559832681846\/",
      "media":{
        "type":"image"
      },
      "created_at":"2015-06-30T00:40:38",
      "original_link":"http:\/\/www.motivationblog.org\/11-body-transformations-before-and-after-photos\/",
      "note":"11 Body transformations before and after photos",
      "color":"#795d47",
      "link":"https:\/\/www.pinterest.com\/r\/pin\/485192559832681846\/4779055074072594921\/639db3bf10dbd4e6bfac7e6af6381ae4bbbec26d80afdc47f65d5a9000e3a9b0",
      "board":{
        "url":"https:\/\/www.pinterest.com\/white42\/weightloss-before-and-after\/",
        "id":"485192628544034644",
        "name":"weightloss before and after"
      },
      "image":{
        "original":{
          "url":"https:\/\/s-media-cache-ak0.pinimg.com\/originals\/d0\/9f\/f2\/d09ff2743e6649aa7ad152d304dbdd18.jpg",
          "width":640,
          "height":960
        }
      },
      "counts":{
        "likes":0,
        "comments":0,
        "repins":0
      },
      "id":"485192559832681846",
      "metadata":{
      }
    },
    {
      "attribution":null,
      "creator":{
        "url":"https:\/\/www.pinterest.com\/white42\/",
        "first_name":"Laneise",
        "last_name":"",
        "id":"485192697263437817"
      },
      "url":"https:\/\/www.pinterest.com\/pin\/485192559832681838\/",
      "media":{
        "type":"image"
      },
      "created_at":"2015-06-30T00:40:16",
      "original_link":"http:\/\/eatinglowcalorie.blogspot.com\/",
      "note":"Great blog for diet tips, recipes, and inspiring photos! 100 lbs lost!",
      "color":"#6b4e52",
      "link":"https:\/\/www.pinterest.com\/r\/pin\/485192559832681838\/4779055074072594921\/e0bf72edb82e1387469c256ad98f6d76bdfc87dd6095a9d219f71c31925839ed",
      "board":{
        "url":"https:\/\/www.pinterest.com\/white42\/weightloss-before-and-after\/",
        "id":"485192628544034644",
        "name":"weightloss before and after"
      },
      "image":{
        "original":{
          "url":"https:\/\/s-media-cache-ak0.pinimg.com\/originals\/03\/d8\/4b\/03d84b1182a628cc5c8b6a42241b8d9a.jpg",
          "width":1252,
          "height":1094
        }
      },
      "counts":{
        "likes":0,
        "comments":0,
        "repins":0
      },
      "id":"485192559832681838",
      "metadata":{
      }
    },
    {
      "attribution":null,
      "creator":{
        "url":"https:\/\/www.pinterest.com\/white42\/",
        "first_name":"Laneise",
        "last_name":"",
        "id":"485192697263437817"
      },
      "url":"https:\/\/www.pinterest.com\/pin\/485192559832681832\/",
      "media":{
        "type":"image"
      },
      "created_at":"2015-06-30T00:40:02",
      "original_link":"http:\/\/www.smosh.com\/smosh-pit\/photos\/28-amazing-weight-loss-and-after-photos",
      "note":"extreme weight loss before and after | 28 AMAZING Weight Loss Before-and-After Photos",
      "color":"#605856",
      "link":"https:\/\/www.pinterest.com\/r\/pin\/485192559832681832\/4779055074072594921\/d5297a00244f7f7a14bc83289b00c6258d0be1925b1c75ac353cfe396ec3fc46",
      "board":{
        "url":"https:\/\/www.pinterest.com\/white42\/weightloss-before-and-after\/",
        "id":"485192628544034644",
        "name":"weightloss before and after"
      },
      "image":{
        "original":{
          "url":"https:\/\/s-media-cache-ak0.pinimg.com\/originals\/24\/8f\/f4\/248ff4c9c5a179937eaa70a361fd0582.jpg",
          "width":500,
          "height":364
        }
      },
      "counts":{
        "likes":0,
        "comments":0,
        "repins":0
      },
      "id":"485192559832681832",
      "metadata":{
      }
    }
  ],
  "page":{
    "cursor":"LT40ODUxOTI1NTk4MzI2ODE4MzI6NDA5fDIyNTdkYTNmYzY2YWEwOGVlY2E3NjM4NWVkZjE5ZTA3ZTRhOWFiN2U5OGVmODhjZjEzMGU4ZDNkMzRkOGExZjk=",
    "next":"https:\/\/api.pinterest.com\/v1\/boards\/white42\/weightloss-before-and-after\/pins\/?access_token=AZlZE-HOK-Y4205yRft75KyYVaauFCBIs8jxSxdCtrJcomAqbQAAAAA&fields=id%2Clink%2Cnote%2Curl%2Cattribution%2Cmedia%2Cmetadata%2Cboard%2Ccolor%2Ccounts%2Ccreated_at%2Ccreator%2Cimage%2Coriginal_link&cursor=LT40ODUxOTI1NTk4MzI2ODE4MzI6NDA5fDIyNTdkYTNmYzY2YWEwOGVlY2E3NjM4NWVkZjE5ZTA3ZTRhOWFiN2U5OGVmODhjZjEzMGU4ZDNkMzRkOGExZjk%3D"
  }
}
