{
  "data":[
    {
      "attribution":null,
      "creator":{
        "url":"https:\/\/www.pinterest.com\/rhall101511\/",
        "first_name":"Reatha",
        "last_name":"Dake Hall",
        "id":"485051959775075104"
      },
      "url":"https:\/\/www.pinterest.com\/pin\/485051822343410300\/",
      "media":{
        "type":"image"
      },
      "created_at":"2015-04-09T00:28:46",
      "original_link":"http:\/\/www.shapefit.com\/fit-moms-success-stories-loretta.html",
      "note":"fit moms success stories",
      "color":"#ead2d2",
      "link":"https:\/\/www.pinterest.com\/r\/pin\/485051822343410300\/4779055074072594921\/94495a5abe2aa2db299d3c2b685b61dbc5b5456b848c765d1ff5a628f2b8cb2f",
      "board":{
        "url":"https:\/\/www.pinterest.com\/rhall101511\/before-and-after-weightloss-motivation\/",
        "id":"485051891055621099",
        "name":"Before and After Weightloss Motivation"
      },
      "image":{
        "original":{
          "url":"https:\/\/s-media-cache-ak0.pinimg.com\/originals\/69\/79\/c6\/6979c6dbb24228bde09aeac0c15c67a9.jpg",
          "width":500,
          "height":300
        }
      },
      "counts":{
        "likes":0,
        "comments":0,
        "repins":0
      },
      "id":"485051822343410300",
      "metadata":{
      }
    },
    {
      "attribution":null,
      "creator":{
        "url":"https:\/\/www.pinterest.com\/rhall101511\/",
        "first_name":"Reatha",
        "last_name":"Dake Hall",
        "id":"485051959775075104"
      },
      "url":"https:\/\/www.pinterest.com\/pin\/485051822343410258\/",
      "media":{
        "type":"image"
      },
      "created_at":"2015-04-09T00:26:38",
      "original_link":"http:\/\/www.shapefit.com\/success\/success-stories-weight-loss-jerome.html",
      "note":"weight loss before after photos",
      "color":"#776c6c",
      "link":"https:\/\/www.pinterest.com\/r\/pin\/485051822343410258\/4779055074072594921\/af3ba002f9aa5c1125437297843bf7b2da025337a6ced38007d1041aa1cca3be",
      "board":{
        "url":"https:\/\/www.pinterest.com\/rhall101511\/before-and-after-weightloss-motivation\/",
        "id":"485051891055621099",
        "name":"Before and After Weightloss Motivation"
      },
      "image":{
        "original":{
          "url":"https:\/\/s-media-cache-ak0.pinimg.com\/originals\/be\/42\/81\/be4281e29a37753828a2c50c243c3293.jpg",
          "width":350,
          "height":318
        }
      },
      "counts":{
        "likes":0,
        "comments":0,
        "repins":1
      },
      "id":"485051822343410258",
      "metadata":{
      }
    },
    {
      "attribution":null,
      "creator":{
        "url":"https:\/\/www.pinterest.com\/rhall101511\/",
        "first_name":"Reatha",
        "last_name":"Dake Hall",
        "id":"485051959775075104"
      },
      "url":"https:\/\/www.pinterest.com\/pin\/485051822343410222\/",
      "media":{
        "type":"image"
      },
      "created_at":"2015-04-09T00:24:00",
      "original_link":"http:\/\/www.shapefit.com\/success\/success-stories-weight-loss-sarah-e.html",
      "note":"weight loss before after photos sarah evans",
      "color":"#adaba6",
      "link":"https:\/\/www.pinterest.com\/r\/pin\/485051822343410222\/4779055074072594921\/81bf88500ce78d5b3b46b41c0fb736a820b09fddd92aaf0b00e2ffecfcf33cf3",
      "board":{
        "url":"https:\/\/www.pinterest.com\/rhall101511\/before-and-after-weightloss-motivation\/",
        "id":"485051891055621099",
        "name":"Before and After Weightloss Motivation"
      },
      "image":{
        "original":{
          "url":"https:\/\/s-media-cache-ak0.pinimg.com\/originals\/90\/4a\/18\/904a1831a7739a09085d7f45d85a5416.jpg",
          "width":153,
          "height":300
        }
      },
      "counts":{
        "likes":0,
        "comments":0,
        "repins":0
      },
      "id":"485051822343410222",
      "metadata":{
      }
    },
    {
      "attribution":null,
      "creator":{
        "url":"https:\/\/www.pinterest.com\/rhall101511\/",
        "first_name":"Reatha",
        "last_name":"Dake Hall",
        "id":"485051959775075104"
      },
      "url":"https:\/\/www.pinterest.com\/pin\/485051822343410177\/",
      "media":{
        "type":"image"
      },
      "created_at":"2015-04-09T00:20:27",
      "original_link":"http:\/\/www.shapefit.com\/success\/success-stories-weight-loss-debbi.html",
      "note":"weight loss photos before after",
      "color":"#1a558e",
      "link":"https:\/\/www.pinterest.com\/r\/pin\/485051822343410177\/4779055074072594921\/7c4e0808222669aa82f66a887a6c9b2ebcdc97cd977df8009db04178ed8821ef",
      "board":{
        "url":"https:\/\/www.pinterest.com\/rhall101511\/before-and-after-weightloss-motivation\/",
        "id":"485051891055621099",
        "name":"Before and After Weightloss Motivation"
      },
      "image":{
        "original":{
          "url":"https:\/\/s-media-cache-ak0.pinimg.com\/originals\/ab\/a8\/36\/aba83618c78cd5e53b13926ca9e7b677.jpg",
          "width":222,
          "height":300
        }
      },
      "counts":{
        "likes":0,
        "comments":0,
        "repins":1
      },
      "id":"485051822343410177",
      "metadata":{
      }
    },
    {
      "attribution":null,
      "creator":{
        "url":"https:\/\/www.pinterest.com\/rhall101511\/",
        "first_name":"Reatha",
        "last_name":"Dake Hall",
        "id":"485051959775075104"
      },
      "url":"https:\/\/www.pinterest.com\/pin\/485051822343410150\/",
      "media":{
        "type":"image"
      },
      "created_at":"2015-04-09T00:18:44",
      "original_link":"http:\/\/www.shapefit.com\/success-stories-weight-loss-kent.html",
      "note":"weight loss before after photos",
      "color":"#e0d6cf",
      "link":"https:\/\/www.pinterest.com\/r\/pin\/485051822343410150\/4779055074072594921\/4c0971b941f6a49527f5a52e5afd077621aabfb14a393014ed22a355258b83f8",
      "board":{
        "url":"https:\/\/www.pinterest.com\/rhall101511\/before-and-after-weightloss-motivation\/",
        "id":"485051891055621099",
        "name":"Before and After Weightloss Motivation"
      },
      "image":{
        "original":{
          "url":"https:\/\/s-media-cache-ak0.pinimg.com\/originals\/25\/e6\/e0\/25e6e08a6e9b2b5826991626fe01ef59.jpg",
          "width":500,
          "height":300
        }
      },
      "counts":{
        "likes":0,
        "comments":0,
        "repins":0
      },
      "id":"485051822343410150",
      "metadata":{
      }
    },
    {
      "attribution":null,
      "creator":{
        "url":"https:\/\/www.pinterest.com\/rhall101511\/",
        "first_name":"Reatha",
        "last_name":"Dake Hall",
        "id":"485051959775075104"
      },
      "url":"https:\/\/www.pinterest.com\/pin\/485051822343357675\/",
      "media":{
        "type":"image"
      },
      "created_at":"2015-04-05T01:53:50",
      "original_link":"http:\/\/www.fitnessmagazine.com\/weight-loss\/success-stories\/im-6-sizes-smaller-now\/",
      "note":"Christy Jared stopped eating junk food on the job, started walking everywhere, and lost 86 pounds. - Fitnessmagazine.com",
      "color":"#f6f4ef",
      "link":"https:\/\/www.pinterest.com\/r\/pin\/485051822343357675\/4779055074072594921\/5af6fcd0f46d60cff9d345392c93ca0bc81593380c4162fd0be8751c4915c1e6",
      "board":{
        "url":"https:\/\/www.pinterest.com\/rhall101511\/before-and-after-weightloss-motivation\/",
        "id":"485051891055621099",
        "name":"Before and After Weightloss Motivation"
      },
      "image":{
        "original":{
          "url":"https:\/\/s-media-cache-ak0.pinimg.com\/originals\/c5\/e7\/8c\/c5e78c5aae01946e5de064eed0dc0ad1.jpg",
          "width":1500,
          "height":1500
        }
      },
      "counts":{
        "likes":0,
        "comments":0,
        "repins":0
      },
      "id":"485051822343357675",
      "metadata":{
        "article":{
          "published_at":null,
          "description":"Christy Jared stopped eating junk food on the job, started walking everywhere, and lost 86 pounds.",
          "name":"\"I'm 6 Sizes Smaller Now!\"",
          "authors":[]
        },
        "link":{
          "locale":"en",
          "title":"\"I'm 6 Sizes Smaller Now!\"",
          "site_name":"Fitness Magazine",
          "description":"Christy Jared stopped eating junk food on the job, started walking everywhere, and lost 86 pounds.",
          "favicon":"https:\/\/s-media-cache-ak0.pinimg.com\/favicons\/df275a579f1d994bb50095cae4e0e15b707fcfd83764b22800c6dbf5.ico?0e233e48bd810737b467489d4a02af0b"
        }
      }
    },
    {
      "attribution":null,
      "creator":{
        "url":"https:\/\/www.pinterest.com\/rhall101511\/",
        "first_name":"Reatha",
        "last_name":"Dake Hall",
        "id":"485051959775075104"
      },
      "url":"https:\/\/www.pinterest.com\/pin\/485051822343357661\/",
      "media":{
        "type":"image"
      },
      "created_at":"2015-04-05T01:52:58",
      "original_link":"http:\/\/www.fitnessmagazine.com\/weight-loss\/success-stories\/?page=2",
      "note":"Weight Loss Success Stories | Fitness Magazine",
      "color":"#c1a87a",
      "link":"https:\/\/www.pinterest.com\/r\/pin\/485051822343357661\/4779055074072594921\/fa592888334df55ec4610c2cd5f7dc5c14acbf8e454631d5599b25512de6bec0",
      "board":{
        "url":"https:\/\/www.pinterest.com\/rhall101511\/before-and-after-weightloss-motivation\/",
        "id":"485051891055621099",
        "name":"Before and After Weightloss Motivation"
      },
      "image":{
        "original":{
          "url":"https:\/\/s-media-cache-ak0.pinimg.com\/originals\/a9\/35\/f5\/a935f584f46293edbff726cd00a7fc00.jpg",
          "width":300,
          "height":400
        }
      },
      "counts":{
        "likes":0,
        "comments":0,
        "repins":0
      },
      "id":"485051822343357661",
      "metadata":{
      }
    },
    {
      "attribution":null,
      "creator":{
        "url":"https:\/\/www.pinterest.com\/rhall101511\/",
        "first_name":"Reatha",
        "last_name":"Dake Hall",
        "id":"485051959775075104"
      },
      "url":"https:\/\/www.pinterest.com\/pin\/485051822343357655\/",
      "media":{
        "type":"image"
      },
      "created_at":"2015-04-05T01:52:47",
      "original_link":"http:\/\/www.fitnessmagazine.com\/weight-loss\/success-stories\/?page=2",
      "note":"Weight Loss Success Stories | Fitness Magazine",
      "color":"#ebe7e2",
      "link":"https:\/\/www.pinterest.com\/r\/pin\/485051822343357655\/4779055074072594921\/36263b256578df3c3e71a5891ef508ea4e9bfd9e11eb7f19b5991ddeefc3e769",
      "board":{
        "url":"https:\/\/www.pinterest.com\/rhall101511\/before-and-after-weightloss-motivation\/",
        "id":"485051891055621099",
        "name":"Before and After Weightloss Motivation"
      },
      "image":{
        "original":{
          "url":"https:\/\/s-media-cache-ak0.pinimg.com\/originals\/eb\/12\/de\/eb12de980aa0d5cc8735f6f97f822af4.jpg",
          "width":300,
          "height":400
        }
      },
      "counts":{
        "likes":0,
        "comments":0,
        "repins":0
      },
      "id":"485051822343357655",
      "metadata":{
      }
    },
    {
      "attribution":null,
      "creator":{
        "url":"https:\/\/www.pinterest.com\/rhall101511\/",
        "first_name":"Reatha",
        "last_name":"Dake Hall",
        "id":"485051959775075104"
      },
      "url":"https:\/\/www.pinterest.com\/pin\/485051822343357652\/",
      "media":{
        "type":"image"
      },
      "created_at":"2015-04-05T01:52:34",
      "original_link":"http:\/\/www.fitnessmagazine.com\/weight-loss\/success-stories\/?page=2",
      "note":"Weight Loss Success Stories | Fitness Magazine",
      "color":"#f0e5e2",
      "link":"https:\/\/www.pinterest.com\/r\/pin\/485051822343357652\/4779055074072594921\/3a8df620fefd08bace5e3c1aade572376bff823f2155df6ef9c06ad26682ebb1",
      "board":{
        "url":"https:\/\/www.pinterest.com\/rhall101511\/before-and-after-weightloss-motivation\/",
        "id":"485051891055621099",
        "name":"Before and After Weightloss Motivation"
      },
      "image":{
        "original":{
          "url":"https:\/\/s-media-cache-ak0.pinimg.com\/originals\/50\/92\/4e\/50924e74b18fbcb8426c502b0d2316cf.jpg",
          "width":300,
          "height":400
        }
      },
      "counts":{
        "likes":0,
        "comments":0,
        "repins":0
      },
      "id":"485051822343357652",
      "metadata":{
      }
    },
    {
      "attribution":null,
      "creator":{
        "url":"https:\/\/www.pinterest.com\/rhall101511\/",
        "first_name":"Reatha",
        "last_name":"Dake Hall",
        "id":"485051959775075104"
      },
      "url":"https:\/\/www.pinterest.com\/pin\/485051822343357645\/",
      "media":{
        "type":"image"
      },
      "created_at":"2015-04-05T01:52:20",
      "original_link":"http:\/\/www.fitnessmagazine.com\/weight-loss\/success-stories\/?page=2",
      "note":"Weight Loss Success Stories | Fitness Magazine",
      "color":"#97a866",
      "link":"https:\/\/www.pinterest.com\/r\/pin\/485051822343357645\/4779055074072594921\/49538a5ecd30a853e9beb6fc8a506e1c555bb07f61370ddc29077858c59db0e3",
      "board":{
        "url":"https:\/\/www.pinterest.com\/rhall101511\/before-and-after-weightloss-motivation\/",
        "id":"485051891055621099",
        "name":"Before and After Weightloss Motivation"
      },
      "image":{
        "original":{
          "url":"https:\/\/s-media-cache-ak0.pinimg.com\/originals\/7a\/d9\/14\/7ad914aa0ad59cb856a8000c578d3a7a.jpg",
          "width":300,
          "height":333
        }
      },
      "counts":{
        "likes":0,
        "comments":0,
        "repins":0
      },
      "id":"485051822343357645",
      "metadata":{
      }
    },
    {
      "attribution":null,
      "creator":{
        "url":"https:\/\/www.pinterest.com\/rhall101511\/",
        "first_name":"Reatha",
        "last_name":"Dake Hall",
        "id":"485051959775075104"
      },
      "url":"https:\/\/www.pinterest.com\/pin\/485051822343357643\/",
      "media":{
        "type":"image"
      },
      "created_at":"2015-04-05T01:52:11",
      "original_link":"http:\/\/www.fitnessmagazine.com\/weight-loss\/success-stories\/?page=2",
      "note":"Weight Loss Success Stories | Fitness Magazine",
      "color":"#7c7a5d",
      "link":"https:\/\/www.pinterest.com\/r\/pin\/485051822343357643\/4779055074072594921\/cd109308082ddaf43f25354260710360d5ccc3d03c33b86a1d756594f8c874d8",
      "board":{
        "url":"https:\/\/www.pinterest.com\/rhall101511\/before-and-after-weightloss-motivation\/",
        "id":"485051891055621099",
        "name":"Before and After Weightloss Motivation"
      },
      "image":{
        "original":{
          "url":"https:\/\/s-media-cache-ak0.pinimg.com\/originals\/6f\/2a\/f0\/6f2af06bc06481ca2175f45b839f44aa.jpg",
          "width":300,
          "height":300
        }
      },
      "counts":{
        "likes":0,
        "comments":0,
        "repins":0
      },
      "id":"485051822343357643",
      "metadata":{
      }
    },
    {
      "attribution":null,
      "creator":{
        "url":"https:\/\/www.pinterest.com\/rhall101511\/",
        "first_name":"Reatha",
        "last_name":"Dake Hall",
        "id":"485051959775075104"
      },
      "url":"https:\/\/www.pinterest.com\/pin\/485051822343357635\/",
      "media":{
        "type":"image"
      },
      "created_at":"2015-04-05T01:51:49",
      "original_link":"http:\/\/www.fitnessmagazine.com\/weight-loss\/success-stories\/?page=2",
      "note":"Weight Loss Success Stories | Fitness Magazine",
      "color":"#faf6f7",
      "link":"https:\/\/www.pinterest.com\/r\/pin\/485051822343357635\/4779055074072594921\/bc0867fed0b9ad96c7b002c0d1e81c02f8108d72a2ebc599c43c136fb658e325",
      "board":{
        "url":"https:\/\/www.pinterest.com\/rhall101511\/before-and-after-weightloss-motivation\/",
        "id":"485051891055621099",
        "name":"Before and After Weightloss Motivation"
      },
      "image":{
        "original":{
          "url":"https:\/\/s-media-cache-ak0.pinimg.com\/originals\/40\/9e\/60\/409e603726a74d76b6d75d86598acae9.jpg",
          "width":300,
          "height":400
        }
      },
      "counts":{
        "likes":1,
        "comments":0,
        "repins":0
      },
      "id":"485051822343357635",
      "metadata":{
      }
    },
    {
      "attribution":null,
      "creator":{
        "url":"https:\/\/www.pinterest.com\/rhall101511\/",
        "first_name":"Reatha",
        "last_name":"Dake Hall",
        "id":"485051959775075104"
      },
      "url":"https:\/\/www.pinterest.com\/pin\/485051822343357627\/",
      "media":{
        "type":"image"
      },
      "created_at":"2015-04-05T01:51:23",
      "original_link":"http:\/\/www.fitnessmagazine.com\/weight-loss\/success-stories\/?page=2",
      "note":"Weight Loss Success Stories | Fitness Magazine",
      "color":"#364a38",
      "link":"https:\/\/www.pinterest.com\/r\/pin\/485051822343357627\/4779055074072594921\/287740757a9113c4d3793ac95f7074d52b39b6d1ec2d82c798027592572bebbc",
      "board":{
        "url":"https:\/\/www.pinterest.com\/rhall101511\/before-and-after-weightloss-motivation\/",
        "id":"485051891055621099",
        "name":"Before and After Weightloss Motivation"
      },
      "image":{
        "original":{
          "url":"https:\/\/s-media-cache-ak0.pinimg.com\/originals\/f5\/5b\/3d\/f55b3d5ac5a7093d815a774fd8070acb.jpg",
          "width":300,
          "height":250
        }
      },
      "counts":{
        "likes":0,
        "comments":0,
        "repins":0
      },
      "id":"485051822343357627",
      "metadata":{
      }
    },
    {
      "attribution":null,
      "creator":{
        "url":"https:\/\/www.pinterest.com\/rhall101511\/",
        "first_name":"Reatha",
        "last_name":"Dake Hall",
        "id":"485051959775075104"
      },
      "url":"https:\/\/www.pinterest.com\/pin\/485051822343357622\/",
      "media":{
        "type":"image"
      },
      "created_at":"2015-04-05T01:51:09",
      "original_link":"http:\/\/www.fitnessmagazine.com\/weight-loss\/success-stories\/?page=2",
      "note":"Weight Loss Success Stories | Fitness Magazine",
      "color":"#a64c61",
      "link":"https:\/\/www.pinterest.com\/r\/pin\/485051822343357622\/4779055074072594921\/f25cb578d64b1ec7b9019c2ba658fa1420abdefc73f830b8e64c5567de9212e2",
      "board":{
        "url":"https:\/\/www.pinterest.com\/rhall101511\/before-and-after-weightloss-motivation\/",
        "id":"485051891055621099",
        "name":"Before and After Weightloss Motivation"
      },
      "image":{
        "original":{
          "url":"https:\/\/s-media-cache-ak0.pinimg.com\/originals\/8b\/cf\/28\/8bcf28dcff1f1bdfdcc9354b9844d008.jpg",
          "width":300,
          "height":400
        }
      },
      "counts":{
        "likes":0,
        "comments":0,
        "repins":0
      },
      "id":"485051822343357622",
      "metadata":{
      }
    },
    {
      "attribution":null,
      "creator":{
        "url":"https:\/\/www.pinterest.com\/rhall101511\/",
        "first_name":"Reatha",
        "last_name":"Dake Hall",
        "id":"485051959775075104"
      },
      "url":"https:\/\/www.pinterest.com\/pin\/485051822343357620\/",
      "media":{
        "type":"image"
      },
      "created_at":"2015-04-05T01:51:02",
      "original_link":"http:\/\/www.fitnessmagazine.com\/weight-loss\/success-stories\/?page=2",
      "note":"Weight Loss Success Stories | Fitness Magazine",
      "color":"#f1f1eb",
      "link":"https:\/\/www.pinterest.com\/r\/pin\/485051822343357620\/4779055074072594921\/2751aa2ce17e88fa661c524627a712448b34689d9830deb5d968a603bd2fee4d",
      "board":{
        "url":"https:\/\/www.pinterest.com\/rhall101511\/before-and-after-weightloss-motivation\/",
        "id":"485051891055621099",
        "name":"Before and After Weightloss Motivation"
      },
      "image":{
        "original":{
          "url":"https:\/\/s-media-cache-ak0.pinimg.com\/originals\/06\/fe\/45\/06fe4550524331e6376ea26638e547a4.jpg",
          "width":300,
          "height":400
        }
      },
      "counts":{
        "likes":0,
        "comments":0,
        "repins":1
      },
      "id":"485051822343357620",
      "metadata":{
      }
    },
    {
      "attribution":null,
      "creator":{
        "url":"https:\/\/www.pinterest.com\/rhall101511\/",
        "first_name":"Reatha",
        "last_name":"Dake Hall",
        "id":"485051959775075104"
      },
      "url":"https:\/\/www.pinterest.com\/pin\/485051822343357615\/",
      "media":{
        "type":"image"
      },
      "created_at":"2015-04-05T01:50:52",
      "original_link":"http:\/\/www.fitnessmagazine.com\/weight-loss\/success-stories\/?page=2",
      "note":"Weight Loss Success Stories | Fitness Magazine",
      "color":"#f5f4f0",
      "link":"https:\/\/www.pinterest.com\/r\/pin\/485051822343357615\/4779055074072594921\/bf437122c0d97f5fe45b7ec23546a1e3a633c190896d00d4c6ea03b7b9a324e1",
      "board":{
        "url":"https:\/\/www.pinterest.com\/rhall101511\/before-and-after-weightloss-motivation\/",
        "id":"485051891055621099",
        "name":"Before and After Weightloss Motivation"
      },
      "image":{
        "original":{
          "url":"https:\/\/s-media-cache-ak0.pinimg.com\/originals\/09\/a9\/ae\/09a9aedcd5320fda2c381c053bf3dc01.jpg",
          "width":300,
          "height":400
        }
      },
      "counts":{
        "likes":0,
        "comments":0,
        "repins":0
      },
      "id":"485051822343357615",
      "metadata":{
      }
    },
    {
      "attribution":null,
      "creator":{
        "url":"https:\/\/www.pinterest.com\/rhall101511\/",
        "first_name":"Reatha",
        "last_name":"Dake Hall",
        "id":"485051959775075104"
      },
      "url":"https:\/\/www.pinterest.com\/pin\/485051822343357613\/",
      "media":{
        "type":"image"
      },
      "created_at":"2015-04-05T01:50:44",
      "original_link":"http:\/\/www.fitnessmagazine.com\/weight-loss\/success-stories\/?page=2",
      "note":"Weight Loss Success Stories | Fitness Magazine",
      "color":"#e9e4e0",
      "link":"https:\/\/www.pinterest.com\/r\/pin\/485051822343357613\/4779055074072594921\/733ed53ac2b94f782436ed39b5bc56a64cf98476496af23f48274a82eb55355c",
      "board":{
        "url":"https:\/\/www.pinterest.com\/rhall101511\/before-and-after-weightloss-motivation\/",
        "id":"485051891055621099",
        "name":"Before and After Weightloss Motivation"
      },
      "image":{
        "original":{
          "url":"https:\/\/s-media-cache-ak0.pinimg.com\/originals\/89\/3a\/de\/893adeffe9f82ae42aff9be03708e50e.jpg",
          "width":300,
          "height":400
        }
      },
      "counts":{
        "likes":0,
        "comments":0,
        "repins":0
      },
      "id":"485051822343357613",
      "metadata":{
      }
    },
    {
      "attribution":null,
      "creator":{
        "url":"https:\/\/www.pinterest.com\/rhall101511\/",
        "first_name":"Reatha",
        "last_name":"Dake Hall",
        "id":"485051959775075104"
      },
      "url":"https:\/\/www.pinterest.com\/pin\/485051822343357596\/",
      "media":{
        "type":"image"
      },
      "created_at":"2015-04-05T01:49:04",
      "original_link":"http:\/\/chriskresser.com\/need-to-lose-weight-get-inspired-by-these-5-paleo-success-stories",
      "note":"932004_before_paleo_picture",
      "color":"#a098a4",
      "link":"https:\/\/www.pinterest.com\/r\/pin\/485051822343357596\/4779055074072594921\/1c975a435fb8bf85c7174beca0f550a8a9fefdc4ab17fbc61b4a35ff6cbdc1ab",
      "board":{
        "url":"https:\/\/www.pinterest.com\/rhall101511\/before-and-after-weightloss-motivation\/",
        "id":"485051891055621099",
        "name":"Before and After Weightloss Motivation"
      },
      "image":{
        "original":{
          "url":"https:\/\/s-media-cache-ak0.pinimg.com\/originals\/6b\/cd\/11\/6bcd11638907ca513a6018c7e13e1421.jpg",
          "width":304,
          "height":528
        }
      },
      "counts":{
        "likes":0,
        "comments":0,
        "repins":0
      },
      "id":"485051822343357596",
      "metadata":{
      }
    },
    {
      "attribution":null,
      "creator":{
        "url":"https:\/\/www.pinterest.com\/rhall101511\/",
        "first_name":"Reatha",
        "last_name":"Dake Hall",
        "id":"485051959775075104"
      },
      "url":"https:\/\/www.pinterest.com\/pin\/485051822343357592\/",
      "media":{
        "type":"image"
      },
      "created_at":"2015-04-05T01:48:55",
      "original_link":"https:\/\/www.facebook.com\/photo.php?fbid=793183187378761&set=a.684089418288139.1073741828.684085111621903&type=1",
      "note":"Follow the link to read the story.  Order Skinny Fiber here http:\/\/Piamaya.SBC90DayChallenge.com",
      "color":"#47433e",
      "link":"https:\/\/www.pinterest.com\/r\/pin\/485051822343357592\/4779055074072594921\/b7da6d53b189125146fbd58be541d01cd36bdbbaa94129d0b661bf369270b5b7",
      "board":{
        "url":"https:\/\/www.pinterest.com\/rhall101511\/before-and-after-weightloss-motivation\/",
        "id":"485051891055621099",
        "name":"Before and After Weightloss Motivation"
      },
      "image":{
        "original":{
          "url":"https:\/\/s-media-cache-ak0.pinimg.com\/originals\/95\/15\/8a\/95158a73d2ada975299764cadbfc7cbe.jpg",
          "width":263,
          "height":480
        }
      },
      "counts":{
        "likes":0,
        "comments":0,
        "repins":0
      },
      "id":"485051822343357592",
      "metadata":{
      }
    },
    {
      "attribution":null,
      "creator":{
        "url":"https:\/\/www.pinterest.com\/rhall101511\/",
        "first_name":"Reatha",
        "last_name":"Dake Hall",
        "id":"485051959775075104"
      },
      "url":"https:\/\/www.pinterest.com\/pin\/485051822343357590\/",
      "media":{
        "type":"image"
      },
      "created_at":"2015-04-05T01:48:50",
      "original_link":"http:\/\/fitnessrevolutionrowlett.com\/2014\/client-study-brandi-laughlin\/",
      "note":"Fitness Revolution Rowlett | Client Brandi Laughlin",
      "color":"#89685c",
      "link":"https:\/\/www.pinterest.com\/r\/pin\/485051822343357590\/4779055074072594921\/ceb49478c7f3f251663ee7083161b16ff6d44cab9527f406650ff0e470c9f10a",
      "board":{
        "url":"https:\/\/www.pinterest.com\/rhall101511\/before-and-after-weightloss-motivation\/",
        "id":"485051891055621099",
        "name":"Before and After Weightloss Motivation"
      },
      "image":{
        "original":{
          "url":"https:\/\/s-media-cache-ak0.pinimg.com\/originals\/29\/53\/75\/295375bce8156c5151931da826a49097.jpg",
          "width":1936,
          "height":1936
        }
      },
      "counts":{
        "likes":0,
        "comments":0,
        "repins":0
      },
      "id":"485051822343357590",
      "metadata":{
      }
    },
    {
      "attribution":null,
      "creator":{
        "url":"https:\/\/www.pinterest.com\/rhall101511\/",
        "first_name":"Reatha",
        "last_name":"Dake Hall",
        "id":"485051959775075104"
      },
      "url":"https:\/\/www.pinterest.com\/pin\/485051822343357588\/",
      "media":{
        "type":"image"
      },
      "created_at":"2015-04-05T01:48:42",
      "original_link":"https:\/\/www.facebook.com\/photo.php?fbid=268846986616233&set=a.108331769334423.18589.100004728007864&type=3&theater",
      "note":"This is Tonya's Story!!! ->",
      "color":"#7b6b68",
      "link":"https:\/\/www.pinterest.com\/r\/pin\/485051822343357588\/4779055074072594921\/317b8872e907341959bc630650b3a7ce852950e2bd6f977676d61cf311b9334b",
      "board":{
        "url":"https:\/\/www.pinterest.com\/rhall101511\/before-and-after-weightloss-motivation\/",
        "id":"485051891055621099",
        "name":"Before and After Weightloss Motivation"
      },
      "image":{
        "original":{
          "url":"https:\/\/s-media-cache-ak0.pinimg.com\/originals\/a1\/d1\/10\/a1d11077de0aeb8159bcf1b8da87f702.jpg",
          "width":538,
          "height":480
        }
      },
      "counts":{
        "likes":0,
        "comments":0,
        "repins":0
      },
      "id":"485051822343357588",
      "metadata":{
      }
    },
    {
      "attribution":null,
      "creator":{
        "url":"https:\/\/www.pinterest.com\/rhall101511\/",
        "first_name":"Reatha",
        "last_name":"Dake Hall",
        "id":"485051959775075104"
      },
      "url":"https:\/\/www.pinterest.com\/pin\/485051822343357587\/",
      "media":{
        "type":"image"
      },
      "created_at":"2015-04-05T01:48:37",
      "original_link":"http:\/\/www.ajc.com\/news\/lifestyles\/health\/elsa-velez-53-of-marietta-lost-127-pounds\/nR3C4\/",
      "note":"SUCCESS STORY \/ Elsa V\u00e9lez, 53: From 254 pounds to 127 pounds Former weight: 254 pounds Current weight: 127 pounds Pounds lost: 127 pounds Height: 5 feet 2 inches Age: 53 years How long she\u2019s kept it off: Over a year.",
      "color":"#3c5521",
      "link":"https:\/\/www.pinterest.com\/r\/pin\/485051822343357587\/4779055074072594921\/3b4447ec9e72b9fc0772812087bb36aa984ca051b91c33c83661cdfc79e93995",
      "board":{
        "url":"https:\/\/www.pinterest.com\/rhall101511\/before-and-after-weightloss-motivation\/",
        "id":"485051891055621099",
        "name":"Before and After Weightloss Motivation"
      },
      "image":{
        "original":{
          "url":"https:\/\/s-media-cache-ak0.pinimg.com\/originals\/05\/88\/5c\/05885ce734b0178bc238b0a5bddc5b97.jpg",
          "width":2540,
          "height":4233
        }
      },
      "counts":{
        "likes":0,
        "comments":0,
        "repins":0
      },
      "id":"485051822343357587",
      "metadata":{
      }
    },
    {
      "attribution":null,
      "creator":{
        "url":"https:\/\/www.pinterest.com\/rhall101511\/",
        "first_name":"Reatha",
        "last_name":"Dake Hall",
        "id":"485051959775075104"
      },
      "url":"https:\/\/www.pinterest.com\/pin\/485051822343357585\/",
      "media":{
        "type":"image"
      },
      "created_at":"2015-04-05T01:48:15",
      "original_link":"http:\/\/www.weightandwellness.com\/about\/client-success-stories\/sandy-s-story\/",
      "note":" ",
      "color":"#b49585",
      "link":"https:\/\/www.pinterest.com\/r\/pin\/485051822343357585\/4779055074072594921\/321eccf37dd6468c903a2bce2098ee894c30833999337bdf39551b609c42cb5e",
      "board":{
        "url":"https:\/\/www.pinterest.com\/rhall101511\/before-and-after-weightloss-motivation\/",
        "id":"485051891055621099",
        "name":"Before and After Weightloss Motivation"
      },
      "image":{
        "original":{
          "url":"https:\/\/s-media-cache-ak0.pinimg.com\/originals\/d9\/a0\/7f\/d9a07fcd2acfa5cd091c3017da499e33.jpg",
          "width":250,
          "height":427
        }
      },
      "counts":{
        "likes":0,
        "comments":0,
        "repins":0
      },
      "id":"485051822343357585",
      "metadata":{
      }
    },
    {
      "attribution":null,
      "creator":{
        "url":"https:\/\/www.pinterest.com\/rhall101511\/",
        "first_name":"Reatha",
        "last_name":"Dake Hall",
        "id":"485051959775075104"
      },
      "url":"https:\/\/www.pinterest.com\/pin\/485051822343357583\/",
      "media":{
        "type":"image"
      },
      "created_at":"2015-04-05T01:48:08",
      "original_link":"http:\/\/www.familycircle.com\/health\/walking\/tips\/real-women-walking-success-stories\/?page=9",
      "note":"Gail Manginelli",
      "color":"#7f826d",
      "link":"https:\/\/www.pinterest.com\/r\/pin\/485051822343357583\/4779055074072594921\/8d0d9fc13bd89a5c5943e18dff580bf2fb0ddcab928baa520299a1e5ff4b942e",
      "board":{
        "url":"https:\/\/www.pinterest.com\/rhall101511\/before-and-after-weightloss-motivation\/",
        "id":"485051891055621099",
        "name":"Before and After Weightloss Motivation"
      },
      "image":{
        "original":{
          "url":"https:\/\/s-media-cache-ak0.pinimg.com\/originals\/93\/74\/98\/93749880a5fb7995ba4c86e6c271cdbc.jpg",
          "width":300,
          "height":400
        }
      },
      "counts":{
        "likes":0,
        "comments":0,
        "repins":0
      },
      "id":"485051822343357583",
      "metadata":{
      }
    },
    {
      "attribution":null,
      "creator":{
        "url":"https:\/\/www.pinterest.com\/rhall101511\/",
        "first_name":"Reatha",
        "last_name":"Dake Hall",
        "id":"485051959775075104"
      },
      "url":"https:\/\/www.pinterest.com\/pin\/485051822343357579\/",
      "media":{
        "type":"image"
      },
      "created_at":"2015-04-05T01:47:49",
      "original_link":"https:\/\/www.facebook.com\/photo.php?fbid=10204764288889204&set=a.2267017237046.2135897.1297002873&type=1",
      "note":"Hello everyone my name is Michelle, and this is part of my journey.  6 months down from 324 lbs to 260 lbs 9 months on SF   Get yours today at http:\/\/angielkay.eatlessfeelfull.com",
      "color":"#605646",
      "link":"https:\/\/www.pinterest.com\/r\/pin\/485051822343357579\/4779055074072594921\/bca248f468142ba9fa766c6826366aefa4d9146511e744b5166833c82c4c99b0",
      "board":{
        "url":"https:\/\/www.pinterest.com\/rhall101511\/before-and-after-weightloss-motivation\/",
        "id":"485051891055621099",
        "name":"Before and After Weightloss Motivation"
      },
      "image":{
        "original":{
          "url":"https:\/\/s-media-cache-ak0.pinimg.com\/originals\/7b\/26\/d7\/7b26d7d16d79f5acb1a42c5c5127a2c0.jpg",
          "width":600,
          "height":600
        }
      },
      "counts":{
        "likes":0,
        "comments":0,
        "repins":0
      },
      "id":"485051822343357579",
      "metadata":{
      }
    }
  ],
  "page":{
    "cursor":"LT40ODUwNTE4MjIzNDMzNTc1Nzk6OTE0fGM4ZDg1ZmIzZjY3ZWMxZWFiMzUwNDUwOTMzZWM0OTAxMjExZDFhZjNiM2JjNDdhNDBiOGVkYTEyNDJjYTAzNzU=",
    "next":"https:\/\/api.pinterest.com\/v1\/boards\/rhall101511\/before-and-after-weightloss-motivation\/pins\/?access_token=AZlZE-HOK-Y4205yRft75KyYVaauFCBIs8jxSxdCtrJcomAqbQAAAAA&fields=id%2Clink%2Cnote%2Curl%2Cattribution%2Cmedia%2Cmetadata%2Cboard%2Ccolor%2Ccounts%2Ccreated_at%2Ccreator%2Cimage%2Coriginal_link&cursor=LT40ODUwNTE4MjIzNDMzNTc1Nzk6OTE0fGM4ZDg1ZmIzZjY3ZWMxZWFiMzUwNDUwOTMzZWM0OTAxMjExZDFhZjNiM2JjNDdhNDBiOGVkYTEyNDJjYTAzNzU%3D"
  }
}
