{
  "data":[
    {
      "attribution":null,
      "creator":{
        "url":"https:\/\/www.pinterest.com\/jennababy66\/",
        "first_name":"Jenna",
        "last_name":"Koch",
        "id":"397442873273880696"
      },
      "url":"https:\/\/www.pinterest.com\/pin\/397442735843168527\/",
      "media":{
        "type":"image"
      },
      "created_at":"2015-06-28T21:41:47",
      "original_link":"http:\/\/www.trimmedandtoned.com\/fat-loss-motivation-the-most-amazing-female-weight-loss-transformations-30-pics",
      "note":" ",
      "color":"#7d6051",
      "link":"https:\/\/www.pinterest.com\/r\/pin\/397442735843168527\/4779055074072594921\/3b56aa0192ec59f900a56d2d2ab594589006ee4c4724c82e2e97511bd9a7258e",
      "board":{
        "url":"https:\/\/www.pinterest.com\/jennababy66\/before-and-after-weightloss\/",
        "id":"397442804554619890",
        "name":"Before and after weightloss"
      },
      "image":{
        "original":{
          "url":"https:\/\/s-media-cache-ak0.pinimg.com\/originals\/8e\/f1\/c8\/8ef1c86f30e0f97fdf7215f8f290de20.jpg",
          "width":600,
          "height":600
        }
      },
      "counts":{
        "likes":0,
        "comments":0,
        "repins":0
      },
      "id":"397442735843168527",
      "metadata":{
      }
    },
    {
      "attribution":null,
      "creator":{
        "url":"https:\/\/www.pinterest.com\/jennababy66\/",
        "first_name":"Jenna",
        "last_name":"Koch",
        "id":"397442873273880696"
      },
      "url":"https:\/\/www.pinterest.com\/pin\/397442735843168498\/",
      "media":{
        "type":"image"
      },
      "created_at":"2015-06-28T21:39:50",
      "original_link":"http:\/\/likes.monofuka.com\/best-celebrity-diets",
      "note":"If these celebs could lose weight, so can you! Before and after pics to get you motivated, especially #4!",
      "color":"#acafb1",
      "link":"https:\/\/www.pinterest.com\/r\/pin\/397442735843168498\/4779055074072594921\/81bfe3850475af58316b0341fc746bfe1ca644f9537572f906a5c7b9ccb9295e",
      "board":{
        "url":"https:\/\/www.pinterest.com\/jennababy66\/before-and-after-weightloss\/",
        "id":"397442804554619890",
        "name":"Before and after weightloss"
      },
      "image":{
        "original":{
          "url":"https:\/\/s-media-cache-ak0.pinimg.com\/originals\/38\/96\/28\/3896289865793d67fa205e6e0faf49e0.jpg",
          "width":545,
          "height":710
        }
      },
      "counts":{
        "likes":0,
        "comments":0,
        "repins":0
      },
      "id":"397442735843168498",
      "metadata":{
      }
    },
    {
      "attribution":null,
      "creator":{
        "url":"https:\/\/www.pinterest.com\/jennababy66\/",
        "first_name":"Jenna",
        "last_name":"Koch",
        "id":"397442873273880696"
      },
      "url":"https:\/\/www.pinterest.com\/pin\/397442735839870249\/",
      "media":{
        "type":"image"
      },
      "created_at":"2014-10-15T23:51:46",
      "original_link":"http:\/\/losing-every-extra-pound.tumblr.com\/post\/56314438440",
      "note":"Before and after weightloss",
      "color":"#634e37",
      "link":"https:\/\/www.pinterest.com\/r\/pin\/397442735839870249\/4779055074072594921\/06d94672712a9eb7e77e8d00c95a439652a762d725bc0e3aec19447b793aa980",
      "board":{
        "url":"https:\/\/www.pinterest.com\/jennababy66\/before-and-after-weightloss\/",
        "id":"397442804554619890",
        "name":"Before and after weightloss"
      },
      "image":{
        "original":{
          "url":"https:\/\/s-media-cache-ak0.pinimg.com\/originals\/66\/c9\/a3\/66c9a3b8860b14a898538ba604ea43b8.jpg",
          "width":500,
          "height":714
        }
      },
      "counts":{
        "likes":0,
        "comments":0,
        "repins":3
      },
      "id":"397442735839870249",
      "metadata":{
        "link":{
          "locale":"en",
          "title":"losing-every-extra-pound",
          "site_name":"losing-every-extra-pound.tumblr.com",
          "description":"A BLOG DEDICATED TO MOTIVATING MYSELF TO BECOME WHO I WANT TO BE, AND PROVIDE RESOURCES, MOTIVATION AND SUPPORT TO OTHERS.",
          "favicon":"https:\/\/s-media-cache-ak0.pinimg.com\/favicons\/a53e6419c9f82716bf834c58d6897fae5fcfab10993a6f87a42db923.png?72cde194248dea07eba3d26c5f7805bc"
        }
      }
    },
    {
      "attribution":null,
      "creator":{
        "url":"https:\/\/www.pinterest.com\/jennababy66\/",
        "first_name":"Jenna",
        "last_name":"Koch",
        "id":"397442873273880696"
      },
      "url":"https:\/\/www.pinterest.com\/pin\/397442735839743237\/",
      "media":{
        "type":"image"
      },
      "created_at":"2014-10-03T01:43:56",
      "original_link":"",
      "note":"Before and After Weightloss Pics",
      "color":"#683f31",
      "link":"",
      "board":{
        "url":"https:\/\/www.pinterest.com\/jennababy66\/before-and-after-weightloss\/",
        "id":"397442804554619890",
        "name":"Before and after weightloss"
      },
      "image":{
        "original":{
          "url":"https:\/\/s-media-cache-ak0.pinimg.com\/originals\/b1\/28\/a7\/b128a74a4fb3b5b6ee2e333ea88e94d7.jpg",
          "width":505,
          "height":508
        }
      },
      "counts":{
        "likes":0,
        "comments":0,
        "repins":0
      },
      "id":"397442735839743237",
      "metadata":{
      }
    },
    {
      "attribution":null,
      "creator":{
        "url":"https:\/\/www.pinterest.com\/jennababy66\/",
        "first_name":"Jenna",
        "last_name":"Koch",
        "id":"397442873273880696"
      },
      "url":"https:\/\/www.pinterest.com\/pin\/397442735839743233\/",
      "media":{
        "type":"image"
      },
      "created_at":"2014-10-03T01:43:34",
      "original_link":"http:\/\/www.trimmedandtoned.com\/fat-loss-motivation-the-most-amazing-female-weight-loss-transformations-30-pics",
      "note":"Weight Loss Transformations: http:\/\/www.trimmedandtoned.com\/fat-loss-motivation-the-most-amazing-female-weight-loss-transformations-30-pics Check it out!",
      "color":"#807973",
      "link":"https:\/\/www.pinterest.com\/r\/pin\/397442735839743233\/4779055074072594921\/37a96c42104914db60092234d00c89ac81cf45aecd29e39ee5eddfa4afbcfd20",
      "board":{
        "url":"https:\/\/www.pinterest.com\/jennababy66\/before-and-after-weightloss\/",
        "id":"397442804554619890",
        "name":"Before and after weightloss"
      },
      "image":{
        "original":{
          "url":"https:\/\/s-media-cache-ak0.pinimg.com\/originals\/86\/af\/a1\/86afa1a404e5d1448f3e4e95069420c8.jpg",
          "width":500,
          "height":430
        }
      },
      "counts":{
        "likes":0,
        "comments":0,
        "repins":0
      },
      "id":"397442735839743233",
      "metadata":{
      }
    },
    {
      "attribution":null,
      "creator":{
        "url":"https:\/\/www.pinterest.com\/jennababy66\/",
        "first_name":"Jenna",
        "last_name":"Koch",
        "id":"397442873273880696"
      },
      "url":"https:\/\/www.pinterest.com\/pin\/397442735839743228\/",
      "media":{
        "type":"image"
      },
      "created_at":"2014-10-03T01:43:26",
      "original_link":"http:\/\/videosk.in\/watch\/dlXbrWIrG4",
      "note":"It is so nice to be able to shed the excess weight, some really good tips here. This particular video shows how even lazy people can burn stomach fat too.",
      "color":"#573131",
      "link":"https:\/\/www.pinterest.com\/r\/pin\/397442735839743228\/4779055074072594921\/c0f032f618bf0196b7863ab2f8dfe05d3e3717c4a6bd315ace563291ba201df4",
      "board":{
        "url":"https:\/\/www.pinterest.com\/jennababy66\/before-and-after-weightloss\/",
        "id":"397442804554619890",
        "name":"Before and after weightloss"
      },
      "image":{
        "original":{
          "url":"https:\/\/s-media-cache-ak0.pinimg.com\/originals\/9e\/32\/53\/9e3253f286dbb76642692499252e6704.jpg",
          "width":500,
          "height":500
        }
      },
      "counts":{
        "likes":2,
        "comments":0,
        "repins":0
      },
      "id":"397442735839743228",
      "metadata":{
      }
    },
    {
      "attribution":null,
      "creator":{
        "url":"https:\/\/www.pinterest.com\/jennababy66\/",
        "first_name":"Jenna",
        "last_name":"Koch",
        "id":"397442873273880696"
      },
      "url":"https:\/\/www.pinterest.com\/pin\/397442735839743225\/",
      "media":{
        "type":"image"
      },
      "created_at":"2014-10-03T01:43:19",
      "original_link":"",
      "note":"Before and After Weightloss Pics",
      "color":"#5b5451",
      "link":"",
      "board":{
        "url":"https:\/\/www.pinterest.com\/jennababy66\/before-and-after-weightloss\/",
        "id":"397442804554619890",
        "name":"Before and after weightloss"
      },
      "image":{
        "original":{
          "url":"https:\/\/s-media-cache-ak0.pinimg.com\/originals\/fe\/f0\/b3\/fef0b3efc00018f94de00760e541c4b9.jpg",
          "width":537,
          "height":536
        }
      },
      "counts":{
        "likes":0,
        "comments":0,
        "repins":0
      },
      "id":"397442735839743225",
      "metadata":{
      }
    },
    {
      "attribution":null,
      "creator":{
        "url":"https:\/\/www.pinterest.com\/jennababy66\/",
        "first_name":"Jenna",
        "last_name":"Koch",
        "id":"397442873273880696"
      },
      "url":"https:\/\/www.pinterest.com\/pin\/397442735839743215\/",
      "media":{
        "type":"image"
      },
      "created_at":"2014-10-03T01:42:20",
      "original_link":"",
      "note":"Before and after thinspo weightloss",
      "color":"#826d60",
      "link":"",
      "board":{
        "url":"https:\/\/www.pinterest.com\/jennababy66\/before-and-after-weightloss\/",
        "id":"397442804554619890",
        "name":"Before and after weightloss"
      },
      "image":{
        "original":{
          "url":"https:\/\/s-media-cache-ak0.pinimg.com\/originals\/2b\/55\/dd\/2b55ddb8b20b4bf9632dd39397b73fe6.jpg",
          "width":612,
          "height":612
        }
      },
      "counts":{
        "likes":0,
        "comments":0,
        "repins":0
      },
      "id":"397442735839743215",
      "metadata":{
      }
    },
    {
      "attribution":null,
      "creator":{
        "url":"https:\/\/www.pinterest.com\/jennababy66\/",
        "first_name":"Jenna",
        "last_name":"Koch",
        "id":"397442873273880696"
      },
      "url":"https:\/\/www.pinterest.com\/pin\/397442735839743162\/",
      "media":{
        "type":"image"
      },
      "created_at":"2014-10-03T01:38:42",
      "original_link":"http:\/\/beforeandafterweightloss.tumblr.com\/post\/79355216418\/",
      "note":"fitnessnowandforever: \"My 3 month progress. First picture is from mid September. Second is sometime in October. Third is about 4 days ago. I have been doing a lot of incline treadmill cardio, cross training, and squats to achieve this progress of my legs. You can see my stomach has substantially shrunk as well due to clean eating and also cardio and intense ab workouts.\"",
      "color":"#7d5247",
      "link":"https:\/\/www.pinterest.com\/r\/pin\/397442735839743162\/4779055074072594921\/db75ce9a49666d618d5aacacff7b50c4eb54bbf954e0df012e7aa3e20c2f1625",
      "board":{
        "url":"https:\/\/www.pinterest.com\/jennababy66\/before-and-after-weightloss\/",
        "id":"397442804554619890",
        "name":"Before and after weightloss"
      },
      "image":{
        "original":{
          "url":"https:\/\/s-media-cache-ak0.pinimg.com\/originals\/c3\/e1\/ed\/c3e1eda489a335e884fd228c8c11cde0.jpg",
          "width":500,
          "height":500
        }
      },
      "counts":{
        "likes":0,
        "comments":0,
        "repins":0
      },
      "id":"397442735839743162",
      "metadata":{
        "article":{
          "published_at":null,
          "description":"Hundreds of Before and After weight loss pictures! Want to lose weight but lack the motivation to get started? Is your body double here? Our bodies are capable of amazing transformations. Weight loss success stories. Get inspired here!",
          "name":"Before and After weight loss pictures",
          "authors":[]
        },
        "link":{
          "locale":"en",
          "title":"beforeandafterweightloss",
          "site_name":"beforeandafterweightloss.tumblr.com",
          "description":"fitnessnowandforever: \u201cMy 3 month progress. First picture is from mid September. Second is sometime in October. Third is about 4 days ago. I have been doing a lot of incline treadmill cardio, cross...",
          "favicon":"https:\/\/s-media-cache-ak0.pinimg.com\/favicons\/036167548b1961cbb1635cbe0984e3c0283f40e9cb2a96cfee897aec.png?a8c1c5ccfcd2034b10bc3b9b5adcf8ec"
        }
      }
    },
    {
      "attribution":null,
      "creator":{
        "url":"https:\/\/www.pinterest.com\/jennababy66\/",
        "first_name":"Jenna",
        "last_name":"Koch",
        "id":"397442873273880696"
      },
      "url":"https:\/\/www.pinterest.com\/pin\/397442735839743140\/",
      "media":{
        "type":"image"
      },
      "created_at":"2014-10-03T01:37:04",
      "original_link":"http:\/\/www.bloglovin.com\/blog\/post\/4306845\/1856454775?link=aHR0cCUzQSUyRiUyRmJlZm9yZWFuZGFmdGVyZmF0bG9zc3BpY3MudHVtYmxyLmNvbSUyRnBvc3QlMkY2NjE2MTg2OTQzOQ==",
      "note":"Fat to Fit... HOOOOOWWWWWWWWWWWW?!?!?",
      "color":"#7f6675",
      "link":"https:\/\/www.pinterest.com\/r\/pin\/397442735839743140\/4779055074072594921\/8165895138a7311e91b41296d638370160eddddb014cbb6b960ad91a497ff019",
      "board":{
        "url":"https:\/\/www.pinterest.com\/jennababy66\/before-and-after-weightloss\/",
        "id":"397442804554619890",
        "name":"Before and after weightloss"
      },
      "image":{
        "original":{
          "url":"https:\/\/s-media-cache-ak0.pinimg.com\/originals\/73\/3c\/08\/733c0873e084213c193dfca737ca95d3.jpg",
          "width":393,
          "height":366
        }
      },
      "counts":{
        "likes":0,
        "comments":0,
        "repins":0
      },
      "id":"397442735839743140",
      "metadata":{
        "article":{
          "published_at":"2013-11-06T00:00:00",
          "description":"January 2012 v. November 2013 (180 lbs v. 123 lbs) Change takes time. I am still nowhere near my goal body, I still push myself 90% of the week. I give myself breaks. I pat myself on the back when I a",
          "name":"January 2012 v. November 2013 (180 lbs v. 123 lbs) Change takes... (Before And After Fat Loss)",
          "authors":[]
        },
        "link":{
          "locale":"en",
          "title":"January 2012 v. November 2013 (180 lbs v. 123 lbs) Change takes... (Before And After Fat Loss)",
          "site_name":"Bloglovin\u2019",
          "description":"January 2012 v. November 2013 (180 lbs v. 123 lbs) Change takes..., , a post from the blog Before And After Fat Loss on Bloglovin\u2019",
          "favicon":"https:\/\/s-media-cache-ak0.pinimg.com\/favicons\/98f538101077f643814847abf4e720d9b5dbb9178a3c9301670ed1a9.ico?165720caf3ca124999a0eff64bcca0cc"
        }
      }
    },
    {
      "attribution":null,
      "creator":{
        "url":"https:\/\/www.pinterest.com\/jennababy66\/",
        "first_name":"Jenna",
        "last_name":"Koch",
        "id":"397442873273880696"
      },
      "url":"https:\/\/www.pinterest.com\/pin\/397442735839743126\/",
      "media":{
        "type":"image"
      },
      "created_at":"2014-10-03T01:36:16",
      "original_link":"http:\/\/eat-healthy-train-hard.tumblr.com\/post\/30236507664\/emilyliveshealthy-such-an-inspiring-before-and",
      "note":"emilyliveshealthy: such an inspiring before and after for me! :)",
      "color":"#746254",
      "link":"https:\/\/www.pinterest.com\/r\/pin\/397442735839743126\/4779055074072594921\/04efc7860a15baee0fa6427290e211d6837e5b34684b31ed78c8cf3dafe8b77c",
      "board":{
        "url":"https:\/\/www.pinterest.com\/jennababy66\/before-and-after-weightloss\/",
        "id":"397442804554619890",
        "name":"Before and after weightloss"
      },
      "image":{
        "original":{
          "url":"https:\/\/s-media-cache-ak0.pinimg.com\/originals\/ba\/b1\/c9\/bab1c9025a4b0e982c12da91ee904462.jpg",
          "width":428,
          "height":750
        }
      },
      "counts":{
        "likes":0,
        "comments":0,
        "repins":0
      },
      "id":"397442735839743126",
      "metadata":{
        "link":{
          "locale":"en",
          "title":"Not Found",
          "site_name":"eat-healthy-train-hard.tumblr.com",
          "description":"The URL you requested could not be found.",
          "favicon":"https:\/\/s-media-cache-ak0.pinimg.com\/favicons\/8b57386e097faacd004d853fc71fde2cdd370302e8ac67d20e3f07ce.png?abd16ffe2f44925b8993597a9a7c0dbf"
        }
      }
    },
    {
      "attribution":null,
      "creator":{
        "url":"https:\/\/www.pinterest.com\/jennababy66\/",
        "first_name":"Jenna",
        "last_name":"Koch",
        "id":"397442873273880696"
      },
      "url":"https:\/\/www.pinterest.com\/pin\/397442735839743124\/",
      "media":{
        "type":"image"
      },
      "created_at":"2014-10-03T01:36:04",
      "original_link":"http:\/\/yourdreamliife.com\/",
      "note":"Before and After Weightloss Pics -- How to Force the Universe to Give you your Dream Life, literally by watching this short video...",
      "color":"#a16f55",
      "link":"https:\/\/www.pinterest.com\/r\/pin\/397442735839743124\/4779055074072594921\/4a8652677c691c99c8693afefe47ee5463158598f6a3b7a60f557ed7244d7cc7",
      "board":{
        "url":"https:\/\/www.pinterest.com\/jennababy66\/before-and-after-weightloss\/",
        "id":"397442804554619890",
        "name":"Before and after weightloss"
      },
      "image":{
        "original":{
          "url":"https:\/\/s-media-cache-ak0.pinimg.com\/originals\/62\/cb\/9b\/62cb9b4f1abbc1caaac0fe4221f1b932.jpg",
          "width":539,
          "height":533
        }
      },
      "counts":{
        "likes":15,
        "comments":0,
        "repins":856
      },
      "id":"397442735839743124",
      "metadata":{
      }
    },
    {
      "attribution":null,
      "creator":{
        "url":"https:\/\/www.pinterest.com\/jennababy66\/",
        "first_name":"Jenna",
        "last_name":"Koch",
        "id":"397442873273880696"
      },
      "url":"https:\/\/www.pinterest.com\/pin\/397442735839743120\/",
      "media":{
        "type":"image"
      },
      "created_at":"2014-10-03T01:35:55",
      "original_link":"http:\/\/beforemyweightloss.com\/99999999713\/7\/1398735706\/",
      "note":"Weight loss before and after.. Motivation!",
      "color":"#947155",
      "link":"https:\/\/www.pinterest.com\/r\/pin\/397442735839743120\/4779055074072594921\/dab1b775e4529cfd1ac54f426759d3d240faedc0e262ea6cdd94f84d9d48cb03",
      "board":{
        "url":"https:\/\/www.pinterest.com\/jennababy66\/before-and-after-weightloss\/",
        "id":"397442804554619890",
        "name":"Before and after weightloss"
      },
      "image":{
        "original":{
          "url":"https:\/\/s-media-cache-ak0.pinimg.com\/originals\/45\/e5\/1b\/45e51be74b5bc5dc3329c298a5463fcc.jpg",
          "width":630,
          "height":630
        }
      },
      "counts":{
        "likes":0,
        "comments":0,
        "repins":2
      },
      "id":"397442735839743120",
      "metadata":{
      }
    },
    {
      "attribution":null,
      "creator":{
        "url":"https:\/\/www.pinterest.com\/jennababy66\/",
        "first_name":"Jenna",
        "last_name":"Koch",
        "id":"397442873273880696"
      },
      "url":"https:\/\/www.pinterest.com\/pin\/397442735839743117\/",
      "media":{
        "type":"image"
      },
      "created_at":"2014-10-03T01:35:35",
      "original_link":"http:\/\/beforeandafterfatlosspics.tumblr.com\/post\/46372908601\/ellenkeepsitclean-you-can-do-anything-you-set",
      "note":"ellenkeepsitclean You can do anything you set your mind to! Just NEVER stop trying! (5\u20199\u201d US Size 18 to US size 3-4) Every little change get...",
      "color":"#726d6f",
      "link":"https:\/\/www.pinterest.com\/r\/pin\/397442735839743117\/4779055074072594921\/43183268a9a2e8957953754aab1f0302d22d893945961adfd3c0e553429fdf24",
      "board":{
        "url":"https:\/\/www.pinterest.com\/jennababy66\/before-and-after-weightloss\/",
        "id":"397442804554619890",
        "name":"Before and after weightloss"
      },
      "image":{
        "original":{
          "url":"https:\/\/s-media-cache-ak0.pinimg.com\/originals\/59\/82\/3e\/59823eef2ed24336ae7756616ffc8d0c.jpg",
          "width":1280,
          "height":1280
        }
      },
      "counts":{
        "likes":0,
        "comments":0,
        "repins":0
      },
      "id":"397442735839743117",
      "metadata":{
      }
    },
    {
      "attribution":null,
      "creator":{
        "url":"https:\/\/www.pinterest.com\/jennababy66\/",
        "first_name":"Jenna",
        "last_name":"Koch",
        "id":"397442873273880696"
      },
      "url":"https:\/\/www.pinterest.com\/pin\/397442735839743115\/",
      "media":{
        "type":"image"
      },
      "created_at":"2014-10-03T01:35:25",
      "original_link":"",
      "note":"Inspiring before and after weightloss photos.",
      "color":"#ada5a0",
      "link":"",
      "board":{
        "url":"https:\/\/www.pinterest.com\/jennababy66\/before-and-after-weightloss\/",
        "id":"397442804554619890",
        "name":"Before and after weightloss"
      },
      "image":{
        "original":{
          "url":"https:\/\/s-media-cache-ak0.pinimg.com\/originals\/e8\/93\/12\/e893129e74f8eabc876bd6e7eba8a9e5.jpg",
          "width":720,
          "height":720
        }
      },
      "counts":{
        "likes":0,
        "comments":0,
        "repins":1
      },
      "id":"397442735839743115",
      "metadata":{
      }
    },
    {
      "attribution":null,
      "creator":{
        "url":"https:\/\/www.pinterest.com\/jennababy66\/",
        "first_name":"Jenna",
        "last_name":"Koch",
        "id":"397442873273880696"
      },
      "url":"https:\/\/www.pinterest.com\/pin\/397442735839743113\/",
      "media":{
        "type":"image"
      },
      "created_at":"2014-10-03T01:35:16",
      "original_link":"http:\/\/beforeandafterweightloss.tumblr.com\/page\/6",
      "note":"before and after weightloss fitspo 5\u20193 and a little more than 60 pounds difference. 3 years of a gradual lifestyle change into better fitness and nutrition! My full story can be found here :)",
      "color":"#469e86",
      "link":"https:\/\/www.pinterest.com\/r\/pin\/397442735839743113\/4779055074072594921\/ce43822ce29353b15ed1fcece37694d8cd2dc5d5bdb9767a88a6bb38990875bb",
      "board":{
        "url":"https:\/\/www.pinterest.com\/jennababy66\/before-and-after-weightloss\/",
        "id":"397442804554619890",
        "name":"Before and after weightloss"
      },
      "image":{
        "original":{
          "url":"https:\/\/s-media-cache-ak0.pinimg.com\/originals\/50\/5b\/0e\/505b0e95f518ed944ff80b3506bc0025.jpg",
          "width":500,
          "height":625
        }
      },
      "counts":{
        "likes":0,
        "comments":0,
        "repins":154
      },
      "id":"397442735839743113",
      "metadata":{
        "article":{
          "published_at":null,
          "description":"Hundreds of Before and After weight loss pictures! Want to lose weight but lack the motivation to get started? Is your body double here? Our bodies are capable of amazing transformations. Weight loss success stories. Get inspired here!",
          "name":"Before and After weight loss pictures",
          "authors":[]
        },
        "link":{
          "locale":"en",
          "title":"beforeandafterweightloss",
          "site_name":"beforeandafterweightloss.tumblr.com",
          "description":"beforeandafterweightloss",
          "favicon":"https:\/\/s-media-cache-ak0.pinimg.com\/favicons\/036167548b1961cbb1635cbe0984e3c0283f40e9cb2a96cfee897aec.png?a8c1c5ccfcd2034b10bc3b9b5adcf8ec"
        }
      }
    },
    {
      "attribution":null,
      "creator":{
        "url":"https:\/\/www.pinterest.com\/jennababy66\/",
        "first_name":"Jenna",
        "last_name":"Koch",
        "id":"397442873273880696"
      },
      "url":"https:\/\/www.pinterest.com\/pin\/397442735839743112\/",
      "media":{
        "type":"image"
      },
      "created_at":"2014-10-03T01:34:50",
      "original_link":"http:\/\/www.myfitnesspal.com\/topics\/show\/293594-i-surpassed-my-goal-today-w-a-bunch-of-pics",
      "note":"This is great. Hard work paid off for this girl! Before and after weight loss shots are so inspiring.",
      "color":"#697045",
      "link":"https:\/\/www.pinterest.com\/r\/pin\/397442735839743112\/4779055074072594921\/738d7383df2fd5925594a196946d778ec5382e968571254380e30ff40f28b0ae",
      "board":{
        "url":"https:\/\/www.pinterest.com\/jennababy66\/before-and-after-weightloss\/",
        "id":"397442804554619890",
        "name":"Before and after weightloss"
      },
      "image":{
        "original":{
          "url":"https:\/\/s-media-cache-ak0.pinimg.com\/originals\/47\/2c\/ce\/472cce76e0dc28c96dc3cfc52a84f614.jpg",
          "width":400,
          "height":586
        }
      },
      "counts":{
        "likes":0,
        "comments":0,
        "repins":0
      },
      "id":"397442735839743112",
      "metadata":{
      }
    },
    {
      "attribution":null,
      "creator":{
        "url":"https:\/\/www.pinterest.com\/jennababy66\/",
        "first_name":"Jenna",
        "last_name":"Koch",
        "id":"397442873273880696"
      },
      "url":"https:\/\/www.pinterest.com\/pin\/397442735839743101\/",
      "media":{
        "type":"image"
      },
      "created_at":"2014-10-03T01:33:41",
      "original_link":"http:\/\/celebs-body-obsession.blogspot.com\/2012_07_01_archive.html",
      "note":"wth, she looks great in before (well, except for those boots)Celebrity Weight Loss Transformations: Before and After (PHOTOS)",
      "color":"#acafb1",
      "link":"https:\/\/www.pinterest.com\/r\/pin\/397442735839743101\/4779055074072594921\/72991d67bd6f25de9a6d35c6db17b90ea82d936cb97911e17a0dba62b27e65ae",
      "board":{
        "url":"https:\/\/www.pinterest.com\/jennababy66\/before-and-after-weightloss\/",
        "id":"397442804554619890",
        "name":"Before and after weightloss"
      },
      "image":{
        "original":{
          "url":"https:\/\/s-media-cache-ak0.pinimg.com\/originals\/c6\/91\/e8\/c691e83bba99b09ac43c9ba76ef873e1.jpg",
          "width":545,
          "height":710
        }
      },
      "counts":{
        "likes":0,
        "comments":0,
        "repins":0
      },
      "id":"397442735839743101",
      "metadata":{
      }
    },
    {
      "attribution":null,
      "creator":{
        "url":"https:\/\/www.pinterest.com\/jennababy66\/",
        "first_name":"Jenna",
        "last_name":"Koch",
        "id":"397442873273880696"
      },
      "url":"https:\/\/www.pinterest.com\/pin\/397442735839743100\/",
      "media":{
        "type":"image"
      },
      "created_at":"2014-10-03T01:33:34",
      "original_link":"http:\/\/fuckyeahfitspo.tumblr.com\/page\/4",
      "note":"buffyshot: People change. In 8 months you can change your life like I changed mine. Before: 78kgAfter: 48kg",
      "color":"#505050",
      "link":"https:\/\/www.pinterest.com\/r\/pin\/397442735839743100\/4779055074072594921\/ee682dae25b50fbb3fd9fe22836aff8eee790c5bbf93795d8577c8f9b68b02b7",
      "board":{
        "url":"https:\/\/www.pinterest.com\/jennababy66\/before-and-after-weightloss\/",
        "id":"397442804554619890",
        "name":"Before and after weightloss"
      },
      "image":{
        "original":{
          "url":"https:\/\/s-media-cache-ak0.pinimg.com\/originals\/21\/78\/48\/217848f658ceeb2c4a912500107e0eb2.jpg",
          "width":604,
          "height":591
        }
      },
      "counts":{
        "likes":0,
        "comments":0,
        "repins":0
      },
      "id":"397442735839743100",
      "metadata":{
        "link":{
          "locale":"en",
          "title":"FUCK YEAH FITSPO!",
          "site_name":"fuckyeahfitspo.tumblr.com",
          "description":"My advice comes from personal experience and my own research. I am not certified but I am happy to share my opinions, experiences, and the knowledge I have aquired with those who seek it. *** Age:21...",
          "favicon":"https:\/\/s-media-cache-ak0.pinimg.com\/favicons\/af8653227c2f1f36af31402db8addae4ef7645c10e7588158da5cb20.png?574e59abe1250b7b5349f0aaa2de0620"
        }
      }
    },
    {
      "attribution":null,
      "creator":{
        "url":"https:\/\/www.pinterest.com\/jennababy66\/",
        "first_name":"Jenna",
        "last_name":"Koch",
        "id":"397442873273880696"
      },
      "url":"https:\/\/www.pinterest.com\/pin\/397442735839743098\/",
      "media":{
        "type":"image"
      },
      "created_at":"2014-10-03T01:33:18",
      "original_link":"http:\/\/thechive.com\/2012\/11\/12\/ladies-shedding-the-lbs-everywhere-31-photos\/comment-page-1\/",
      "note":"Girls Before & After Weight Loss - http:\/\/funphotomania.wordpress.com\/2012\/11\/23\/girls-before-after-weight-loss\/",
      "color":"#af968b",
      "link":"https:\/\/www.pinterest.com\/r\/pin\/397442735839743098\/4779055074072594921\/9e5411ac19354bc9b0c180e54b4f27086a263cb05751c2a8b32ad71cce5b1c54",
      "board":{
        "url":"https:\/\/www.pinterest.com\/jennababy66\/before-and-after-weightloss\/",
        "id":"397442804554619890",
        "name":"Before and after weightloss"
      },
      "image":{
        "original":{
          "url":"https:\/\/s-media-cache-ak0.pinimg.com\/originals\/3d\/fc\/87\/3dfc8787d2015901ed66d0328a1bfd0c.jpg",
          "width":593,
          "height":568
        }
      },
      "counts":{
        "likes":2,
        "comments":0,
        "repins":2
      },
      "id":"397442735839743098",
      "metadata":{
        "article":{
          "published_at":"2012-11-12T00:00:00",
          "description":"Visit the post for more.",
          "name":"Ladies shedding the lbs. everywhere (31 Photos)",
          "authors":[]
        },
        "link":{
          "locale":"en_US",
          "title":"Ladies shedding the lbs. everywhere (31 Photos)",
          "site_name":"theCHIVE",
          "description":"...",
          "favicon":"https:\/\/s-media-cache-ak0.pinimg.com\/favicons\/2b9bd732b210bfeda9782526872dfbcf01f247231450b7651c35ed45.png?9c77278b172af51ebe9c17e1a3463625"
        }
      }
    },
    {
      "attribution":null,
      "creator":{
        "url":"https:\/\/www.pinterest.com\/jennababy66\/",
        "first_name":"Jenna",
        "last_name":"Koch",
        "id":"397442873273880696"
      },
      "url":"https:\/\/www.pinterest.com\/pin\/397442735839743095\/",
      "media":{
        "type":"image"
      },
      "created_at":"2014-10-03T01:33:04",
      "original_link":"http:\/\/eiightminutestoskinny.com\/",
      "note":"Before and After Weightloss Pics -- Feel what it will be like to more than 38.5 lbs in 1 month... looking at your sexy, slim, happy new you in the mirror!",
      "color":"#6e6067",
      "link":"https:\/\/www.pinterest.com\/r\/pin\/397442735839743095\/4779055074072594921\/5072a5801f7dca8121f4cb86b4cf114defb09203d56a62426903d3f361d50d63",
      "board":{
        "url":"https:\/\/www.pinterest.com\/jennababy66\/before-and-after-weightloss\/",
        "id":"397442804554619890",
        "name":"Before and after weightloss"
      },
      "image":{
        "original":{
          "url":"https:\/\/s-media-cache-ak0.pinimg.com\/originals\/a8\/b5\/c2\/a8b5c2e97d4b394b32150965d725106b.jpg",
          "width":537,
          "height":535
        }
      },
      "counts":{
        "likes":0,
        "comments":0,
        "repins":0
      },
      "id":"397442735839743095",
      "metadata":{
      }
    },
    {
      "attribution":null,
      "creator":{
        "url":"https:\/\/www.pinterest.com\/jennababy66\/",
        "first_name":"Jenna",
        "last_name":"Koch",
        "id":"397442873273880696"
      },
      "url":"https:\/\/www.pinterest.com\/pin\/397442735839743094\/",
      "media":{
        "type":"image"
      },
      "created_at":"2014-10-03T01:32:58",
      "original_link":"http:\/\/storybookapothecary.com\/special-editon-fitspo-inspiration-if-they-can-do-it-so-can-we-crazy-inspiring-before-after-fat-loss-photos\/",
      "note":"Special Editon #Fitspo & #Inspiration: Crazy Inspiring Before + After Fat Loss Photos | StorybookApothecary.com #quotes",
      "color":"#776a5b",
      "link":"https:\/\/www.pinterest.com\/r\/pin\/397442735839743094\/4779055074072594921\/b52eeccdcf2d66747701e439c0dc1383ba723cebaf459f0583ae26520ef5dba8",
      "board":{
        "url":"https:\/\/www.pinterest.com\/jennababy66\/before-and-after-weightloss\/",
        "id":"397442804554619890",
        "name":"Before and after weightloss"
      },
      "image":{
        "original":{
          "url":"https:\/\/s-media-cache-ak0.pinimg.com\/originals\/a6\/b3\/71\/a6b371e55694942f555a6f69e05c05e5.jpg",
          "width":620,
          "height":612
        }
      },
      "counts":{
        "likes":4,
        "comments":0,
        "repins":4
      },
      "id":"397442735839743094",
      "metadata":{
      }
    },
    {
      "attribution":null,
      "creator":{
        "url":"https:\/\/www.pinterest.com\/jennababy66\/",
        "first_name":"Jenna",
        "last_name":"Koch",
        "id":"397442873273880696"
      },
      "url":"https:\/\/www.pinterest.com\/pin\/397442735839743092\/",
      "media":{
        "type":"image"
      },
      "created_at":"2014-10-03T01:32:48",
      "original_link":"http:\/\/www.super3weekdiet.info\/",
      "note":"If you have ever watched any of those health related TV shows like \u2018Dr. Oz\u2019 or \u2018The Doctors\u2019, you would get the impression that it\u2019s extremely difficult to lose weight fast. They\u2019ll tell you that it can take month after month to shed the pounds, and sometimes even years. But I\u2019m here today to tell you that that is simple not true.",
      "color":"#8b4a5c",
      "link":"https:\/\/www.pinterest.com\/r\/pin\/397442735839743092\/4779055074072594921\/2596251445080833144374617e94f71ee78c8f062bb986140c3a394d24022569",
      "board":{
        "url":"https:\/\/www.pinterest.com\/jennababy66\/before-and-after-weightloss\/",
        "id":"397442804554619890",
        "name":"Before and after weightloss"
      },
      "image":{
        "original":{
          "url":"https:\/\/s-media-cache-ak0.pinimg.com\/originals\/e1\/1a\/fa\/e11afa3101a87db918347310d7d701ea.jpg",
          "width":583,
          "height":582
        }
      },
      "counts":{
        "likes":0,
        "comments":0,
        "repins":0
      },
      "id":"397442735839743092",
      "metadata":{
      }
    }
  ],
  "page":{
    "cursor":"LT4zOTc0NDI3MzU4Mzk3NDMwOTI6MjV8ZGQ3OGFlMTJiOTFiZGJmNzc1ZDU4MjgyNjMxN2Q1MDQ3NTk1OTBjNGZiOGI5NzUyMTllYTg2N2JhMjJmZWI5Nw==",
    "next":"https:\/\/api.pinterest.com\/v1\/boards\/jennababy66\/before-and-after-weightloss\/pins\/?access_token=AZlZE-HOK-Y4205yRft75KyYVaauFCBIs8jxSxdCtrJcomAqbQAAAAA&fields=id%2Clink%2Cnote%2Curl%2Cattribution%2Cmedia%2Cmetadata%2Cboard%2Ccolor%2Ccounts%2Ccreated_at%2Ccreator%2Cimage%2Coriginal_link&cursor=LT4zOTc0NDI3MzU4Mzk3NDMwOTI6MjV8ZGQ3OGFlMTJiOTFiZGJmNzc1ZDU4MjgyNjMxN2Q1MDQ3NTk1OTBjNGZiOGI5NzUyMTllYTg2N2JhMjJmZWI5Nw%3D%3D"
  }
}
