{
  "data":[
    {
      "attribution":null,
      "creator":{
        "url":"https:\/\/www.pinterest.com\/white42\/",
        "first_name":"Laneise",
        "last_name":"",
        "id":"485192697263437817"
      },
      "url":"https:\/\/www.pinterest.com\/pin\/485192559834113889\/",
      "media":{
        "type":"image"
      },
      "created_at":"2015-10-14T09:51:40",
      "original_link":"http:\/\/www.blackweightlosssuccess.com\/sindy-lost-75-pounds\/",
      "note":"Weight Loss Story of the Day: Sindy lost 75 pounds | Black Weight Loss Success",
      "color":"#8f676a",
      "link":"https:\/\/www.pinterest.com\/r\/pin\/485192559834113889\/4779055074072594921\/5c051836342671d9efb4cae1d40c04ffbc022d4baca24e881ebae58ba14fa84f",
      "board":{
        "url":"https:\/\/www.pinterest.com\/white42\/weightloss-before-and-after\/",
        "id":"485192628544034644",
        "name":"weightloss before and after"
      },
      "image":{
        "original":{
          "url":"https:\/\/s-media-cache-ak0.pinimg.com\/originals\/7f\/a5\/33\/7fa533d04447996e316b184f896796e0.jpg",
          "width":500,
          "height":502
        }
      },
      "counts":{
        "likes":0,
        "comments":0,
        "repins":0
      },
      "id":"485192559834113889",
      "metadata":{
      }
    },
    {
      "attribution":null,
      "creator":{
        "url":"https:\/\/www.pinterest.com\/white42\/",
        "first_name":"Laneise",
        "last_name":"",
        "id":"485192697263437817"
      },
      "url":"https:\/\/www.pinterest.com\/pin\/485192559834113884\/",
      "media":{
        "type":"image"
      },
      "created_at":"2015-10-14T09:51:10",
      "original_link":"http:\/\/www.weightlossstories.info\/2013\/11\/12\/before-and-after-weight-loss-photo-1708\/",
      "note":"Before and After Weight Loss Photo",
      "color":"#94766a",
      "link":"https:\/\/www.pinterest.com\/r\/pin\/485192559834113884\/4779055074072594921\/c4a5e58390b6a7a95d8a0a0d3935a23f2cebbf71ab69d31faaa40b5679609530",
      "board":{
        "url":"https:\/\/www.pinterest.com\/white42\/weightloss-before-and-after\/",
        "id":"485192628544034644",
        "name":"weightloss before and after"
      },
      "image":{
        "original":{
          "url":"https:\/\/s-media-cache-ak0.pinimg.com\/originals\/5e\/26\/91\/5e26919a7dbad0834cf4b4d334428b74.jpg",
          "width":583,
          "height":960
        }
      },
      "counts":{
        "likes":0,
        "comments":0,
        "repins":0
      },
      "id":"485192559834113884",
      "metadata":{
      }
    },
    {
      "attribution":null,
      "creator":{
        "url":"https:\/\/www.pinterest.com\/white42\/",
        "first_name":"Laneise",
        "last_name":"",
        "id":"485192697263437817"
      },
      "url":"https:\/\/www.pinterest.com\/pin\/485192559834113866\/",
      "media":{
        "type":"image"
      },
      "created_at":"2015-10-14T09:49:56",
      "original_link":"http:\/\/garagegym107.com\/2012\/10\/02\/never-going-to-steal-my-joy\/",
      "note":"#goalsetting #motivation #before and after #veepnutrition",
      "color":"#866c51",
      "link":"https:\/\/www.pinterest.com\/r\/pin\/485192559834113866\/4779055074072594921\/03156ed4ed31f78ee86380e29e01374ad457039e86e78c3e147f2c848f205b98",
      "board":{
        "url":"https:\/\/www.pinterest.com\/white42\/weightloss-before-and-after\/",
        "id":"485192628544034644",
        "name":"weightloss before and after"
      },
      "image":{
        "original":{
          "url":"https:\/\/s-media-cache-ak0.pinimg.com\/originals\/2a\/bc\/04\/2abc049621658b52dc1086bd11367ac7.jpg",
          "width":655,
          "height":664
        }
      },
      "counts":{
        "likes":1,
        "comments":0,
        "repins":1
      },
      "id":"485192559834113866",
      "metadata":{
      }
    },
    {
      "attribution":null,
      "creator":{
        "url":"https:\/\/www.pinterest.com\/white42\/",
        "first_name":"Laneise",
        "last_name":"",
        "id":"485192697263437817"
      },
      "url":"https:\/\/www.pinterest.com\/pin\/485192559834113865\/",
      "media":{
        "type":"image"
      },
      "created_at":"2015-10-14T09:49:46",
      "original_link":"http:\/\/imgur.com\/tPJre0i",
      "note":"Before & After Weight Loss Success Story Photo",
      "color":"#7e696f",
      "link":"https:\/\/www.pinterest.com\/r\/pin\/485192559834113865\/4779055074072594921\/9765f41fb1ba046335f27e9123c89d2915f40d223add4fabf976a2f241a7e659",
      "board":{
        "url":"https:\/\/www.pinterest.com\/white42\/weightloss-before-and-after\/",
        "id":"485192628544034644",
        "name":"weightloss before and after"
      },
      "image":{
        "original":{
          "url":"https:\/\/s-media-cache-ak0.pinimg.com\/originals\/fe\/f4\/00\/fef400cde11deaa3a3bb616c6e236cc7.png",
          "width":373,
          "height":465
        }
      },
      "counts":{
        "likes":0,
        "comments":0,
        "repins":0
      },
      "id":"485192559834113865",
      "metadata":{
      }
    },
    {
      "attribution":null,
      "creator":{
        "url":"https:\/\/www.pinterest.com\/white42\/",
        "first_name":"Laneise",
        "last_name":"",
        "id":"485192697263437817"
      },
      "url":"https:\/\/www.pinterest.com\/pin\/485192559834113846\/",
      "media":{
        "type":"image"
      },
      "created_at":"2015-10-14T09:47:54",
      "original_link":"http:\/\/eiightminutestoskinny.com\/",
      "note":"Before and After Weight Loss Photo -- Feel what it will be like to more than 38.5 lbs in 1 month... looking at your sexy, slim, happy new you in the mirror!",
      "color":"#ad8b55",
      "link":"https:\/\/www.pinterest.com\/r\/pin\/485192559834113846\/4779055074072594921\/db93549d59e8010b6d1f4b266cee4ed958b128a311827b506364ccded3170756",
      "board":{
        "url":"https:\/\/www.pinterest.com\/white42\/weightloss-before-and-after\/",
        "id":"485192628544034644",
        "name":"weightloss before and after"
      },
      "image":{
        "original":{
          "url":"https:\/\/s-media-cache-ak0.pinimg.com\/originals\/7f\/ce\/ec\/7fceeca2abedc3bb933df6bbbb3a80c3.jpg",
          "width":336,
          "height":413
        }
      },
      "counts":{
        "likes":0,
        "comments":0,
        "repins":1
      },
      "id":"485192559834113846",
      "metadata":{
      }
    },
    {
      "attribution":null,
      "creator":{
        "url":"https:\/\/www.pinterest.com\/white42\/",
        "first_name":"Laneise",
        "last_name":"",
        "id":"485192697263437817"
      },
      "url":"https:\/\/www.pinterest.com\/pin\/485192559834113845\/",
      "media":{
        "type":"image"
      },
      "created_at":"2015-10-14T09:47:39",
      "original_link":"http:\/\/roadtopro.tumblr.com\/post\/20467146517\/mighty-n-mini-healthysw4g",
      "note":"mighty-n-mini: healthysw4g: beforeandafterweightlosspics: 100lessthanbefore: This is my friend, James. He lost his weight counting calories and jogging. It took him 8 months to lose the weight. I am not sure if I have any male followers, but even as a female, he is hugely inspirational to me. xx For more before and after weight loss pics every day, click HERE to follow. i love guy fitspo. Hot damn. Looking good. :)",
      "color":"#674837",
      "link":"https:\/\/www.pinterest.com\/r\/pin\/485192559834113845\/4779055074072594921\/beca30025a2e9528dfb5bcc3a96b1fc590c8f248f668472288b9dfb7f15d0598",
      "board":{
        "url":"https:\/\/www.pinterest.com\/white42\/weightloss-before-and-after\/",
        "id":"485192628544034644",
        "name":"weightloss before and after"
      },
      "image":{
        "original":{
          "url":"https:\/\/s-media-cache-ak0.pinimg.com\/originals\/9d\/c2\/0f\/9dc20f609bd2bdf04059e312d3f33624.jpg",
          "width":522,
          "height":473
        }
      },
      "counts":{
        "likes":0,
        "comments":0,
        "repins":0
      },
      "id":"485192559834113845",
      "metadata":{
        "link":{
          "locale":"en",
          "title":"roadtopro",
          "site_name":"roadtopro.tumblr.com",
          "description":"mighty-n-mini: \u201c healthysw4g: \u201c beforeandafterweightlosspics: \u201c 100lessthanbefore: \u201c This is my friend, James. He lost his weight counting calories and jogging. It took him 8 months to lose the...",
          "favicon":"https:\/\/s-media-cache-ak0.pinimg.com\/favicons\/5fe9e46695b628b4e8ff87762d7d6ab4d9cb98fd50953b78c6e26806.png?edf0fae99bbe773e1cd8c2e67b1d0ecd"
        }
      }
    },
    {
      "attribution":null,
      "creator":{
        "url":"https:\/\/www.pinterest.com\/white42\/",
        "first_name":"Laneise",
        "last_name":"",
        "id":"485192697263437817"
      },
      "url":"https:\/\/www.pinterest.com\/pin\/485192559834113839\/",
      "media":{
        "type":"image"
      },
      "created_at":"2015-10-14T09:46:44",
      "original_link":"http:\/\/www.mensfitness.com\/training\/success-stories\/success-story-i-was-morbidly-obese",
      "note":"Lance Lyell | Age: 35 | Height: 5'10\" | Weight Before: 267 lbs | Weight After: 196 lbs #SuccessStory",
      "color":"#5f4b41",
      "link":"https:\/\/www.pinterest.com\/r\/pin\/485192559834113839\/4779055074072594921\/f46fd7c1eaf2621da4eb6803ca96f41542ecdeedfd941ac6985a02e16ff37d2f",
      "board":{
        "url":"https:\/\/www.pinterest.com\/white42\/weightloss-before-and-after\/",
        "id":"485192628544034644",
        "name":"weightloss before and after"
      },
      "image":{
        "original":{
          "url":"https:\/\/s-media-cache-ak0.pinimg.com\/originals\/51\/99\/df\/5199df20327cb495eed8d92897ff449a.jpg",
          "width":630,
          "height":400
        }
      },
      "counts":{
        "likes":0,
        "comments":0,
        "repins":0
      },
      "id":"485192559834113839",
      "metadata":{
      }
    },
    {
      "attribution":null,
      "creator":{
        "url":"https:\/\/www.pinterest.com\/white42\/",
        "first_name":"Laneise",
        "last_name":"",
        "id":"485192697263437817"
      },
      "url":"https:\/\/www.pinterest.com\/pin\/485192559834113837\/",
      "media":{
        "type":"image"
      },
      "created_at":"2015-10-14T09:46:32",
      "original_link":"http:\/\/uk.omg.yahoo.com\/gossip\/the-juice\/vicky-pattison-geordie-shore-diet-before-and-after-weight-loss-pictures-size-16-to-size-8-150947425.html",
      "note":"Vicky Pattison has gone from a size 16 to a size 8 in just a matter of months. Copyright [FameFlynet \/ Xposure]",
      "color":"#756562",
      "link":"https:\/\/www.pinterest.com\/r\/pin\/485192559834113837\/4779055074072594921\/00e3186a58f9e2f6b18c997ea2fc67acc0dcd30aa421f64ee885d0df770ff94b",
      "board":{
        "url":"https:\/\/www.pinterest.com\/white42\/weightloss-before-and-after\/",
        "id":"485192628544034644",
        "name":"weightloss before and after"
      },
      "image":{
        "original":{
          "url":"https:\/\/s-media-cache-ak0.pinimg.com\/originals\/76\/3d\/69\/763d694621b563edb9685588d5ab757e.jpg",
          "width":630,
          "height":740
        }
      },
      "counts":{
        "likes":0,
        "comments":0,
        "repins":0
      },
      "id":"485192559834113837",
      "metadata":{
        "link":{
          "locale":"en",
          "title":"Vicky Pattison shows off her post-Geordie Shore diet before-and-after weight loss pictures as she drops from a size 16 to a size 8",
          "site_name":"uk.celebrity.yahoo.com",
          "description":"Vicky Pattison shows off her post-Geordie Shore diet before-and-after weight loss pictures as she drops from a size 16 to a size 8 yahoo-uk-celebrity-archive: \u201cJust this summer the world was gasping...",
          "favicon":"https:\/\/s-media-cache-ak0.pinimg.com\/favicons\/60a539bc35d9191266037a8f2fa79cbf58f318a774751388554edb62.ico?9796ed786d95606d51be9dab54fb5350"
        }
      }
    },
    {
      "attribution":null,
      "creator":{
        "url":"https:\/\/www.pinterest.com\/white42\/",
        "first_name":"Laneise",
        "last_name":"",
        "id":"485192697263437817"
      },
      "url":"https:\/\/www.pinterest.com\/pin\/485192559834113836\/",
      "media":{
        "type":"image"
      },
      "created_at":"2015-10-14T09:46:18",
      "original_link":"http:\/\/muscletransform.com\/jp-hulley-40-kg-loss-muscular-transformation-interview\/",
      "note":"JP Hulley Awesome 40 kg Loss MUSCULAR Transformation FULL INTERVIEW !",
      "color":"#755e4a",
      "link":"https:\/\/www.pinterest.com\/r\/pin\/485192559834113836\/4779055074072594921\/0f45257d1875925f9ca088ccb1e0299034888ebc80b716e9cfecc065410f5d83",
      "board":{
        "url":"https:\/\/www.pinterest.com\/white42\/weightloss-before-and-after\/",
        "id":"485192628544034644",
        "name":"weightloss before and after"
      },
      "image":{
        "original":{
          "url":"https:\/\/s-media-cache-ak0.pinimg.com\/originals\/dd\/d9\/b5\/ddd9b5dce5c984484fcbf0143d729494.jpg",
          "width":720,
          "height":453
        }
      },
      "counts":{
        "likes":0,
        "comments":0,
        "repins":0
      },
      "id":"485192559834113836",
      "metadata":{
      }
    },
    {
      "attribution":null,
      "creator":{
        "url":"https:\/\/www.pinterest.com\/white42\/",
        "first_name":"Laneise",
        "last_name":"",
        "id":"485192697263437817"
      },
      "url":"https:\/\/www.pinterest.com\/pin\/485192559834113835\/",
      "media":{
        "type":"image"
      },
      "created_at":"2015-10-14T09:45:26",
      "original_link":"http:\/\/news.yahoo.com\/blogs\/oddnews\/man-loses-40-pounds--gains-a-six-pack-and--50-000-200645629.html",
      "note":"Matt Manning before and after the 3 month competition. (Bodybuilding.com)",
      "color":"#9c7b6e",
      "link":"https:\/\/www.pinterest.com\/r\/pin\/485192559834113835\/4779055074072594921\/95a9a10c74000f1e1ac97c61a8b06c447ec5a00fef157b6454d13b9e761d4ea2",
      "board":{
        "url":"https:\/\/www.pinterest.com\/white42\/weightloss-before-and-after\/",
        "id":"485192628544034644",
        "name":"weightloss before and after"
      },
      "image":{
        "original":{
          "url":"https:\/\/s-media-cache-ak0.pinimg.com\/originals\/b8\/5f\/e2\/b85fe23d5c7df18c441e1448fc297c2f.jpg",
          "width":610,
          "height":576
        }
      },
      "counts":{
        "likes":0,
        "comments":0,
        "repins":0
      },
      "id":"485192559834113835",
      "metadata":{
        "article":{
          "published_at":"2014-05-13T00:00:00",
          "description":"In three months Matt Manning from Xenia, Ohio transformed by dropping 40 pounds, which led to a $50,000 grand prize win.",
          "name":"Man loses 40 pounds, gains a six-pack and $50,000",
          "authors":[]
        },
        "link":{
          "locale":"en_US",
          "title":"Man loses 40 pounds, gains a six-pack and $50,000",
          "site_name":"Yahoo News",
          "description":"From Yahoo News: In three months Matt Manning from Xenia, Ohio transformed by dropping 40 pounds, which led to a $50,000 grand prize win.",
          "favicon":"https:\/\/s-media-cache-ak0.pinimg.com\/favicons\/60a539bc35d9191266037a8f2fa79cbf58f318a774751388554edb62.ico?9796ed786d95606d51be9dab54fb5350"
        }
      }
    },
    {
      "attribution":null,
      "creator":{
        "url":"https:\/\/www.pinterest.com\/white42\/",
        "first_name":"Laneise",
        "last_name":"",
        "id":"485192697263437817"
      },
      "url":"https:\/\/www.pinterest.com\/pin\/485192559834113834\/",
      "media":{
        "type":"image"
      },
      "created_at":"2015-10-14T09:45:11",
      "original_link":"http:\/\/kermany.com\/forum\/showthread.php?t=6&page=8",
      "note":"When you think of weight loss you probably envision having to overhaul your entire diet, but that's not always necessary. Instead check how Gabiels method and 3 week diet help me loose my weight",
      "color":"#c0b5aa",
      "link":"https:\/\/www.pinterest.com\/r\/pin\/485192559834113834\/4779055074072594921\/36a07bc38b3b7bf8f25b7587944ad946198f9a1e655932b8b16eca0dc78e6e44",
      "board":{
        "url":"https:\/\/www.pinterest.com\/white42\/weightloss-before-and-after\/",
        "id":"485192628544034644",
        "name":"weightloss before and after"
      },
      "image":{
        "original":{
          "url":"https:\/\/s-media-cache-ak0.pinimg.com\/originals\/e1\/c9\/bd\/e1c9bd8e6e212cc81361bdd7522be3dd.png",
          "width":591,
          "height":670
        }
      },
      "counts":{
        "likes":0,
        "comments":0,
        "repins":0
      },
      "id":"485192559834113834",
      "metadata":{
      }
    },
    {
      "attribution":null,
      "creator":{
        "url":"https:\/\/www.pinterest.com\/white42\/",
        "first_name":"Laneise",
        "last_name":"",
        "id":"485192697263437817"
      },
      "url":"https:\/\/www.pinterest.com\/pin\/485192559834113779\/",
      "media":{
        "type":"image"
      },
      "created_at":"2015-10-14T09:33:16",
      "original_link":"http:\/\/womanweightlossplans.blogspot.ro\/",
      "note":"Latest FEMALE weight loss program is the best weight loss methods which i ever try.I really lose my weight with the VENUS FACTOR...learn how",
      "color":"#8e665f",
      "link":"https:\/\/www.pinterest.com\/r\/pin\/485192559834113779\/4779055074072594921\/6262cf8981fbd9ba0edad84d70a3fc895b4ac3dd32f5ff5c660f9deba1bd0b7c",
      "board":{
        "url":"https:\/\/www.pinterest.com\/white42\/weightloss-before-and-after\/",
        "id":"485192628544034644",
        "name":"weightloss before and after"
      },
      "image":{
        "original":{
          "url":"https:\/\/s-media-cache-ak0.pinimg.com\/originals\/1d\/b6\/26\/1db626b6e492dda3e5c84e2e08593c57.jpg",
          "width":500,
          "height":399
        }
      },
      "counts":{
        "likes":0,
        "comments":0,
        "repins":1
      },
      "id":"485192559834113779",
      "metadata":{
      }
    },
    {
      "attribution":null,
      "creator":{
        "url":"https:\/\/www.pinterest.com\/white42\/",
        "first_name":"Laneise",
        "last_name":"",
        "id":"485192697263437817"
      },
      "url":"https:\/\/www.pinterest.com\/pin\/485192559834113778\/",
      "media":{
        "type":"image"
      },
      "created_at":"2015-10-14T09:33:10",
      "original_link":"http:\/\/www.squidoo.com\/mental-toughness-the-law-of-attraction",
      "note":"Weight loss inspiration.",
      "color":"#7b6c66",
      "link":"https:\/\/www.pinterest.com\/r\/pin\/485192559834113778\/4779055074072594921\/3a105b942de4299db712184b5d564cf5691bcb1073da8949dfc36c1249175b66",
      "board":{
        "url":"https:\/\/www.pinterest.com\/white42\/weightloss-before-and-after\/",
        "id":"485192628544034644",
        "name":"weightloss before and after"
      },
      "image":{
        "original":{
          "url":"https:\/\/s-media-cache-ak0.pinimg.com\/originals\/fa\/ac\/5a\/faac5a5db3ea9c8fa0bb251b966c6264.jpg",
          "width":440,
          "height":3387
        }
      },
      "counts":{
        "likes":0,
        "comments":0,
        "repins":1
      },
      "id":"485192559834113778",
      "metadata":{
        "place":{
          "category":"City",
          "name":"Park City, UT",
          "locality":null,
          "country":"United States",
          "region":"Utah",
          "longitude":-111.49803400039673,
          "source_url":"https:\/\/foursquare.com\/v\/park-city-ut\/4d3a1af50333a093423b5134",
          "street":null,
          "postal_code":"84060",
          "latitude":40.646017377956376
        }
      }
    },
    {
      "attribution":null,
      "creator":{
        "url":"https:\/\/www.pinterest.com\/white42\/",
        "first_name":"Laneise",
        "last_name":"",
        "id":"485192697263437817"
      },
      "url":"https:\/\/www.pinterest.com\/pin\/485192559834113772\/",
      "media":{
        "type":"image"
      },
      "created_at":"2015-10-14T09:32:47",
      "original_link":"http:\/\/lilyincanada.wordpress.com\/2012\/02\/23\/the-biggest-loser\/",
      "note":"Latest methods to lose weight.Learn how i and the group with people using Gabriels Method are not fat any more!",
      "color":"#f1edef",
      "link":"https:\/\/www.pinterest.com\/r\/pin\/485192559834113772\/4779055074072594921\/b22964454fcfb692d82f8e21b80f760a56a704b48def917266b825c0be470ddf",
      "board":{
        "url":"https:\/\/www.pinterest.com\/white42\/weightloss-before-and-after\/",
        "id":"485192628544034644",
        "name":"weightloss before and after"
      },
      "image":{
        "original":{
          "url":"https:\/\/s-media-cache-ak0.pinimg.com\/originals\/ea\/06\/47\/ea06476c6ff33dac2c126e3f27087564.jpg",
          "width":290,
          "height":350
        }
      },
      "counts":{
        "likes":0,
        "comments":0,
        "repins":0
      },
      "id":"485192559834113772",
      "metadata":{
        "article":{
          "published_at":"2012-02-24T00:00:00",
          "description":"There is nothing I love more than watching morbidly obese people exercise and get yelled at. I didn't realize that I liked this so much until I started watching The Biggest Loser. What I like about...",
          "name":"The Biggest Loser",
          "authors":[]
        },
        "link":{
          "locale":"en_US",
          "title":"The Biggest Loser",
          "site_name":"Lily In Canada",
          "description":"There is nothing I love more than watching morbidly obese people exercise and get yelled at. I didn't realize that I liked this so much until I started watching The Biggest Loser. What I like about the show even more than watching the contestants battle to lose the most weight, are the coaches, Bob Harper\u2026",
          "favicon":"https:\/\/s-media-cache-ak0.pinimg.com\/favicons\/41f131c2ac1858cfe4d31b052114ea0e1966d2a02bcc27623da5db46?7594f92269c3680fafbca66b713439fe"
        }
      }
    },
    {
      "attribution":null,
      "creator":{
        "url":"https:\/\/www.pinterest.com\/white42\/",
        "first_name":"Laneise",
        "last_name":"",
        "id":"485192697263437817"
      },
      "url":"https:\/\/www.pinterest.com\/pin\/485192559834113757\/",
      "media":{
        "type":"image"
      },
      "created_at":"2015-10-14T09:30:05",
      "original_link":"http:\/\/www.trimmedandtoned.com\/the-best-120-amazing-weight-loss-pics-fat-loss-transformations",
      "note":"weight loss transformations",
      "color":"#947d62",
      "link":"https:\/\/www.pinterest.com\/r\/pin\/485192559834113757\/4779055074072594921\/ff57f20caef921f2a0b7fe0911f383bd19eb8558fe89cd29b989828527422e61",
      "board":{
        "url":"https:\/\/www.pinterest.com\/white42\/weightloss-before-and-after\/",
        "id":"485192628544034644",
        "name":"weightloss before and after"
      },
      "image":{
        "original":{
          "url":"https:\/\/s-media-cache-ak0.pinimg.com\/originals\/fa\/52\/83\/fa528300804b4433c2df8493a2026a6f.jpg",
          "width":600,
          "height":600
        }
      },
      "counts":{
        "likes":0,
        "comments":0,
        "repins":0
      },
      "id":"485192559834113757",
      "metadata":{
      }
    },
    {
      "attribution":null,
      "creator":{
        "url":"https:\/\/www.pinterest.com\/white42\/",
        "first_name":"Laneise",
        "last_name":"",
        "id":"485192697263437817"
      },
      "url":"https:\/\/www.pinterest.com\/pin\/485192559834110161\/",
      "media":{
        "type":"image"
      },
      "created_at":"2015-10-14T01:57:46",
      "original_link":"http:\/\/www.jensjourney.com\/2012\/01\/hardest-blog-i-have-had-to-post-on-very.html",
      "note":"This is a beautiful story of success with fitness & weight loss. Very inspirational!",
      "color":"#615f5c",
      "link":"https:\/\/www.pinterest.com\/r\/pin\/485192559834110161\/4779055074072594921\/10e2a616b09eb89fc0bd64a6f9fd7a729b7a327273257589c8bd896ff34570f4",
      "board":{
        "url":"https:\/\/www.pinterest.com\/white42\/weightloss-before-and-after\/",
        "id":"485192628544034644",
        "name":"weightloss before and after"
      },
      "image":{
        "original":{
          "url":"https:\/\/s-media-cache-ak0.pinimg.com\/originals\/96\/45\/30\/9645308fb6ec13f71b0205692aca950d.jpg",
          "width":320,
          "height":320
        }
      },
      "counts":{
        "likes":0,
        "comments":0,
        "repins":0
      },
      "id":"485192559834110161",
      "metadata":{
      }
    },
    {
      "attribution":null,
      "creator":{
        "url":"https:\/\/www.pinterest.com\/white42\/",
        "first_name":"Laneise",
        "last_name":"",
        "id":"485192697263437817"
      },
      "url":"https:\/\/www.pinterest.com\/pin\/485192559834110146\/",
      "media":{
        "type":"image"
      },
      "created_at":"2015-10-14T01:56:49",
      "original_link":"http:\/\/lozeyourvveightforever.blogspot.com\/",
      "note":"When you think of weight loss you probably envision having to overhaul your entire diet, but that's not always necessary. Instead check how Gabiels method and 3 week diet help me loose my weight",
      "color":"#7b5e39",
      "link":"https:\/\/www.pinterest.com\/r\/pin\/485192559834110146\/4779055074072594921\/766245e8a647140b0985d435857c88f695772c3acbd4ddd8bd805a54bcc47f9d",
      "board":{
        "url":"https:\/\/www.pinterest.com\/white42\/weightloss-before-and-after\/",
        "id":"485192628544034644",
        "name":"weightloss before and after"
      },
      "image":{
        "original":{
          "url":"https:\/\/s-media-cache-ak0.pinimg.com\/originals\/61\/9b\/1a\/619b1ab483308fe62ec0434725ada644.jpg",
          "width":660,
          "height":800
        }
      },
      "counts":{
        "likes":0,
        "comments":0,
        "repins":0
      },
      "id":"485192559834110146",
      "metadata":{
      }
    },
    {
      "attribution":null,
      "creator":{
        "url":"https:\/\/www.pinterest.com\/white42\/",
        "first_name":"Laneise",
        "last_name":"",
        "id":"485192697263437817"
      },
      "url":"https:\/\/www.pinterest.com\/pin\/485192559834110140\/",
      "media":{
        "type":"image"
      },
      "created_at":"2015-10-14T01:56:27",
      "original_link":"http:\/\/gradeighgsr.blogspot.com\/",
      "note":"The Newest FEMALE weight loss program is the best weight loss methods which i ever try.I really lose my weight with the VENUS FACTOR...learn how",
      "color":"#d5ab85",
      "link":"https:\/\/www.pinterest.com\/r\/pin\/485192559834110140\/4779055074072594921\/b204c7b83249381c9bbec7d0babc02e3abb35f2caa3ef536366c41cc7fa22413",
      "board":{
        "url":"https:\/\/www.pinterest.com\/white42\/weightloss-before-and-after\/",
        "id":"485192628544034644",
        "name":"weightloss before and after"
      },
      "image":{
        "original":{
          "url":"https:\/\/s-media-cache-ak0.pinimg.com\/originals\/ef\/a9\/30\/efa9309c19456bd808c80f866188df80.png",
          "width":500,
          "height":440
        }
      },
      "counts":{
        "likes":0,
        "comments":0,
        "repins":0
      },
      "id":"485192559834110140",
      "metadata":{
      }
    },
    {
      "attribution":null,
      "creator":{
        "url":"https:\/\/www.pinterest.com\/white42\/",
        "first_name":"Laneise",
        "last_name":"",
        "id":"485192697263437817"
      },
      "url":"https:\/\/www.pinterest.com\/pin\/485192559834110136\/",
      "media":{
        "type":"image"
      },
      "created_at":"2015-10-14T01:56:20",
      "original_link":"http:\/\/lozeyourvveightforever.blogspot.com\/",
      "note":"When you think of weight loss you probably envision having to overhaul your entire diet, but that's not always necessary. Instead check how Gabiels method and 3 week diet help me loose my weight",
      "color":"#a4acba",
      "link":"https:\/\/www.pinterest.com\/r\/pin\/485192559834110136\/4779055074072594921\/e4321a9129db38cb47e2c1641be04b161f055b938d61a5693443bee9784aa725",
      "board":{
        "url":"https:\/\/www.pinterest.com\/white42\/weightloss-before-and-after\/",
        "id":"485192628544034644",
        "name":"weightloss before and after"
      },
      "image":{
        "original":{
          "url":"https:\/\/s-media-cache-ak0.pinimg.com\/originals\/09\/9f\/36\/099f3630fdccf2d4e3ff3d3cf917b977.jpg",
          "width":493,
          "height":452
        }
      },
      "counts":{
        "likes":0,
        "comments":0,
        "repins":0
      },
      "id":"485192559834110136",
      "metadata":{
      }
    },
    {
      "attribution":null,
      "creator":{
        "url":"https:\/\/www.pinterest.com\/white42\/",
        "first_name":"Laneise",
        "last_name":"",
        "id":"485192697263437817"
      },
      "url":"https:\/\/www.pinterest.com\/pin\/485192559834110132\/",
      "media":{
        "type":"image"
      },
      "created_at":"2015-10-14T01:56:09",
      "original_link":"http:\/\/www.joochiatflorist.com.sg\/",
      "note":"#health #fitness #Weightloss #Diet Best Way to Weight Loss",
      "color":"#5c6862",
      "link":"https:\/\/www.pinterest.com\/r\/pin\/485192559834110132\/4779055074072594921\/33f6d4eac965a3cba6a8522660aac50bcbf7183bf4ba8e03ccac987fa90d7ff9",
      "board":{
        "url":"https:\/\/www.pinterest.com\/white42\/weightloss-before-and-after\/",
        "id":"485192628544034644",
        "name":"weightloss before and after"
      },
      "image":{
        "original":{
          "url":"https:\/\/s-media-cache-ak0.pinimg.com\/originals\/f0\/a4\/95\/f0a495ebe20ffc5f814695fc03fd5b84.png",
          "width":500,
          "height":435
        }
      },
      "counts":{
        "likes":0,
        "comments":0,
        "repins":0
      },
      "id":"485192559834110132",
      "metadata":{
      }
    },
    {
      "attribution":null,
      "creator":{
        "url":"https:\/\/www.pinterest.com\/white42\/",
        "first_name":"Laneise",
        "last_name":"",
        "id":"485192697263437817"
      },
      "url":"https:\/\/www.pinterest.com\/pin\/485192559834110128\/",
      "media":{
        "type":"image"
      },
      "created_at":"2015-10-14T01:56:03",
      "original_link":"http:\/\/northandover.patch.com\/groups\/carieschuster\/p\/green-coffee-bean-max--the-latest-weight-loss-pills-made-from-dr-oz-ingredients",
      "note":"Weight Loss Before & After",
      "color":"#b58372",
      "link":"https:\/\/www.pinterest.com\/r\/pin\/485192559834110128\/4779055074072594921\/682d48bb4ebaebcdacef5a6fa41a99b9b994a0d7ff0c405ec45bb9e9beb1fb62",
      "board":{
        "url":"https:\/\/www.pinterest.com\/white42\/weightloss-before-and-after\/",
        "id":"485192628544034644",
        "name":"weightloss before and after"
      },
      "image":{
        "original":{
          "url":"https:\/\/s-media-cache-ak0.pinimg.com\/originals\/ec\/fa\/40\/ecfa40f555f736e722bc59267180d8e8.jpg",
          "width":586,
          "height":605
        }
      },
      "counts":{
        "likes":0,
        "comments":0,
        "repins":1
      },
      "id":"485192559834110128",
      "metadata":{
      }
    },
    {
      "attribution":null,
      "creator":{
        "url":"https:\/\/www.pinterest.com\/white42\/",
        "first_name":"Laneise",
        "last_name":"",
        "id":"485192697263437817"
      },
      "url":"https:\/\/www.pinterest.com\/pin\/485192559834110096\/",
      "media":{
        "type":"image"
      },
      "created_at":"2015-10-14T01:54:41",
      "original_link":"",
      "note":"Rapid Weight Loss #weightloss #diet #weight_loss #before_and_after #fitspiration #motivation #fat_loss #lose_weight #before_after #fitness #workout",
      "color":"#5b4252",
      "link":"",
      "board":{
        "url":"https:\/\/www.pinterest.com\/white42\/weightloss-before-and-after\/",
        "id":"485192628544034644",
        "name":"weightloss before and after"
      },
      "image":{
        "original":{
          "url":"https:\/\/s-media-cache-ak0.pinimg.com\/originals\/9f\/17\/d3\/9f17d3c929092a8a431252d784613d42.jpg",
          "width":500,
          "height":429
        }
      },
      "counts":{
        "likes":0,
        "comments":0,
        "repins":1
      },
      "id":"485192559834110096",
      "metadata":{
      }
    },
    {
      "attribution":null,
      "creator":{
        "url":"https:\/\/www.pinterest.com\/white42\/",
        "first_name":"Laneise",
        "last_name":"",
        "id":"485192697263437817"
      },
      "url":"https:\/\/www.pinterest.com\/pin\/485192559834110080\/",
      "media":{
        "type":"image"
      },
      "created_at":"2015-10-14T01:53:37",
      "original_link":"http:\/\/www.atthepicketfence.com\/2014\/03\/100-pound-weight-loss.html",
      "note":"Heather before and after 100 pounds - weight loss",
      "color":"#a7736f",
      "link":"https:\/\/www.pinterest.com\/r\/pin\/485192559834110080\/4779055074072594921\/ec99c3e156e4476b9af5306a38c381a368397922b296e9203d5163607465509c",
      "board":{
        "url":"https:\/\/www.pinterest.com\/white42\/weightloss-before-and-after\/",
        "id":"485192628544034644",
        "name":"weightloss before and after"
      },
      "image":{
        "original":{
          "url":"https:\/\/s-media-cache-ak0.pinimg.com\/originals\/a6\/f8\/98\/a6f89872d29bcad6c295903913d48e41.jpg",
          "width":683,
          "height":539
        }
      },
      "counts":{
        "likes":0,
        "comments":0,
        "repins":0
      },
      "id":"485192559834110080",
      "metadata":{
      }
    },
    {
      "attribution":null,
      "creator":{
        "url":"https:\/\/www.pinterest.com\/white42\/",
        "first_name":"Laneise",
        "last_name":"",
        "id":"485192697263437817"
      },
      "url":"https:\/\/www.pinterest.com\/pin\/485192559834110073\/",
      "media":{
        "type":"image"
      },
      "created_at":"2015-10-14T01:53:18",
      "original_link":"http:\/\/www.weightlossphotos.net\/",
      "note":"A great website with the stories and before and after pictures of real people! Using healthy ways to lose weight. Really inspirational! Everyone should check it out",
      "color":"#77756d",
      "link":"https:\/\/www.pinterest.com\/r\/pin\/485192559834110073\/4779055074072594921\/9c0ccced12540c4eb7a809b0fb37be3e6b5bf686be42433cd614cc22bcc28de3",
      "board":{
        "url":"https:\/\/www.pinterest.com\/white42\/weightloss-before-and-after\/",
        "id":"485192628544034644",
        "name":"weightloss before and after"
      },
      "image":{
        "original":{
          "url":"https:\/\/s-media-cache-ak0.pinimg.com\/originals\/93\/41\/2d\/93412d0f83ed65f8a99db57beaafeedc.png",
          "width":508,
          "height":597
        }
      },
      "counts":{
        "likes":0,
        "comments":0,
        "repins":0
      },
      "id":"485192559834110073",
      "metadata":{
      }
    },
    {
      "attribution":null,
      "creator":{
        "url":"https:\/\/www.pinterest.com\/white42\/",
        "first_name":"Laneise",
        "last_name":"",
        "id":"485192697263437817"
      },
      "url":"https:\/\/www.pinterest.com\/pin\/485192559834110068\/",
      "media":{
        "type":"image"
      },
      "created_at":"2015-10-14T01:52:59",
      "original_link":"http:\/\/goodbyebabylon.tumblr.com\/",
      "note":"Eat Clean and work",
      "color":"#a19b62",
      "link":"https:\/\/www.pinterest.com\/r\/pin\/485192559834110068\/4779055074072594921\/a72faf7643bc510b9b9e1b7ef58a76643c99f29c82299dae9559f485a9bf2c3b",
      "board":{
        "url":"https:\/\/www.pinterest.com\/white42\/weightloss-before-and-after\/",
        "id":"485192628544034644",
        "name":"weightloss before and after"
      },
      "image":{
        "original":{
          "url":"https:\/\/s-media-cache-ak0.pinimg.com\/originals\/4e\/82\/1d\/4e821d84c687d0c9ffdf34f9e8fe1797.jpg",
          "width":450,
          "height":450
        }
      },
      "counts":{
        "likes":0,
        "comments":0,
        "repins":0
      },
      "id":"485192559834110068",
      "metadata":{
        "link":{
          "locale":"en",
          "title":"Jamie Lynn Wells",
          "site_name":"goodbyebabylon.tumblr.com",
          "description":"Building My Future on Business Journalism - Journalism Graduate from Dallas, TX",
          "favicon":"https:\/\/s-media-cache-ak0.pinimg.com\/favicons\/d95b61eb27ab802960686272e359a5e50e8d88949cb8423c53374fd1.png?abf33fc5a1e4f561e2c9a00011de96bd"
        }
      }
    }
  ],
  "page":{
    "cursor":"LT40ODUxOTI1NTk4MzQxMTAwNjg6MjQxfDY0YjdjMDZkMTIyNGQ2ZDY5YmQ0MTNiZTE2MTc0N2NmN2RmODNkNzhjMTE1M2M5ZmY3MWFhNGNlYjQyMTQ0Y2M=",
    "next":"https:\/\/api.pinterest.com\/v1\/boards\/white42\/weightloss-before-and-after\/pins\/?access_token=AZlZE-HOK-Y4205yRft75KyYVaauFCBIs8jxSxdCtrJcomAqbQAAAAA&fields=id%2Clink%2Cnote%2Curl%2Cattribution%2Cmedia%2Cmetadata%2Cboard%2Ccolor%2Ccounts%2Ccreated_at%2Ccreator%2Cimage%2Coriginal_link&cursor=LT40ODUxOTI1NTk4MzQxMTAwNjg6MjQxfDY0YjdjMDZkMTIyNGQ2ZDY5YmQ0MTNiZTE2MTc0N2NmN2RmODNkNzhjMTE1M2M5ZmY3MWFhNGNlYjQyMTQ0Y2M%3D"
  }
}
