{
  "data":[
    {
      "attribution":null,
      "creator":{
        "url":"https:\/\/www.pinterest.com\/rhall101511\/",
        "first_name":"Reatha",
        "last_name":"Dake Hall",
        "id":"485051959775075104"
      },
      "url":"https:\/\/www.pinterest.com\/pin\/485051822344255006\/",
      "media":{
        "type":"image"
      },
      "created_at":"2015-06-09T00:39:09",
      "original_link":"",
      "note":"Read weight loss stories from all diet plans @ www.TheWeighWeWere.com See more at http:\/\/theweighwewere.com\/101-4-pounds-down-the-third-times-the-charm\/",
      "color":"#be8879",
      "link":"",
      "board":{
        "url":"https:\/\/www.pinterest.com\/rhall101511\/before-and-after-weightloss-motivation\/",
        "id":"485051891055621099",
        "name":"Before and After Weightloss Motivation"
      },
      "image":{
        "original":{
          "url":"https:\/\/s-media-cache-ak0.pinimg.com\/originals\/48\/ee\/a7\/48eea79586afccdb3e1308545eb1459f.png",
          "width":510,
          "height":507
        }
      },
      "counts":{
        "likes":0,
        "comments":0,
        "repins":0
      },
      "id":"485051822344255006",
      "metadata":{
      }
    },
    {
      "attribution":null,
      "creator":{
        "url":"https:\/\/www.pinterest.com\/rhall101511\/",
        "first_name":"Reatha",
        "last_name":"Dake Hall",
        "id":"485051959775075104"
      },
      "url":"https:\/\/www.pinterest.com\/pin\/485051822344254983\/",
      "media":{
        "type":"image"
      },
      "created_at":"2015-06-09T00:33:57",
      "original_link":"",
      "note":"Read weight loss stories from all diet plans @ www.TheWeighWeWere.com See more at http:\/\/theweighwewere.com\/self-confidence-is-a-beautiful-thing\/",
      "color":"#7a6b67",
      "link":"",
      "board":{
        "url":"https:\/\/www.pinterest.com\/rhall101511\/before-and-after-weightloss-motivation\/",
        "id":"485051891055621099",
        "name":"Before and After Weightloss Motivation"
      },
      "image":{
        "original":{
          "url":"https:\/\/s-media-cache-ak0.pinimg.com\/originals\/be\/f3\/4e\/bef34e4b449ebc82de32b9fb65e685d4.jpg",
          "width":250,
          "height":181
        }
      },
      "counts":{
        "likes":0,
        "comments":0,
        "repins":0
      },
      "id":"485051822344254983",
      "metadata":{
      }
    },
    {
      "attribution":null,
      "creator":{
        "url":"https:\/\/www.pinterest.com\/rhall101511\/",
        "first_name":"Reatha",
        "last_name":"Dake Hall",
        "id":"485051959775075104"
      },
      "url":"https:\/\/www.pinterest.com\/pin\/485051822344254981\/",
      "media":{
        "type":"image"
      },
      "created_at":"2015-06-09T00:33:52",
      "original_link":"",
      "note":"Read weight loss stories from all diet plans @ www.TheWeighWeWere.com See more at http:\/\/theweighwewere.com\/sweet-success\/",
      "color":"#716656",
      "link":"",
      "board":{
        "url":"https:\/\/www.pinterest.com\/rhall101511\/before-and-after-weightloss-motivation\/",
        "id":"485051891055621099",
        "name":"Before and After Weightloss Motivation"
      },
      "image":{
        "original":{
          "url":"https:\/\/s-media-cache-ak0.pinimg.com\/originals\/b2\/83\/65\/b283658fd62883d27a9c7e238b9d4a50.jpg",
          "width":199,
          "height":250
        }
      },
      "counts":{
        "likes":0,
        "comments":0,
        "repins":0
      },
      "id":"485051822344254981",
      "metadata":{
      }
    },
    {
      "attribution":null,
      "creator":{
        "url":"https:\/\/www.pinterest.com\/rhall101511\/",
        "first_name":"Reatha",
        "last_name":"Dake Hall",
        "id":"485051959775075104"
      },
      "url":"https:\/\/www.pinterest.com\/pin\/485051822344254980\/",
      "media":{
        "type":"image"
      },
      "created_at":"2015-06-09T00:33:47",
      "original_link":"",
      "note":"Read weight loss stories from all diet plans @ www.TheWeighWeWere.com See more at http:\/\/theweighwewere.com\/soaring-with-confidence\/",
      "color":"#7a594f",
      "link":"",
      "board":{
        "url":"https:\/\/www.pinterest.com\/rhall101511\/before-and-after-weightloss-motivation\/",
        "id":"485051891055621099",
        "name":"Before and After Weightloss Motivation"
      },
      "image":{
        "original":{
          "url":"https:\/\/s-media-cache-ak0.pinimg.com\/originals\/5f\/21\/b6\/5f21b6f3beed96e3a8d39040ade19032.jpg",
          "width":250,
          "height":178
        }
      },
      "counts":{
        "likes":0,
        "comments":0,
        "repins":0
      },
      "id":"485051822344254980",
      "metadata":{
      }
    },
    {
      "attribution":null,
      "creator":{
        "url":"https:\/\/www.pinterest.com\/rhall101511\/",
        "first_name":"Reatha",
        "last_name":"Dake Hall",
        "id":"485051959775075104"
      },
      "url":"https:\/\/www.pinterest.com\/pin\/485051822344254978\/",
      "media":{
        "type":"image"
      },
      "created_at":"2015-06-09T00:33:41",
      "original_link":"",
      "note":"Read weight loss stories from all diet plans @ www.TheWeighWeWere.com See more at http:\/\/theweighwewere.com\/winning-my-last-battle\/",
      "color":"#7c7481",
      "link":"",
      "board":{
        "url":"https:\/\/www.pinterest.com\/rhall101511\/before-and-after-weightloss-motivation\/",
        "id":"485051891055621099",
        "name":"Before and After Weightloss Motivation"
      },
      "image":{
        "original":{
          "url":"https:\/\/s-media-cache-ak0.pinimg.com\/originals\/61\/c6\/94\/61c694edad987f40a69c63522d5d8df1.jpg",
          "width":250,
          "height":156
        }
      },
      "counts":{
        "likes":0,
        "comments":0,
        "repins":0
      },
      "id":"485051822344254978",
      "metadata":{
      }
    },
    {
      "attribution":null,
      "creator":{
        "url":"https:\/\/www.pinterest.com\/rhall101511\/",
        "first_name":"Reatha",
        "last_name":"Dake Hall",
        "id":"485051959775075104"
      },
      "url":"https:\/\/www.pinterest.com\/pin\/485051822344254977\/",
      "media":{
        "type":"image"
      },
      "created_at":"2015-06-09T00:33:35",
      "original_link":"",
      "note":"Read weight loss stories from all diet plans @ www.TheWeighWeWere.com See more at http:\/\/theweighwewere.com\/measuring-for-success\/",
      "color":"#7b877f",
      "link":"",
      "board":{
        "url":"https:\/\/www.pinterest.com\/rhall101511\/before-and-after-weightloss-motivation\/",
        "id":"485051891055621099",
        "name":"Before and After Weightloss Motivation"
      },
      "image":{
        "original":{
          "url":"https:\/\/s-media-cache-ak0.pinimg.com\/originals\/22\/7a\/85\/227a8531c512edb05a8c71f3dd1cb3f4.jpg",
          "width":250,
          "height":214
        }
      },
      "counts":{
        "likes":0,
        "comments":0,
        "repins":0
      },
      "id":"485051822344254977",
      "metadata":{
      }
    },
    {
      "attribution":null,
      "creator":{
        "url":"https:\/\/www.pinterest.com\/rhall101511\/",
        "first_name":"Reatha",
        "last_name":"Dake Hall",
        "id":"485051959775075104"
      },
      "url":"https:\/\/www.pinterest.com\/pin\/485051822344254976\/",
      "media":{
        "type":"image"
      },
      "created_at":"2015-06-09T00:33:27",
      "original_link":"",
      "note":"Read weight loss stories from all diet plans @ www.TheWeighWeWere.com See more at http:\/\/theweighwewere.com\/partnered-for-success\/",
      "color":"#675654",
      "link":"",
      "board":{
        "url":"https:\/\/www.pinterest.com\/rhall101511\/before-and-after-weightloss-motivation\/",
        "id":"485051891055621099",
        "name":"Before and After Weightloss Motivation"
      },
      "image":{
        "original":{
          "url":"https:\/\/s-media-cache-ak0.pinimg.com\/originals\/e3\/42\/51\/e34251e4711ee878fe6ecdd6ad2d841e.jpg",
          "width":250,
          "height":249
        }
      },
      "counts":{
        "likes":0,
        "comments":0,
        "repins":0
      },
      "id":"485051822344254976",
      "metadata":{
      }
    },
    {
      "attribution":null,
      "creator":{
        "url":"https:\/\/www.pinterest.com\/rhall101511\/",
        "first_name":"Reatha",
        "last_name":"Dake Hall",
        "id":"485051959775075104"
      },
      "url":"https:\/\/www.pinterest.com\/pin\/485051822344254779\/",
      "media":{
        "type":"image"
      },
      "created_at":"2015-06-09T00:16:30",
      "original_link":"",
      "note":"Read weight loss stories from all diet plans @ www.TheWeighWeWere.com See more at http:\/\/theweighwewere.com\/momstudent-lost-166-with-creating-alternatives-to-favorite-foods-getting-active-and-creating-a-support-system-thats-unbeatable\/",
      "color":"#896a60",
      "link":"",
      "board":{
        "url":"https:\/\/www.pinterest.com\/rhall101511\/before-and-after-weightloss-motivation\/",
        "id":"485051891055621099",
        "name":"Before and After Weightloss Motivation"
      },
      "image":{
        "original":{
          "url":"https:\/\/s-media-cache-ak0.pinimg.com\/originals\/80\/47\/5f\/80475fdd0d8fdf4e1b624d6a52fea1a7.jpg",
          "width":600,
          "height":600
        }
      },
      "counts":{
        "likes":0,
        "comments":0,
        "repins":1
      },
      "id":"485051822344254779",
      "metadata":{
      }
    },
    {
      "attribution":null,
      "creator":{
        "url":"https:\/\/www.pinterest.com\/rhall101511\/",
        "first_name":"Reatha",
        "last_name":"Dake Hall",
        "id":"485051959775075104"
      },
      "url":"https:\/\/www.pinterest.com\/pin\/485051822344254775\/",
      "media":{
        "type":"image"
      },
      "created_at":"2015-06-09T00:15:56",
      "original_link":"",
      "note":"Read weight loss stories from all diet plans @ www.TheWeighWeWere.com See more at http:\/\/theweighwewere.com\/when-you-feel-beautiful-you-are-beautiful\/",
      "color":"#7b7280",
      "link":"",
      "board":{
        "url":"https:\/\/www.pinterest.com\/rhall101511\/before-and-after-weightloss-motivation\/",
        "id":"485051891055621099",
        "name":"Before and After Weightloss Motivation"
      },
      "image":{
        "original":{
          "url":"https:\/\/s-media-cache-ak0.pinimg.com\/originals\/ff\/71\/69\/ff71695732048369d2498132c355b68b.jpg",
          "width":203,
          "height":250
        }
      },
      "counts":{
        "likes":0,
        "comments":0,
        "repins":0
      },
      "id":"485051822344254775",
      "metadata":{
      }
    },
    {
      "attribution":null,
      "creator":{
        "url":"https:\/\/www.pinterest.com\/rhall101511\/",
        "first_name":"Reatha",
        "last_name":"Dake Hall",
        "id":"485051959775075104"
      },
      "url":"https:\/\/www.pinterest.com\/pin\/485051822344254773\/",
      "media":{
        "type":"image"
      },
      "created_at":"2015-06-09T00:15:46",
      "original_link":"",
      "note":"Read weight loss stories from all diet plans @ www.TheWeighWeWere.com See more at http:\/\/theweighwewere.com\/my-weight-loss\/",
      "color":"#a68d87",
      "link":"",
      "board":{
        "url":"https:\/\/www.pinterest.com\/rhall101511\/before-and-after-weightloss-motivation\/",
        "id":"485051891055621099",
        "name":"Before and After Weightloss Motivation"
      },
      "image":{
        "original":{
          "url":"https:\/\/s-media-cache-ak0.pinimg.com\/originals\/09\/4c\/7d\/094c7d92f8bcab68953bd8c69ff6809b.jpg",
          "width":504,
          "height":504
        }
      },
      "counts":{
        "likes":0,
        "comments":0,
        "repins":0
      },
      "id":"485051822344254773",
      "metadata":{
      }
    },
    {
      "attribution":null,
      "creator":{
        "url":"https:\/\/www.pinterest.com\/rhall101511\/",
        "first_name":"Reatha",
        "last_name":"Dake Hall",
        "id":"485051959775075104"
      },
      "url":"https:\/\/www.pinterest.com\/pin\/485051822344239784\/",
      "media":{
        "type":"image"
      },
      "created_at":"2015-06-08T00:47:52",
      "original_link":"http:\/\/www.fatlossjunkie.com\/how-to-lose-50-pounds-in-3-months\/",
      "note":"How to Lose 50 Pounds in 3 Months the Right (and Safe) Way",
      "color":"#9c9484",
      "link":"https:\/\/www.pinterest.com\/r\/pin\/485051822344239784\/4779055074072594921\/124a60c40c0b2de10b36afa3b75e11eb7a6c478a96d9fff269714c4b599c50c7",
      "board":{
        "url":"https:\/\/www.pinterest.com\/rhall101511\/before-and-after-weightloss-motivation\/",
        "id":"485051891055621099",
        "name":"Before and After Weightloss Motivation"
      },
      "image":{
        "original":{
          "url":"https:\/\/s-media-cache-ak0.pinimg.com\/originals\/bd\/40\/5c\/bd405cd752be882b7db6740071176693.jpg",
          "width":612,
          "height":612
        }
      },
      "counts":{
        "likes":0,
        "comments":0,
        "repins":1
      },
      "id":"485051822344239784",
      "metadata":{
      }
    },
    {
      "attribution":null,
      "creator":{
        "url":"https:\/\/www.pinterest.com\/rhall101511\/",
        "first_name":"Reatha",
        "last_name":"Dake Hall",
        "id":"485051959775075104"
      },
      "url":"https:\/\/www.pinterest.com\/pin\/485051822344230312\/",
      "media":{
        "type":"image"
      },
      "created_at":"2015-06-07T09:23:25",
      "original_link":"http:\/\/ink361.com\/app\/users\/ig-633594990\/traintoamaze\/photos\/ig-910737279768461001_633594990",
      "note":"Instagram media by traintoamaze - WOW!!!  We are so proud of this girl!  Check out @prissymelissa She lost over 100 pounds and has maintained her weight!  Now she is toning & sculpting!  She has written 3 low-carb eCookbooks, including an ebook outlining the guidelines she eats by!  She shares all parts of her journey on her page! Definitely a good one to follow!  @prissymelissa @prissymelissa",
      "color":"#7d736b",
      "link":"https:\/\/www.pinterest.com\/r\/pin\/485051822344230312\/4779055074072594921\/59d74518904f1cee8d399a79a0dcb6dd9288286e2b1c2534d6ba1d3083b280ce",
      "board":{
        "url":"https:\/\/www.pinterest.com\/rhall101511\/before-and-after-weightloss-motivation\/",
        "id":"485051891055621099",
        "name":"Before and After Weightloss Motivation"
      },
      "image":{
        "original":{
          "url":"https:\/\/s-media-cache-ak0.pinimg.com\/originals\/84\/9b\/7d\/849b7d587823704c248590f831ffd45b.jpg",
          "width":640,
          "height":640
        }
      },
      "counts":{
        "likes":1,
        "comments":0,
        "repins":2
      },
      "id":"485051822344230312",
      "metadata":{
      }
    },
    {
      "attribution":null,
      "creator":{
        "url":"https:\/\/www.pinterest.com\/rhall101511\/",
        "first_name":"Reatha",
        "last_name":"Dake Hall",
        "id":"485051959775075104"
      },
      "url":"https:\/\/www.pinterest.com\/pin\/485051822344197137\/",
      "media":{
        "type":"image"
      },
      "created_at":"2015-06-05T01:37:05",
      "original_link":"http:\/\/virtualweightloss35.blogspot.com\/?ID=727",
      "note":"Fast ways to lose weight",
      "color":"#6d4f48",
      "link":"https:\/\/www.pinterest.com\/r\/pin\/485051822344197137\/4779055074072594921\/ab84842afbcee6784b0c832e646a2dcec5f694a06ca93d8d1595142e2ba0ee25",
      "board":{
        "url":"https:\/\/www.pinterest.com\/rhall101511\/before-and-after-weightloss-motivation\/",
        "id":"485051891055621099",
        "name":"Before and After Weightloss Motivation"
      },
      "image":{
        "original":{
          "url":"https:\/\/s-media-cache-ak0.pinimg.com\/originals\/4e\/15\/ed\/4e15ed9bb529f46bb7be10fb8a9a57c9.jpg",
          "width":383,
          "height":400
        }
      },
      "counts":{
        "likes":0,
        "comments":0,
        "repins":0
      },
      "id":"485051822344197137",
      "metadata":{
      }
    },
    {
      "attribution":null,
      "creator":{
        "url":"https:\/\/www.pinterest.com\/rhall101511\/",
        "first_name":"Reatha",
        "last_name":"Dake Hall",
        "id":"485051959775075104"
      },
      "url":"https:\/\/www.pinterest.com\/pin\/485051822344197128\/",
      "media":{
        "type":"image"
      },
      "created_at":"2015-06-05T01:36:40",
      "original_link":"http:\/\/fat-loss-factory.blogspot.com.br\/2013\/05\/how-to-lose-weight-fast.html",
      "note":"Walking for exercise and weight loss is so easy and natural, it hardly seems like work. Thats the great thing about walking  it can gently transform your health without having to break a sweat!     One simple tip that can instantly boost your fast loss -- guaranteed. Free report on fatburningdietpla...",
      "color":"#95b189",
      "link":"https:\/\/www.pinterest.com\/r\/pin\/485051822344197128\/4779055074072594921\/45a6e2fb664049921e1eb8596e6cffe0679bb7ab5e33d2a5b8fc799e6053730b",
      "board":{
        "url":"https:\/\/www.pinterest.com\/rhall101511\/before-and-after-weightloss-motivation\/",
        "id":"485051891055621099",
        "name":"Before and After Weightloss Motivation"
      },
      "image":{
        "original":{
          "url":"https:\/\/s-media-cache-ak0.pinimg.com\/originals\/a7\/45\/25\/a74525115a8b3f3c19b23c618d7a745a.jpg",
          "width":300,
          "height":300
        }
      },
      "counts":{
        "likes":0,
        "comments":0,
        "repins":0
      },
      "id":"485051822344197128",
      "metadata":{
      }
    },
    {
      "attribution":null,
      "creator":{
        "url":"https:\/\/www.pinterest.com\/rhall101511\/",
        "first_name":"Reatha",
        "last_name":"Dake Hall",
        "id":"485051959775075104"
      },
      "url":"https:\/\/www.pinterest.com\/pin\/485051822344197123\/",
      "media":{
        "type":"image"
      },
      "created_at":"2015-06-05T01:36:19",
      "original_link":"",
      "note":"How To Lose Belly Fat by Walking | 6MinutesToSkinny.akerpub.com #slim waist,  #weight loss",
      "color":"#fefefe",
      "link":"",
      "board":{
        "url":"https:\/\/www.pinterest.com\/rhall101511\/before-and-after-weightloss-motivation\/",
        "id":"485051891055621099",
        "name":"Before and After Weightloss Motivation"
      },
      "image":{
        "original":{
          "url":"https:\/\/s-media-cache-ak0.pinimg.com\/originals\/48\/32\/b4\/4832b4ca1c079d4e83a7555efe0aa8a8.jpg",
          "width":500,
          "height":312
        }
      },
      "counts":{
        "likes":0,
        "comments":0,
        "repins":0
      },
      "id":"485051822344197123",
      "metadata":{
      }
    },
    {
      "attribution":null,
      "creator":{
        "url":"https:\/\/www.pinterest.com\/rhall101511\/",
        "first_name":"Reatha",
        "last_name":"Dake Hall",
        "id":"485051959775075104"
      },
      "url":"https:\/\/www.pinterest.com\/pin\/485051822344197118\/",
      "media":{
        "type":"image"
      },
      "created_at":"2015-06-05T01:35:47",
      "original_link":"http:\/\/christiesfatlosssecret.negeriau.net\/",
      "note":"Look what happen to me in 2 months. DIET FORMULA really works and you can try it out. Hope it will HELP you too! Doctor Oz was Right",
      "color":"#aa9283",
      "link":"https:\/\/www.pinterest.com\/r\/pin\/485051822344197118\/4779055074072594921\/93491c13ff5a85719cc57dbbaca4da0f22c8c58b00e3a603c7c8ca46ff02474e",
      "board":{
        "url":"https:\/\/www.pinterest.com\/rhall101511\/before-and-after-weightloss-motivation\/",
        "id":"485051891055621099",
        "name":"Before and After Weightloss Motivation"
      },
      "image":{
        "original":{
          "url":"https:\/\/s-media-cache-ak0.pinimg.com\/originals\/dd\/8e\/c7\/dd8ec7d1856f4663f72195d83a8e1bf4.jpg",
          "width":236,
          "height":225
        }
      },
      "counts":{
        "likes":0,
        "comments":0,
        "repins":1
      },
      "id":"485051822344197118",
      "metadata":{
      }
    },
    {
      "attribution":null,
      "creator":{
        "url":"https:\/\/www.pinterest.com\/rhall101511\/",
        "first_name":"Reatha",
        "last_name":"Dake Hall",
        "id":"485051959775075104"
      },
      "url":"https:\/\/www.pinterest.com\/pin\/485051822344197109\/",
      "media":{
        "type":"image"
      },
      "created_at":"2015-06-05T01:35:27",
      "original_link":"http:\/\/mealplanstoloseweightfast.blogspot.com\/?ID=701",
      "note":"Ways To Lose Weight",
      "color":"#9f866e",
      "link":"https:\/\/www.pinterest.com\/r\/pin\/485051822344197109\/4779055074072594921\/4a2a4c1028f479b7e5aca66d818baab13089368ac0f865c42f87dbf15242fe4a",
      "board":{
        "url":"https:\/\/www.pinterest.com\/rhall101511\/before-and-after-weightloss-motivation\/",
        "id":"485051891055621099",
        "name":"Before and After Weightloss Motivation"
      },
      "image":{
        "original":{
          "url":"https:\/\/s-media-cache-ak0.pinimg.com\/originals\/2b\/42\/e2\/2b42e290749b6e1967cbeca715abfc01.jpg",
          "width":385,
          "height":401
        }
      },
      "counts":{
        "likes":0,
        "comments":0,
        "repins":1
      },
      "id":"485051822344197109",
      "metadata":{
      }
    },
    {
      "attribution":null,
      "creator":{
        "url":"https:\/\/www.pinterest.com\/rhall101511\/",
        "first_name":"Reatha",
        "last_name":"Dake Hall",
        "id":"485051959775075104"
      },
      "url":"https:\/\/www.pinterest.com\/pin\/485051822344197106\/",
      "media":{
        "type":"image"
      },
      "created_at":"2015-06-05T01:35:22",
      "original_link":"http:\/\/ketosisweightloss.blogspot.com\/%20?ID=927",
      "note":"Trying to lose weight",
      "color":"#76807a",
      "link":"https:\/\/www.pinterest.com\/r\/pin\/485051822344197106\/4779055074072594921\/2aac5c320ebc9209c9501bba76ec7ad7ac6de2732a4602a41f042dad292902ef",
      "board":{
        "url":"https:\/\/www.pinterest.com\/rhall101511\/before-and-after-weightloss-motivation\/",
        "id":"485051891055621099",
        "name":"Before and After Weightloss Motivation"
      },
      "image":{
        "original":{
          "url":"https:\/\/s-media-cache-ak0.pinimg.com\/originals\/11\/59\/b1\/1159b109e4d7a9ed66a6874fb5792754.jpg",
          "width":386,
          "height":400
        }
      },
      "counts":{
        "likes":0,
        "comments":0,
        "repins":2
      },
      "id":"485051822344197106",
      "metadata":{
      }
    },
    {
      "attribution":null,
      "creator":{
        "url":"https:\/\/www.pinterest.com\/rhall101511\/",
        "first_name":"Reatha",
        "last_name":"Dake Hall",
        "id":"485051959775075104"
      },
      "url":"https:\/\/www.pinterest.com\/pin\/485051822344197101\/",
      "media":{
        "type":"image"
      },
      "created_at":"2015-06-05T01:35:06",
      "original_link":"http:\/\/ketosisweightloss.blogspot.com\/%20?ID=1498",
      "note":"How To Lose Weight Fast",
      "color":"#907266",
      "link":"https:\/\/www.pinterest.com\/r\/pin\/485051822344197101\/4779055074072594921\/94ac86c691ad88e5f821a2d228e0c2358d389ee64a5b016b79cd5333bdbefd17",
      "board":{
        "url":"https:\/\/www.pinterest.com\/rhall101511\/before-and-after-weightloss-motivation\/",
        "id":"485051891055621099",
        "name":"Before and After Weightloss Motivation"
      },
      "image":{
        "original":{
          "url":"https:\/\/s-media-cache-ak0.pinimg.com\/originals\/e1\/21\/e9\/e121e921a513ec47048487584d1f51e1.jpg",
          "width":385,
          "height":401
        }
      },
      "counts":{
        "likes":0,
        "comments":0,
        "repins":2
      },
      "id":"485051822344197101",
      "metadata":{
      }
    },
    {
      "attribution":null,
      "creator":{
        "url":"https:\/\/www.pinterest.com\/rhall101511\/",
        "first_name":"Reatha",
        "last_name":"Dake Hall",
        "id":"485051959775075104"
      },
      "url":"https:\/\/www.pinterest.com\/pin\/485051822344197092\/",
      "media":{
        "type":"image"
      },
      "created_at":"2015-06-05T01:34:38",
      "original_link":"http:\/\/howtoloseweightat15.blogspot.com\/?ID=1510",
      "note":"Fast Ways To Lose Weight",
      "color":"#8a6553",
      "link":"https:\/\/www.pinterest.com\/r\/pin\/485051822344197092\/4779055074072594921\/e64b1a95be69fd021eae212a705ac5678d6084c35814a5222b79aa23bcd51743",
      "board":{
        "url":"https:\/\/www.pinterest.com\/rhall101511\/before-and-after-weightloss-motivation\/",
        "id":"485051891055621099",
        "name":"Before and After Weightloss Motivation"
      },
      "image":{
        "original":{
          "url":"https:\/\/s-media-cache-ak0.pinimg.com\/originals\/bf\/22\/61\/bf2261fa5757ffa4c4a077ee53204e95.jpg",
          "width":385,
          "height":401
        }
      },
      "counts":{
        "likes":0,
        "comments":0,
        "repins":1
      },
      "id":"485051822344197092",
      "metadata":{
      }
    },
    {
      "attribution":null,
      "creator":{
        "url":"https:\/\/www.pinterest.com\/rhall101511\/",
        "first_name":"Reatha",
        "last_name":"Dake Hall",
        "id":"485051959775075104"
      },
      "url":"https:\/\/www.pinterest.com\/pin\/485051822344197074\/",
      "media":{
        "type":"image"
      },
      "created_at":"2015-06-05T01:33:45",
      "original_link":"http:\/\/weightlossresorts45.blogspot.com\/?ID=116",
      "note":"Ways To Lose Weight",
      "color":"#d6b89c",
      "link":"https:\/\/www.pinterest.com\/r\/pin\/485051822344197074\/4779055074072594921\/5b4edbf5557aedbda57440eff97e042e1a988fd4ec6a3b922c879578d4a57648",
      "board":{
        "url":"https:\/\/www.pinterest.com\/rhall101511\/before-and-after-weightloss-motivation\/",
        "id":"485051891055621099",
        "name":"Before and After Weightloss Motivation"
      },
      "image":{
        "original":{
          "url":"https:\/\/s-media-cache-ak0.pinimg.com\/originals\/50\/e6\/ea\/50e6ea8782006f6a8f0e8ca4395a7460.jpg",
          "width":385,
          "height":401
        }
      },
      "counts":{
        "likes":1,
        "comments":0,
        "repins":2
      },
      "id":"485051822344197074",
      "metadata":{
      }
    },
    {
      "attribution":null,
      "creator":{
        "url":"https:\/\/www.pinterest.com\/rhall101511\/",
        "first_name":"Reatha",
        "last_name":"Dake Hall",
        "id":"485051959775075104"
      },
      "url":"https:\/\/www.pinterest.com\/pin\/485051822344148689\/",
      "media":{
        "type":"image"
      },
      "created_at":"2015-06-01T18:18:07",
      "original_link":"http:\/\/www.shape.com\/weight-loss\/success-stories\/jaw-dropping-and-after-weight-loss-photos\/slide\/2",
      "note":"Francesca Sims",
      "color":"#49483a",
      "link":"https:\/\/www.pinterest.com\/r\/pin\/485051822344148689\/4779055074072594921\/9c7a59c2cbef3c09934dfe829c75501cb065d46984eb416892395b5a63ef75e5",
      "board":{
        "url":"https:\/\/www.pinterest.com\/rhall101511\/before-and-after-weightloss-motivation\/",
        "id":"485051891055621099",
        "name":"Before and After Weightloss Motivation"
      },
      "image":{
        "original":{
          "url":"https:\/\/s-media-cache-ak0.pinimg.com\/originals\/37\/73\/9b\/37739be29cd6a6d6584e4954f1761703.jpg",
          "width":600,
          "height":600
        }
      },
      "counts":{
        "likes":0,
        "comments":0,
        "repins":1
      },
      "id":"485051822344148689",
      "metadata":{
        "article":{
          "published_at":null,
          "description":"SHAPE readers share the weight loss tips that helped them lose 68, 113, even 180 pounds. Plus, check out the astounding before and after weight loss photos.",
          "name":"Jaw-Dropping Before and After Weight Loss Photos",
          "authors":[]
        },
        "link":{
          "locale":"en",
          "title":"Jaw-Dropping Before and After Weight Loss Photos",
          "site_name":"Shape Magazine",
          "description":"SHAPE readers share the weight loss tips that helped them lose 68, 113, even 180 pounds. Plus, check out the astounding before and after weight loss photos.",
          "favicon":"https:\/\/s-media-cache-ak0.pinimg.com\/favicons\/4d7a99dcc6af9e3c32af7c0df714ff3e8f874e266916bb8f82595730.ico?c1df787338bcc8d66767a3e37d8fd55e"
        }
      }
    },
    {
      "attribution":null,
      "creator":{
        "url":"https:\/\/www.pinterest.com\/rhall101511\/",
        "first_name":"Reatha",
        "last_name":"Dake Hall",
        "id":"485051959775075104"
      },
      "url":"https:\/\/www.pinterest.com\/pin\/485051822344148680\/",
      "media":{
        "type":"image"
      },
      "created_at":"2015-06-01T18:17:26",
      "original_link":"http:\/\/www.shape.com\/weight-loss\/success-stories\/jaw-dropping-and-after-weight-loss-photos",
      "note":"Jennifer Serrano-Ronca",
      "color":"#726c6a",
      "link":"https:\/\/www.pinterest.com\/r\/pin\/485051822344148680\/4779055074072594921\/5af89a6f4bd7b790c220b3a59d9188434c27d797820edd43bded5ae347d89daa",
      "board":{
        "url":"https:\/\/www.pinterest.com\/rhall101511\/before-and-after-weightloss-motivation\/",
        "id":"485051891055621099",
        "name":"Before and After Weightloss Motivation"
      },
      "image":{
        "original":{
          "url":"https:\/\/s-media-cache-ak0.pinimg.com\/originals\/11\/ea\/a2\/11eaa23728432495c6c4b6d67d3a295e.jpg",
          "width":600,
          "height":600
        }
      },
      "counts":{
        "likes":0,
        "comments":0,
        "repins":0
      },
      "id":"485051822344148680",
      "metadata":{
        "article":{
          "published_at":null,
          "description":"SHAPE readers share the weight loss tips that helped them lose 68, 113, even 180 pounds. Plus, check out the astounding before and after weight loss photos.",
          "name":"Jaw-Dropping Before and After Weight Loss Photos",
          "authors":[]
        },
        "link":{
          "locale":"en",
          "title":"Jaw-Dropping Before and After Weight Loss Photos",
          "site_name":"Shape Magazine",
          "description":"SHAPE readers share the weight loss tips that helped them lose 68, 113, even 180 pounds. Plus, check out the astounding before and after weight loss photos.",
          "favicon":"https:\/\/s-media-cache-ak0.pinimg.com\/favicons\/52d979f1f57501fde4581cda51e367f313163471a6cd987f0b91066e.ico?a613807139707004dbbca95884855897"
        }
      }
    },
    {
      "attribution":null,
      "creator":{
        "url":"https:\/\/www.pinterest.com\/rhall101511\/",
        "first_name":"Reatha",
        "last_name":"Dake Hall",
        "id":"485051959775075104"
      },
      "url":"https:\/\/www.pinterest.com\/pin\/485051822344136905\/",
      "media":{
        "type":"image"
      },
      "created_at":"2015-05-31T22:35:44",
      "original_link":"http:\/\/www.fitnessmagazine.com\/weight-loss\/success-stories\/116-pound-weight-loss\/",
      "note":"Weight-Loss Success Story \u2013 How Weight Loss Led to Career Success | Fitness Magazine",
      "color":"#d9b05f",
      "link":"https:\/\/www.pinterest.com\/r\/pin\/485051822344136905\/4779055074072594921\/e73102edd1aa02b7d668b94fb5bf53c3acf5ad74844ca028b49c2bb8061fdb84",
      "board":{
        "url":"https:\/\/www.pinterest.com\/rhall101511\/before-and-after-weightloss-motivation\/",
        "id":"485051891055621099",
        "name":"Before and After Weightloss Motivation"
      },
      "image":{
        "original":{
          "url":"https:\/\/s-media-cache-ak0.pinimg.com\/originals\/34\/42\/6f\/34426f850bfe68e52b38b0c1cd655318.jpg",
          "width":360,
          "height":540
        }
      },
      "counts":{
        "likes":1,
        "comments":0,
        "repins":5
      },
      "id":"485051822344136905",
      "metadata":{
        "article":{
          "published_at":null,
          "description":"How one woman finally shed the excess weight\u2014and a dead-end career\u2014to follow her dreams.",
          "name":"\"I Lost 116 Pounds and Found My Dream Job\"",
          "authors":[]
        },
        "link":{
          "locale":"en",
          "title":"\"I Lost 116 Pounds and Found My Dream Job\"",
          "site_name":"Fitness Magazine",
          "description":"How one woman finally shed the excess weight\u2014and a dead-end career\u2014to follow her dreams.",
          "favicon":"https:\/\/s-media-cache-ak0.pinimg.com\/favicons\/df275a579f1d994bb50095cae4e0e15b707fcfd83764b22800c6dbf5.ico?0e233e48bd810737b467489d4a02af0b"
        }
      }
    },
    {
      "attribution":null,
      "creator":{
        "url":"https:\/\/www.pinterest.com\/rhall101511\/",
        "first_name":"Reatha",
        "last_name":"Dake Hall",
        "id":"485051959775075104"
      },
      "url":"https:\/\/www.pinterest.com\/pin\/485051822344136856\/",
      "media":{
        "type":"image"
      },
      "created_at":"2015-05-31T22:32:00",
      "original_link":"http:\/\/www.fitnessmagazine.com\/weight-loss\/success-stories\/?page=1",
      "note":"Weight Loss Success Stories | Fitness Magazine",
      "color":"#484047",
      "link":"https:\/\/www.pinterest.com\/r\/pin\/485051822344136856\/4779055074072594921\/ddb813ee8f20f9b45f4fec33aedc534361a5edb8026eacc0bc894e4deb0974c8",
      "board":{
        "url":"https:\/\/www.pinterest.com\/rhall101511\/before-and-after-weightloss-motivation\/",
        "id":"485051891055621099",
        "name":"Before and After Weightloss Motivation"
      },
      "image":{
        "original":{
          "url":"https:\/\/s-media-cache-ak0.pinimg.com\/originals\/43\/c1\/37\/43c137136ec20d62daff9ee337e0f74b.jpg",
          "width":300,
          "height":450
        }
      },
      "counts":{
        "likes":0,
        "comments":0,
        "repins":0
      },
      "id":"485051822344136856",
      "metadata":{
      }
    }
  ],
  "page":{
    "cursor":"LT40ODUwNTE4MjIzNDQxMzY4NTY6NTUzfDJiZDlkZDUzNDc3MjFlNjQ3NTM2OWMyMmQyMmI4NmFiNjk5MzU2ZTMyYmM0ZGRkNTM2ZjVkY2NkNTMwM2UyMDk=",
    "next":"https:\/\/api.pinterest.com\/v1\/boards\/rhall101511\/before-and-after-weightloss-motivation\/pins\/?access_token=AZlZE-HOK-Y4205yRft75KyYVaauFCBIs8jxSxdCtrJcomAqbQAAAAA&fields=id%2Clink%2Cnote%2Curl%2Cattribution%2Cmedia%2Cmetadata%2Cboard%2Ccolor%2Ccounts%2Ccreated_at%2Ccreator%2Cimage%2Coriginal_link&cursor=LT40ODUwNTE4MjIzNDQxMzY4NTY6NTUzfDJiZDlkZDUzNDc3MjFlNjQ3NTM2OWMyMmQyMmI4NmFiNjk5MzU2ZTMyYmM0ZGRkNTM2ZjVkY2NkNTMwM2UyMDk%3D"
  }
}
