{
  "data":[
    {
      "attribution":null,
      "creator":{
        "url":"https:\/\/www.pinterest.com\/sbedz\/",
        "first_name":"Stephanie",
        "last_name":"Bednarz",
        "id":"319333567236678112"
      },
      "url":"https:\/\/www.pinterest.com\/pin\/319333429808750244\/",
      "media":{
        "type":"image"
      },
      "created_at":"2015-12-13T22:19:14",
      "original_link":"http:\/\/www.goodhousekeeping.com\/health\/weight-loss\/how-i-finally-lost-weight",
      "note":"Together, this mom of two and her husband lost 219 pounds \u2014 here's how they did it. #weightloss #inspiration",
      "color":"#9c777a",
      "link":"https:\/\/www.pinterest.com\/r\/pin\/319333429808750244\/4779055074072594921\/b264237b8d50238bd5b051457c4479bdf3c7796b1e602d83fb9e1827a9931595",
      "board":{
        "url":"https:\/\/www.pinterest.com\/sbedz\/weightloss-before-and-after\/",
        "id":"319333498517324844",
        "name":"Weightloss Before and After"
      },
      "image":{
        "original":{
          "url":"https:\/\/s-media-cache-ak0.pinimg.com\/originals\/f5\/cc\/e1\/f5cce1ae802f0bb547f4064e93a96e10.jpg",
          "width":300,
          "height":300
        }
      },
      "counts":{
        "likes":0,
        "comments":0,
        "repins":1
      },
      "id":"319333429808750244",
      "metadata":{
        "article":{
          "published_at":"2014-02-04T00:00:00",
          "description":"What finally motivated this mom of two to get in shape.",
          "name":"\"How I Finally Lost 149 Pounds\"",
          "authors":[
            {
              "name":"Amber Lindemann"
            },
            {
              "name":"Lane Moore"
            },
            {
              "name":"Rachel Swalin"
            },
            {
              "name":"Kara Wahlgren"
            },
            {
              "name":"Caroline Picard"
            }
          ]
        },
        "link":{
          "locale":"en",
          "title":"\"How I Finally Lost 149 Pounds\"",
          "site_name":"Good Housekeeping",
          "description":"Together, this mom of two and her husband lost 219 pounds -- here's how they did it.",
          "favicon":"https:\/\/s-media-cache-ak0.pinimg.com\/favicons\/4a097cc5a834b30e0e94b4fde0906819a13fd7858dbdc481eb9c6ba1.ico?75c2b0373dc44cddb55b83d9453ad7e2"
        }
      }
    },
    {
      "attribution":null,
      "creator":{
        "url":"https:\/\/www.pinterest.com\/sbedz\/",
        "first_name":"Stephanie",
        "last_name":"Bednarz",
        "id":"319333567236678112"
      },
      "url":"https:\/\/www.pinterest.com\/pin\/319333429808750231\/",
      "media":{
        "type":"image"
      },
      "created_at":"2015-12-13T22:18:55",
      "original_link":"https:\/\/www.itsuxtobefat.com\/weight-loss\/success-stories\/weight-loss-success-story-chelsea-miller",
      "note":"Chelsea lost 52 pounds with Weight Watchers. This story is so inspirational! #weightwatchers #weightloss",
      "color":"#dab698",
      "link":"https:\/\/www.pinterest.com\/r\/pin\/319333429808750231\/4779055074072594921\/09b8edf6e63f191617478606bbc7bd08242922d2c16bd4620a430f8f798d95a3",
      "board":{
        "url":"https:\/\/www.pinterest.com\/sbedz\/weightloss-before-and-after\/",
        "id":"319333498517324844",
        "name":"Weightloss Before and After"
      },
      "image":{
        "original":{
          "url":"https:\/\/s-media-cache-ak0.pinimg.com\/originals\/c8\/de\/15\/c8de15be985e4809a147415f93ed60a7.jpg",
          "width":612,
          "height":612
        }
      },
      "counts":{
        "likes":0,
        "comments":0,
        "repins":1
      },
      "id":"319333429808750231",
      "metadata":{
      }
    },
    {
      "attribution":null,
      "creator":{
        "url":"https:\/\/www.pinterest.com\/sbedz\/",
        "first_name":"Stephanie",
        "last_name":"Bednarz",
        "id":"319333567236678112"
      },
      "url":"https:\/\/www.pinterest.com\/pin\/319333429808750179\/",
      "media":{
        "type":"image"
      },
      "created_at":"2015-12-13T22:16:45",
      "original_link":"http:\/\/www.nerdfitness.com\/blog\/2013\/03\/25\/robin\/",
      "note":"How Robin Lost Over 100 Pounds: A Scout's Life",
      "color":"#a26c41",
      "link":"https:\/\/www.pinterest.com\/r\/pin\/319333429808750179\/4779055074072594921\/fb201c094f5b4c357ee76842c222550aae370930ba623873e18d836cc924783f",
      "board":{
        "url":"https:\/\/www.pinterest.com\/sbedz\/weightloss-before-and-after\/",
        "id":"319333498517324844",
        "name":"Weightloss Before and After"
      },
      "image":{
        "original":{
          "url":"https:\/\/s-media-cache-ak0.pinimg.com\/originals\/c0\/bb\/70\/c0bb70e5e38c9dd5e5ebdaea828af6f7.jpg",
          "width":381,
          "height":365
        }
      },
      "counts":{
        "likes":1,
        "comments":0,
        "repins":1
      },
      "id":"319333429808750179",
      "metadata":{
      }
    },
    {
      "attribution":null,
      "creator":{
        "url":"https:\/\/www.pinterest.com\/sbedz\/",
        "first_name":"Stephanie",
        "last_name":"Bednarz",
        "id":"319333567236678112"
      },
      "url":"https:\/\/www.pinterest.com\/pin\/319333429808741744\/",
      "media":{
        "type":"image"
      },
      "created_at":"2015-12-13T07:04:35",
      "original_link":"https:\/\/www.google.com\/blank.html",
      "note":"::motivation::",
      "color":"#73706a",
      "link":"https:\/\/www.pinterest.com\/r\/pin\/319333429808741744\/4779055074072594921\/8d566778b671cd16d6773137833cb5d0acdb0ed3678f480dbb5920d0dd852302",
      "board":{
        "url":"https:\/\/www.pinterest.com\/sbedz\/weightloss-before-and-after\/",
        "id":"319333498517324844",
        "name":"Weightloss Before and After"
      },
      "image":{
        "original":{
          "url":"https:\/\/s-media-cache-ak0.pinimg.com\/originals\/68\/41\/5d\/68415d792c8e5aebed2c46a6a0ea9021.jpg",
          "width":285,
          "height":300
        }
      },
      "counts":{
        "likes":0,
        "comments":0,
        "repins":0
      },
      "id":"319333429808741744",
      "metadata":{
      }
    },
    {
      "attribution":null,
      "creator":{
        "url":"https:\/\/www.pinterest.com\/sbedz\/",
        "first_name":"Stephanie",
        "last_name":"Bednarz",
        "id":"319333567236678112"
      },
      "url":"https:\/\/www.pinterest.com\/pin\/319333429808741741\/",
      "media":{
        "type":"image"
      },
      "created_at":"2015-12-13T07:04:27",
      "original_link":"http:\/\/imgarcade.com\/1\/gastric-sleeve-before-and-after\/",
      "note":" ",
      "color":"#a69383",
      "link":"https:\/\/www.pinterest.com\/r\/pin\/319333429808741741\/4779055074072594921\/071b3aee2812c8433fad54dadf5e5ad609c66c40794b3f0b3f153096a9b674a4",
      "board":{
        "url":"https:\/\/www.pinterest.com\/sbedz\/weightloss-before-and-after\/",
        "id":"319333498517324844",
        "name":"Weightloss Before and After"
      },
      "image":{
        "original":{
          "url":"https:\/\/s-media-cache-ak0.pinimg.com\/originals\/c3\/cd\/d6\/c3cdd65c1c0960ac8d1a0ec288b3793a.jpg",
          "width":527,
          "height":527
        }
      },
      "counts":{
        "likes":0,
        "comments":0,
        "repins":0
      },
      "id":"319333429808741741",
      "metadata":{
      }
    },
    {
      "attribution":null,
      "creator":{
        "url":"https:\/\/www.pinterest.com\/sbedz\/",
        "first_name":"Stephanie",
        "last_name":"Bednarz",
        "id":"319333567236678112"
      },
      "url":"https:\/\/www.pinterest.com\/pin\/319333429808718351\/",
      "media":{
        "type":"image"
      },
      "created_at":"2015-12-11T18:08:54",
      "original_link":"http:\/\/www.blackweightlosssuccess.com\/deahna-lost-148-pounds\/#.VmoaboT5zVo#1ulp016z.68576.pi",
      "note":"DeAhna lost 148 pounds. At 310 pounds, this awesome mom knew that she needed to change her eating habits to improve her health and live a long life.",
      "color":"#766160",
      "link":"https:\/\/www.pinterest.com\/r\/pin\/319333429808718351\/4779055074072594921\/83de448694885dfb35bc8b4be0d9803b936be31f927829a99fd6c226ade47452",
      "board":{
        "url":"https:\/\/www.pinterest.com\/sbedz\/weightloss-before-and-after\/",
        "id":"319333498517324844",
        "name":"Weightloss Before and After"
      },
      "image":{
        "original":{
          "url":"https:\/\/s-media-cache-ak0.pinimg.com\/originals\/c2\/e4\/28\/c2e428ff7661614a7affca1a3ebf578c.jpg",
          "width":515,
          "height":515
        }
      },
      "counts":{
        "likes":0,
        "comments":0,
        "repins":0
      },
      "id":"319333429808718351",
      "metadata":{
      }
    },
    {
      "attribution":null,
      "creator":{
        "url":"https:\/\/www.pinterest.com\/sbedz\/",
        "first_name":"Stephanie",
        "last_name":"Bednarz",
        "id":"319333567236678112"
      },
      "url":"https:\/\/www.pinterest.com\/pin\/319333429808718313\/",
      "media":{
        "type":"image"
      },
      "created_at":"2015-12-11T18:05:37",
      "original_link":"https:\/\/www.yahoo.com\/health\/157-pounds-lost-erica-drops-half-her-body-weight-113904746023.html?soc_src=unv-sh&soc_trk=pi",
      "note":"157 Pounds Lost: Erica Drops Half Her Body Weight in a Year",
      "color":"#6d4061",
      "link":"https:\/\/www.pinterest.com\/r\/pin\/319333429808718313\/4779055074072594921\/54a724dd99dd01ca125c366456532bb9976fc5c0eb5239447badeda5158e266c",
      "board":{
        "url":"https:\/\/www.pinterest.com\/sbedz\/weightloss-before-and-after\/",
        "id":"319333498517324844",
        "name":"Weightloss Before and After"
      },
      "image":{
        "original":{
          "url":"https:\/\/s-media-cache-ak0.pinimg.com\/originals\/aa\/a7\/35\/aaa735ff7748dadb901a1efeb9e4818d.jpg",
          "width":320,
          "height":320
        }
      },
      "counts":{
        "likes":1,
        "comments":0,
        "repins":1
      },
      "id":"319333429808718313",
      "metadata":{
        "article":{
          "published_at":null,
          "description":"My 2-year-old son asked me to play with him. The mere thought of getting up was so exhausting that I told him no. That was terrifying.",
          "name":"157 Pounds Lost: Erica Drops Half Her Body Weight in a Year",
          "authors":[]
        },
        "link":{
          "locale":"en_US",
          "title":"157 Pounds Lost: Erica Drops Half Her Body Weight in a Year",
          "site_name":"yahoo.com",
          "description":"My 2-year-old son asked me to play with him. The mere thought of getting up was so exhausting that I told him no. That was terrifying.",
          "favicon":"https:\/\/s-media-cache-ak0.pinimg.com\/favicons\/60a539bc35d9191266037a8f2fa79cbf58f318a774751388554edb62.ico?9796ed786d95606d51be9dab54fb5350"
        }
      }
    },
    {
      "attribution":null,
      "creator":{
        "url":"https:\/\/www.pinterest.com\/sbedz\/",
        "first_name":"Stephanie",
        "last_name":"Bednarz",
        "id":"319333567236678112"
      },
      "url":"https:\/\/www.pinterest.com\/pin\/319333429808661989\/",
      "media":{
        "type":"image"
      },
      "created_at":"2015-12-07T09:12:18",
      "original_link":"http:\/\/www.beforeaftermakeup.com\/gastric-sleeve-before-and-after\/",
      "note":"Sleeve Gastrectomy Before and After | GASTRIC SLEEVE BEFORE AND AFTER",
      "color":"#978c81",
      "link":"https:\/\/www.pinterest.com\/r\/pin\/319333429808661989\/4779055074072594921\/ed16275fdd4c6162c4406aa979e5fa7c092fc81f34d8455c69a8af5d1dde3495",
      "board":{
        "url":"https:\/\/www.pinterest.com\/sbedz\/weightloss-before-and-after\/",
        "id":"319333498517324844",
        "name":"Weightloss Before and After"
      },
      "image":{
        "original":{
          "url":"https:\/\/s-media-cache-ak0.pinimg.com\/originals\/0c\/6d\/5e\/0c6d5e6310d1997021b76ec5ac868dd5.jpg",
          "width":450,
          "height":300
        }
      },
      "counts":{
        "likes":0,
        "comments":0,
        "repins":0
      },
      "id":"319333429808661989",
      "metadata":{
      }
    },
    {
      "attribution":null,
      "creator":{
        "url":"https:\/\/www.pinterest.com\/sbedz\/",
        "first_name":"Stephanie",
        "last_name":"Bednarz",
        "id":"319333567236678112"
      },
      "url":"https:\/\/www.pinterest.com\/pin\/319333429808577853\/",
      "media":{
        "type":"image"
      },
      "created_at":"2015-12-02T01:52:19",
      "original_link":"http:\/\/www.pinterest.com\/kayleighnycole\/gastric-sleeve\/",
      "note":"gastric sleeve before and after pics - Google Search",
      "color":"#c5bca4",
      "link":"https:\/\/www.pinterest.com\/r\/pin\/319333429808577853\/4779055074072594921\/69012923712201f16f2dc05fc9f9c8649ef63d4f94044dcbfbbdb6f887aa4d3d",
      "board":{
        "url":"https:\/\/www.pinterest.com\/sbedz\/weightloss-before-and-after\/",
        "id":"319333498517324844",
        "name":"Weightloss Before and After"
      },
      "image":{
        "original":{
          "url":"https:\/\/s-media-cache-ak0.pinimg.com\/originals\/c0\/5d\/12\/c05d12f980eebccabc81f6897a4de3c6.jpg",
          "width":236,
          "height":222
        }
      },
      "counts":{
        "likes":0,
        "comments":0,
        "repins":0
      },
      "id":"319333429808577853",
      "metadata":{
      }
    },
    {
      "attribution":null,
      "creator":{
        "url":"https:\/\/www.pinterest.com\/sbedz\/",
        "first_name":"Stephanie",
        "last_name":"Bednarz",
        "id":"319333567236678112"
      },
      "url":"https:\/\/www.pinterest.com\/pin\/319333429808577845\/",
      "media":{
        "type":"image"
      },
      "created_at":"2015-12-02T01:51:50",
      "original_link":"http:\/\/sarah12wbt.tumblr.com\/",
      "note":"sarahmcgee:  There was a time when I believed my weight was an uncontrollable. I had been over 100kg since I was 10 or 11  had just accepted obesity as life. What I didn\u2019t realize was that my \u201cweight was just a reaction to my life\u201d (to quote @Cathy Ma Ma Sheargold ) and the more",
      "color":"#a2878a",
      "link":"https:\/\/www.pinterest.com\/r\/pin\/319333429808577845\/4779055074072594921\/2a1fe378f22e4a099b7ab99bca094f323db20b9be60b01f9ca472af50e50a2db",
      "board":{
        "url":"https:\/\/www.pinterest.com\/sbedz\/weightloss-before-and-after\/",
        "id":"319333498517324844",
        "name":"Weightloss Before and After"
      },
      "image":{
        "original":{
          "url":"https:\/\/s-media-cache-ak0.pinimg.com\/originals\/2c\/47\/85\/2c478567c7f865f508bd25be75bd9e24.jpg",
          "width":612,
          "height":612
        }
      },
      "counts":{
        "likes":0,
        "comments":0,
        "repins":2
      },
      "id":"319333429808577845",
      "metadata":{
        "link":{
          "locale":"en",
          "title":"Diary of an Ex-Fattie",
          "site_name":"sarah12wbt.tumblr.com",
          "description":"Sarah. 24. On a mission to embrace my brokeness and my brilliance. Be both bold and vulnurable & speak with Brutal honesty along the way. Round 4 of 12WBT, Month 9 of changing my life. SW: 160kg\/352lb...",
          "favicon":"https:\/\/s-media-cache-ak0.pinimg.com\/favicons\/c893c1a3649cbe9f47ca0ba696a124a0ac4e95ccc6e79c7af58206ff.png?492f1a3f884991d7116737c6abcc1905"
        }
      }
    },
    {
      "attribution":null,
      "creator":{
        "url":"https:\/\/www.pinterest.com\/sbedz\/",
        "first_name":"Stephanie",
        "last_name":"Bednarz",
        "id":"319333567236678112"
      },
      "url":"https:\/\/www.pinterest.com\/pin\/319333429808577838\/",
      "media":{
        "type":"image"
      },
      "created_at":"2015-12-02T01:51:37",
      "original_link":"http:\/\/3weekseasyweightloss.blogspot.com\/",
      "note":"Before and After Weight Loss Success Story Photo - Inspiration for all the girl #melted up to 23 pounds of stubborn fat in 3 weeks#",
      "color":"#937c6a",
      "link":"https:\/\/www.pinterest.com\/r\/pin\/319333429808577838\/4779055074072594921\/a49fcb00482068b90089e68bd0866f40fbc8d6fd51f5810cfda704d7d5b3d779",
      "board":{
        "url":"https:\/\/www.pinterest.com\/sbedz\/weightloss-before-and-after\/",
        "id":"319333498517324844",
        "name":"Weightloss Before and After"
      },
      "image":{
        "original":{
          "url":"https:\/\/s-media-cache-ak0.pinimg.com\/originals\/ea\/73\/f2\/ea73f28fa61025a6aaee44cf0358be87.jpg",
          "width":604,
          "height":597
        }
      },
      "counts":{
        "likes":0,
        "comments":0,
        "repins":0
      },
      "id":"319333429808577838",
      "metadata":{
      }
    },
    {
      "attribution":null,
      "creator":{
        "url":"https:\/\/www.pinterest.com\/sbedz\/",
        "first_name":"Stephanie",
        "last_name":"Bednarz",
        "id":"319333567236678112"
      },
      "url":"https:\/\/www.pinterest.com\/pin\/319333429808577834\/",
      "media":{
        "type":"image"
      },
      "created_at":"2015-12-02T01:51:21",
      "original_link":"",
      "note":"Before and After Weightloss Pics",
      "color":"#d4af8f",
      "link":"",
      "board":{
        "url":"https:\/\/www.pinterest.com\/sbedz\/weightloss-before-and-after\/",
        "id":"319333498517324844",
        "name":"Weightloss Before and After"
      },
      "image":{
        "original":{
          "url":"https:\/\/s-media-cache-ak0.pinimg.com\/originals\/7d\/ee\/6c\/7dee6c503ca602fdce272b82eb6fe570.jpg",
          "width":534,
          "height":534
        }
      },
      "counts":{
        "likes":0,
        "comments":0,
        "repins":1
      },
      "id":"319333429808577834",
      "metadata":{
      }
    },
    {
      "attribution":null,
      "creator":{
        "url":"https:\/\/www.pinterest.com\/sbedz\/",
        "first_name":"Stephanie",
        "last_name":"Bednarz",
        "id":"319333567236678112"
      },
      "url":"https:\/\/www.pinterest.com\/pin\/319333429808577832\/",
      "media":{
        "type":"image"
      },
      "created_at":"2015-12-02T01:51:10",
      "original_link":"http:\/\/dietsroom.com\/fitness-one-of-the-necessary-pre-condition-for-keeping-slim-body\/",
      "note":"260 lbs - 135 lbs before and after",
      "color":"#63504b",
      "link":"https:\/\/www.pinterest.com\/r\/pin\/319333429808577832\/4779055074072594921\/3770869f4764d30cf11ba71495bddcec9016dfc7c9d2311df463d8b84c2e83af",
      "board":{
        "url":"https:\/\/www.pinterest.com\/sbedz\/weightloss-before-and-after\/",
        "id":"319333498517324844",
        "name":"Weightloss Before and After"
      },
      "image":{
        "original":{
          "url":"https:\/\/s-media-cache-ak0.pinimg.com\/originals\/ab\/52\/2b\/ab522bde7ef5589bf67d9b232404360c.jpg",
          "width":550,
          "height":1234
        }
      },
      "counts":{
        "likes":0,
        "comments":0,
        "repins":1
      },
      "id":"319333429808577832",
      "metadata":{
      }
    },
    {
      "attribution":null,
      "creator":{
        "url":"https:\/\/www.pinterest.com\/sbedz\/",
        "first_name":"Stephanie",
        "last_name":"Bednarz",
        "id":"319333567236678112"
      },
      "url":"https:\/\/www.pinterest.com\/pin\/319333429808577813\/",
      "media":{
        "type":"image"
      },
      "created_at":"2015-12-02T01:49:32",
      "original_link":"",
      "note":",",
      "color":"#846f7e",
      "link":"",
      "board":{
        "url":"https:\/\/www.pinterest.com\/sbedz\/weightloss-before-and-after\/",
        "id":"319333498517324844",
        "name":"Weightloss Before and After"
      },
      "image":{
        "original":{
          "url":"https:\/\/s-media-cache-ak0.pinimg.com\/originals\/6a\/b7\/0c\/6ab70c84c65199845b444086f4f2d9ea.jpg",
          "width":640,
          "height":621
        }
      },
      "counts":{
        "likes":0,
        "comments":0,
        "repins":4
      },
      "id":"319333429808577813",
      "metadata":{
      }
    },
    {
      "attribution":null,
      "creator":{
        "url":"https:\/\/www.pinterest.com\/sbedz\/",
        "first_name":"Stephanie",
        "last_name":"Bednarz",
        "id":"319333567236678112"
      },
      "url":"https:\/\/www.pinterest.com\/pin\/319333429808577807\/",
      "media":{
        "type":"image"
      },
      "created_at":"2015-12-02T01:48:54",
      "original_link":"http:\/\/beforeandafterweightloss.tumblr.com\/",
      "note":"Alana is looking great. This photo shows her 80 pound loss (in 6 months) and she is not done yet! She\u2019s 5\u20192. If you are wondering what her strategy is read her blog at\u00a0http:\/\/onmywaytohealthy.tumblr.com\/mystory.  Wishing her continued weight loss success.\u00a0  onmywaytohealthy:    Official six month progress photo!",
      "color":"#94606c",
      "link":"https:\/\/www.pinterest.com\/r\/pin\/319333429808577807\/4779055074072594921\/9fd14ab5694ec538095fab62e7f6d0c4ff9547c9bec76d8c4cc7aab5b3db41e9",
      "board":{
        "url":"https:\/\/www.pinterest.com\/sbedz\/weightloss-before-and-after\/",
        "id":"319333498517324844",
        "name":"Weightloss Before and After"
      },
      "image":{
        "original":{
          "url":"https:\/\/s-media-cache-ak0.pinimg.com\/originals\/61\/6d\/13\/616d13ac433861e14564ad9daf72f791.jpg",
          "width":483,
          "height":474
        }
      },
      "counts":{
        "likes":0,
        "comments":0,
        "repins":0
      },
      "id":"319333429808577807",
      "metadata":{
      }
    },
    {
      "attribution":null,
      "creator":{
        "url":"https:\/\/www.pinterest.com\/sbedz\/",
        "first_name":"Stephanie",
        "last_name":"Bednarz",
        "id":"319333567236678112"
      },
      "url":"https:\/\/www.pinterest.com\/pin\/319333429808577802\/",
      "media":{
        "type":"image"
      },
      "created_at":"2015-12-02T01:48:40",
      "original_link":"",
      "note":"Life is soooo good gastric sleeve. Before and after still in the process!",
      "color":"#998270",
      "link":"",
      "board":{
        "url":"https:\/\/www.pinterest.com\/sbedz\/weightloss-before-and-after\/",
        "id":"319333498517324844",
        "name":"Weightloss Before and After"
      },
      "image":{
        "original":{
          "url":"https:\/\/s-media-cache-ak0.pinimg.com\/originals\/ff\/26\/7c\/ff267c9a1cd0248dde9138b1125376bf.jpg",
          "width":1936,
          "height":1936
        }
      },
      "counts":{
        "likes":0,
        "comments":0,
        "repins":1
      },
      "id":"319333429808577802",
      "metadata":{
      }
    },
    {
      "attribution":null,
      "creator":{
        "url":"https:\/\/www.pinterest.com\/sbedz\/",
        "first_name":"Stephanie",
        "last_name":"Bednarz",
        "id":"319333567236678112"
      },
      "url":"https:\/\/www.pinterest.com\/pin\/319333429808285352\/",
      "media":{
        "type":"image"
      },
      "created_at":"2015-11-11T06:51:46",
      "original_link":"http:\/\/puffin-to-lose-the-muffin.tumblr.com\/image\/39984859107",
      "note":"40KG BEFORE & AFTER it\u2019s nearly been a year since i started this weight loss journey. i lost 40kg through calorie counting and exercise. you will notice my scar in my last photo. in november 2012 i had a tummy tuck and arm lift to remove excess skin. i also had a breast lift with augmentation to restore my previous breast size. the skin surgery removed 2kg worth of skin. any questions, you can find me at puffin-to-lose-the-muffin.tumblr.com",
      "color":"#a07264",
      "link":"https:\/\/www.pinterest.com\/r\/pin\/319333429808285352\/4779055074072594921\/969cb9aaacb5966ec1a95021e5393505e30b5f7878ca09c6890f715c714f5d9d",
      "board":{
        "url":"https:\/\/www.pinterest.com\/sbedz\/weightloss-before-and-after\/",
        "id":"319333498517324844",
        "name":"Weightloss Before and After"
      },
      "image":{
        "original":{
          "url":"https:\/\/s-media-cache-ak0.pinimg.com\/originals\/1b\/83\/71\/1b8371f1aa7f776b5f9361d429474781.jpg",
          "width":400,
          "height":458
        }
      },
      "counts":{
        "likes":0,
        "comments":0,
        "repins":0
      },
      "id":"319333429808285352",
      "metadata":{
      }
    },
    {
      "attribution":null,
      "creator":{
        "url":"https:\/\/www.pinterest.com\/sbedz\/",
        "first_name":"Stephanie",
        "last_name":"Bednarz",
        "id":"319333567236678112"
      },
      "url":"https:\/\/www.pinterest.com\/pin\/319333429808266436\/",
      "media":{
        "type":"image"
      },
      "created_at":"2015-11-10T00:49:02",
      "original_link":"http:\/\/sl-si.facebook.com\/siouxcountryfb",
      "note":"Women Who Lost 100 Pounds | Fotografija: SINGLE MOTHER LOSES 100+ LBS!Jessica Gilmartin lost over ...",
      "color":"#9f6e59",
      "link":"https:\/\/www.pinterest.com\/r\/pin\/319333429808266436\/4779055074072594921\/bcce89b3a271599120e46c7343d19d99b8811942bf954a360322ba9acb344a4c",
      "board":{
        "url":"https:\/\/www.pinterest.com\/sbedz\/weightloss-before-and-after\/",
        "id":"319333498517324844",
        "name":"Weightloss Before and After"
      },
      "image":{
        "original":{
          "url":"https:\/\/s-media-cache-ak0.pinimg.com\/originals\/6c\/ad\/34\/6cad346ee632b98dffa3cb4e684eaae4.jpg",
          "width":480,
          "height":480
        }
      },
      "counts":{
        "likes":0,
        "comments":0,
        "repins":0
      },
      "id":"319333429808266436",
      "metadata":{
      }
    },
    {
      "attribution":null,
      "creator":{
        "url":"https:\/\/www.pinterest.com\/sbedz\/",
        "first_name":"Stephanie",
        "last_name":"Bednarz",
        "id":"319333567236678112"
      },
      "url":"https:\/\/www.pinterest.com\/pin\/319333429808266411\/",
      "media":{
        "type":"image"
      },
      "created_at":"2015-11-10T00:47:46",
      "original_link":"http:\/\/www.myfitnesspal.com\/topics\/show\/250976-my-30-day-shred-results?page=2",
      "note":"30 Day Shred results... yes, it really DOES work like this. Once baby is here I'll be back on it again. Jillian Michaels is a BEAST!",
      "color":"#86715d",
      "link":"https:\/\/www.pinterest.com\/r\/pin\/319333429808266411\/4779055074072594921\/2012cb21851d19ef65b3f76655b1de687bb5ef3a4d2908f80205823535bcf5f3",
      "board":{
        "url":"https:\/\/www.pinterest.com\/sbedz\/weightloss-before-and-after\/",
        "id":"319333498517324844",
        "name":"Weightloss Before and After"
      },
      "image":{
        "original":{
          "url":"https:\/\/s-media-cache-ak0.pinimg.com\/originals\/02\/4c\/4b\/024c4bc7932ced077170f4eee960cd9b.jpg",
          "width":639,
          "height":495
        }
      },
      "counts":{
        "likes":0,
        "comments":0,
        "repins":0
      },
      "id":"319333429808266411",
      "metadata":{
      }
    },
    {
      "attribution":null,
      "creator":{
        "url":"https:\/\/www.pinterest.com\/sbedz\/",
        "first_name":"Stephanie",
        "last_name":"Bednarz",
        "id":"319333567236678112"
      },
      "url":"https:\/\/www.pinterest.com\/pin\/319333429808266400\/",
      "media":{
        "type":"image"
      },
      "created_at":"2015-11-10T00:47:22",
      "original_link":"http:\/\/fitter-than-a-snicker.tumblr.com\/post\/53246255881\/victorialoses100-motivation-time-im-victoria",
      "note":"I\u2019m Victoria, 22, 5\u20197\u201d, and have been overweight almost my entire life. My highest weight was 295 lbs. Here I am 5 years ago, an unhealthy, depressed, morbidly obese senior in high school. On the right is me now, happy and on the path to a long, healthy life. I\u2019m SO CLOSE to having lost 100 lbs. I have 30\/40 more pounds to lose until I\u2019ll have lost 140 lbs. I need to keep motivating my self to never be satisfied until I\u2019ve reached my goals.",
      "color":"#a19687",
      "link":"https:\/\/www.pinterest.com\/r\/pin\/319333429808266400\/4779055074072594921\/6348836d3ec580947cd37444607b9689ecb449e70dcd8ac8fc8695c3733b0ff6",
      "board":{
        "url":"https:\/\/www.pinterest.com\/sbedz\/weightloss-before-and-after\/",
        "id":"319333498517324844",
        "name":"Weightloss Before and After"
      },
      "image":{
        "original":{
          "url":"https:\/\/s-media-cache-ak0.pinimg.com\/originals\/1e\/c4\/19\/1ec419f385d39c6d553e8fd9755d8b85.jpg",
          "width":500,
          "height":500
        }
      },
      "counts":{
        "likes":0,
        "comments":0,
        "repins":0
      },
      "id":"319333429808266400",
      "metadata":{
        "link":{
          "locale":"en",
          "title":"fitter-than-a-snicker",
          "site_name":"fitter-than-a-snicker.tumblr.com",
          "description":"victorialoses100: \u201c Motivation time! I\u2019m Victoria, 22, 5\u20197\u201d, & have been overweight almost my entire life. My highest weight that I know of was about 295lbs. I haven\u2019t been all blonde in a while &...",
          "favicon":"https:\/\/s-media-cache-ak0.pinimg.com\/favicons\/a1015badc9499ca3b75e00808ac449271c425feddcc9dc58a5beb5b2.png?6fda5f275da116e867380efd6cff5f9b"
        }
      }
    },
    {
      "attribution":null,
      "creator":{
        "url":"https:\/\/www.pinterest.com\/sbedz\/",
        "first_name":"Stephanie",
        "last_name":"Bednarz",
        "id":"319333567236678112"
      },
      "url":"https:\/\/www.pinterest.com\/pin\/319333429808252805\/",
      "media":{
        "type":"image"
      },
      "created_at":"2015-11-09T03:25:10",
      "original_link":"http:\/\/theberry.com\/2012\/12\/04\/daily-motivation-22-photos-8\/daily-motivation-1-89\/",
      "note":"daily-motivation-1",
      "color":"#9d9766",
      "link":"https:\/\/www.pinterest.com\/r\/pin\/319333429808252805\/4779055074072594921\/1aa91e867374259648d5534e0fb4a0e090f9a3a55999275dfaf3d5aed2104cb3",
      "board":{
        "url":"https:\/\/www.pinterest.com\/sbedz\/weightloss-before-and-after\/",
        "id":"319333498517324844",
        "name":"Weightloss Before and After"
      },
      "image":{
        "original":{
          "url":"https:\/\/s-media-cache-ak0.pinimg.com\/originals\/35\/1d\/50\/351d50c6d8be0d19e0c361c276110d4c.jpg",
          "width":500,
          "height":1038
        }
      },
      "counts":{
        "likes":0,
        "comments":0,
        "repins":0
      },
      "id":"319333429808252805",
      "metadata":{
      }
    },
    {
      "attribution":null,
      "creator":{
        "url":"https:\/\/www.pinterest.com\/sbedz\/",
        "first_name":"Stephanie",
        "last_name":"Bednarz",
        "id":"319333567236678112"
      },
      "url":"https:\/\/www.pinterest.com\/pin\/319333429808203662\/",
      "media":{
        "type":"image"
      },
      "created_at":"2015-11-06T00:49:58",
      "original_link":"",
      "note":"Transformation",
      "color":"#cab98b",
      "link":"",
      "board":{
        "url":"https:\/\/www.pinterest.com\/sbedz\/weightloss-before-and-after\/",
        "id":"319333498517324844",
        "name":"Weightloss Before and After"
      },
      "image":{
        "original":{
          "url":"https:\/\/s-media-cache-ak0.pinimg.com\/originals\/37\/68\/e9\/3768e92e35b889e94adafcc1eb4bd3a0.jpg",
          "width":848,
          "height":960
        }
      },
      "counts":{
        "likes":0,
        "comments":0,
        "repins":0
      },
      "id":"319333429808203662",
      "metadata":{
      }
    },
    {
      "attribution":null,
      "creator":{
        "url":"https:\/\/www.pinterest.com\/sbedz\/",
        "first_name":"Stephanie",
        "last_name":"Bednarz",
        "id":"319333567236678112"
      },
      "url":"https:\/\/www.pinterest.com\/pin\/319333429808202568\/",
      "media":{
        "type":"image"
      },
      "created_at":"2015-11-05T22:49:26",
      "original_link":"",
      "note":"True Transformation",
      "color":"#826b75",
      "link":"",
      "board":{
        "url":"https:\/\/www.pinterest.com\/sbedz\/weightloss-before-and-after\/",
        "id":"319333498517324844",
        "name":"Weightloss Before and After"
      },
      "image":{
        "original":{
          "url":"https:\/\/s-media-cache-ak0.pinimg.com\/originals\/58\/b7\/69\/58b76927f41aeaea23db5eababa5c09e.jpg",
          "width":392,
          "height":585
        }
      },
      "counts":{
        "likes":0,
        "comments":0,
        "repins":0
      },
      "id":"319333429808202568",
      "metadata":{
      }
    },
    {
      "attribution":null,
      "creator":{
        "url":"https:\/\/www.pinterest.com\/sbedz\/",
        "first_name":"Stephanie",
        "last_name":"Bednarz",
        "id":"319333567236678112"
      },
      "url":"https:\/\/www.pinterest.com\/pin\/319333429808155378\/",
      "media":{
        "type":"image"
      },
      "created_at":"2015-11-02T21:22:35",
      "original_link":"http:\/\/imgonnamakeachange.tumblr.com\/post\/14172600208\/i-havent-posted-a-progress-picture-in-a-while-so",
      "note":"This girl is really inspirational. really puts into perspective what dedication does for weight loss.",
      "color":"#ae701d",
      "link":"https:\/\/www.pinterest.com\/r\/pin\/319333429808155378\/4779055074072594921\/d0fa64e4b37dde8e4ff8b02283186f9ecba6c455edebd8efb4dfc6d9b8e2a021",
      "board":{
        "url":"https:\/\/www.pinterest.com\/sbedz\/weightloss-before-and-after\/",
        "id":"319333498517324844",
        "name":"Weightloss Before and After"
      },
      "image":{
        "original":{
          "url":"https:\/\/s-media-cache-ak0.pinimg.com\/originals\/ef\/6c\/8a\/ef6c8ab59c81b4a5f9af3d1bf5693d78.jpg",
          "width":500,
          "height":414
        }
      },
      "counts":{
        "likes":0,
        "comments":0,
        "repins":0
      },
      "id":"319333429808155378",
      "metadata":{
        "link":{
          "locale":"en",
          "title":"phoenix rising.",
          "site_name":"imgonnamakeachange.tumblr.com",
          "description":"NATASHA \ud83c\udf1f CPT (ISSA and ACE) \ud83d\udcaa\ud83c\udffb FITNESS NUTRITION SPECIALIST \ud83c\udf4c VEGAN \ud83c\udf53 ENGAGED 8\/21\/15 \ud83d\udc8d CHECK OUT MY COMPLETE GUIDE TO WEIGHT LOSS AND HEALTHY LIVING HERE! Check out my website for online training...",
          "favicon":"https:\/\/s-media-cache-ak0.pinimg.com\/favicons\/4881d18d521e1540591a44d2bfcbd756f740c385556df5f4ee4f97a2.png?1d88fbf4be3cecbe0261368b275a655e"
        }
      }
    },
    {
      "attribution":null,
      "creator":{
        "url":"https:\/\/www.pinterest.com\/sbedz\/",
        "first_name":"Stephanie",
        "last_name":"Bednarz",
        "id":"319333567236678112"
      },
      "url":"https:\/\/www.pinterest.com\/pin\/319333429808147446\/",
      "media":{
        "type":"image"
      },
      "created_at":"2015-11-02T05:20:11",
      "original_link":"http:\/\/meltdownreboot.blogspot.com\/",
      "note":"60 day jump-start to better health! This blog is so helpful and the girl who writes it is hilarious... Not just gonna pin it, gonna do it!",
      "color":"#47302c",
      "link":"https:\/\/www.pinterest.com\/r\/pin\/319333429808147446\/4779055074072594921\/8d112f7dd057abbae387854db26f603ba4e3a06d687d06fb2182a4f89fa2a519",
      "board":{
        "url":"https:\/\/www.pinterest.com\/sbedz\/weightloss-before-and-after\/",
        "id":"319333498517324844",
        "name":"Weightloss Before and After"
      },
      "image":{
        "original":{
          "url":"https:\/\/s-media-cache-ak0.pinimg.com\/originals\/e2\/3b\/fc\/e23bfc2536c72d71f9b383a1031c739f.jpg",
          "width":925,
          "height":826
        }
      },
      "counts":{
        "likes":1,
        "comments":0,
        "repins":2
      },
      "id":"319333429808147446",
      "metadata":{
      }
    }
  ],
  "page":{
    "cursor":"LT4zMTkzMzM0Mjk4MDgxNDc0NDY6MjV8OTliMDgzZDI2YzQyMDY5OTE3MjI4MTdmMTA5OWU3YzY5YWJjOWNiZmY3ZWQ3NjIzNDBiNDhjYWNlYjFlNTM2Ng==",
    "next":"https:\/\/api.pinterest.com\/v1\/boards\/sbedz\/weightloss-before-and-after\/pins\/?access_token=AZlZE-HOK-Y4205yRft75KyYVaauFCBIs8jxSxdCtrJcomAqbQAAAAA&fields=id%2Clink%2Cnote%2Curl%2Cattribution%2Cmedia%2Cmetadata%2Cboard%2Ccolor%2Ccounts%2Ccreated_at%2Ccreator%2Cimage%2Coriginal_link&cursor=LT4zMTkzMzM0Mjk4MDgxNDc0NDY6MjV8OTliMDgzZDI2YzQyMDY5OTE3MjI4MTdmMTA5OWU3YzY5YWJjOWNiZmY3ZWQ3NjIzNDBiNDhjYWNlYjFlNTM2Ng%3D%3D"
  }
}
