{
  "data":[
    {
      "attribution":null,
      "creator":{
        "url":"https:\/\/www.pinterest.com\/sararoberts22\/",
        "first_name":"Sara",
        "last_name":"Roberts",
        "id":"178596078881343435"
      },
      "url":"https:\/\/www.pinterest.com\/pin\/178595941450532051\/",
      "media":{
        "type":"image"
      },
      "created_at":"2015-10-26T14:16:20",
      "original_link":"http:\/\/hgsinspiration.tumblr.com\/page\/4",
      "note":"Wow! amazing transformation.",
      "color":"#3f363f",
      "link":"https:\/\/www.pinterest.com\/r\/pin\/178595941450532051\/4779055074072594921\/4aa5e6cf3fa140922055db306eb53c44bd2af7fad679676bfacd2783c0ed2a96",
      "board":{
        "url":"https:\/\/www.pinterest.com\/sararoberts22\/beforeafter-motivation-weightloss\/",
        "id":"178596010161985051",
        "name":"before\/after motivation weightloss"
      },
      "image":{
        "original":{
          "url":"https:\/\/s-media-cache-ak0.pinimg.com\/originals\/50\/b2\/16\/50b21604bbfa87d102966aab7d6d914f.jpg",
          "width":400,
          "height":317
        }
      },
      "counts":{
        "likes":0,
        "comments":0,
        "repins":0
      },
      "id":"178595941450532051",
      "metadata":{
      }
    },
    {
      "attribution":null,
      "creator":{
        "url":"https:\/\/www.pinterest.com\/sararoberts22\/",
        "first_name":"Sara",
        "last_name":"Roberts",
        "id":"178596078881343435"
      },
      "url":"https:\/\/www.pinterest.com\/pin\/178595941450500242\/",
      "media":{
        "type":"image"
      },
      "created_at":"2015-10-21T21:27:22",
      "original_link":"http:\/\/imgfave.com\/view\/4919488?r=pin",
      "note":"It takes a real man to realize that one woman is enough. Real men. Gentleman. Gentleman.",
      "color":"#131414",
      "link":"https:\/\/www.pinterest.com\/r\/pin\/178595941450500242\/4779055074072594921\/dd0359a25fab4001251ccdb0305e379555f478e7223ee87e000dba51b24ef6e6",
      "board":{
        "url":"https:\/\/www.pinterest.com\/sararoberts22\/beforeafter-motivation-weightloss\/",
        "id":"178596010161985051",
        "name":"before\/after motivation weightloss"
      },
      "image":{
        "original":{
          "url":"https:\/\/s-media-cache-ak0.pinimg.com\/originals\/62\/3e\/90\/623e90bc6ae4f363e09b2c644cd07047.png",
          "width":500,
          "height":750
        }
      },
      "counts":{
        "likes":0,
        "comments":0,
        "repins":1
      },
      "id":"178595941450500242",
      "metadata":{
      }
    },
    {
      "attribution":null,
      "creator":{
        "url":"https:\/\/www.pinterest.com\/sararoberts22\/",
        "first_name":"Sara",
        "last_name":"Roberts",
        "id":"178596078881343435"
      },
      "url":"https:\/\/www.pinterest.com\/pin\/178595941450500236\/",
      "media":{
        "type":"image"
      },
      "created_at":"2015-10-21T21:26:37",
      "original_link":"http:\/\/www.arizonamala.com\/experiencing-a-new-diet-strategy\/",
      "note":"Now all you have to perform is absolutely begin off your training and always be consistent with the idea. When you are not hungry, and after that declined any great tasting high calorie food. Show people that you are a guy or lady of your word.",
      "color":"#9a7765",
      "link":"https:\/\/www.pinterest.com\/r\/pin\/178595941450500236\/4779055074072594921\/3f0e98efaafefbcc5d465c26a5be1ff53d0def9374a28c6225cfce67c1a3db79",
      "board":{
        "url":"https:\/\/www.pinterest.com\/sararoberts22\/beforeafter-motivation-weightloss\/",
        "id":"178596010161985051",
        "name":"before\/after motivation weightloss"
      },
      "image":{
        "original":{
          "url":"https:\/\/s-media-cache-ak0.pinimg.com\/originals\/fb\/36\/1e\/fb361ef62d6a6ab225652c2ac22b8e19.jpg",
          "width":1280,
          "height":720
        }
      },
      "counts":{
        "likes":0,
        "comments":0,
        "repins":1
      },
      "id":"178595941450500236",
      "metadata":{
      }
    },
    {
      "attribution":null,
      "creator":{
        "url":"https:\/\/www.pinterest.com\/sararoberts22\/",
        "first_name":"Sara",
        "last_name":"Roberts",
        "id":"178596078881343435"
      },
      "url":"https:\/\/www.pinterest.com\/pin\/178595941450395568\/",
      "media":{
        "type":"image"
      },
      "created_at":"2015-10-05T22:08:11",
      "original_link":"http:\/\/www.blackweightlosssuccess.com\/robbin-lost-88-pounds\/",
      "note":"Robbin weight loss story",
      "color":"#666760",
      "link":"https:\/\/www.pinterest.com\/r\/pin\/178595941450395568\/4779055074072594921\/0922a3663edaf402833be1a7359f5d006248647779b13fdff149e88c48e6a6ed",
      "board":{
        "url":"https:\/\/www.pinterest.com\/sararoberts22\/beforeafter-motivation-weightloss\/",
        "id":"178596010161985051",
        "name":"before\/after motivation weightloss"
      },
      "image":{
        "original":{
          "url":"https:\/\/s-media-cache-ak0.pinimg.com\/originals\/af\/d0\/d2\/afd0d20e5fe28a16329f5dfaae44188f.jpg",
          "width":515,
          "height":515
        }
      },
      "counts":{
        "likes":0,
        "comments":0,
        "repins":3
      },
      "id":"178595941450395568",
      "metadata":{
      }
    },
    {
      "attribution":null,
      "creator":{
        "url":"https:\/\/www.pinterest.com\/sararoberts22\/",
        "first_name":"Sara",
        "last_name":"Roberts",
        "id":"178596078881343435"
      },
      "url":"https:\/\/www.pinterest.com\/pin\/178595941450372637\/",
      "media":{
        "type":"image"
      },
      "created_at":"2015-10-02T00:43:47",
      "original_link":"http:\/\/goodbyebabylon.tumblr.com\/post\/86901779782",
      "note":"Lift them weights",
      "color":"#8d6a75",
      "link":"https:\/\/www.pinterest.com\/r\/pin\/178595941450372637\/4779055074072594921\/6aa4dbe846f7aff34db0e4ead4379f34ed6d64b38122cc1dd5a7b9e297b48b6e",
      "board":{
        "url":"https:\/\/www.pinterest.com\/sararoberts22\/beforeafter-motivation-weightloss\/",
        "id":"178596010161985051",
        "name":"before\/after motivation weightloss"
      },
      "image":{
        "original":{
          "url":"https:\/\/s-media-cache-ak0.pinimg.com\/originals\/37\/df\/e8\/37dfe8410739d4ca54de8b17088a3be7.jpg",
          "width":306,
          "height":306
        }
      },
      "counts":{
        "likes":0,
        "comments":0,
        "repins":1
      },
      "id":"178595941450372637",
      "metadata":{
        "link":{
          "locale":"en",
          "title":"Not Found",
          "site_name":"goodbyebabylon.tumblr.com",
          "description":"Not Found - The URL you requested could not be found.",
          "favicon":"https:\/\/s-media-cache-ak0.pinimg.com\/favicons\/d95b61eb27ab802960686272e359a5e50e8d88949cb8423c53374fd1.png?abf33fc5a1e4f561e2c9a00011de96bd"
        }
      }
    },
    {
      "attribution":null,
      "creator":{
        "url":"https:\/\/www.pinterest.com\/sararoberts22\/",
        "first_name":"Sara",
        "last_name":"Roberts",
        "id":"178596078881343435"
      },
      "url":"https:\/\/www.pinterest.com\/pin\/178595941450370982\/",
      "media":{
        "type":"image"
      },
      "created_at":"2015-10-01T20:06:24",
      "original_link":"http:\/\/corinthfrench.tumblr.com\/",
      "note":"Losing 80 pounds in 5 months?!? When I first began my journey I was hoping to be 200 by the new year, it's insane to think that I have lost an extra 50 pounds than my original goal! This is my new blog on tumblr, and it is a fitness and weight loss blog about how I lost 80 pounds in 5 months with just a tad bit of determination, some willpower, an easy diet, walking on the treadclimber and an easy workout!! E-mail me at mailto:corinth_fr... if you have any questions, or comment on my bl...",
      "color":"#a6885d",
      "link":"https:\/\/www.pinterest.com\/r\/pin\/178595941450370982\/4779055074072594921\/b7c886c6702e506685a485c72cf53c505ffba5e1ce87238cfc89aeab4895fcaf",
      "board":{
        "url":"https:\/\/www.pinterest.com\/sararoberts22\/beforeafter-motivation-weightloss\/",
        "id":"178596010161985051",
        "name":"before\/after motivation weightloss"
      },
      "image":{
        "original":{
          "url":"https:\/\/s-media-cache-ak0.pinimg.com\/originals\/12\/dc\/32\/12dc32a23317c6bd58534b3cbc8e0dc4.jpg",
          "width":842,
          "height":615
        }
      },
      "counts":{
        "likes":0,
        "comments":0,
        "repins":2
      },
      "id":"178595941450370982",
      "metadata":{
        "link":{
          "locale":"en",
          "title":"Untitled",
          "site_name":"corinthfrench.tumblr.com",
          "description":"corinthfrench",
          "favicon":"https:\/\/s-media-cache-ak0.pinimg.com\/favicons\/71e25e02eefabb9b3775fda450de44b649d6d89ccba8cba79c2531fe.png?43832d7491820f948264848425c0330a"
        }
      }
    },
    {
      "attribution":null,
      "creator":{
        "url":"https:\/\/www.pinterest.com\/sararoberts22\/",
        "first_name":"Sara",
        "last_name":"Roberts",
        "id":"178596078881343435"
      },
      "url":"https:\/\/www.pinterest.com\/pin\/178595941450370344\/",
      "media":{
        "type":"image"
      },
      "created_at":"2015-10-01T17:50:13",
      "original_link":"http:\/\/www.livylove.com\/2014\/01\/how-i-lost-100-lbs-in-11-months.html",
      "note":"Our good friend Diana recently shared how she lost 100 lbs in 11 months- her story is inspirational! www.livylove.com",
      "color":"#c5a99a",
      "link":"https:\/\/www.pinterest.com\/r\/pin\/178595941450370344\/4779055074072594921\/dca40fc1ff40222b15aab28190b1123265f8886bbf6e8e295134ac66c8c4aab2",
      "board":{
        "url":"https:\/\/www.pinterest.com\/sararoberts22\/beforeafter-motivation-weightloss\/",
        "id":"178596010161985051",
        "name":"before\/after motivation weightloss"
      },
      "image":{
        "original":{
          "url":"https:\/\/s-media-cache-ak0.pinimg.com\/originals\/d2\/e8\/21\/d2e8219d84a8b8d3dd85e39ad7da79a0.jpg",
          "width":1600,
          "height":1600
        }
      },
      "counts":{
        "likes":0,
        "comments":0,
        "repins":1
      },
      "id":"178595941450370344",
      "metadata":{
      }
    },
    {
      "attribution":null,
      "creator":{
        "url":"https:\/\/www.pinterest.com\/sararoberts22\/",
        "first_name":"Sara",
        "last_name":"Roberts",
        "id":"178596078881343435"
      },
      "url":"https:\/\/www.pinterest.com\/pin\/178595941450369090\/",
      "media":{
        "type":"image"
      },
      "created_at":"2015-10-01T10:25:50",
      "original_link":"https:\/\/www.facebook.com\/pages\/The-Fat-Loss-Factor\/175122719320027?id=175122719320027&sk=app_190322544333196",
      "note":"how to get fit and wealthy",
      "color":"#c08171",
      "link":"https:\/\/www.pinterest.com\/r\/pin\/178595941450369090\/4779055074072594921\/8eb05691e468bfbfc9fe9e04a64b0ac6af17cb1895ba219f63defab388cf6002",
      "board":{
        "url":"https:\/\/www.pinterest.com\/sararoberts22\/beforeafter-motivation-weightloss\/",
        "id":"178596010161985051",
        "name":"before\/after motivation weightloss"
      },
      "image":{
        "original":{
          "url":"https:\/\/s-media-cache-ak0.pinimg.com\/originals\/bd\/0e\/3e\/bd0e3e63e55dd1cd3e1d490c2c299cb1.jpg",
          "width":500,
          "height":500
        }
      },
      "counts":{
        "likes":0,
        "comments":0,
        "repins":0
      },
      "id":"178595941450369090",
      "metadata":{
      }
    },
    {
      "attribution":null,
      "creator":{
        "url":"https:\/\/www.pinterest.com\/sararoberts22\/",
        "first_name":"Sara",
        "last_name":"Roberts",
        "id":"178596078881343435"
      },
      "url":"https:\/\/www.pinterest.com\/pin\/178595941450367113\/",
      "media":{
        "type":"image"
      },
      "created_at":"2015-10-01T00:43:07",
      "original_link":"http:\/\/xaxor.com\/bizarre\/before-after-weight-loss-pics-of-girls.html",
      "note":"Before after weight loss pics of girls161 Before & after weight loss pics of girls",
      "color":"#857868",
      "link":"https:\/\/www.pinterest.com\/r\/pin\/178595941450367113\/4779055074072594921\/65ef410baf67e23fa0f7bfb798f829329603b36376685ccb3c273b118d07e25f",
      "board":{
        "url":"https:\/\/www.pinterest.com\/sararoberts22\/beforeafter-motivation-weightloss\/",
        "id":"178596010161985051",
        "name":"before\/after motivation weightloss"
      },
      "image":{
        "original":{
          "url":"https:\/\/s-media-cache-ak0.pinimg.com\/originals\/31\/b9\/e4\/31b9e4e11a2fd76c2c6c6442517410cc.jpg",
          "width":466,
          "height":600
        }
      },
      "counts":{
        "likes":0,
        "comments":0,
        "repins":0
      },
      "id":"178595941450367113",
      "metadata":{
      }
    },
    {
      "attribution":null,
      "creator":{
        "url":"https:\/\/www.pinterest.com\/sararoberts22\/",
        "first_name":"Sara",
        "last_name":"Roberts",
        "id":"178596078881343435"
      },
      "url":"https:\/\/www.pinterest.com\/pin\/178595941450367111\/",
      "media":{
        "type":"image"
      },
      "created_at":"2015-10-01T00:42:40",
      "original_link":"http:\/\/rabbitfoodformybunnyteeth.com\/girl-scout-cookie-smoothie\/",
      "note":"Transformers",
      "color":"#744c42",
      "link":"https:\/\/www.pinterest.com\/r\/pin\/178595941450367111\/4779055074072594921\/6d3d6060e66d39a8eb25f3723832849e1cb47ec66473c1d71be2d3ef16f293ef",
      "board":{
        "url":"https:\/\/www.pinterest.com\/sararoberts22\/beforeafter-motivation-weightloss\/",
        "id":"178596010161985051",
        "name":"before\/after motivation weightloss"
      },
      "image":{
        "original":{
          "url":"https:\/\/s-media-cache-ak0.pinimg.com\/originals\/cb\/b8\/e6\/cbb8e6700f069d7e8b095369b04e2012.jpg",
          "width":520,
          "height":780
        }
      },
      "counts":{
        "likes":0,
        "comments":0,
        "repins":0
      },
      "id":"178595941450367111",
      "metadata":{
        "article":{
          "published_at":"2013-02-25T00:00:00",
          "description":"Motivation Monday: \u201cSuck it up now and make healthy choices so you don\u2019t have to suck it in later.\u201d The other day, I was organizing files on my computer and came across this photo. I was speechless to say the least. Although I strongly dislike seeing photos of myself at my heaviest, I cannot hide \u2026 Read more...",
          "name":"Girl Scout Cookie Smoothie",
          "authors":[]
        },
        "link":{
          "locale":"en_US",
          "title":"Girl Scout Cookie Smoothie - Rabbit Food For My Bunny Teeth",
          "site_name":"Rabbit Food For My Bunny Teeth",
          "description":"Motivation Monday: \u201cSuck it up now and make healthy choices so you don\u2019t have to suck it in later.\u201d The other day, I was organizing files on my computer and came across this photo. I was speechless to say the least. Although I strongly dislike seeing photos of myself at my heaviest, I cannot hide \u2026\u00a0Read more...",
          "favicon":"https:\/\/s-media-cache-ak0.pinimg.com\/favicons\/991570ce464e67c3942eb1fee947d7874a2532244da1c9621ddd1fd8.png?f07f99f915c4b3cc461e5f7e95f13984"
        }
      }
    },
    {
      "attribution":null,
      "creator":{
        "url":"https:\/\/www.pinterest.com\/sararoberts22\/",
        "first_name":"Sara",
        "last_name":"Roberts",
        "id":"178596078881343435"
      },
      "url":"https:\/\/www.pinterest.com\/pin\/178595941450367108\/",
      "media":{
        "type":"image"
      },
      "created_at":"2015-10-01T00:42:20",
      "original_link":"http:\/\/www.trimmedandtoned.com\/fat-loss-motivation-4-the-most-amazing-female-weight-loss-transformations-30-pics",
      "note":"30 Amazing Female Weight Loss Transformation: http:\/\/www.trimmedandtoned.com\/fat-loss-motivation-4-the-most-amazing-female-weight-loss-transformations-30-pics",
      "color":"#8e765b",
      "link":"https:\/\/www.pinterest.com\/r\/pin\/178595941450367108\/4779055074072594921\/6e3b86bd152c932a63eadc108a2f55a3650cb99595fb1fb703bcae4c41ea2b87",
      "board":{
        "url":"https:\/\/www.pinterest.com\/sararoberts22\/beforeafter-motivation-weightloss\/",
        "id":"178596010161985051",
        "name":"before\/after motivation weightloss"
      },
      "image":{
        "original":{
          "url":"https:\/\/s-media-cache-ak0.pinimg.com\/originals\/49\/97\/45\/499745e9a04df2036f946d8213b63fc8.png",
          "width":576,
          "height":390
        }
      },
      "counts":{
        "likes":0,
        "comments":0,
        "repins":2
      },
      "id":"178595941450367108",
      "metadata":{
      }
    },
    {
      "attribution":null,
      "creator":{
        "url":"https:\/\/www.pinterest.com\/sararoberts22\/",
        "first_name":"Sara",
        "last_name":"Roberts",
        "id":"178596078881343435"
      },
      "url":"https:\/\/www.pinterest.com\/pin\/178595941450367105\/",
      "media":{
        "type":"image"
      },
      "created_at":"2015-10-01T00:42:06",
      "original_link":"http:\/\/www.trimmedandtoned.com\/60-weight-loss-transformations-will-make-jaw-drop\/",
      "note":"60 Weight Loss Transformations That Will Make Your Jaw Drop!",
      "color":"#5c4b4e",
      "link":"https:\/\/www.pinterest.com\/r\/pin\/178595941450367105\/4779055074072594921\/5a0013758df4e139971c26e3d5126ac59e62d458cd8ec09b21a243e15c4244cc",
      "board":{
        "url":"https:\/\/www.pinterest.com\/sararoberts22\/beforeafter-motivation-weightloss\/",
        "id":"178596010161985051",
        "name":"before\/after motivation weightloss"
      },
      "image":{
        "original":{
          "url":"https:\/\/s-media-cache-ak0.pinimg.com\/originals\/d8\/c6\/69\/d8c669fe810421e232702deef6d4c02d.jpg",
          "width":500,
          "height":500
        }
      },
      "counts":{
        "likes":0,
        "comments":0,
        "repins":1
      },
      "id":"178595941450367105",
      "metadata":{
      }
    },
    {
      "attribution":null,
      "creator":{
        "url":"https:\/\/www.pinterest.com\/sararoberts22\/",
        "first_name":"Sara",
        "last_name":"Roberts",
        "id":"178596078881343435"
      },
      "url":"https:\/\/www.pinterest.com\/pin\/178595941450367103\/",
      "media":{
        "type":"image"
      },
      "created_at":"2015-10-01T00:41:47",
      "original_link":"http:\/\/dietingdigest.org\/",
      "note":"Before and After Weight Loss, lose belly fat, lose stomach fat, lose fat Check out Dieting Digest",
      "color":"#ccb591",
      "link":"https:\/\/www.pinterest.com\/r\/pin\/178595941450367103\/4779055074072594921\/050e99124a290de23b5dd72c313338d1b844e11f1bd16345a3672b885d2892cf",
      "board":{
        "url":"https:\/\/www.pinterest.com\/sararoberts22\/beforeafter-motivation-weightloss\/",
        "id":"178596010161985051",
        "name":"before\/after motivation weightloss"
      },
      "image":{
        "original":{
          "url":"https:\/\/s-media-cache-ak0.pinimg.com\/originals\/dc\/7e\/74\/dc7e74f269e58ab02cbe5dd5833ff1f6.jpg",
          "width":480,
          "height":480
        }
      },
      "counts":{
        "likes":0,
        "comments":0,
        "repins":0
      },
      "id":"178595941450367103",
      "metadata":{
      }
    },
    {
      "attribution":null,
      "creator":{
        "url":"https:\/\/www.pinterest.com\/sararoberts22\/",
        "first_name":"Sara",
        "last_name":"Roberts",
        "id":"178596078881343435"
      },
      "url":"https:\/\/www.pinterest.com\/pin\/178595941450367098\/",
      "media":{
        "type":"image"
      },
      "created_at":"2015-10-01T00:40:57",
      "original_link":"http:\/\/myweightlosssuccesstipstoday.blogspot.com\/2015\/08\/best-weight-loss-results.html?mygki63gfh453jdfhr4446g90fhr4htrrweij2998kd",
      "note":"#1 Weight loss SECRET nobody is telling you..THIS WORKS FAST! I lost over 15+  lbs in 3 wks. CLICK HERE",
      "color":"#a1715d",
      "link":"https:\/\/www.pinterest.com\/r\/pin\/178595941450367098\/4779055074072594921\/b90f36c23923ea7153349ffdff00666399b9dd9f541be6d08681b11f8092da90",
      "board":{
        "url":"https:\/\/www.pinterest.com\/sararoberts22\/beforeafter-motivation-weightloss\/",
        "id":"178596010161985051",
        "name":"before\/after motivation weightloss"
      },
      "image":{
        "original":{
          "url":"https:\/\/s-media-cache-ak0.pinimg.com\/originals\/5d\/21\/a6\/5d21a6438a7cace9497e1beab2df87d9.jpg",
          "width":640,
          "height":640
        }
      },
      "counts":{
        "likes":0,
        "comments":0,
        "repins":0
      },
      "id":"178595941450367098",
      "metadata":{
      }
    },
    {
      "attribution":null,
      "creator":{
        "url":"https:\/\/www.pinterest.com\/sararoberts22\/",
        "first_name":"Sara",
        "last_name":"Roberts",
        "id":"178596078881343435"
      },
      "url":"https:\/\/www.pinterest.com\/pin\/178595941450367094\/",
      "media":{
        "type":"image"
      },
      "created_at":"2015-10-01T00:40:32",
      "original_link":"",
      "note":"Wow! Amazing weight loss.",
      "color":"#6b6b5c",
      "link":"",
      "board":{
        "url":"https:\/\/www.pinterest.com\/sararoberts22\/beforeafter-motivation-weightloss\/",
        "id":"178596010161985051",
        "name":"before\/after motivation weightloss"
      },
      "image":{
        "original":{
          "url":"https:\/\/s-media-cache-ak0.pinimg.com\/originals\/74\/39\/70\/7439709f814064b21240908005a8811b.jpg",
          "width":612,
          "height":612
        }
      },
      "counts":{
        "likes":0,
        "comments":0,
        "repins":0
      },
      "id":"178595941450367094",
      "metadata":{
      }
    },
    {
      "attribution":null,
      "creator":{
        "url":"https:\/\/www.pinterest.com\/sararoberts22\/",
        "first_name":"Sara",
        "last_name":"Roberts",
        "id":"178596078881343435"
      },
      "url":"https:\/\/www.pinterest.com\/pin\/178595941450367090\/",
      "media":{
        "type":"image"
      },
      "created_at":"2015-10-01T00:40:04",
      "original_link":"http:\/\/mindandbodyscript.com\/",
      "note":"journey-of-yasmin: another one of my before and afters! xx this girl was one of my first weight loss inspirations on tumblr! I can\u2019t... #fitness",
      "color":"#675341",
      "link":"https:\/\/www.pinterest.com\/r\/pin\/178595941450367090\/4779055074072594921\/d42c9a3fa0fa9783126c6c91c4d3df0fd1cf5495762253c5a74779c42435d4c8",
      "board":{
        "url":"https:\/\/www.pinterest.com\/sararoberts22\/beforeafter-motivation-weightloss\/",
        "id":"178596010161985051",
        "name":"before\/after motivation weightloss"
      },
      "image":{
        "original":{
          "url":"https:\/\/s-media-cache-ak0.pinimg.com\/originals\/e6\/b4\/fe\/e6b4fe618ae2ab15531a0ebc772c6175.jpg",
          "width":640,
          "height":640
        }
      },
      "counts":{
        "likes":0,
        "comments":0,
        "repins":1
      },
      "id":"178595941450367090",
      "metadata":{
      }
    },
    {
      "attribution":null,
      "creator":{
        "url":"https:\/\/www.pinterest.com\/sararoberts22\/",
        "first_name":"Sara",
        "last_name":"Roberts",
        "id":"178596078881343435"
      },
      "url":"https:\/\/www.pinterest.com\/pin\/178595941450367088\/",
      "media":{
        "type":"image"
      },
      "created_at":"2015-10-01T00:39:36",
      "original_link":"http:\/\/www.trimmedandtoned.com\/60-weight-loss-transformations-will-make-jaw-drop\/",
      "note":"60 Weight Loss Transformations That Will Make Your Jaw Drop!",
      "color":"#7e6152",
      "link":"https:\/\/www.pinterest.com\/r\/pin\/178595941450367088\/4779055074072594921\/de6a2c06e09cf55a698804cdc9bec9fcd4def9b3bcf161117cadd9af4d0aa5a3",
      "board":{
        "url":"https:\/\/www.pinterest.com\/sararoberts22\/beforeafter-motivation-weightloss\/",
        "id":"178596010161985051",
        "name":"before\/after motivation weightloss"
      },
      "image":{
        "original":{
          "url":"https:\/\/s-media-cache-ak0.pinimg.com\/originals\/33\/b4\/49\/33b44985c0e6a48cfeab92a7c4f1e85e.jpg",
          "width":500,
          "height":551
        }
      },
      "counts":{
        "likes":0,
        "comments":0,
        "repins":0
      },
      "id":"178595941450367088",
      "metadata":{
      }
    },
    {
      "attribution":null,
      "creator":{
        "url":"https:\/\/www.pinterest.com\/sararoberts22\/",
        "first_name":"Sara",
        "last_name":"Roberts",
        "id":"178596078881343435"
      },
      "url":"https:\/\/www.pinterest.com\/pin\/178595941450351758\/",
      "media":{
        "type":"image"
      },
      "created_at":"2015-09-28T10:55:14",
      "original_link":"http:\/\/beforeandafterfatlosspics.tumblr.com\/image\/46293898933",
      "note":"how to find the will to lose weight",
      "color":"#c4cbca",
      "link":"https:\/\/www.pinterest.com\/r\/pin\/178595941450351758\/4779055074072594921\/fccee3c5e69be1487f52964c0fc9273c5b5bda905f84b8609ddec88f16cc3831",
      "board":{
        "url":"https:\/\/www.pinterest.com\/sararoberts22\/beforeafter-motivation-weightloss\/",
        "id":"178596010161985051",
        "name":"before\/after motivation weightloss"
      },
      "image":{
        "original":{
          "url":"https:\/\/s-media-cache-ak0.pinimg.com\/originals\/1b\/f7\/c7\/1bf7c79c3e6ccbd24b36b61b4d10af5d.jpg",
          "width":882,
          "height":948
        }
      },
      "counts":{
        "likes":0,
        "comments":0,
        "repins":1
      },
      "id":"178595941450351758",
      "metadata":{
      }
    },
    {
      "attribution":null,
      "creator":{
        "url":"https:\/\/www.pinterest.com\/sararoberts22\/",
        "first_name":"Sara",
        "last_name":"Roberts",
        "id":"178596078881343435"
      },
      "url":"https:\/\/www.pinterest.com\/pin\/178595941450255801\/",
      "media":{
        "type":"image"
      },
      "created_at":"2015-09-12T15:01:39",
      "original_link":"http:\/\/the3weekdietreviewsforyou.blogspot.com\/",
      "note":"How To Lose Weight Quickly With The 3 Week Diet Plan. The Fastest Way To Lose Weight",
      "color":"#5a4e48",
      "link":"https:\/\/www.pinterest.com\/r\/pin\/178595941450255801\/4779055074072594921\/2246ce35104e013d74206dc1e946954b19ef31b5cada9acb2db73af6b3cbb35d",
      "board":{
        "url":"https:\/\/www.pinterest.com\/sararoberts22\/beforeafter-motivation-weightloss\/",
        "id":"178596010161985051",
        "name":"before\/after motivation weightloss"
      },
      "image":{
        "original":{
          "url":"https:\/\/s-media-cache-ak0.pinimg.com\/originals\/7e\/b1\/6d\/7eb16dfea0423fee0e512c37021cfbe0.jpg",
          "width":218,
          "height":423
        }
      },
      "counts":{
        "likes":1,
        "comments":0,
        "repins":0
      },
      "id":"178595941450255801",
      "metadata":{
      }
    },
    {
      "attribution":null,
      "creator":{
        "url":"https:\/\/www.pinterest.com\/sararoberts22\/",
        "first_name":"Sara",
        "last_name":"Roberts",
        "id":"178596078881343435"
      },
      "url":"https:\/\/www.pinterest.com\/pin\/178595941450239462\/",
      "media":{
        "type":"image"
      },
      "created_at":"2015-09-09T17:42:44",
      "original_link":"http:\/\/fitisthenewsexxy.com\/",
      "note":"Join the savvy women who have discovered this little-known cellular \ufffdswitch\ufffd, to instantly start releasing and burning the fat that has been trapped for so long on your most unsightly and unhealthy trouble spots!\ufffd",
      "color":"#aca2a0",
      "link":"https:\/\/www.pinterest.com\/r\/pin\/178595941450239462\/4779055074072594921\/65ff57039586073baf610ae1d53b1af006be9e697f8243075651b981e33b6ef5",
      "board":{
        "url":"https:\/\/www.pinterest.com\/sararoberts22\/beforeafter-motivation-weightloss\/",
        "id":"178596010161985051",
        "name":"before\/after motivation weightloss"
      },
      "image":{
        "original":{
          "url":"https:\/\/s-media-cache-ak0.pinimg.com\/originals\/5a\/28\/88\/5a288859835e4a0971ef8d2ae62fab64.jpg",
          "width":398,
          "height":600
        }
      },
      "counts":{
        "likes":1,
        "comments":0,
        "repins":0
      },
      "id":"178595941450239462",
      "metadata":{
      }
    },
    {
      "attribution":null,
      "creator":{
        "url":"https:\/\/www.pinterest.com\/sararoberts22\/",
        "first_name":"Sara",
        "last_name":"Roberts",
        "id":"178596078881343435"
      },
      "url":"https:\/\/www.pinterest.com\/pin\/178595941450238077\/",
      "media":{
        "type":"image"
      },
      "created_at":"2015-09-09T11:26:01",
      "original_link":"http:\/\/www.trimmedandtoned.com\/60-weight-loss-transformations-will-make-jaw-drop\/",
      "note":"When I need motivation I will look at this. Its about dedication, determination and patience!",
      "color":"#7e6152",
      "link":"https:\/\/www.pinterest.com\/r\/pin\/178595941450238077\/4779055074072594921\/c74e9befd50a1c7abf811c996d83bf8a5b24ce54f230c18d47ac0fb3e5be2904",
      "board":{
        "url":"https:\/\/www.pinterest.com\/sararoberts22\/beforeafter-motivation-weightloss\/",
        "id":"178596010161985051",
        "name":"before\/after motivation weightloss"
      },
      "image":{
        "original":{
          "url":"https:\/\/s-media-cache-ak0.pinimg.com\/originals\/33\/b4\/49\/33b44985c0e6a48cfeab92a7c4f1e85e.jpg",
          "width":500,
          "height":551
        }
      },
      "counts":{
        "likes":0,
        "comments":0,
        "repins":0
      },
      "id":"178595941450238077",
      "metadata":{
      }
    },
    {
      "attribution":null,
      "creator":{
        "url":"https:\/\/www.pinterest.com\/sararoberts22\/",
        "first_name":"Sara",
        "last_name":"Roberts",
        "id":"178596078881343435"
      },
      "url":"https:\/\/www.pinterest.com\/pin\/178595941450132606\/",
      "media":{
        "type":"image"
      },
      "created_at":"2015-08-23T15:54:17",
      "original_link":"http:\/\/eat-healthy-train-hard.tumblr.com\/post\/27327193168\/w0rkout-life-sanfranciscosmall-progblog",
      "note":"This girl has an awesome meal plan, what NOT to eat, work out plan, all kinds of good stuff.",
      "color":"#70291b",
      "link":"https:\/\/www.pinterest.com\/r\/pin\/178595941450132606\/4779055074072594921\/22ceaee9ad803c48e2179a8399063adfe4407f3eef7c473340b56f0656da93f7",
      "board":{
        "url":"https:\/\/www.pinterest.com\/sararoberts22\/beforeafter-motivation-weightloss\/",
        "id":"178596010161985051",
        "name":"before\/after motivation weightloss"
      },
      "image":{
        "original":{
          "url":"https:\/\/s-media-cache-ak0.pinimg.com\/originals\/3d\/4f\/a8\/3d4fa844f53bc79ecc8b68e7fb7feffd.jpg",
          "width":1280,
          "height":1280
        }
      },
      "counts":{
        "likes":0,
        "comments":0,
        "repins":0
      },
      "id":"178595941450132606",
      "metadata":{
        "link":{
          "locale":"en",
          "title":"Not Found",
          "site_name":"eat-healthy-train-hard.tumblr.com",
          "description":"The URL you requested could not be found.",
          "favicon":"https:\/\/s-media-cache-ak0.pinimg.com\/favicons\/8b57386e097faacd004d853fc71fde2cdd370302e8ac67d20e3f07ce.png?abd16ffe2f44925b8993597a9a7c0dbf"
        }
      }
    },
    {
      "attribution":null,
      "creator":{
        "url":"https:\/\/www.pinterest.com\/sararoberts22\/",
        "first_name":"Sara",
        "last_name":"Roberts",
        "id":"178596078881343435"
      },
      "url":"https:\/\/www.pinterest.com\/pin\/178595941450107611\/",
      "media":{
        "type":"image"
      },
      "created_at":"2015-08-19T19:05:57",
      "original_link":"http:\/\/www.beforeandafterweightlossblog.net\/pin\/683\/",
      "note":"Love this - It's possible | CHECK OUT MORE BEFORE AND AFTER WEIGHT LOSS PICS AT BEFOREANDAFTERWEIGHTLOSSBLOG.NET | #before and after weight loss pictures #beforeandafter #beforeandafterpictures #diet #losingweight #weightloss #motivation #beforeandafterweightloss #womenshealth #health #healthandfitness #fitness #dieting #nutrition #beforeandafterphotos #afterandbefore #gettingthin #fat #thin #skinny #healthy #paleo #crossfit #calories #carbs #fiber #carbohydrates",
      "color":"#9e7869",
      "link":"https:\/\/www.pinterest.com\/r\/pin\/178595941450107611\/4779055074072594921\/1c2cc07427366f0ccff0fd921499d96b862a16b33a4cb2dde78ba1d895a22984",
      "board":{
        "url":"https:\/\/www.pinterest.com\/sararoberts22\/beforeafter-motivation-weightloss\/",
        "id":"178596010161985051",
        "name":"before\/after motivation weightloss"
      },
      "image":{
        "original":{
          "url":"https:\/\/s-media-cache-ak0.pinimg.com\/originals\/79\/e4\/ea\/79e4ea12733346b100b4400e530e41a8.jpg",
          "width":500,
          "height":503
        }
      },
      "counts":{
        "likes":0,
        "comments":0,
        "repins":0
      },
      "id":"178595941450107611",
      "metadata":{
      }
    },
    {
      "attribution":null,
      "creator":{
        "url":"https:\/\/www.pinterest.com\/sararoberts22\/",
        "first_name":"Sara",
        "last_name":"Roberts",
        "id":"178596078881343435"
      },
      "url":"https:\/\/www.pinterest.com\/pin\/178595941450095786\/",
      "media":{
        "type":"image"
      },
      "created_at":"2015-08-17T23:52:28",
      "original_link":"http:\/\/www.blackweightlosssuccess.com\/carla-lost-60-pounds\/",
      "note":"Weight Loss Transformation of the Day: Carla lost 60 pounds.  This mom of 3 experienced significant weight gain during her pregnancies, going from a size 5 to a size 16. She found her passion for fitness and now she helps others to change their lives.",
      "color":"#908a48",
      "link":"https:\/\/www.pinterest.com\/r\/pin\/178595941450095786\/4779055074072594921\/82712b5c5a9f5bcb4ea0882f439fd25d10bc5c6096d0e146b2902192c4e864f7",
      "board":{
        "url":"https:\/\/www.pinterest.com\/sararoberts22\/beforeafter-motivation-weightloss\/",
        "id":"178596010161985051",
        "name":"before\/after motivation weightloss"
      },
      "image":{
        "original":{
          "url":"https:\/\/s-media-cache-ak0.pinimg.com\/originals\/d9\/f5\/5f\/d9f55fe617c79641c838d36ae9b1a151.jpg",
          "width":515,
          "height":515
        }
      },
      "counts":{
        "likes":0,
        "comments":0,
        "repins":0
      },
      "id":"178595941450095786",
      "metadata":{
      }
    },
    {
      "attribution":null,
      "creator":{
        "url":"https:\/\/www.pinterest.com\/sararoberts22\/",
        "first_name":"Sara",
        "last_name":"Roberts",
        "id":"178596078881343435"
      },
      "url":"https:\/\/www.pinterest.com\/pin\/178595941450093405\/",
      "media":{
        "type":"image"
      },
      "created_at":"2015-08-17T12:41:19",
      "original_link":"http:\/\/weight-loss-products-reviewed.blogspot.com\/2015\/01\/how-to-lose-weight-fast-without-diet.html",
      "note":"How To Lose Weight Quickly Without Diet Pills Or Exercise In 2015!",
      "color":"#8e7974",
      "link":"https:\/\/www.pinterest.com\/r\/pin\/178595941450093405\/4779055074072594921\/bf62ab5dbc53fdb074013c1bfb526080e1b766c99417bdfd1cad641aac9b9d24",
      "board":{
        "url":"https:\/\/www.pinterest.com\/sararoberts22\/beforeafter-motivation-weightloss\/",
        "id":"178596010161985051",
        "name":"before\/after motivation weightloss"
      },
      "image":{
        "original":{
          "url":"https:\/\/s-media-cache-ak0.pinimg.com\/originals\/50\/30\/5a\/50305abd5c8e02e856601d4c004387d0.jpg",
          "width":612,
          "height":612
        }
      },
      "counts":{
        "likes":0,
        "comments":0,
        "repins":0
      },
      "id":"178595941450093405",
      "metadata":{
      }
    }
  ],
  "page":{
    "cursor":"LT4xNzg1OTU5NDE0NTAwOTM0MDU6NzN8Mzk0YzEwNmUyYmI0ZTRkNTg0MmU1NmViN2Q2OWQ1NTM1N2I3ZTNmNDVkNDM2OTdmYWM3YzFlOWY1YWE5ZWM0ZQ==",
    "next":"https:\/\/api.pinterest.com\/v1\/boards\/sararoberts22\/beforeafter-motivation-weightloss\/pins\/?access_token=AZlZE-HOK-Y4205yRft75KyYVaauFCBIs8jxSxdCtrJcomAqbQAAAAA&fields=id%2Clink%2Cnote%2Curl%2Cattribution%2Cmedia%2Cmetadata%2Cboard%2Ccolor%2Ccounts%2Ccreated_at%2Ccreator%2Cimage%2Coriginal_link&cursor=LT4xNzg1OTU5NDE0NTAwOTM0MDU6NzN8Mzk0YzEwNmUyYmI0ZTRkNTg0MmU1NmViN2Q2OWQ1NTM1N2I3ZTNmNDVkNDM2OTdmYWM3YzFlOWY1YWE5ZWM0ZQ%3D%3D"
  }
}
