{
  "data":[
    {
      "attribution":null,
      "creator":{
        "url":"https:\/\/www.pinterest.com\/rhall101511\/",
        "first_name":"Reatha",
        "last_name":"Dake Hall",
        "id":"485051959775075104"
      },
      "url":"https:\/\/www.pinterest.com\/pin\/485051822346516186\/",
      "media":{
        "type":"image"
      },
      "created_at":"2015-11-21T21:30:32",
      "original_link":"http:\/\/www.fitnessmagazine.com\/weight-loss\/success-stories\/",
      "note":"Weight Loss Success Stories | Fitness Magazine",
      "color":"#d2e6f8",
      "link":"https:\/\/www.pinterest.com\/r\/pin\/485051822346516186\/4779055074072594921\/9c558774b36ecd1b3d09e68ed2514ee93b462fda0d4a16707475f0151e8d7530",
      "board":{
        "url":"https:\/\/www.pinterest.com\/rhall101511\/before-and-after-weightloss-motivation\/",
        "id":"485051891055621099",
        "name":"Before and After Weightloss Motivation"
      },
      "image":{
        "original":{
          "url":"https:\/\/s-media-cache-ak0.pinimg.com\/originals\/af\/63\/b6\/af63b6112e71a8953c84f6bb9df85d9d.jpg",
          "width":300,
          "height":400
        }
      },
      "counts":{
        "likes":0,
        "comments":0,
        "repins":0
      },
      "id":"485051822346516186",
      "metadata":{
      }
    },
    {
      "attribution":null,
      "creator":{
        "url":"https:\/\/www.pinterest.com\/rhall101511\/",
        "first_name":"Reatha",
        "last_name":"Dake Hall",
        "id":"485051959775075104"
      },
      "url":"https:\/\/www.pinterest.com\/pin\/485051822346516184\/",
      "media":{
        "type":"image"
      },
      "created_at":"2015-11-21T21:30:23",
      "original_link":"http:\/\/www.fitnessmagazine.com\/weight-loss\/success-stories\/",
      "note":"Weight Loss Success Stories | Fitness Magazine",
      "color":"#484047",
      "link":"https:\/\/www.pinterest.com\/r\/pin\/485051822346516184\/4779055074072594921\/01ca9a3a9a2bec497641dc1788528b8be25284543110c91aa4a0398e62b27ee5",
      "board":{
        "url":"https:\/\/www.pinterest.com\/rhall101511\/before-and-after-weightloss-motivation\/",
        "id":"485051891055621099",
        "name":"Before and After Weightloss Motivation"
      },
      "image":{
        "original":{
          "url":"https:\/\/s-media-cache-ak0.pinimg.com\/originals\/43\/c1\/37\/43c137136ec20d62daff9ee337e0f74b.jpg",
          "width":300,
          "height":450
        }
      },
      "counts":{
        "likes":0,
        "comments":0,
        "repins":0
      },
      "id":"485051822346516184",
      "metadata":{
      }
    },
    {
      "attribution":null,
      "creator":{
        "url":"https:\/\/www.pinterest.com\/rhall101511\/",
        "first_name":"Reatha",
        "last_name":"Dake Hall",
        "id":"485051959775075104"
      },
      "url":"https:\/\/www.pinterest.com\/pin\/485051822346461739\/",
      "media":{
        "type":"image"
      },
      "created_at":"2015-11-17T09:48:39",
      "original_link":"http:\/\/www.popsugar.com\/fitness\/130-Pound-Weight-Loss-Story-37209787?crlt.pid=camp.M1eh2Alzz9jx",
      "note":"Losing 130 pounds is no easy feat. We can all be inspired on our weight-loss journeys from Amanda's tale.",
      "color":"#a28b7e",
      "link":"https:\/\/www.pinterest.com\/r\/pin\/485051822346461739\/4779055074072594921\/44650cc60b11af9a6f6f791680e199da84d7482e42ebc8ea44e9ef10158f23e5",
      "board":{
        "url":"https:\/\/www.pinterest.com\/rhall101511\/before-and-after-weightloss-motivation\/",
        "id":"485051891055621099",
        "name":"Before and After Weightloss Motivation"
      },
      "image":{
        "original":{
          "url":"https:\/\/s-media-cache-ak0.pinimg.com\/originals\/2b\/18\/58\/2b1858be981a27ee542cbed0e1f4430b.jpg",
          "width":849,
          "height":1720
        }
      },
      "counts":{
        "likes":0,
        "comments":0,
        "repins":4
      },
      "id":"485051822346461739",
      "metadata":{
        "article":{
          "published_at":"2015-04-06T00:00:00",
          "description":"Our next Before & After story comes from Amanda Fraijo-Tobin, who blogs about life after losing 130 pounds on her blog Friday Love Song, which is part of our POPSUGAR Select Fitness network. Below, she shares how she lost the weight and how she keeps",
          "name":"Amanda's Secret to Losing Over 100 Pounds Wasn't a Diet",
          "authors":[
            {
              "name":"Leta Shy"
            }
          ]
        },
        "link":{
          "locale":"en_US",
          "title":"Amanda's Secret to Losing Over 100 Pounds Wasn't a Diet",
          "site_name":"POPSUGAR Fitness",
          "description":"Our next Before & After story comes from Amanda Fraijo-Tobin, who blogs about life after losing 130 pounds on her blog Friday Love Song, which is part of our POPSUGAR Select Fitness network. Below, she shares how she lost the weight and how she keeps",
          "favicon":"https:\/\/s-media-cache-ak0.pinimg.com\/favicons\/55140f0e6022978fa18a38afc790d98bba79a502f390e5a2bd99c0de.ico?6c7b2cad05de0cc4d8bb6d83f7600cbc"
        }
      }
    },
    {
      "attribution":null,
      "creator":{
        "url":"https:\/\/www.pinterest.com\/rhall101511\/",
        "first_name":"Reatha",
        "last_name":"Dake Hall",
        "id":"485051959775075104"
      },
      "url":"https:\/\/www.pinterest.com\/pin\/485051822346450180\/",
      "media":{
        "type":"image"
      },
      "created_at":"2015-11-16T09:57:49",
      "original_link":"http:\/\/www.diy-home-remedies.com\/home-remedies-for-weight-loss.html",
      "note":"Home Remedies for Weight Loss",
      "color":"#9a9280",
      "link":"https:\/\/www.pinterest.com\/r\/pin\/485051822346450180\/4779055074072594921\/de639e19433fe26ee25749a7ecf8161f21a5ce295c81efdcdf83b3b2856c0c99",
      "board":{
        "url":"https:\/\/www.pinterest.com\/rhall101511\/before-and-after-weightloss-motivation\/",
        "id":"485051891055621099",
        "name":"Before and After Weightloss Motivation"
      },
      "image":{
        "original":{
          "url":"https:\/\/s-media-cache-ak0.pinimg.com\/originals\/40\/5b\/8a\/405b8a125bab704c309132b1543eb077.jpg",
          "width":300,
          "height":600
        }
      },
      "counts":{
        "likes":1,
        "comments":0,
        "repins":2
      },
      "id":"485051822346450180",
      "metadata":{
      }
    },
    {
      "attribution":null,
      "creator":{
        "url":"https:\/\/www.pinterest.com\/rhall101511\/",
        "first_name":"Reatha",
        "last_name":"Dake Hall",
        "id":"485051959775075104"
      },
      "url":"https:\/\/www.pinterest.com\/pin\/485051822346352765\/",
      "media":{
        "type":"image"
      },
      "created_at":"2015-11-08T23:27:07",
      "original_link":"http:\/\/skinnyfiberresults.blogspot.com\/2013\/02\/meet-roger-321-lbs-to-215-lbs-using.html",
      "note":"Meet Roger - 321 lbs to 215 lbs using Skinny Fiber | Weight Loss Success Stories",
      "color":"#582922",
      "link":"https:\/\/www.pinterest.com\/r\/pin\/485051822346352765\/4779055074072594921\/f7dfc1e4b888ced63fae44dfe86fa45b7f077ec3deada4a6039170ef3f6bd5d4",
      "board":{
        "url":"https:\/\/www.pinterest.com\/rhall101511\/before-and-after-weightloss-motivation\/",
        "id":"485051891055621099",
        "name":"Before and After Weightloss Motivation"
      },
      "image":{
        "original":{
          "url":"https:\/\/s-media-cache-ak0.pinimg.com\/originals\/36\/d4\/39\/36d439cc2677f77402e063df5b4c9a09.jpg",
          "width":531,
          "height":403
        }
      },
      "counts":{
        "likes":1,
        "comments":0,
        "repins":1
      },
      "id":"485051822346352765",
      "metadata":{
      }
    },
    {
      "attribution":null,
      "creator":{
        "url":"https:\/\/www.pinterest.com\/rhall101511\/",
        "first_name":"Reatha",
        "last_name":"Dake Hall",
        "id":"485051959775075104"
      },
      "url":"https:\/\/www.pinterest.com\/pin\/485051822346352603\/",
      "media":{
        "type":"image"
      },
      "created_at":"2015-11-08T23:06:33",
      "original_link":"http:\/\/www.womansday.com\/health-fitness\/g5\/10-incredible-weight-loss-transformations-99576\/?slide=4",
      "note":"My Weight-Loss Secret: Add one minute a day to your walk \"I joined the Anytime Fitness gym near my house, but at first I could barely walk on the treadmill for 10 minutes. I didn't want to overdo it and get frustrated, so I decided to add just 1 minute of walking each day. After 20 days, I was up to 30 minutes of walking and the pounds were consistently coming off. If I couldn't make it to the gym, I'd stroll around town with my then-teenage daughters, Kayla and Kendra. Now, I feel like I am...",
      "color":"#3b3c34",
      "link":"https:\/\/www.pinterest.com\/r\/pin\/485051822346352603\/4779055074072594921\/f7b3fa460b2c8c4f8aef232d0e40c48b063959409a9b024635081ad828580488",
      "board":{
        "url":"https:\/\/www.pinterest.com\/rhall101511\/before-and-after-weightloss-motivation\/",
        "id":"485051891055621099",
        "name":"Before and After Weightloss Motivation"
      },
      "image":{
        "original":{
          "url":"https:\/\/s-media-cache-ak0.pinimg.com\/originals\/6b\/af\/0e\/6baf0e7423fa6e69431934b932f25feb.jpg",
          "width":980,
          "height":1744
        }
      },
      "counts":{
        "likes":0,
        "comments":0,
        "repins":0
      },
      "id":"485051822346352603",
      "metadata":{
        "article":{
          "published_at":"2015-01-02T00:00:00",
          "description":"Get inspired by real women who've lost major pounds.",
          "name":"Incredible Weight-Loss Transformations",
          "authors":[
            {
              "name":"Abigail L. Cuffey"
            }
          ]
        },
        "link":{
          "locale":"en",
          "title":"Incredible Weight-Loss Transformations",
          "site_name":"Good Housekeeping",
          "description":"Get inspired by real women who've lost major pounds.",
          "favicon":"https:\/\/s-media-cache-ak0.pinimg.com\/favicons\/1eb3f82732abd2917a792e2febd33051ff382fb66ff676d4665bcb3f.ico?75c2b0373dc44cddb55b83d9453ad7e2"
        }
      }
    },
    {
      "attribution":null,
      "creator":{
        "url":"https:\/\/www.pinterest.com\/rhall101511\/",
        "first_name":"Reatha",
        "last_name":"Dake Hall",
        "id":"485051959775075104"
      },
      "url":"https:\/\/www.pinterest.com\/pin\/485051822346352594\/",
      "media":{
        "type":"image"
      },
      "created_at":"2015-11-08T23:05:04",
      "original_link":"http:\/\/theweighwewere.com\/cory-ayers-started-exercising-to-boost-her-mood-and-lost-125-pounds\/",
      "note":"125 lbs - weight went on because she didn't know how to deal with stuff in life, severe depression; grew up with wholesome foods, but it was portion sizes in the privacy of her own home (food was her addiction), drank more water, walked, encouraged by the way her body responded to her changes. Feet stopped swelling, more energy, etc.",
      "color":"#9b8a88",
      "link":"https:\/\/www.pinterest.com\/r\/pin\/485051822346352594\/4779055074072594921\/2999db00165f32f8e5d87842a053fcc3f6483bef2bea6069917b30f7acef4429",
      "board":{
        "url":"https:\/\/www.pinterest.com\/rhall101511\/before-and-after-weightloss-motivation\/",
        "id":"485051891055621099",
        "name":"Before and After Weightloss Motivation"
      },
      "image":{
        "original":{
          "url":"https:\/\/s-media-cache-ak0.pinimg.com\/originals\/19\/7b\/b6\/197bb6e529a535bc88fb405d7b72d25b.jpg",
          "width":800,
          "height":480
        }
      },
      "counts":{
        "likes":1,
        "comments":0,
        "repins":2
      },
      "id":"485051822346352594",
      "metadata":{
        "article":{
          "published_at":"2012-03-24T00:00:00",
          "description":"Name: Cory Ayers Age: 27 Height: 5'10\" Before Weight: I was 294 pounds at my heaviest After Weight: 168 pounds How I Gained It: In September of 2010, I was more than 100 pounds overweight and had been obese for about six years. I gained most of the weight in a very... #100lbs #dietcontrol #header",
          "name":"Cory Ayers Started Exercising To Boost Her Mood And Lost 125...",
          "authors":[
            {
              "name":"KatC"
            }
          ]
        },
        "link":{
          "locale":"en_US",
          "title":"Cory Ayers Started Exercising To Boost Her Mood And Lost 125...",
          "site_name":"The Weigh We Were.com",
          "description":"Name: Cory Ayers Age: 27 Height: 5'10\" Before Weight: I was 294 pounds at my heaviest After Weight: 168 pounds How I Gained It: In September of 2010, I was more than 100 pounds overweight and had been obese for about six years. I gained most of the weight in a very... #100lbs #dietcontrol #header",
          "favicon":"https:\/\/s-media-cache-ak0.pinimg.com\/favicons\/7af8c01519f31c91f239b4159dcfdf9d291761ecbcfda16c33d52b76.ico?250e38dd519272eaa578b23f8df1f35d"
        }
      }
    },
    {
      "attribution":null,
      "creator":{
        "url":"https:\/\/www.pinterest.com\/rhall101511\/",
        "first_name":"Reatha",
        "last_name":"Dake Hall",
        "id":"485051959775075104"
      },
      "url":"https:\/\/www.pinterest.com\/pin\/485051822346352556\/",
      "media":{
        "type":"image"
      },
      "created_at":"2015-11-08T23:00:30",
      "original_link":"http:\/\/www.walkathome.com\/success-story\/",
      "note":"Lost 62 pounds with Walk away the pounds",
      "color":"#5f514b",
      "link":"https:\/\/www.pinterest.com\/r\/pin\/485051822346352556\/4779055074072594921\/0f57fbe179a5474e00bb877e6f2063b09730c60fc18628062ffd2c1b979f61c5",
      "board":{
        "url":"https:\/\/www.pinterest.com\/rhall101511\/before-and-after-weightloss-motivation\/",
        "id":"485051891055621099",
        "name":"Before and After Weightloss Motivation"
      },
      "image":{
        "original":{
          "url":"https:\/\/s-media-cache-ak0.pinimg.com\/originals\/74\/34\/d4\/7434d4c5769c65decd25031a5fdd70ac.jpg",
          "width":340,
          "height":500
        }
      },
      "counts":{
        "likes":0,
        "comments":0,
        "repins":0
      },
      "id":"485051822346352556",
      "metadata":{
      }
    },
    {
      "attribution":null,
      "creator":{
        "url":"https:\/\/www.pinterest.com\/rhall101511\/",
        "first_name":"Reatha",
        "last_name":"Dake Hall",
        "id":"485051959775075104"
      },
      "url":"https:\/\/www.pinterest.com\/pin\/485051822346351699\/",
      "media":{
        "type":"image"
      },
      "created_at":"2015-11-08T21:53:35",
      "original_link":"http:\/\/www.halfsizeme.com\/018-half-size-me-how-to-maintain-your-weight-after-losing-it-with-sandrelle\/",
      "note":"Sandrelle lost 100lb and has kept it off for 4 years hear her amazing story!",
      "color":"#7a615a",
      "link":"https:\/\/www.pinterest.com\/r\/pin\/485051822346351699\/4779055074072594921\/b3c4165c53119498c586cdcf68b616d6650ad84993c5a1b2a80558ce4d92295a",
      "board":{
        "url":"https:\/\/www.pinterest.com\/rhall101511\/before-and-after-weightloss-motivation\/",
        "id":"485051891055621099",
        "name":"Before and After Weightloss Motivation"
      },
      "image":{
        "original":{
          "url":"https:\/\/s-media-cache-ak0.pinimg.com\/originals\/9f\/23\/ea\/9f23eabd85b2a2efa6135c445ff22398.jpg",
          "width":480,
          "height":480
        }
      },
      "counts":{
        "likes":0,
        "comments":0,
        "repins":1
      },
      "id":"485051822346351699",
      "metadata":{
      }
    },
    {
      "attribution":null,
      "creator":{
        "url":"https:\/\/www.pinterest.com\/rhall101511\/",
        "first_name":"Reatha",
        "last_name":"Dake Hall",
        "id":"485051959775075104"
      },
      "url":"https:\/\/www.pinterest.com\/pin\/485051822346351691\/",
      "media":{
        "type":"image"
      },
      "created_at":"2015-11-08T21:52:52",
      "original_link":"http:\/\/www.shape.com\/weight-loss\/success-stories\/how-lose-100-pounds-and-slim-down-healthy-way?socsrc=shapepin15091308&crlt.pid=camp.uFLngwudF6mR",
      "note":"Starting small is a great first step to a healthier, happier you!",
      "color":"#9e767a",
      "link":"https:\/\/www.pinterest.com\/r\/pin\/485051822346351691\/4779055074072594921\/04b7b949fc9bc9080dcf0110622584f170a9bbd83b85b1c3d3cf6c2367ee6d72",
      "board":{
        "url":"https:\/\/www.pinterest.com\/rhall101511\/before-and-after-weightloss-motivation\/",
        "id":"485051891055621099",
        "name":"Before and After Weightloss Motivation"
      },
      "image":{
        "original":{
          "url":"https:\/\/s-media-cache-ak0.pinimg.com\/originals\/23\/3c\/d7\/233cd79b6c47a9c3ecf7f50cdc5665da.jpg",
          "width":384,
          "height":384
        }
      },
      "counts":{
        "likes":1,
        "comments":0,
        "repins":1
      },
      "id":"485051822346351691",
      "metadata":{
        "article":{
          "published_at":null,
          "description":"A traumatic visit to the garment store five years ago made Ashley Keller face the truth about her weight. \u201cI remember sitting in the parking lot after trying to buy pants for work,\u201d says 5-foot-6-inch",
          "name":"How to Lose 100 Pounds and Slim Down the Healthy Way",
          "authors":[]
        },
        "link":{
          "locale":"en",
          "title":"How to Lose 100 Pounds and Slim Down the Healthy Way",
          "site_name":"Shape Magazine",
          "description":"After surpassing a size 19, one woman knew she had to lose weight or she'd totally lose control of her life. She lose 110 pounds on her weight loss journey; find out how here.",
          "favicon":"https:\/\/s-media-cache-ak0.pinimg.com\/favicons\/4d7a99dcc6af9e3c32af7c0df714ff3e8f874e266916bb8f82595730.ico?c1df787338bcc8d66767a3e37d8fd55e"
        }
      }
    },
    {
      "attribution":null,
      "creator":{
        "url":"https:\/\/www.pinterest.com\/rhall101511\/",
        "first_name":"Reatha",
        "last_name":"Dake Hall",
        "id":"485051959775075104"
      },
      "url":"https:\/\/www.pinterest.com\/pin\/485051822346351677\/",
      "media":{
        "type":"image"
      },
      "created_at":"2015-11-08T21:52:22",
      "original_link":"http:\/\/www.mindbodygreen.com\/0-15261\/25-life-lessons-ive-learned-from-losing-125-pounds.html",
      "note":"25 Life Lessons I've Learned From Losing 125 Pounds",
      "color":"#8e9796",
      "link":"https:\/\/www.pinterest.com\/r\/pin\/485051822346351677\/4779055074072594921\/38224b04527473e18cf4c850da37a144d432fd261fbf4433f1b49e8bf4a59bf7",
      "board":{
        "url":"https:\/\/www.pinterest.com\/rhall101511\/before-and-after-weightloss-motivation\/",
        "id":"485051891055621099",
        "name":"Before and After Weightloss Motivation"
      },
      "image":{
        "original":{
          "url":"https:\/\/s-media-cache-ak0.pinimg.com\/originals\/8a\/75\/b0\/8a75b07712f13e9189953e1d076279aa.jpg",
          "width":850,
          "height":400
        }
      },
      "counts":{
        "likes":1,
        "comments":0,
        "repins":1
      },
      "id":"485051822346351677",
      "metadata":{
        "article":{
          "published_at":"2014-09-12T00:00:00",
          "description":"It\u2019s been my experience over the last five years that you don\u2019t just lose 125 pounds without discovering some seriously deep stuff about yourself.",
          "name":"25 Life Lessons I've Learned From Losing 125 Pounds",
          "authors":[]
        },
        "link":{
          "locale":"en",
          "title":"25 Life Lessons I've Learned From Losing 125 Pounds",
          "site_name":"mindbodygreen",
          "description":"It\u2019s been my experience over the last five years that you don\u2019t just lose 125 pounds without discovering some seriously deep stuff about yourself.",
          "favicon":"https:\/\/s-media-cache-ak0.pinimg.com\/favicons\/59cc2988a82dab99c252d91a1b6466afea4dd4a0933427112f16e77d.png?b624d54a07c00ad15bafedee2e272374"
        }
      }
    },
    {
      "attribution":null,
      "creator":{
        "url":"https:\/\/www.pinterest.com\/rhall101511\/",
        "first_name":"Reatha",
        "last_name":"Dake Hall",
        "id":"485051959775075104"
      },
      "url":"https:\/\/www.pinterest.com\/pin\/485051822346351674\/",
      "media":{
        "type":"image"
      },
      "created_at":"2015-11-08T21:52:15",
      "original_link":"http:\/\/www.everydayhealth.com\/columns\/weight-loss-success-stories\/pre-diabetes-diagnosis-motivates-sarah-lose-100-pounds\/",
      "note":"How pre-diabetes motivated Sarah to lose 100 pounds. #weightloss",
      "color":"#4b473f",
      "link":"https:\/\/www.pinterest.com\/r\/pin\/485051822346351674\/4779055074072594921\/93ac8f0ac9ee8e7d8a936030b7f11c3982731bb2dee66b19bbc9cc6256fc9e69",
      "board":{
        "url":"https:\/\/www.pinterest.com\/rhall101511\/before-and-after-weightloss-motivation\/",
        "id":"485051891055621099",
        "name":"Before and After Weightloss Motivation"
      },
      "image":{
        "original":{
          "url":"https:\/\/s-media-cache-ak0.pinimg.com\/originals\/7a\/d6\/1c\/7ad61cb30ca1d2e0a76d4a3167de3362.jpg",
          "width":400,
          "height":400
        }
      },
      "counts":{
        "likes":1,
        "comments":0,
        "repins":2
      },
      "id":"485051822346351674",
      "metadata":{
        "article":{
          "published_at":null,
          "description":"Prediabetes Motivates Sarah to Lose 100 Pounds - Weight Loss Success Stories",
          "name":"Prediabetes Motivates Sarah to Lose 100 Pounds - Weight Loss Success Stories",
          "authors":[]
        },
        "link":{
          "locale":"en_US",
          "title":"Prediabetes Motivates Sarah to Lose 100 Pounds - Weight Loss Success Stories",
          "site_name":"everydayhealth.com",
          "description":"Prediabetes Motivates Sarah to Lose 100 Pounds - Weight Loss Success Stories",
          "favicon":"https:\/\/s-media-cache-ak0.pinimg.com\/favicons\/1663c28a915a92aee8faa185a318837ee77660558b9bd7094f320be2.ico?e0c6df091c5a8317ef46568fae400b0e"
        }
      }
    },
    {
      "attribution":null,
      "creator":{
        "url":"https:\/\/www.pinterest.com\/rhall101511\/",
        "first_name":"Reatha",
        "last_name":"Dake Hall",
        "id":"485051959775075104"
      },
      "url":"https:\/\/www.pinterest.com\/pin\/485051822346351662\/",
      "media":{
        "type":"image"
      },
      "created_at":"2015-11-08T21:51:31",
      "original_link":"http:\/\/healthynutritionjumpstart.com\/weight-loss-tips\/",
      "note":"How to Lose 100 Pounds in a Year \u2013 Try These Tips And Watch The Pounds Melt Away",
      "color":"#916c60",
      "link":"https:\/\/www.pinterest.com\/r\/pin\/485051822346351662\/4779055074072594921\/0ae40f45539efd40a1a5ece408638c0d4a1d381f30658ecebdf3591609e59eb2",
      "board":{
        "url":"https:\/\/www.pinterest.com\/rhall101511\/before-and-after-weightloss-motivation\/",
        "id":"485051891055621099",
        "name":"Before and After Weightloss Motivation"
      },
      "image":{
        "original":{
          "url":"https:\/\/s-media-cache-ak0.pinimg.com\/originals\/38\/ea\/ea\/38eaeab821c77d5415508aa9e0d2654f.jpg",
          "width":300,
          "height":343
        }
      },
      "counts":{
        "likes":1,
        "comments":0,
        "repins":1
      },
      "id":"485051822346351662",
      "metadata":{
      }
    },
    {
      "attribution":null,
      "creator":{
        "url":"https:\/\/www.pinterest.com\/rhall101511\/",
        "first_name":"Reatha",
        "last_name":"Dake Hall",
        "id":"485051959775075104"
      },
      "url":"https:\/\/www.pinterest.com\/pin\/485051822346351649\/",
      "media":{
        "type":"image"
      },
      "created_at":"2015-11-08T21:50:24",
      "original_link":"http:\/\/www.keepingthebulgeatbay.blogspot.com",
      "note":"I have lost over 100lbs and this is my new blog about the hardest part of losing weight...keeping it off!   Hope you enjoy it!",
      "color":"#9e7b66",
      "link":"https:\/\/www.pinterest.com\/r\/pin\/485051822346351649\/4779055074072594921\/e94b0d5e52cadd359b4f632219c484d4820258b870c721aad5af8f43017ec066",
      "board":{
        "url":"https:\/\/www.pinterest.com\/rhall101511\/before-and-after-weightloss-motivation\/",
        "id":"485051891055621099",
        "name":"Before and After Weightloss Motivation"
      },
      "image":{
        "original":{
          "url":"https:\/\/s-media-cache-ak0.pinimg.com\/originals\/94\/f6\/d4\/94f6d4c74d9bef76bafff4555a0fd87c.jpg",
          "width":320,
          "height":265
        }
      },
      "counts":{
        "likes":0,
        "comments":0,
        "repins":2
      },
      "id":"485051822346351649",
      "metadata":{
      }
    },
    {
      "attribution":null,
      "creator":{
        "url":"https:\/\/www.pinterest.com\/rhall101511\/",
        "first_name":"Reatha",
        "last_name":"Dake Hall",
        "id":"485051959775075104"
      },
      "url":"https:\/\/www.pinterest.com\/pin\/485051822346351637\/",
      "media":{
        "type":"image"
      },
      "created_at":"2015-11-08T21:49:43",
      "original_link":"http:\/\/www.momworksout.com\/2013\/04\/youre-not-fat-youre-just-big-boned.html",
      "note":"Inspiration! Read how Candice lost over 100 pounds and is KEEPING it off!",
      "color":"#ba9892",
      "link":"https:\/\/www.pinterest.com\/r\/pin\/485051822346351637\/4779055074072594921\/0fe95d3ceb54f98dc0519414459a4d05578edbd4e5d0c46f53389658d8a70ebd",
      "board":{
        "url":"https:\/\/www.pinterest.com\/rhall101511\/before-and-after-weightloss-motivation\/",
        "id":"485051891055621099",
        "name":"Before and After Weightloss Motivation"
      },
      "image":{
        "original":{
          "url":"https:\/\/s-media-cache-ak0.pinimg.com\/originals\/ce\/3e\/cc\/ce3ecc61b82f20288b1011b711ffc828.jpg",
          "width":320,
          "height":320
        }
      },
      "counts":{
        "likes":1,
        "comments":0,
        "repins":1
      },
      "id":"485051822346351637",
      "metadata":{
      }
    },
    {
      "attribution":null,
      "creator":{
        "url":"https:\/\/www.pinterest.com\/rhall101511\/",
        "first_name":"Reatha",
        "last_name":"Dake Hall",
        "id":"485051959775075104"
      },
      "url":"https:\/\/www.pinterest.com\/pin\/485051822346351624\/",
      "media":{
        "type":"image"
      },
      "created_at":"2015-11-08T21:48:38",
      "original_link":"http:\/\/www.themommabird.com\/2012\/03\/17\/life-after-babies-a-guest-post\/#comment-2055",
      "note":"My Weight Loss Journey and How I lost 100 pounds",
      "color":"#736268",
      "link":"https:\/\/www.pinterest.com\/r\/pin\/485051822346351624\/4779055074072594921\/4dad3ff87c4e5eecaa6e348fb4bdc264e4b8b72efcb2bbb2929159f548db79b7",
      "board":{
        "url":"https:\/\/www.pinterest.com\/rhall101511\/before-and-after-weightloss-motivation\/",
        "id":"485051891055621099",
        "name":"Before and After Weightloss Motivation"
      },
      "image":{
        "original":{
          "url":"https:\/\/s-media-cache-ak0.pinimg.com\/originals\/59\/25\/61\/5925618f1ac39635cfde3970fd3942e7.jpg",
          "width":1024,
          "height":925
        }
      },
      "counts":{
        "likes":1,
        "comments":0,
        "repins":1
      },
      "id":"485051822346351624",
      "metadata":{
      }
    },
    {
      "attribution":null,
      "creator":{
        "url":"https:\/\/www.pinterest.com\/rhall101511\/",
        "first_name":"Reatha",
        "last_name":"Dake Hall",
        "id":"485051959775075104"
      },
      "url":"https:\/\/www.pinterest.com\/pin\/485051822346351623\/",
      "media":{
        "type":"image"
      },
      "created_at":"2015-11-08T21:48:31",
      "original_link":"http:\/\/www.fitbie.com\/2013\/02\/13\/couple-shed-more-100-pounds-together?blog_cat=juice-bar",
      "note":"This Couple Shed More Than 100 Pounds Together. Find out how they did it!",
      "color":"#b5896f",
      "link":"https:\/\/www.pinterest.com\/r\/pin\/485051822346351623\/4779055074072594921\/a85659c5dfaa8bf04b083629a93ab83fbb73882bbd80d9baac084a7ad49ee2d6",
      "board":{
        "url":"https:\/\/www.pinterest.com\/rhall101511\/before-and-after-weightloss-motivation\/",
        "id":"485051891055621099",
        "name":"Before and After Weightloss Motivation"
      },
      "image":{
        "original":{
          "url":"https:\/\/s-media-cache-ak0.pinimg.com\/originals\/fc\/92\/4f\/fc924f994b191a672bf98f92fcd7a3ec.jpg",
          "width":564,
          "height":400
        }
      },
      "counts":{
        "likes":1,
        "comments":0,
        "repins":2
      },
      "id":"485051822346351623",
      "metadata":{
        "article":{
          "published_at":"2013-02-13T00:00:00",
          "description":"MeganBefore: 170 poundsAfter: 117 poundsHeight: 5\u2019 4\u201dAge: 28",
          "name":"This Couple Shed More Than 100 Pounds Together",
          "authors":[]
        },
        "link":{
          "locale":"en",
          "title":"This Couple Shed More Than 100 Pounds Together",
          "site_name":"Rodale Wellness",
          "description":"MeganBefore: 170 poundsAfter: 117 poundsHeight: 5\u2019 4\u201dAge: 28",
          "favicon":"https:\/\/s-media-cache-ak0.pinimg.com\/favicons\/eefb1f793d20000b35fc65b69d76863d56159302128b6ebbc9f10b5e.ico?b9929d71f69bc3a7000c03fc601578a6"
        }
      }
    },
    {
      "attribution":null,
      "creator":{
        "url":"https:\/\/www.pinterest.com\/rhall101511\/",
        "first_name":"Reatha",
        "last_name":"Dake Hall",
        "id":"485051959775075104"
      },
      "url":"https:\/\/www.pinterest.com\/pin\/485051822346351587\/",
      "media":{
        "type":"image"
      },
      "created_at":"2015-11-08T21:46:55",
      "original_link":"http:\/\/www.allyou.com\/m\/diet-fitness\/diet-fitness\/diet\/lose-100-pounds",
      "note":"How I Lost 158 Pounds Despite Chronic Back Pain",
      "color":"#9e868d",
      "link":"https:\/\/www.pinterest.com\/r\/pin\/485051822346351587\/4779055074072594921\/bad9e5b2a11def03d485c258b419ba9531cf901ceb4a86414a757dc64c8e7ed8",
      "board":{
        "url":"https:\/\/www.pinterest.com\/rhall101511\/before-and-after-weightloss-motivation\/",
        "id":"485051891055621099",
        "name":"Before and After Weightloss Motivation"
      },
      "image":{
        "original":{
          "url":"https:\/\/s-media-cache-ak0.pinimg.com\/originals\/22\/17\/38\/221738b22bc1581c6d030890a1467f9a.jpg",
          "width":300,
          "height":300
        }
      },
      "counts":{
        "likes":0,
        "comments":0,
        "repins":2
      },
      "id":"485051822346351587",
      "metadata":{
        "article":{
          "published_at":null,
          "description":"Lisa Gonzalez Smith, 28, of Edinburg, Texas, fought through pain to get fit and healthy. She lost 158 pounds!",
          "name":"How I Lost 158 Pounds Despite Chronic Back Pain",
          "authors":[]
        },
        "link":{
          "locale":"en",
          "title":"How I Lost 158 Pounds Despite Chronic Back Pain",
          "site_name":"AllYou.com",
          "description":"Learn weight loss tips from someone who lost over 100 pounds.",
          "favicon":"https:\/\/s-media-cache-ak0.pinimg.com\/favicons\/ec69be1dadf3c7cfb9cb0aed84af1d296d5b25c2ad1c1a6329a5b37d.png?624f9a197bd27fc393fc5423ab71d6c3"
        }
      }
    },
    {
      "attribution":null,
      "creator":{
        "url":"https:\/\/www.pinterest.com\/rhall101511\/",
        "first_name":"Reatha",
        "last_name":"Dake Hall",
        "id":"485051959775075104"
      },
      "url":"https:\/\/www.pinterest.com\/pin\/485051822346351580\/",
      "media":{
        "type":"image"
      },
      "created_at":"2015-11-08T21:46:35",
      "original_link":"http:\/\/www.beyondword.com\/product\/1-year-100-pounds",
      "note":"I really want to read this inspirational book of how a teen helps you learn to loose weight and love your body!!! She shares her journey and how you can have one too!!! It looks really awesome and uplifting, with charts, exercises, and quotes!!!",
      "color":"#fdf1ef",
      "link":"https:\/\/www.pinterest.com\/r\/pin\/485051822346351580\/4779055074072594921\/6861ff0cf300f1ec34e2f424e92317955a8fcc37856721c22d26b7e3793c94d8",
      "board":{
        "url":"https:\/\/www.pinterest.com\/rhall101511\/before-and-after-weightloss-motivation\/",
        "id":"485051891055621099",
        "name":"Before and After Weightloss Motivation"
      },
      "image":{
        "original":{
          "url":"https:\/\/s-media-cache-ak0.pinimg.com\/originals\/31\/ce\/7c\/31ce7c2563a0726b157913174abca68a.jpg",
          "width":200,
          "height":300
        }
      },
      "counts":{
        "likes":0,
        "comments":0,
        "repins":0
      },
      "id":"485051822346351580",
      "metadata":{
      }
    },
    {
      "attribution":null,
      "creator":{
        "url":"https:\/\/www.pinterest.com\/rhall101511\/",
        "first_name":"Reatha",
        "last_name":"Dake Hall",
        "id":"485051959775075104"
      },
      "url":"https:\/\/www.pinterest.com\/pin\/485051822346351543\/",
      "media":{
        "type":"image"
      },
      "created_at":"2015-11-08T21:44:47",
      "original_link":"http:\/\/theweighwewere.com\/mother-of-6-accidentally-loses-over-100-pounds\/",
      "note":"Mother of 6 Accidentally Loses Over 100 Pounds!  CLICK TO READ MORE!",
      "color":"#867d69",
      "link":"https:\/\/www.pinterest.com\/r\/pin\/485051822346351543\/4779055074072594921\/fcc9f8a29b1b28170537d900bac3413499a8c4dab03d6142729a0898fedacc4a",
      "board":{
        "url":"https:\/\/www.pinterest.com\/rhall101511\/before-and-after-weightloss-motivation\/",
        "id":"485051891055621099",
        "name":"Before and After Weightloss Motivation"
      },
      "image":{
        "original":{
          "url":"https:\/\/s-media-cache-ak0.pinimg.com\/originals\/ae\/1a\/96\/ae1a9688038eb4fa68435920d0e73d54.jpg",
          "width":326,
          "height":504
        }
      },
      "counts":{
        "likes":0,
        "comments":0,
        "repins":0
      },
      "id":"485051822346351543",
      "metadata":{
        "article":{
          "published_at":"2014-05-24T00:00:00",
          "description":"I simply needed more energy. That's how it all started. My life had spiraled out of control. I had just had my 6th child and was weighing in at 240 pounds. Because I am 5\" 10\u2019 most people did not know I weighed so much. I was able to camouflage under size 18 clothing... #100lbs #diet #women",
          "name":"Mother of 6 Accidentally Loses Over 100 Pounds",
          "authors":[
            {
              "name":"KatC"
            }
          ]
        },
        "link":{
          "locale":"en_US",
          "title":"Mother of 6 Accidentally Loses Over 100 Pounds \u2013 The Weigh We Were",
          "site_name":"The Weigh We Were.com",
          "description":"I simply needed more energy. That's how it all started. My life had spiraled out of control. I had just had my 6th child and was weighing in at 240 pounds. Because I am 5\" 10\u2019 most people did not know I weighed so much. I was able to camouflage under size 18 clothing... #100lbs #diet #women",
          "favicon":"https:\/\/s-media-cache-ak0.pinimg.com\/favicons\/7af8c01519f31c91f239b4159dcfdf9d291761ecbcfda16c33d52b76.ico?250e38dd519272eaa578b23f8df1f35d"
        }
      }
    },
    {
      "attribution":null,
      "creator":{
        "url":"https:\/\/www.pinterest.com\/rhall101511\/",
        "first_name":"Reatha",
        "last_name":"Dake Hall",
        "id":"485051959775075104"
      },
      "url":"https:\/\/www.pinterest.com\/pin\/485051822346351526\/",
      "media":{
        "type":"image"
      },
      "created_at":"2015-11-08T21:43:35",
      "original_link":"http:\/\/www.theeyesofaboy.com\/2015\/01\/my-weight-loss-journey-how-i-lost-nearly-100-pounds-in-nine-months.html",
      "note":"My Extreme Weight Loss Journey - How I lost nearly 100 pounds in 9 months after having 3 babies in under 3 years!",
      "color":"#69383d",
      "link":"https:\/\/www.pinterest.com\/r\/pin\/485051822346351526\/4779055074072594921\/1b2c3bf27436728d4114ce3c82f0f6932d540ab4ec2a811f03877a1bdded0433",
      "board":{
        "url":"https:\/\/www.pinterest.com\/rhall101511\/before-and-after-weightloss-motivation\/",
        "id":"485051891055621099",
        "name":"Before and After Weightloss Motivation"
      },
      "image":{
        "original":{
          "url":"https:\/\/s-media-cache-ak0.pinimg.com\/originals\/e4\/c4\/4b\/e4c44b700c97d42ccbeef7eac3b1fe4a.jpg",
          "width":2000,
          "height":2000
        }
      },
      "counts":{
        "likes":0,
        "comments":0,
        "repins":0
      },
      "id":"485051822346351526",
      "metadata":{
      }
    },
    {
      "attribution":null,
      "creator":{
        "url":"https:\/\/www.pinterest.com\/rhall101511\/",
        "first_name":"Reatha",
        "last_name":"Dake Hall",
        "id":"485051959775075104"
      },
      "url":"https:\/\/www.pinterest.com\/pin\/485051822346351516\/",
      "media":{
        "type":"image"
      },
      "created_at":"2015-11-08T21:43:10",
      "original_link":"http:\/\/quemas.mamaslatinas.com\/health_fitness\/129099\/blogger_loses_60_lbs_in",
      "note":"Sophie King, a 26-year-old teacher and blogger, has become an Internet star after announcing a diet which helped her lose 55 pounds in only 3 months. At one point Sophie weighed 194 pounds, and after getting really sick a few times, she figured out a 100-day-plan for losing weight.",
      "color":"#a87f65",
      "link":"https:\/\/www.pinterest.com\/r\/pin\/485051822346351516\/4779055074072594921\/06272cb533919a35d2d3321f05453e85e6d2ff687d310da17f84cca63cd5234d",
      "board":{
        "url":"https:\/\/www.pinterest.com\/rhall101511\/before-and-after-weightloss-motivation\/",
        "id":"485051891055621099",
        "name":"Before and After Weightloss Motivation"
      },
      "image":{
        "original":{
          "url":"https:\/\/s-media-cache-ak0.pinimg.com\/originals\/99\/b8\/4f\/99b84f995bd978cb91f8a398701f19d6.jpg",
          "width":600,
          "height":600
        }
      },
      "counts":{
        "likes":1,
        "comments":0,
        "repins":2
      },
      "id":"485051822346351516",
      "metadata":{
        "article":{
          "published_at":null,
          "description":"A 26-year-old woman from Cornwall, England lost almost 60 pounds in only 100 days. Sophie King was overweight, unhealthy and unhappy before she decide...",
          "name":"Blogger loses 60 lbs in 3 months & you have to see her now!",
          "authors":[]
        },
        "link":{
          "locale":"en",
          "title":"Blogger loses 60 lbs in 3 months & you have to see her now!",
          "site_name":"MamasLatinas",
          "description":"A 26-year-old woman from Cornwall, England lost almost 60 pounds in only 100 days. Sophie King was overweight, unhealthy and unhappy before she decide...",
          "favicon":"https:\/\/s-media-cache-ak0.pinimg.com\/favicons\/cfb072e1feceedcf917179fbe652d84e72314f627441ceb28e201502.ico?e2e3cafff9baeff5a65df38060bb11cf"
        }
      }
    },
    {
      "attribution":null,
      "creator":{
        "url":"https:\/\/www.pinterest.com\/rhall101511\/",
        "first_name":"Reatha",
        "last_name":"Dake Hall",
        "id":"485051959775075104"
      },
      "url":"https:\/\/www.pinterest.com\/pin\/485051822346351420\/",
      "media":{
        "type":"image"
      },
      "created_at":"2015-11-08T21:35:01",
      "original_link":"http:\/\/beitbelieveit.blogspot.com\/search?updated-max=2011-03-08T18:48:00-08:00&max-results=7",
      "note":"How she lost 100 lbs in 1 year....motivation. I skimmed her blog and love her honesty about her journey.",
      "color":"#c48f34",
      "link":"https:\/\/www.pinterest.com\/r\/pin\/485051822346351420\/4779055074072594921\/2359b83854418e1529020f9ed63629e97a996560acf46e5e6dc9b2f62a79ba93",
      "board":{
        "url":"https:\/\/www.pinterest.com\/rhall101511\/before-and-after-weightloss-motivation\/",
        "id":"485051891055621099",
        "name":"Before and After Weightloss Motivation"
      },
      "image":{
        "original":{
          "url":"https:\/\/s-media-cache-ak0.pinimg.com\/originals\/ac\/f6\/9b\/acf69b190cea18dc52feb11e97c7c461.jpg",
          "width":320,
          "height":306
        }
      },
      "counts":{
        "likes":0,
        "comments":0,
        "repins":1
      },
      "id":"485051822346351420",
      "metadata":{
      }
    },
    {
      "attribution":null,
      "creator":{
        "url":"https:\/\/www.pinterest.com\/rhall101511\/",
        "first_name":"Reatha",
        "last_name":"Dake Hall",
        "id":"485051959775075104"
      },
      "url":"https:\/\/www.pinterest.com\/pin\/485051822346351331\/",
      "media":{
        "type":"image"
      },
      "created_at":"2015-11-08T21:27:06",
      "original_link":"http:\/\/queenbeeing.com\/how-to-lose-100-pounds\/",
      "note":"lost 100 lbs | While there are plenty of folks who know how to lose 100 pounds, not ...",
      "color":"#a46c5b",
      "link":"https:\/\/www.pinterest.com\/r\/pin\/485051822346351331\/4779055074072594921\/fef6e30b673df57ab3fa67ddf9e69d7444b6136129eee76c517d39377c3e6a44",
      "board":{
        "url":"https:\/\/www.pinterest.com\/rhall101511\/before-and-after-weightloss-motivation\/",
        "id":"485051891055621099",
        "name":"Before and After Weightloss Motivation"
      },
      "image":{
        "original":{
          "url":"https:\/\/s-media-cache-ak0.pinimg.com\/originals\/eb\/64\/29\/eb6429c0ba4a3f5faa655de954e213da.jpg",
          "width":960,
          "height":720
        }
      },
      "counts":{
        "likes":1,
        "comments":0,
        "repins":2
      },
      "id":"485051822346351331",
      "metadata":{
      }
    },
    {
      "attribution":null,
      "creator":{
        "url":"https:\/\/www.pinterest.com\/rhall101511\/",
        "first_name":"Reatha",
        "last_name":"Dake Hall",
        "id":"485051959775075104"
      },
      "url":"https:\/\/www.pinterest.com\/pin\/485051822346351330\/",
      "media":{
        "type":"image"
      },
      "created_at":"2015-11-08T21:26:59",
      "original_link":"http:\/\/www.mindbodygreen.com\/0-12360\/what-losing-100-pounds-taught-me-about-how-we-treat-overweight-people.html",
      "note":"What Losing 100 Pounds Taught Me About How We Treat Overweight People",
      "color":"#7a4b1c",
      "link":"https:\/\/www.pinterest.com\/r\/pin\/485051822346351330\/4779055074072594921\/c1e0085c7dc7b7506affdfdba565d7747ba5994a69de015e02ef50cf1f9be86c",
      "board":{
        "url":"https:\/\/www.pinterest.com\/rhall101511\/before-and-after-weightloss-motivation\/",
        "id":"485051891055621099",
        "name":"Before and After Weightloss Motivation"
      },
      "image":{
        "original":{
          "url":"https:\/\/s-media-cache-ak0.pinimg.com\/originals\/0d\/63\/49\/0d63491fc37a4c274267b6ea35c3bff7.png",
          "width":775,
          "height":543
        }
      },
      "counts":{
        "likes":0,
        "comments":0,
        "repins":1
      },
      "id":"485051822346351330",
      "metadata":{
        "article":{
          "published_at":"2014-01-22T00:00:00",
          "description":"It didn\u2019t come as a shock to me that when I lost nearly 100 pounds, the world and its relationship to me changed drastically.",
          "name":"What Losing 100 Pounds Taught Me About How We Treat Overweight People",
          "authors":[]
        },
        "link":{
          "locale":"en",
          "title":"What Losing 100 Pounds Taught Me About How We Treat Overweight People",
          "site_name":"mindbodygreen",
          "description":"It didn\u2019t come as a shock to me that when I lost nearly 100 pounds, the world and its relationship to me changed drastically.",
          "favicon":"https:\/\/s-media-cache-ak0.pinimg.com\/favicons\/59cc2988a82dab99c252d91a1b6466afea4dd4a0933427112f16e77d.png?b624d54a07c00ad15bafedee2e272374"
        }
      }
    }
  ],
  "page":{
    "cursor":"LT40ODUwNTE4MjIzNDYzNTEzMzA6NDl8MTQwYzI2Mjg1MDIyOTIwYWIzYjM4NmI4NzJkMzIyNjU1N2VjNTNiNzVmYmJlM2MwZDk0NmQ3NjM2ZWEyOWFkMw==",
    "next":"https:\/\/api.pinterest.com\/v1\/boards\/rhall101511\/before-and-after-weightloss-motivation\/pins\/?access_token=AZlZE-HOK-Y4205yRft75KyYVaauFCBIs8jxSxdCtrJcomAqbQAAAAA&fields=id%2Clink%2Cnote%2Curl%2Cattribution%2Cmedia%2Cmetadata%2Cboard%2Ccolor%2Ccounts%2Ccreated_at%2Ccreator%2Cimage%2Coriginal_link&cursor=LT40ODUwNTE4MjIzNDYzNTEzMzA6NDl8MTQwYzI2Mjg1MDIyOTIwYWIzYjM4NmI4NzJkMzIyNjU1N2VjNTNiNzVmYmJlM2MwZDk0NmQ3NjM2ZWEyOWFkMw%3D%3D"
  }
}
