{
  "data":[
    {
      "attribution":null,
      "creator":{
        "url":"https:\/\/www.pinterest.com\/rhall101511\/",
        "first_name":"Reatha",
        "last_name":"Dake Hall",
        "id":"485051959775075104"
      },
      "url":"https:\/\/www.pinterest.com\/pin\/485051822346709999\/",
      "media":{
        "type":"image"
      },
      "created_at":"2015-12-08T19:29:57",
      "original_link":"http:\/\/www.womenshealthmag.com\/weight-loss\/kira-ottaway-success-story",
      "note":"How This Pastry Chef Crushed Her Addiction to Sweets and Lost 85 Pounds",
      "color":"#829086",
      "link":"https:\/\/www.pinterest.com\/r\/pin\/485051822346709999\/4779055074072594921\/06d63e599ad1177220cd2297bb50387732c1da7cf50543450f7dc24970865bf4",
      "board":{
        "url":"https:\/\/www.pinterest.com\/rhall101511\/before-and-after-weightloss-motivation\/",
        "id":"485051891055621099",
        "name":"Before and After Weightloss Motivation"
      },
      "image":{
        "original":{
          "url":"https:\/\/s-media-cache-ak0.pinimg.com\/originals\/7c\/5b\/d7\/7c5bd7bd01e4f1477ad175498f16446a.jpg",
          "width":650,
          "height":412
        }
      },
      "counts":{
        "likes":1,
        "comments":0,
        "repins":4
      },
      "id":"485051822346709999",
      "metadata":{
        "article":{
          "published_at":null,
          "description":"Before: 215After: 130",
          "name":"How This Pastry Chef Crushed Her Addiction to Sweets and Lost 85 Pounds",
          "authors":[]
        },
        "link":{
          "locale":"en",
          "title":"How This Pastry Chef Crushed Her Addiction to Sweets and Lost 85 Pounds",
          "site_name":"Women's Health",
          "description":"Kira Ottaway lost 85 pounds over three years by conquering her addiction to sweets and emotional eating.",
          "favicon":"https:\/\/s-media-cache-ak0.pinimg.com\/favicons\/2e5d77d5fcbcfd9c98ee2feb3a19a058812fbe8d95f198b32d9f9a07.ico?dbb79828a114bd9a5eb066401d048f1e"
        }
      }
    },
    {
      "attribution":null,
      "creator":{
        "url":"https:\/\/www.pinterest.com\/rhall101511\/",
        "first_name":"Reatha",
        "last_name":"Dake Hall",
        "id":"485051959775075104"
      },
      "url":"https:\/\/www.pinterest.com\/pin\/485051822346696295\/",
      "media":{
        "type":"image"
      },
      "created_at":"2015-12-07T13:10:53",
      "original_link":"http:\/\/nullrefer.com\/?http:\/\/tinyurl.com\/kanzvcu",
      "note":"weight-loss success stories and their top tips to lose weight.",
      "color":"#9e8d78",
      "link":"https:\/\/www.pinterest.com\/r\/pin\/485051822346696295\/4779055074072594921\/db1b1ed9b6a061e8e160da216d57a81039cb243956f62ac7b0352d1fc47dd4cd",
      "board":{
        "url":"https:\/\/www.pinterest.com\/rhall101511\/before-and-after-weightloss-motivation\/",
        "id":"485051891055621099",
        "name":"Before and After Weightloss Motivation"
      },
      "image":{
        "original":{
          "url":"https:\/\/s-media-cache-ak0.pinimg.com\/originals\/ac\/a2\/7b\/aca27be2c510e63e7b215f18ceae1331.png",
          "width":437,
          "height":545
        }
      },
      "counts":{
        "likes":0,
        "comments":0,
        "repins":0
      },
      "id":"485051822346696295",
      "metadata":{
      }
    },
    {
      "attribution":null,
      "creator":{
        "url":"https:\/\/www.pinterest.com\/rhall101511\/",
        "first_name":"Reatha",
        "last_name":"Dake Hall",
        "id":"485051959775075104"
      },
      "url":"https:\/\/www.pinterest.com\/pin\/485051822346696289\/",
      "media":{
        "type":"image"
      },
      "created_at":"2015-12-07T13:08:11",
      "original_link":"http:\/\/muscletransform.com\/natural-way-to-lose-weight-fast-and-effectively\/",
      "note":"Natural Way to Lose Weight Fast and Effectively",
      "color":"#a28681",
      "link":"https:\/\/www.pinterest.com\/r\/pin\/485051822346696289\/4779055074072594921\/a89333c63a2584b13b668dc4070fc0ba4f16c09da0df7cf3004ad69ba4af6523",
      "board":{
        "url":"https:\/\/www.pinterest.com\/rhall101511\/before-and-after-weightloss-motivation\/",
        "id":"485051891055621099",
        "name":"Before and After Weightloss Motivation"
      },
      "image":{
        "original":{
          "url":"https:\/\/s-media-cache-ak0.pinimg.com\/originals\/46\/06\/f0\/4606f04bedf775599bfdc25544e54f06.jpg",
          "width":500,
          "height":500
        }
      },
      "counts":{
        "likes":0,
        "comments":0,
        "repins":0
      },
      "id":"485051822346696289",
      "metadata":{
      }
    },
    {
      "attribution":null,
      "creator":{
        "url":"https:\/\/www.pinterest.com\/rhall101511\/",
        "first_name":"Reatha",
        "last_name":"Dake Hall",
        "id":"485051959775075104"
      },
      "url":"https:\/\/www.pinterest.com\/pin\/485051822346695417\/",
      "media":{
        "type":"image"
      },
      "created_at":"2015-12-07T10:48:13",
      "original_link":"http:\/\/healthyhappysexywealthy.tumblr.com\/post\/43297800524\/30-night-diet",
      "note":"Discipline is remembering what you want. If you want to lose weight, read here.",
      "color":"#ac7d70",
      "link":"https:\/\/www.pinterest.com\/r\/pin\/485051822346695417\/4779055074072594921\/4496d6116f54afb3c38d49924000adab2eb1e059cb101d574b546667769cb867",
      "board":{
        "url":"https:\/\/www.pinterest.com\/rhall101511\/before-and-after-weightloss-motivation\/",
        "id":"485051891055621099",
        "name":"Before and After Weightloss Motivation"
      },
      "image":{
        "original":{
          "url":"https:\/\/s-media-cache-ak0.pinimg.com\/originals\/e5\/85\/4d\/e5854d3308affc3d0497e0c879b904a1.jpg",
          "width":500,
          "height":500
        }
      },
      "counts":{
        "likes":0,
        "comments":0,
        "repins":0
      },
      "id":"485051822346695417",
      "metadata":{
      }
    },
    {
      "attribution":null,
      "creator":{
        "url":"https:\/\/www.pinterest.com\/rhall101511\/",
        "first_name":"Reatha",
        "last_name":"Dake Hall",
        "id":"485051959775075104"
      },
      "url":"https:\/\/www.pinterest.com\/pin\/485051822346695409\/",
      "media":{
        "type":"image"
      },
      "created_at":"2015-12-07T10:46:00",
      "original_link":"http:\/\/perfect-diets.biz\/lose-8-pounds-in-2-weeks\/",
      "note":"Weight loss motivation and great weight loss tips here - http:\/\/perfect-diets.biz\/lose-8-pounds-in-2-weeks\/",
      "color":"#9a8277",
      "link":"https:\/\/www.pinterest.com\/r\/pin\/485051822346695409\/4779055074072594921\/255a503dc1de6a8ed9cbb46181e7cf3518eee207b0a01af8bac544f7e8d61986",
      "board":{
        "url":"https:\/\/www.pinterest.com\/rhall101511\/before-and-after-weightloss-motivation\/",
        "id":"485051891055621099",
        "name":"Before and After Weightloss Motivation"
      },
      "image":{
        "original":{
          "url":"https:\/\/s-media-cache-ak0.pinimg.com\/originals\/1d\/17\/99\/1d179959e9619f8ee77b77f0c3ed45e2.jpg",
          "width":355,
          "height":379
        }
      },
      "counts":{
        "likes":0,
        "comments":0,
        "repins":2
      },
      "id":"485051822346695409",
      "metadata":{
      }
    },
    {
      "attribution":null,
      "creator":{
        "url":"https:\/\/www.pinterest.com\/rhall101511\/",
        "first_name":"Reatha",
        "last_name":"Dake Hall",
        "id":"485051959775075104"
      },
      "url":"https:\/\/www.pinterest.com\/pin\/485051822346695407\/",
      "media":{
        "type":"image"
      },
      "created_at":"2015-12-07T10:45:13",
      "original_link":"http:\/\/www.drtraviselliott.com\/blog\/2014\/01\/hashimotos-hypothyroidism-and-weight-loss-how-gut-bacteria-make-you-thin-or-fat\/",
      "note":"Hashimoto\u2019s hypothyroidism and weight loss: How gut bacteria make you thin or fat",
      "color":"#fdfdfd",
      "link":"https:\/\/www.pinterest.com\/r\/pin\/485051822346695407\/4779055074072594921\/6d869e25aa0ce8f39038e992f8fd3c7ebdd3dbaadcfa59cdda04bc2de3553da8",
      "board":{
        "url":"https:\/\/www.pinterest.com\/rhall101511\/before-and-after-weightloss-motivation\/",
        "id":"485051891055621099",
        "name":"Before and After Weightloss Motivation"
      },
      "image":{
        "original":{
          "url":"https:\/\/s-media-cache-ak0.pinimg.com\/originals\/97\/13\/d9\/9713d9eae349f6436e7b2cba7d9d147b.jpg",
          "width":300,
          "height":509
        }
      },
      "counts":{
        "likes":1,
        "comments":0,
        "repins":3
      },
      "id":"485051822346695407",
      "metadata":{
      }
    },
    {
      "attribution":null,
      "creator":{
        "url":"https:\/\/www.pinterest.com\/rhall101511\/",
        "first_name":"Reatha",
        "last_name":"Dake Hall",
        "id":"485051959775075104"
      },
      "url":"https:\/\/www.pinterest.com\/pin\/485051822346516354\/",
      "media":{
        "type":"image"
      },
      "created_at":"2015-11-21T21:49:03",
      "original_link":"http:\/\/www.shape.com\/weight-loss\/success-stories",
      "note":"How to Lose 100 Pounds+",
      "color":"#9e767a",
      "link":"https:\/\/www.pinterest.com\/r\/pin\/485051822346516354\/4779055074072594921\/66b35fb763d5b1ea3e911e4dcc87cc557e5ce9ed9da65d7f2e8356961fbfba0f",
      "board":{
        "url":"https:\/\/www.pinterest.com\/rhall101511\/before-and-after-weightloss-motivation\/",
        "id":"485051891055621099",
        "name":"Before and After Weightloss Motivation"
      },
      "image":{
        "original":{
          "url":"https:\/\/s-media-cache-ak0.pinimg.com\/originals\/23\/3c\/d7\/233cd79b6c47a9c3ecf7f50cdc5665da.jpg",
          "width":384,
          "height":384
        }
      },
      "counts":{
        "likes":0,
        "comments":0,
        "repins":0
      },
      "id":"485051822346516354",
      "metadata":{
      }
    },
    {
      "attribution":null,
      "creator":{
        "url":"https:\/\/www.pinterest.com\/rhall101511\/",
        "first_name":"Reatha",
        "last_name":"Dake Hall",
        "id":"485051959775075104"
      },
      "url":"https:\/\/www.pinterest.com\/pin\/485051822346516311\/",
      "media":{
        "type":"image"
      },
      "created_at":"2015-11-21T21:44:34",
      "original_link":"http:\/\/www.fitnessmagazine.com\/weight-loss\/success-stories\/how-i-got-back-in-shape\/",
      "note":"How I Got Back in Shape - Weight-Loss Success Story | Fitness Magazine",
      "color":"#ebe7e2",
      "link":"https:\/\/www.pinterest.com\/r\/pin\/485051822346516311\/4779055074072594921\/3c13d69254b87a92645cdfe8987239a73aff02444eff8ad00a07319132adff3d",
      "board":{
        "url":"https:\/\/www.pinterest.com\/rhall101511\/before-and-after-weightloss-motivation\/",
        "id":"485051891055621099",
        "name":"Before and After Weightloss Motivation"
      },
      "image":{
        "original":{
          "url":"https:\/\/s-media-cache-ak0.pinimg.com\/originals\/1e\/73\/0d\/1e730da59550c6da27638a0d2f3d7e5b.jpg",
          "width":360,
          "height":480
        }
      },
      "counts":{
        "likes":0,
        "comments":0,
        "repins":0
      },
      "id":"485051822346516311",
      "metadata":{
        "article":{
          "published_at":null,
          "description":"Busy advertising exec Paula Kroening, 41, had back-burnered exercise for too long \u2014 and it showed. FITNESS fired up her routine again.",
          "name":"\"I Got My Move Groove Back!\"",
          "authors":[]
        },
        "link":{
          "locale":"en",
          "title":"\"I Got My Move Groove Back!\"",
          "site_name":"Fitness Magazine",
          "description":"Busy advertising exec Paula Kroening, 41, had back-burnered exercise for too long \u2014 and it showed. FITNESS fired up her routine again.",
          "favicon":"https:\/\/s-media-cache-ak0.pinimg.com\/favicons\/df275a579f1d994bb50095cae4e0e15b707fcfd83764b22800c6dbf5.ico?0e233e48bd810737b467489d4a02af0b"
        }
      }
    },
    {
      "attribution":null,
      "creator":{
        "url":"https:\/\/www.pinterest.com\/rhall101511\/",
        "first_name":"Reatha",
        "last_name":"Dake Hall",
        "id":"485051959775075104"
      },
      "url":"https:\/\/www.pinterest.com\/pin\/485051822346516308\/",
      "media":{
        "type":"image"
      },
      "created_at":"2015-11-21T21:44:14",
      "original_link":"http:\/\/www.fitnessmagazine.com\/weight-loss\/success-stories\/?page=1",
      "note":"Weight Loss Success Stories | Fitness Magazine",
      "color":"#e5d8ce",
      "link":"https:\/\/www.pinterest.com\/r\/pin\/485051822346516308\/4779055074072594921\/d9f5189a573a278c561742276f25367d46dd0c596daccaf9ec2f9329c3f90202",
      "board":{
        "url":"https:\/\/www.pinterest.com\/rhall101511\/before-and-after-weightloss-motivation\/",
        "id":"485051891055621099",
        "name":"Before and After Weightloss Motivation"
      },
      "image":{
        "original":{
          "url":"https:\/\/s-media-cache-ak0.pinimg.com\/originals\/d2\/c9\/ec\/d2c9ec5774d23439a56472e6dd5160c0.jpg",
          "width":300,
          "height":400
        }
      },
      "counts":{
        "likes":0,
        "comments":0,
        "repins":0
      },
      "id":"485051822346516308",
      "metadata":{
      }
    },
    {
      "attribution":null,
      "creator":{
        "url":"https:\/\/www.pinterest.com\/rhall101511\/",
        "first_name":"Reatha",
        "last_name":"Dake Hall",
        "id":"485051959775075104"
      },
      "url":"https:\/\/www.pinterest.com\/pin\/485051822346516304\/",
      "media":{
        "type":"image"
      },
      "created_at":"2015-11-21T21:44:02",
      "original_link":"http:\/\/www.fitnessmagazine.com\/weight-loss\/success-stories\/?page=1",
      "note":"Weight Loss Success Stories | Fitness Magazine",
      "color":"#f7f7f7",
      "link":"https:\/\/www.pinterest.com\/r\/pin\/485051822346516304\/4779055074072594921\/160b2bd890dcb356133c6d298b0dad473ace31f0349c2b001bde253b9d75d4a1",
      "board":{
        "url":"https:\/\/www.pinterest.com\/rhall101511\/before-and-after-weightloss-motivation\/",
        "id":"485051891055621099",
        "name":"Before and After Weightloss Motivation"
      },
      "image":{
        "original":{
          "url":"https:\/\/s-media-cache-ak0.pinimg.com\/originals\/6e\/6c\/37\/6e6c37bc9d3dece9c0bb3593a5927569.jpg",
          "width":300,
          "height":400
        }
      },
      "counts":{
        "likes":1,
        "comments":0,
        "repins":0
      },
      "id":"485051822346516304",
      "metadata":{
      }
    },
    {
      "attribution":null,
      "creator":{
        "url":"https:\/\/www.pinterest.com\/rhall101511\/",
        "first_name":"Reatha",
        "last_name":"Dake Hall",
        "id":"485051959775075104"
      },
      "url":"https:\/\/www.pinterest.com\/pin\/485051822346516240\/",
      "media":{
        "type":"image"
      },
      "created_at":"2015-11-21T21:34:50",
      "original_link":"http:\/\/www.fitnessmagazine.com\/weight-loss\/success-stories\/?page=1",
      "note":"Weight Loss Success Stories | Fitness Magazine",
      "color":"#f9f9f6",
      "link":"https:\/\/www.pinterest.com\/r\/pin\/485051822346516240\/4779055074072594921\/42bba2291be91eaaa79b1e0a652b7c27fff5c17f1be5b0e6d7f29c0ed1ffa5a0",
      "board":{
        "url":"https:\/\/www.pinterest.com\/rhall101511\/before-and-after-weightloss-motivation\/",
        "id":"485051891055621099",
        "name":"Before and After Weightloss Motivation"
      },
      "image":{
        "original":{
          "url":"https:\/\/s-media-cache-ak0.pinimg.com\/originals\/35\/bc\/d6\/35bcd69879e78207870113f49032872d.jpg",
          "width":300,
          "height":333
        }
      },
      "counts":{
        "likes":0,
        "comments":0,
        "repins":0
      },
      "id":"485051822346516240",
      "metadata":{
      }
    },
    {
      "attribution":null,
      "creator":{
        "url":"https:\/\/www.pinterest.com\/rhall101511\/",
        "first_name":"Reatha",
        "last_name":"Dake Hall",
        "id":"485051959775075104"
      },
      "url":"https:\/\/www.pinterest.com\/pin\/485051822346516235\/",
      "media":{
        "type":"image"
      },
      "created_at":"2015-11-21T21:34:33",
      "original_link":"http:\/\/www.fitnessmagazine.com\/weight-loss\/success-stories\/?page=1",
      "note":"Weight Loss Success Stories | Fitness Magazine",
      "color":"#ebe7e2",
      "link":"https:\/\/www.pinterest.com\/r\/pin\/485051822346516235\/4779055074072594921\/77e06029d6bdc76c870a04c9da03f824ff5b52bfb4f7e39da86f76b3c7b75d84",
      "board":{
        "url":"https:\/\/www.pinterest.com\/rhall101511\/before-and-after-weightloss-motivation\/",
        "id":"485051891055621099",
        "name":"Before and After Weightloss Motivation"
      },
      "image":{
        "original":{
          "url":"https:\/\/s-media-cache-ak0.pinimg.com\/originals\/eb\/12\/de\/eb12de980aa0d5cc8735f6f97f822af4.jpg",
          "width":300,
          "height":400
        }
      },
      "counts":{
        "likes":0,
        "comments":0,
        "repins":0
      },
      "id":"485051822346516235",
      "metadata":{
      }
    },
    {
      "attribution":null,
      "creator":{
        "url":"https:\/\/www.pinterest.com\/rhall101511\/",
        "first_name":"Reatha",
        "last_name":"Dake Hall",
        "id":"485051959775075104"
      },
      "url":"https:\/\/www.pinterest.com\/pin\/485051822346516234\/",
      "media":{
        "type":"image"
      },
      "created_at":"2015-11-21T21:34:14",
      "original_link":"http:\/\/www.fitnessmagazine.com\/weight-loss\/success-stories\/?page=1",
      "note":"Weight Loss Success Stories | Fitness Magazine",
      "color":"#c1a87a",
      "link":"https:\/\/www.pinterest.com\/r\/pin\/485051822346516234\/4779055074072594921\/69ca1586de90776528917fa2619ebc32eba1a3fb66c4be0687df6505ae02faa4",
      "board":{
        "url":"https:\/\/www.pinterest.com\/rhall101511\/before-and-after-weightloss-motivation\/",
        "id":"485051891055621099",
        "name":"Before and After Weightloss Motivation"
      },
      "image":{
        "original":{
          "url":"https:\/\/s-media-cache-ak0.pinimg.com\/originals\/a9\/35\/f5\/a935f584f46293edbff726cd00a7fc00.jpg",
          "width":300,
          "height":400
        }
      },
      "counts":{
        "likes":0,
        "comments":0,
        "repins":0
      },
      "id":"485051822346516234",
      "metadata":{
      }
    },
    {
      "attribution":null,
      "creator":{
        "url":"https:\/\/www.pinterest.com\/rhall101511\/",
        "first_name":"Reatha",
        "last_name":"Dake Hall",
        "id":"485051959775075104"
      },
      "url":"https:\/\/www.pinterest.com\/pin\/485051822346516231\/",
      "media":{
        "type":"image"
      },
      "created_at":"2015-11-21T21:34:03",
      "original_link":"http:\/\/www.fitnessmagazine.com\/weight-loss\/success-stories\/?page=1",
      "note":"Weight Loss Success Stories | Fitness Magazine",
      "color":"#e1e3e0",
      "link":"https:\/\/www.pinterest.com\/r\/pin\/485051822346516231\/4779055074072594921\/92524cda393be44494cb3fba7b5d25f5a2eee19b88380883d33f91ad0293963a",
      "board":{
        "url":"https:\/\/www.pinterest.com\/rhall101511\/before-and-after-weightloss-motivation\/",
        "id":"485051891055621099",
        "name":"Before and After Weightloss Motivation"
      },
      "image":{
        "original":{
          "url":"https:\/\/s-media-cache-ak0.pinimg.com\/originals\/17\/fc\/fb\/17fcfb786d22aeacc178768bff777f3d.jpg",
          "width":300,
          "height":169
        }
      },
      "counts":{
        "likes":0,
        "comments":0,
        "repins":0
      },
      "id":"485051822346516231",
      "metadata":{
      }
    },
    {
      "attribution":null,
      "creator":{
        "url":"https:\/\/www.pinterest.com\/rhall101511\/",
        "first_name":"Reatha",
        "last_name":"Dake Hall",
        "id":"485051959775075104"
      },
      "url":"https:\/\/www.pinterest.com\/pin\/485051822346516229\/",
      "media":{
        "type":"image"
      },
      "created_at":"2015-11-21T21:33:52",
      "original_link":"http:\/\/www.fitnessmagazine.com\/weight-loss\/success-stories\/?page=1",
      "note":"Weight Loss Success Stories | Fitness Magazine",
      "color":"#edeeeb",
      "link":"https:\/\/www.pinterest.com\/r\/pin\/485051822346516229\/4779055074072594921\/e82a11dd0be959bc2970e6571c009c1cb008bc71397a8e1a3e2bc7b42b00ee22",
      "board":{
        "url":"https:\/\/www.pinterest.com\/rhall101511\/before-and-after-weightloss-motivation\/",
        "id":"485051891055621099",
        "name":"Before and After Weightloss Motivation"
      },
      "image":{
        "original":{
          "url":"https:\/\/s-media-cache-ak0.pinimg.com\/originals\/9d\/bf\/0c\/9dbf0c7c59c5dc868d0f00d11fc93348.jpg",
          "width":300,
          "height":169
        }
      },
      "counts":{
        "likes":0,
        "comments":0,
        "repins":0
      },
      "id":"485051822346516229",
      "metadata":{
      }
    },
    {
      "attribution":null,
      "creator":{
        "url":"https:\/\/www.pinterest.com\/rhall101511\/",
        "first_name":"Reatha",
        "last_name":"Dake Hall",
        "id":"485051959775075104"
      },
      "url":"https:\/\/www.pinterest.com\/pin\/485051822346516220\/",
      "media":{
        "type":"image"
      },
      "created_at":"2015-11-21T21:32:54",
      "original_link":"http:\/\/www.fitnessmagazine.com\/weight-loss\/success-stories\/?page=1",
      "note":"Weight Loss Success Stories | Fitness Magazine",
      "color":"#b8bac5",
      "link":"https:\/\/www.pinterest.com\/r\/pin\/485051822346516220\/4779055074072594921\/e88e6e3e35f2cda53dde184cbd6fc1f11d5b78010950bf916358fc9085c0a3df",
      "board":{
        "url":"https:\/\/www.pinterest.com\/rhall101511\/before-and-after-weightloss-motivation\/",
        "id":"485051891055621099",
        "name":"Before and After Weightloss Motivation"
      },
      "image":{
        "original":{
          "url":"https:\/\/s-media-cache-ak0.pinimg.com\/originals\/a0\/87\/73\/a08773c0d4169c24bf20422f44ac0bbb.jpg",
          "width":300,
          "height":300
        }
      },
      "counts":{
        "likes":0,
        "comments":0,
        "repins":0
      },
      "id":"485051822346516220",
      "metadata":{
      }
    },
    {
      "attribution":null,
      "creator":{
        "url":"https:\/\/www.pinterest.com\/rhall101511\/",
        "first_name":"Reatha",
        "last_name":"Dake Hall",
        "id":"485051959775075104"
      },
      "url":"https:\/\/www.pinterest.com\/pin\/485051822346516216\/",
      "media":{
        "type":"image"
      },
      "created_at":"2015-11-21T21:32:20",
      "original_link":"http:\/\/www.fitnessmagazine.com\/weight-loss\/success-stories\/?page=1",
      "note":"Weight Loss Success Stories | Fitness Magazine",
      "color":"#7a776d",
      "link":"https:\/\/www.pinterest.com\/r\/pin\/485051822346516216\/4779055074072594921\/32e983ce7a7a94774edafefe1efd2d69142ae92578dd291c50de9968429d476b",
      "board":{
        "url":"https:\/\/www.pinterest.com\/rhall101511\/before-and-after-weightloss-motivation\/",
        "id":"485051891055621099",
        "name":"Before and After Weightloss Motivation"
      },
      "image":{
        "original":{
          "url":"https:\/\/s-media-cache-ak0.pinimg.com\/originals\/41\/ee\/56\/41ee56995b9010913b1fa7b188b247d0.jpg",
          "width":300,
          "height":333
        }
      },
      "counts":{
        "likes":0,
        "comments":0,
        "repins":0
      },
      "id":"485051822346516216",
      "metadata":{
      }
    },
    {
      "attribution":null,
      "creator":{
        "url":"https:\/\/www.pinterest.com\/rhall101511\/",
        "first_name":"Reatha",
        "last_name":"Dake Hall",
        "id":"485051959775075104"
      },
      "url":"https:\/\/www.pinterest.com\/pin\/485051822346516213\/",
      "media":{
        "type":"image"
      },
      "created_at":"2015-11-21T21:32:10",
      "original_link":"http:\/\/www.fitnessmagazine.com\/weight-loss\/success-stories\/?page=1",
      "note":"Weight Loss Success Stories | Fitness Magazine",
      "color":"#c1cb80",
      "link":"https:\/\/www.pinterest.com\/r\/pin\/485051822346516213\/4779055074072594921\/d996c58b2494ef7f75e7e2d454e465c9ab4f7ebd041cae0090b91e80f15bc910",
      "board":{
        "url":"https:\/\/www.pinterest.com\/rhall101511\/before-and-after-weightloss-motivation\/",
        "id":"485051891055621099",
        "name":"Before and After Weightloss Motivation"
      },
      "image":{
        "original":{
          "url":"https:\/\/s-media-cache-ak0.pinimg.com\/originals\/31\/40\/f1\/3140f1e81b4c444e160d8e1306db78a4.jpg",
          "width":300,
          "height":300
        }
      },
      "counts":{
        "likes":0,
        "comments":0,
        "repins":0
      },
      "id":"485051822346516213",
      "metadata":{
      }
    },
    {
      "attribution":null,
      "creator":{
        "url":"https:\/\/www.pinterest.com\/rhall101511\/",
        "first_name":"Reatha",
        "last_name":"Dake Hall",
        "id":"485051959775075104"
      },
      "url":"https:\/\/www.pinterest.com\/pin\/485051822346516211\/",
      "media":{
        "type":"image"
      },
      "created_at":"2015-11-21T21:32:02",
      "original_link":"http:\/\/www.fitnessmagazine.com\/weight-loss\/success-stories\/?page=1",
      "note":"Weight Loss Success Stories | Fitness Magazine",
      "color":"#834e37",
      "link":"https:\/\/www.pinterest.com\/r\/pin\/485051822346516211\/4779055074072594921\/746b9318e833e3e8a60959c6b996cade69ccfaeebe82e8ffc534ce28894401c7",
      "board":{
        "url":"https:\/\/www.pinterest.com\/rhall101511\/before-and-after-weightloss-motivation\/",
        "id":"485051891055621099",
        "name":"Before and After Weightloss Motivation"
      },
      "image":{
        "original":{
          "url":"https:\/\/s-media-cache-ak0.pinimg.com\/originals\/a3\/85\/68\/a3856877a83e3e75b11cafa7a7da7d05.jpg",
          "width":300,
          "height":201
        }
      },
      "counts":{
        "likes":0,
        "comments":0,
        "repins":0
      },
      "id":"485051822346516211",
      "metadata":{
      }
    },
    {
      "attribution":null,
      "creator":{
        "url":"https:\/\/www.pinterest.com\/rhall101511\/",
        "first_name":"Reatha",
        "last_name":"Dake Hall",
        "id":"485051959775075104"
      },
      "url":"https:\/\/www.pinterest.com\/pin\/485051822346516208\/",
      "media":{
        "type":"image"
      },
      "created_at":"2015-11-21T21:31:49",
      "original_link":"http:\/\/www.fitnessmagazine.com\/weight-loss\/success-stories\/?page=1",
      "note":"Weight Loss Success Stories | Fitness Magazine",
      "color":"#cf6a1f",
      "link":"https:\/\/www.pinterest.com\/r\/pin\/485051822346516208\/4779055074072594921\/9e0dfea35489214d987a4af5cda9e1456bee61cffa90ad8c36d24ebfd2ac0a9b",
      "board":{
        "url":"https:\/\/www.pinterest.com\/rhall101511\/before-and-after-weightloss-motivation\/",
        "id":"485051891055621099",
        "name":"Before and After Weightloss Motivation"
      },
      "image":{
        "original":{
          "url":"https:\/\/s-media-cache-ak0.pinimg.com\/originals\/ed\/43\/98\/ed43984892fd53270a79c603f63855ff.jpg",
          "width":300,
          "height":400
        }
      },
      "counts":{
        "likes":0,
        "comments":0,
        "repins":0
      },
      "id":"485051822346516208",
      "metadata":{
      }
    },
    {
      "attribution":null,
      "creator":{
        "url":"https:\/\/www.pinterest.com\/rhall101511\/",
        "first_name":"Reatha",
        "last_name":"Dake Hall",
        "id":"485051959775075104"
      },
      "url":"https:\/\/www.pinterest.com\/pin\/485051822346516204\/",
      "media":{
        "type":"image"
      },
      "created_at":"2015-11-21T21:31:36",
      "original_link":"http:\/\/www.fitnessmagazine.com\/weight-loss\/success-stories\/?page=1",
      "note":"Weight Loss Success Stories | Fitness Magazine",
      "color":"#f9f3e9",
      "link":"https:\/\/www.pinterest.com\/r\/pin\/485051822346516204\/4779055074072594921\/8d33625d02f144bec005d84fa367b46710755502d32c2b2a08449968800c0699",
      "board":{
        "url":"https:\/\/www.pinterest.com\/rhall101511\/before-and-after-weightloss-motivation\/",
        "id":"485051891055621099",
        "name":"Before and After Weightloss Motivation"
      },
      "image":{
        "original":{
          "url":"https:\/\/s-media-cache-ak0.pinimg.com\/originals\/b8\/93\/a1\/b893a1abfb47f9ee0a50d1bd60cc8c07.jpg",
          "width":300,
          "height":400
        }
      },
      "counts":{
        "likes":0,
        "comments":0,
        "repins":1
      },
      "id":"485051822346516204",
      "metadata":{
      }
    },
    {
      "attribution":null,
      "creator":{
        "url":"https:\/\/www.pinterest.com\/rhall101511\/",
        "first_name":"Reatha",
        "last_name":"Dake Hall",
        "id":"485051959775075104"
      },
      "url":"https:\/\/www.pinterest.com\/pin\/485051822346516198\/",
      "media":{
        "type":"image"
      },
      "created_at":"2015-11-21T21:31:24",
      "original_link":"http:\/\/www.fitnessmagazine.com\/weight-loss\/success-stories\/?page=1",
      "note":"Weight Loss Success Stories | Fitness Magazine",
      "color":"#d8b05f",
      "link":"https:\/\/www.pinterest.com\/r\/pin\/485051822346516198\/4779055074072594921\/c363d26b1abe3e42ed744fec1ebaaecb818d6121784201ddad83f31045eb1063",
      "board":{
        "url":"https:\/\/www.pinterest.com\/rhall101511\/before-and-after-weightloss-motivation\/",
        "id":"485051891055621099",
        "name":"Before and After Weightloss Motivation"
      },
      "image":{
        "original":{
          "url":"https:\/\/s-media-cache-ak0.pinimg.com\/originals\/e4\/bc\/29\/e4bc29764de0ae286fddb7a80c452716.jpg",
          "width":300,
          "height":450
        }
      },
      "counts":{
        "likes":0,
        "comments":0,
        "repins":0
      },
      "id":"485051822346516198",
      "metadata":{
      }
    },
    {
      "attribution":null,
      "creator":{
        "url":"https:\/\/www.pinterest.com\/rhall101511\/",
        "first_name":"Reatha",
        "last_name":"Dake Hall",
        "id":"485051959775075104"
      },
      "url":"https:\/\/www.pinterest.com\/pin\/485051822346516196\/",
      "media":{
        "type":"image"
      },
      "created_at":"2015-11-21T21:31:15",
      "original_link":"http:\/\/www.fitnessmagazine.com\/weight-loss\/success-stories\/?page=1",
      "note":"Weight Loss Success Stories | Fitness Magazine",
      "color":"#9f785a",
      "link":"https:\/\/www.pinterest.com\/r\/pin\/485051822346516196\/4779055074072594921\/8e6cd2f8925d2740dcab83edd29f5aeea9a9c8a868165d938da632cc3a1acef6",
      "board":{
        "url":"https:\/\/www.pinterest.com\/rhall101511\/before-and-after-weightloss-motivation\/",
        "id":"485051891055621099",
        "name":"Before and After Weightloss Motivation"
      },
      "image":{
        "original":{
          "url":"https:\/\/s-media-cache-ak0.pinimg.com\/originals\/39\/e6\/9c\/39e69cc05096f5f0992dc68a683f2f0f.jpg",
          "width":300,
          "height":400
        }
      },
      "counts":{
        "likes":5,
        "comments":0,
        "repins":1
      },
      "id":"485051822346516196",
      "metadata":{
      }
    },
    {
      "attribution":null,
      "creator":{
        "url":"https:\/\/www.pinterest.com\/rhall101511\/",
        "first_name":"Reatha",
        "last_name":"Dake Hall",
        "id":"485051959775075104"
      },
      "url":"https:\/\/www.pinterest.com\/pin\/485051822346516194\/",
      "media":{
        "type":"image"
      },
      "created_at":"2015-11-21T21:31:00",
      "original_link":"http:\/\/www.fitnessmagazine.com\/weight-loss\/success-stories\/?page=1",
      "note":"Weight Loss Success Stories | Fitness Magazine",
      "color":"#d3c3b3",
      "link":"https:\/\/www.pinterest.com\/r\/pin\/485051822346516194\/4779055074072594921\/6d516a943e30d292434886ddcd9569f75ef1bad9e5d6ef0c7a479ea17e759a63",
      "board":{
        "url":"https:\/\/www.pinterest.com\/rhall101511\/before-and-after-weightloss-motivation\/",
        "id":"485051891055621099",
        "name":"Before and After Weightloss Motivation"
      },
      "image":{
        "original":{
          "url":"https:\/\/s-media-cache-ak0.pinimg.com\/originals\/96\/fe\/c2\/96fec2f85ded02aaded1191c4a7afd56.jpg",
          "width":300,
          "height":433
        }
      },
      "counts":{
        "likes":0,
        "comments":0,
        "repins":0
      },
      "id":"485051822346516194",
      "metadata":{
      }
    },
    {
      "attribution":null,
      "creator":{
        "url":"https:\/\/www.pinterest.com\/rhall101511\/",
        "first_name":"Reatha",
        "last_name":"Dake Hall",
        "id":"485051959775075104"
      },
      "url":"https:\/\/www.pinterest.com\/pin\/485051822346516191\/",
      "media":{
        "type":"image"
      },
      "created_at":"2015-11-21T21:30:49",
      "original_link":"http:\/\/www.fitnessmagazine.com\/weight-loss\/success-stories\/?page=1",
      "note":"Weight Loss Success Stories | Fitness Magazine",
      "color":"#36201f",
      "link":"https:\/\/www.pinterest.com\/r\/pin\/485051822346516191\/4779055074072594921\/d8ee4c2840ba20df86c058e6c67b65b8debb20f7ba533a55f32de754ccd6774a",
      "board":{
        "url":"https:\/\/www.pinterest.com\/rhall101511\/before-and-after-weightloss-motivation\/",
        "id":"485051891055621099",
        "name":"Before and After Weightloss Motivation"
      },
      "image":{
        "original":{
          "url":"https:\/\/s-media-cache-ak0.pinimg.com\/originals\/a0\/99\/c6\/a099c62d76463a1df5272ba6991208d4.jpg",
          "width":300,
          "height":450
        }
      },
      "counts":{
        "likes":0,
        "comments":0,
        "repins":0
      },
      "id":"485051822346516191",
      "metadata":{
      }
    }
  ],
  "page":{
    "cursor":"LT40ODUwNTE4MjIzNDY1MTYxOTE6MjV8OTMyOThmZGJjZjZkOWQ1YzFjNDAwMDNmM2Q2YjY2MTNlNGIxNmI3NDUwZTg0YTczMDFkNmQ4MWFhMWZhNmI5NA==",
    "next":"https:\/\/api.pinterest.com\/v1\/boards\/rhall101511\/before-and-after-weightloss-motivation\/pins\/?access_token=AZlZE-HOK-Y4205yRft75KyYVaauFCBIs8jxSxdCtrJcomAqbQAAAAA&fields=id%2Clink%2Cnote%2Curl%2Cattribution%2Cmedia%2Cmetadata%2Cboard%2Ccolor%2Ccounts%2Ccreated_at%2Ccreator%2Cimage%2Coriginal_link&cursor=LT40ODUwNTE4MjIzNDY1MTYxOTE6MjV8OTMyOThmZGJjZjZkOWQ1YzFjNDAwMDNmM2Q2YjY2MTNlNGIxNmI3NDUwZTg0YTczMDFkNmQ4MWFhMWZhNmI5NA%3D%3D"
  }
}
