{
  "data":[
    {
      "attribution":null,
      "creator":{
        "url":"https:\/\/www.pinterest.com\/white42\/",
        "first_name":"Laneise",
        "last_name":"",
        "id":"485192697263437817"
      },
      "url":"https:\/\/www.pinterest.com\/pin\/485192559833480825\/",
      "media":{
        "type":"image"
      },
      "created_at":"2015-08-26T23:36:43",
      "original_link":"",
      "note":"Weight loss before & after photos",
      "color":"#b2857b",
      "link":"",
      "board":{
        "url":"https:\/\/www.pinterest.com\/white42\/weightloss-before-and-after\/",
        "id":"485192628544034644",
        "name":"weightloss before and after"
      },
      "image":{
        "original":{
          "url":"https:\/\/s-media-cache-ak0.pinimg.com\/originals\/ab\/a4\/2a\/aba42ab022ad045ae6ea1ae86ba39d35.jpg",
          "width":400,
          "height":600
        }
      },
      "counts":{
        "likes":0,
        "comments":0,
        "repins":0
      },
      "id":"485192559833480825",
      "metadata":{
      }
    },
    {
      "attribution":null,
      "creator":{
        "url":"https:\/\/www.pinterest.com\/white42\/",
        "first_name":"Laneise",
        "last_name":"",
        "id":"485192697263437817"
      },
      "url":"https:\/\/www.pinterest.com\/pin\/485192559833384799\/",
      "media":{
        "type":"image"
      },
      "created_at":"2015-08-19T19:10:10",
      "original_link":"http:\/\/www.dailymail.co.uk\/tvshowbiz\/article-2961417\/Staring-cardio-Slimmed-Charlotte-Crosby-shares-shocking-pictures-inspiration.html",
      "note":"What a transformation: Charlotte Crosby posted another before and after set of pictures on her Instagram page, showing a shocking change from her overweight self to her much leaner, svelte current appearance",
      "color":"#c2ad8b",
      "link":"https:\/\/www.pinterest.com\/r\/pin\/485192559833384799\/4779055074072594921\/849d9f32b37e2142b1231b891187e2e9613f33ebdee0ad03e3708cd177303cc0",
      "board":{
        "url":"https:\/\/www.pinterest.com\/white42\/weightloss-before-and-after\/",
        "id":"485192628544034644",
        "name":"weightloss before and after"
      },
      "image":{
        "original":{
          "url":"https:\/\/s-media-cache-ak0.pinimg.com\/originals\/ff\/dc\/de\/ffdcde9fc013afa3bc457b70b3c05adb.jpg",
          "width":634,
          "height":634
        }
      },
      "counts":{
        "likes":0,
        "comments":0,
        "repins":0
      },
      "id":"485192559833384799",
      "metadata":{
        "article":{
          "published_at":null,
          "description":"Her incredible weight loss has been extensively documented. But Charlotte Crosby's latest comparison picture is perhaps the most shocking - and inspirational - yet.",
          "name":"Slimmed-down Charlotte Crosby shares shocking before and after photo",
          "authors":[]
        },
        "link":{
          "locale":"en_GB",
          "title":"Slimmed-down Charlotte Crosby shares shocking before and after photo",
          "site_name":"Mail Online",
          "description":"Her incredible weight loss has been extensively documented. But Charlotte Crosby's latest comparison picture is perhaps the most shocking - and inspirational - yet.",
          "favicon":"https:\/\/s-media-cache-ak0.pinimg.com\/favicons\/ba8856b627a2bf282a5dab73c40812571f90daf57fe69780aa1096ab.ico?a8690769c53090d08b0560db0144a818"
        }
      }
    },
    {
      "attribution":null,
      "creator":{
        "url":"https:\/\/www.pinterest.com\/white42\/",
        "first_name":"Laneise",
        "last_name":"",
        "id":"485192697263437817"
      },
      "url":"https:\/\/www.pinterest.com\/pin\/485192559833306842\/",
      "media":{
        "type":"image"
      },
      "created_at":"2015-08-13T20:08:51",
      "original_link":"http:\/\/muscletransform.com\/adry-bella-inspiring-weight-loss-transformation-150lbs-loss-in-20-months\/",
      "note":"Adry Bella Inspiring Weight Loss Story 150lbs Loss in 20 months!",
      "color":"#785d5a",
      "link":"https:\/\/www.pinterest.com\/r\/pin\/485192559833306842\/4779055074072594921\/f1053aab136c1557e2594434f2ab68580e30e76d5b9a494a5ceb111cd72bd02e",
      "board":{
        "url":"https:\/\/www.pinterest.com\/white42\/weightloss-before-and-after\/",
        "id":"485192628544034644",
        "name":"weightloss before and after"
      },
      "image":{
        "original":{
          "url":"https:\/\/s-media-cache-ak0.pinimg.com\/originals\/1a\/0a\/8e\/1a0a8eb979b8f05edf3864ae82b284f5.jpg",
          "width":640,
          "height":640
        }
      },
      "counts":{
        "likes":0,
        "comments":0,
        "repins":4
      },
      "id":"485192559833306842",
      "metadata":{
      }
    },
    {
      "attribution":null,
      "creator":{
        "url":"https:\/\/www.pinterest.com\/white42\/",
        "first_name":"Laneise",
        "last_name":"",
        "id":"485192697263437817"
      },
      "url":"https:\/\/www.pinterest.com\/pin\/485192559832975029\/",
      "media":{
        "type":"image"
      },
      "created_at":"2015-07-19T11:48:41",
      "original_link":"",
      "note":"Extreme Makeover: Weight Loss Edition - Cassandra lost 175 pounds. More info and video: www.blackweightlosssuccess.com\/extreme-makeover-weight-loss-edition-cassandra-dumass-story\/",
      "color":"#8e7b67",
      "link":"",
      "board":{
        "url":"https:\/\/www.pinterest.com\/white42\/weightloss-before-and-after\/",
        "id":"485192628544034644",
        "name":"weightloss before and after"
      },
      "image":{
        "original":{
          "url":"https:\/\/s-media-cache-ak0.pinimg.com\/originals\/18\/47\/62\/184762239ca3ea90a0df283304c2be65.jpg",
          "width":450,
          "height":420
        }
      },
      "counts":{
        "likes":0,
        "comments":0,
        "repins":1
      },
      "id":"485192559832975029",
      "metadata":{
      }
    },
    {
      "attribution":null,
      "creator":{
        "url":"https:\/\/www.pinterest.com\/white42\/",
        "first_name":"Laneise",
        "last_name":"",
        "id":"485192697263437817"
      },
      "url":"https:\/\/www.pinterest.com\/pin\/485192559832975028\/",
      "media":{
        "type":"image"
      },
      "created_at":"2015-07-19T11:48:15",
      "original_link":"http:\/\/www.blackweightlosssuccess.com\/kellee-lost-101-pounds-with-weight-loss-surgery\/",
      "note":"Let\u2019s show some love to Kellee who lost 101 pounds. This blogger and proud mom of 2 opted for weight loss surgery to end a lifelong battle with her weight. blackweightlosssuccess.com",
      "color":"#4e455b",
      "link":"https:\/\/www.pinterest.com\/r\/pin\/485192559832975028\/4779055074072594921\/abdbef8d5ec00422b51b00f19d2ad921514c0aeb325069f1ea6f031d6b1de566",
      "board":{
        "url":"https:\/\/www.pinterest.com\/white42\/weightloss-before-and-after\/",
        "id":"485192628544034644",
        "name":"weightloss before and after"
      },
      "image":{
        "original":{
          "url":"https:\/\/s-media-cache-ak0.pinimg.com\/originals\/ce\/c5\/52\/cec55204eb818fdfe59d9d2a7e6d5762.jpg",
          "width":448,
          "height":477
        }
      },
      "counts":{
        "likes":0,
        "comments":0,
        "repins":0
      },
      "id":"485192559832975028",
      "metadata":{
      }
    },
    {
      "attribution":null,
      "creator":{
        "url":"https:\/\/www.pinterest.com\/white42\/",
        "first_name":"Laneise",
        "last_name":"",
        "id":"485192697263437817"
      },
      "url":"https:\/\/www.pinterest.com\/pin\/485192559832975022\/",
      "media":{
        "type":"image"
      },
      "created_at":"2015-07-19T11:47:29",
      "original_link":"",
      "note":"Weight loss before & after photos",
      "color":"#905f50",
      "link":"",
      "board":{
        "url":"https:\/\/www.pinterest.com\/white42\/weightloss-before-and-after\/",
        "id":"485192628544034644",
        "name":"weightloss before and after"
      },
      "image":{
        "original":{
          "url":"https:\/\/s-media-cache-ak0.pinimg.com\/originals\/56\/01\/b0\/5601b0d0f9de59847abdcb2786f96165.jpg",
          "width":332,
          "height":320
        }
      },
      "counts":{
        "likes":0,
        "comments":0,
        "repins":0
      },
      "id":"485192559832975022",
      "metadata":{
      }
    },
    {
      "attribution":null,
      "creator":{
        "url":"https:\/\/www.pinterest.com\/white42\/",
        "first_name":"Laneise",
        "last_name":"",
        "id":"485192697263437817"
      },
      "url":"https:\/\/www.pinterest.com\/pin\/485192559832975020\/",
      "media":{
        "type":"image"
      },
      "created_at":"2015-07-19T11:46:56",
      "original_link":"http:\/\/www.blackweightlosssuccess.com\/charmaine-lost-90-pounds\/",
      "note":"Today\u2019s featured weight loss success story: Charmaine lost 90 pounds and is working on \u201creversing\u201d her diabetes.",
      "color":"#513d2f",
      "link":"https:\/\/www.pinterest.com\/r\/pin\/485192559832975020\/4779055074072594921\/8529ee0b489bbba9fc0fd9e9f114f5769f466f1e51de7cbff354e386d6131812",
      "board":{
        "url":"https:\/\/www.pinterest.com\/white42\/weightloss-before-and-after\/",
        "id":"485192628544034644",
        "name":"weightloss before and after"
      },
      "image":{
        "original":{
          "url":"https:\/\/s-media-cache-ak0.pinimg.com\/originals\/56\/50\/b3\/5650b3a9c4eecba92476317c65d1c97a.jpg",
          "width":450,
          "height":516
        }
      },
      "counts":{
        "likes":0,
        "comments":0,
        "repins":0
      },
      "id":"485192559832975020",
      "metadata":{
      }
    },
    {
      "attribution":null,
      "creator":{
        "url":"https:\/\/www.pinterest.com\/white42\/",
        "first_name":"Laneise",
        "last_name":"",
        "id":"485192697263437817"
      },
      "url":"https:\/\/www.pinterest.com\/pin\/485192559832975017\/",
      "media":{
        "type":"image"
      },
      "created_at":"2015-07-19T11:46:32",
      "original_link":"http:\/\/www.blackweightlosssuccess.com\/tamika-lost-147-pounds-with-weight-loss-surgery\/",
      "note":"Let\u2019s show some love to Tamika who lost 147 pounds with weight loss surgery. www.blackweightlosssuccess.com",
      "color":"#5d666a",
      "link":"https:\/\/www.pinterest.com\/r\/pin\/485192559832975017\/4779055074072594921\/703e85ec02462a53700338c106f53c676ee3d2a91696b3fe42e30b8175cad20a",
      "board":{
        "url":"https:\/\/www.pinterest.com\/white42\/weightloss-before-and-after\/",
        "id":"485192628544034644",
        "name":"weightloss before and after"
      },
      "image":{
        "original":{
          "url":"https:\/\/s-media-cache-ak0.pinimg.com\/originals\/7c\/d5\/2b\/7cd52bb2c12a5602ec71eec155be18f6.jpg",
          "width":450,
          "height":450
        }
      },
      "counts":{
        "likes":0,
        "comments":0,
        "repins":0
      },
      "id":"485192559832975017",
      "metadata":{
      }
    },
    {
      "attribution":null,
      "creator":{
        "url":"https:\/\/www.pinterest.com\/white42\/",
        "first_name":"Laneise",
        "last_name":"",
        "id":"485192697263437817"
      },
      "url":"https:\/\/www.pinterest.com\/pin\/485192559832975015\/",
      "media":{
        "type":"image"
      },
      "created_at":"2015-07-19T11:46:22",
      "original_link":"http:\/\/www.blackweightlosssuccess.com\/debbie-lost-70-pounds\/#.U5zrKBZ13i4#1sfynoyc.12969.pi",
      "note":"Update: Debbie maintained her weight loss & lost 7 more pounds from when we featured her in Sept 2013. 77 pounds down. www.blackweightlosssuccess.com\/debbie-lost-70-pounds\/",
      "color":"#645044",
      "link":"https:\/\/www.pinterest.com\/r\/pin\/485192559832975015\/4779055074072594921\/4e9eeaf78d470518042945e2aaaa5b0500231d9dc5b943b2d9c8af62574a6e2f",
      "board":{
        "url":"https:\/\/www.pinterest.com\/white42\/weightloss-before-and-after\/",
        "id":"485192628544034644",
        "name":"weightloss before and after"
      },
      "image":{
        "original":{
          "url":"https:\/\/s-media-cache-ak0.pinimg.com\/originals\/7a\/10\/13\/7a10134a593a645c7bf9fe74317ad813.jpg",
          "width":500,
          "height":500
        }
      },
      "counts":{
        "likes":0,
        "comments":0,
        "repins":0
      },
      "id":"485192559832975015",
      "metadata":{
      }
    },
    {
      "attribution":null,
      "creator":{
        "url":"https:\/\/www.pinterest.com\/white42\/",
        "first_name":"Laneise",
        "last_name":"",
        "id":"485192697263437817"
      },
      "url":"https:\/\/www.pinterest.com\/pin\/485192559832975014\/",
      "media":{
        "type":"image"
      },
      "created_at":"2015-07-19T11:46:00",
      "original_link":"http:\/\/www.blackweightlosssuccess.com\/candince-lost-75-pounds\/#.UtvWzKX0Axc#300w0ana41z.19698.pi",
      "note":"Weight Loss Success Story of the Day: Candince lost 75 pounds. She was at risk of being obese and suffering health problems related to weight. | blackweightlosssuccess.com",
      "color":"#bd705d",
      "link":"https:\/\/www.pinterest.com\/r\/pin\/485192559832975014\/4779055074072594921\/b91ed576ca4085408096c77adbbce37a792320a50ce5f01af71ef1b5f75d7c79",
      "board":{
        "url":"https:\/\/www.pinterest.com\/white42\/weightloss-before-and-after\/",
        "id":"485192628544034644",
        "name":"weightloss before and after"
      },
      "image":{
        "original":{
          "url":"https:\/\/s-media-cache-ak0.pinimg.com\/originals\/b1\/40\/05\/b140058bcb380e68f0eb5a1a8dee0342.jpg",
          "width":450,
          "height":450
        }
      },
      "counts":{
        "likes":0,
        "comments":0,
        "repins":0
      },
      "id":"485192559832975014",
      "metadata":{
      }
    },
    {
      "attribution":null,
      "creator":{
        "url":"https:\/\/www.pinterest.com\/white42\/",
        "first_name":"Laneise",
        "last_name":"",
        "id":"485192697263437817"
      },
      "url":"https:\/\/www.pinterest.com\/pin\/485192559832975013\/",
      "media":{
        "type":"image"
      },
      "created_at":"2015-07-19T11:45:52",
      "original_link":"http:\/\/www.blackweightlosssuccess.com\/jessica-lost-88-pounds\/",
      "note":"Weight Loss Success Story of the Day: Norfolk, VA Morning News Anchor Jessica lost 88 pounds and gone from 40% to 25 % body fat.",
      "color":"#674866",
      "link":"https:\/\/www.pinterest.com\/r\/pin\/485192559832975013\/4779055074072594921\/376bd4a8eb0485f1230f6b8f1dcf979e247163076b1748c2eddd29be8484bc7d",
      "board":{
        "url":"https:\/\/www.pinterest.com\/white42\/weightloss-before-and-after\/",
        "id":"485192628544034644",
        "name":"weightloss before and after"
      },
      "image":{
        "original":{
          "url":"https:\/\/s-media-cache-ak0.pinimg.com\/originals\/65\/2a\/f5\/652af5e9e115b06e0a8f64000496db99.jpg",
          "width":500,
          "height":500
        }
      },
      "counts":{
        "likes":0,
        "comments":0,
        "repins":0
      },
      "id":"485192559832975013",
      "metadata":{
      }
    },
    {
      "attribution":null,
      "creator":{
        "url":"https:\/\/www.pinterest.com\/white42\/",
        "first_name":"Laneise",
        "last_name":"",
        "id":"485192697263437817"
      },
      "url":"https:\/\/www.pinterest.com\/pin\/485192559832975011\/",
      "media":{
        "type":"image"
      },
      "created_at":"2015-07-19T11:45:44",
      "original_link":"http:\/\/www.blackweightlosssuccess.com\/laura-lost-70-pounds\/",
      "note":"Today\u2019s featured weight loss before and after: Laura lost 70 pounds by switching to low carb eating (with fruit and veggies) and regular exercise. blackweightlosssuccess.com",
      "color":"#9b7678",
      "link":"https:\/\/www.pinterest.com\/r\/pin\/485192559832975011\/4779055074072594921\/3accdd15d163ce4a976e77fd2a60e74ed1085ffa56fbd20aaa7cf572a8b6aad7",
      "board":{
        "url":"https:\/\/www.pinterest.com\/white42\/weightloss-before-and-after\/",
        "id":"485192628544034644",
        "name":"weightloss before and after"
      },
      "image":{
        "original":{
          "url":"https:\/\/s-media-cache-ak0.pinimg.com\/originals\/d9\/72\/41\/d97241c68292738a494d0d13a1e79339.jpg",
          "width":450,
          "height":450
        }
      },
      "counts":{
        "likes":0,
        "comments":0,
        "repins":0
      },
      "id":"485192559832975011",
      "metadata":{
      }
    },
    {
      "attribution":null,
      "creator":{
        "url":"https:\/\/www.pinterest.com\/white42\/",
        "first_name":"Laneise",
        "last_name":"",
        "id":"485192697263437817"
      },
      "url":"https:\/\/www.pinterest.com\/pin\/485192559832975010\/",
      "media":{
        "type":"image"
      },
      "created_at":"2015-07-19T11:45:20",
      "original_link":"",
      "note":"Jeanette Colantonio lost over 250 pounds www.blackweightlosssuccess.com\/jeanette-colantonio-lost-243-pounds\/",
      "color":"#78646e",
      "link":"",
      "board":{
        "url":"https:\/\/www.pinterest.com\/white42\/weightloss-before-and-after\/",
        "id":"485192628544034644",
        "name":"weightloss before and after"
      },
      "image":{
        "original":{
          "url":"https:\/\/s-media-cache-ak0.pinimg.com\/originals\/b0\/75\/7e\/b0757e3aea16c8ba5eddcdf31d036d56.jpg",
          "width":592,
          "height":593
        }
      },
      "counts":{
        "likes":0,
        "comments":0,
        "repins":0
      },
      "id":"485192559832975010",
      "metadata":{
      }
    },
    {
      "attribution":null,
      "creator":{
        "url":"https:\/\/www.pinterest.com\/white42\/",
        "first_name":"Laneise",
        "last_name":"",
        "id":"485192697263437817"
      },
      "url":"https:\/\/www.pinterest.com\/pin\/485192559832971933\/",
      "media":{
        "type":"image"
      },
      "created_at":"2015-07-19T04:33:32",
      "original_link":"http:\/\/goodhealthdiva.blogspot.com\/2012\/07\/motivation-monday-celebrities-weight.html",
      "note":"janet jackson before and after weight loss - Google Search",
      "color":"#ca6469",
      "link":"https:\/\/www.pinterest.com\/r\/pin\/485192559832971933\/4779055074072594921\/be0c9a1bb1ca682f521fec6dab75e0af49a6c9eaec2e74ef3c5e60467bb5db45",
      "board":{
        "url":"https:\/\/www.pinterest.com\/white42\/weightloss-before-and-after\/",
        "id":"485192628544034644",
        "name":"weightloss before and after"
      },
      "image":{
        "original":{
          "url":"https:\/\/s-media-cache-ak0.pinimg.com\/originals\/35\/97\/b9\/3597b977286a8072832d66d8c9ebe506.jpg",
          "width":300,
          "height":400
        }
      },
      "counts":{
        "likes":0,
        "comments":0,
        "repins":0
      },
      "id":"485192559832971933",
      "metadata":{
      }
    },
    {
      "attribution":null,
      "creator":{
        "url":"https:\/\/www.pinterest.com\/white42\/",
        "first_name":"Laneise",
        "last_name":"",
        "id":"485192697263437817"
      },
      "url":"https:\/\/www.pinterest.com\/pin\/485192559832783458\/",
      "media":{
        "type":"image"
      },
      "created_at":"2015-07-06T18:13:55",
      "original_link":"",
      "note":"Awesome",
      "color":"#86696a",
      "link":"",
      "board":{
        "url":"https:\/\/www.pinterest.com\/white42\/weightloss-before-and-after\/",
        "id":"485192628544034644",
        "name":"weightloss before and after"
      },
      "image":{
        "original":{
          "url":"https:\/\/s-media-cache-ak0.pinimg.com\/originals\/6c\/64\/67\/6c6467d9abab522b9ce86e27517b9127.jpg",
          "width":300,
          "height":512
        }
      },
      "counts":{
        "likes":1,
        "comments":0,
        "repins":1
      },
      "id":"485192559832783458",
      "metadata":{
      }
    },
    {
      "attribution":null,
      "creator":{
        "url":"https:\/\/www.pinterest.com\/white42\/",
        "first_name":"Laneise",
        "last_name":"",
        "id":"485192697263437817"
      },
      "url":"https:\/\/www.pinterest.com\/pin\/485192559832776600\/",
      "media":{
        "type":"image"
      },
      "created_at":"2015-07-06T05:39:04",
      "original_link":"http:\/\/www.goodhousekeeping.com\/_mobile\/health\/weight-loss\/how-i-lost-165-pounds",
      "note":"How I Lost 165 Pounds ,Found Love and beat MS...... if she can do it so can I...md",
      "color":"#786652",
      "link":"https:\/\/www.pinterest.com\/r\/pin\/485192559832776600\/4779055074072594921\/8d45247ac5555afe68757192504ea931aeacd0a169182bce58fc68fd7500a4a9",
      "board":{
        "url":"https:\/\/www.pinterest.com\/white42\/weightloss-before-and-after\/",
        "id":"485192628544034644",
        "name":"weightloss before and after"
      },
      "image":{
        "original":{
          "url":"https:\/\/s-media-cache-ak0.pinimg.com\/originals\/25\/ba\/af\/25baaf9d02f8c8e00a03804cd6438d3a.jpg",
          "width":500,
          "height":375
        }
      },
      "counts":{
        "likes":0,
        "comments":0,
        "repins":2
      },
      "id":"485192559832776600",
      "metadata":{
        "article":{
          "published_at":"2014-05-06T00:00:00",
          "description":"Five years ago Tabitha Antoniak weighed nearly 300 pounds and was dealing with a devastating health crisis.",
          "name":"\"How I Lost 165 Pounds and Found Love\"",
          "authors":[
            {
              "name":"Catherine Clifford"
            },
            {
              "name":"Tess Koman"
            },
            {
              "name":"Alexis Hobbs"
            },
            {
              "name":"Asher Fogle"
            }
          ]
        },
        "link":{
          "locale":"en",
          "title":"\"How I Lost 165 Pounds and Found Love\"",
          "site_name":"Good Housekeeping",
          "description":"Five years ago Tabitha Antoniak weighed nearly 300 pounds \u2014 and was dealing with a devastating health crisis. This is her true story about how she lost over half her body weight.",
          "favicon":"https:\/\/s-media-cache-ak0.pinimg.com\/favicons\/33ee901180a3bced0928c8644987949a926c8f153b3b28278aea4725.ico?75c2b0373dc44cddb55b83d9453ad7e2"
        }
      }
    },
    {
      "attribution":null,
      "creator":{
        "url":"https:\/\/www.pinterest.com\/white42\/",
        "first_name":"Laneise",
        "last_name":"",
        "id":"485192697263437817"
      },
      "url":"https:\/\/www.pinterest.com\/pin\/485192559832764088\/",
      "media":{
        "type":"image"
      },
      "created_at":"2015-07-05T12:36:16",
      "original_link":"http:\/\/zillafitness.com\/category\/results\/p90x-results-2\/p90x-results-women\/",
      "note":"Real Insanity Workout Results From Men and Women p90x",
      "color":"#38301d",
      "link":"https:\/\/www.pinterest.com\/r\/pin\/485192559832764088\/4779055074072594921\/f478e070571078e5e79c09d69c567b0cfa53cbd1c395e8d30307ec38e424b4e7",
      "board":{
        "url":"https:\/\/www.pinterest.com\/white42\/weightloss-before-and-after\/",
        "id":"485192628544034644",
        "name":"weightloss before and after"
      },
      "image":{
        "original":{
          "url":"https:\/\/s-media-cache-ak0.pinimg.com\/originals\/bb\/af\/bf\/bbafbf08ca2b31aa8dc5d984c59977a0.jpg",
          "width":300,
          "height":296
        }
      },
      "counts":{
        "likes":0,
        "comments":0,
        "repins":3
      },
      "id":"485192559832764088",
      "metadata":{
      }
    },
    {
      "attribution":null,
      "creator":{
        "url":"https:\/\/www.pinterest.com\/white42\/",
        "first_name":"Laneise",
        "last_name":"",
        "id":"485192697263437817"
      },
      "url":"https:\/\/www.pinterest.com\/pin\/485192559832764013\/",
      "media":{
        "type":"image"
      },
      "created_at":"2015-07-05T12:29:44",
      "original_link":"http:\/\/smeare.tinybytes.me\/cross-fit-before-after",
      "note":"Crossfit Women: Before & After",
      "color":"#70604e",
      "link":"https:\/\/www.pinterest.com\/r\/pin\/485192559832764013\/4779055074072594921\/765733f13f988f9d017d121322a54d510cc8018a7b1a8481c73e35ce6c419c32",
      "board":{
        "url":"https:\/\/www.pinterest.com\/white42\/weightloss-before-and-after\/",
        "id":"485192628544034644",
        "name":"weightloss before and after"
      },
      "image":{
        "original":{
          "url":"https:\/\/s-media-cache-ak0.pinimg.com\/originals\/c2\/b8\/cc\/c2b8cc7a70303809b6fc4972e1351023.jpg",
          "width":736,
          "height":491
        }
      },
      "counts":{
        "likes":0,
        "comments":0,
        "repins":0
      },
      "id":"485192559832764013",
      "metadata":{
      }
    },
    {
      "attribution":null,
      "creator":{
        "url":"https:\/\/www.pinterest.com\/white42\/",
        "first_name":"Laneise",
        "last_name":"",
        "id":"485192697263437817"
      },
      "url":"https:\/\/www.pinterest.com\/pin\/485192559832763987\/",
      "media":{
        "type":"image"
      },
      "created_at":"2015-07-05T12:27:34",
      "original_link":"http:\/\/weight-loss-products-reviewed.blogspot.com\/2015\/05\/brian-flatt-announces-3-week-diet.html",
      "note":"Brian Flatt Announces The 3 Week Diet - A Scientifically Proven Diet Plan",
      "color":"#7e6152",
      "link":"https:\/\/www.pinterest.com\/r\/pin\/485192559832763987\/4779055074072594921\/2d8d340df1e3e39e259a7e2235ba395bdb1d9a128c8f81d22802d7f565485278",
      "board":{
        "url":"https:\/\/www.pinterest.com\/white42\/weightloss-before-and-after\/",
        "id":"485192628544034644",
        "name":"weightloss before and after"
      },
      "image":{
        "original":{
          "url":"https:\/\/s-media-cache-ak0.pinimg.com\/originals\/09\/ac\/be\/09acbea6cdb6f59a131ffa288ccdc69f.jpg",
          "width":643,
          "height":709
        }
      },
      "counts":{
        "likes":0,
        "comments":0,
        "repins":1
      },
      "id":"485192559832763987",
      "metadata":{
      }
    },
    {
      "attribution":null,
      "creator":{
        "url":"https:\/\/www.pinterest.com\/white42\/",
        "first_name":"Laneise",
        "last_name":"",
        "id":"485192697263437817"
      },
      "url":"https:\/\/www.pinterest.com\/pin\/485192559832750232\/",
      "media":{
        "type":"image"
      },
      "created_at":"2015-07-04T13:59:15",
      "original_link":"http:\/\/weight-loss-products-reviewed.blogspot.com\/2014\/12\/3-week-diet-reviews.html",
      "note":"How To Lose Weight Quickly With The 3 Week Diet Plan. The Fastest Way To Lose Weight",
      "color":"#5a4e48",
      "link":"https:\/\/www.pinterest.com\/r\/pin\/485192559832750232\/4779055074072594921\/18c9c91f763dc5d9b5fe9ae39660591fd6a291477dd01dacb9c2bd557e3a1515",
      "board":{
        "url":"https:\/\/www.pinterest.com\/white42\/weightloss-before-and-after\/",
        "id":"485192628544034644",
        "name":"weightloss before and after"
      },
      "image":{
        "original":{
          "url":"https:\/\/s-media-cache-ak0.pinimg.com\/originals\/7e\/b1\/6d\/7eb16dfea0423fee0e512c37021cfbe0.jpg",
          "width":218,
          "height":423
        }
      },
      "counts":{
        "likes":2,
        "comments":0,
        "repins":10
      },
      "id":"485192559832750232",
      "metadata":{
      }
    },
    {
      "attribution":null,
      "creator":{
        "url":"https:\/\/www.pinterest.com\/white42\/",
        "first_name":"Laneise",
        "last_name":"",
        "id":"485192697263437817"
      },
      "url":"https:\/\/www.pinterest.com\/pin\/485192559832698428\/",
      "media":{
        "type":"image"
      },
      "created_at":"2015-07-01T02:22:45",
      "original_link":"http:\/\/weightlosdiets.blogspot.com\/2014\/07\/step-by-step-weight-loss-guide.html",
      "note":"Great Ideas for how to lose weight fast for women.Pins to show you how to lose 10 pounds.",
      "color":"#897563",
      "link":"https:\/\/www.pinterest.com\/r\/pin\/485192559832698428\/4779055074072594921\/d67e276fd7b1369ef7c7f1e1ec9f2554b0867660b1798a00cc4c4edb17bcf5a4",
      "board":{
        "url":"https:\/\/www.pinterest.com\/white42\/weightloss-before-and-after\/",
        "id":"485192628544034644",
        "name":"weightloss before and after"
      },
      "image":{
        "original":{
          "url":"https:\/\/s-media-cache-ak0.pinimg.com\/originals\/c9\/1a\/f0\/c91af072b6e4b8e41ffd0c4ee63453b2.jpg",
          "width":403,
          "height":671
        }
      },
      "counts":{
        "likes":0,
        "comments":0,
        "repins":3
      },
      "id":"485192559832698428",
      "metadata":{
      }
    },
    {
      "attribution":null,
      "creator":{
        "url":"https:\/\/www.pinterest.com\/white42\/",
        "first_name":"Laneise",
        "last_name":"",
        "id":"485192697263437817"
      },
      "url":"https:\/\/www.pinterest.com\/pin\/485192559832698419\/",
      "media":{
        "type":"image"
      },
      "created_at":"2015-07-01T02:22:29",
      "original_link":"http:\/\/muscletransform.com\/lose-weight-fast-in-4-weeks-with-10-total-body-at-home-workout\/",
      "note":"Lose Weight Fast in 4 Weeks with 10 Total Body at Home Workout",
      "color":"#9a8277",
      "link":"https:\/\/www.pinterest.com\/r\/pin\/485192559832698419\/4779055074072594921\/a2249bae14117c30e18cdaaee25e7244aa93e5c1cbae053cd38705146c8788d4",
      "board":{
        "url":"https:\/\/www.pinterest.com\/white42\/weightloss-before-and-after\/",
        "id":"485192628544034644",
        "name":"weightloss before and after"
      },
      "image":{
        "original":{
          "url":"https:\/\/s-media-cache-ak0.pinimg.com\/originals\/1d\/17\/99\/1d179959e9619f8ee77b77f0c3ed45e2.jpg",
          "width":355,
          "height":379
        }
      },
      "counts":{
        "likes":2,
        "comments":0,
        "repins":14
      },
      "id":"485192559832698419",
      "metadata":{
      }
    },
    {
      "attribution":null,
      "creator":{
        "url":"https:\/\/www.pinterest.com\/white42\/",
        "first_name":"Laneise",
        "last_name":"",
        "id":"485192697263437817"
      },
      "url":"https:\/\/www.pinterest.com\/pin\/485192559832682123\/",
      "media":{
        "type":"image"
      },
      "created_at":"2015-06-30T00:57:23",
      "original_link":"http:\/\/angiehills.myplexusopportunity.com\/",
      "note":"\"Here is my Hubby, Johnnie's Plexus Before and After...The pic on the left was taken in July, 2011 about 2 months before starting Plexus and the After was taken today! He Lost a total of 23 lbs in about 3 months and has kept the weight off for 18 months with Plexus Only...Plexus Curbs your appetite, so you eat Less...But He still eats his bowl of Blue Bell Ice Cream EVERY Night...Real Men Drink Pink and Look Good Wearing it! ~Angela Cramer Alexander",
      "color":"#68495b",
      "link":"https:\/\/www.pinterest.com\/r\/pin\/485192559832682123\/4779055074072594921\/d23d213a47f9baa93041ba1833dedf495416f879fee5be6d38495c030a8ec26d",
      "board":{
        "url":"https:\/\/www.pinterest.com\/white42\/weightloss-before-and-after\/",
        "id":"485192628544034644",
        "name":"weightloss before and after"
      },
      "image":{
        "original":{
          "url":"https:\/\/s-media-cache-ak0.pinimg.com\/originals\/1a\/59\/bd\/1a59bd55fbc6b0ffcfed534d315f8dfe.jpg",
          "width":720,
          "height":720
        }
      },
      "counts":{
        "likes":0,
        "comments":0,
        "repins":0
      },
      "id":"485192559832682123",
      "metadata":{
      }
    },
    {
      "attribution":null,
      "creator":{
        "url":"https:\/\/www.pinterest.com\/white42\/",
        "first_name":"Laneise",
        "last_name":"",
        "id":"485192697263437817"
      },
      "url":"https:\/\/www.pinterest.com\/pin\/485192559832682074\/",
      "media":{
        "type":"image"
      },
      "created_at":"2015-06-30T00:54:00",
      "original_link":"http:\/\/www.dianevigil.myplexusproducts.com\/",
      "note":"Lose weight and inches healthy way with plexus slim! Just drink once a day melts the fat take once a day 30 minutes before or after breakfast or lunch. This is not a shake or meal replacement",
      "color":"#cc2c62",
      "link":"https:\/\/www.pinterest.com\/r\/pin\/485192559832682074\/4779055074072594921\/7566ed1c444688193fb4b309e1c00a9c23a95a10b2df345d3ba66167c2417f44",
      "board":{
        "url":"https:\/\/www.pinterest.com\/white42\/weightloss-before-and-after\/",
        "id":"485192628544034644",
        "name":"weightloss before and after"
      },
      "image":{
        "original":{
          "url":"https:\/\/s-media-cache-ak0.pinimg.com\/originals\/9e\/98\/ca\/9e98ca63a6e5cfbb456bb58bede77d48.jpg",
          "width":640,
          "height":960
        }
      },
      "counts":{
        "likes":0,
        "comments":0,
        "repins":0
      },
      "id":"485192559832682074",
      "metadata":{
      }
    },
    {
      "attribution":null,
      "creator":{
        "url":"https:\/\/www.pinterest.com\/white42\/",
        "first_name":"Laneise",
        "last_name":"",
        "id":"485192697263437817"
      },
      "url":"https:\/\/www.pinterest.com\/pin\/485192559832682060\/",
      "media":{
        "type":"image"
      },
      "created_at":"2015-06-30T00:52:57",
      "original_link":"http:\/\/muscletransform.com\/",
      "note":"Devin's results after 5 months of Challenges! #weightloss #beforeandafter",
      "color":"#706959",
      "link":"https:\/\/www.pinterest.com\/r\/pin\/485192559832682060\/4779055074072594921\/1996c5efe96b2cfe5b6de942ac0be3b4b2572f77b33d9802c1fd842b5599ae8b",
      "board":{
        "url":"https:\/\/www.pinterest.com\/white42\/weightloss-before-and-after\/",
        "id":"485192628544034644",
        "name":"weightloss before and after"
      },
      "image":{
        "original":{
          "url":"https:\/\/s-media-cache-ak0.pinimg.com\/originals\/ab\/d1\/77\/abd177e9155dd79356babc0a261612ee.jpg",
          "width":457,
          "height":408
        }
      },
      "counts":{
        "likes":0,
        "comments":0,
        "repins":0
      },
      "id":"485192559832682060",
      "metadata":{
      }
    }
  ],
  "page":{
    "cursor":"LT40ODUxOTI1NTk4MzI2ODIwNjA6Mzg1fGI0OTU1ZTkzNDlhOWI4NWFhYjU4YzU2ZjIyN2ViMjRhYzRmYzJjMGNkNDU4NDdjZTdlZDIwNmE3NzhlNDc0ODU=",
    "next":"https:\/\/api.pinterest.com\/v1\/boards\/white42\/weightloss-before-and-after\/pins\/?access_token=AZlZE-HOK-Y4205yRft75KyYVaauFCBIs8jxSxdCtrJcomAqbQAAAAA&fields=id%2Clink%2Cnote%2Curl%2Cattribution%2Cmedia%2Cmetadata%2Cboard%2Ccolor%2Ccounts%2Ccreated_at%2Ccreator%2Cimage%2Coriginal_link&cursor=LT40ODUxOTI1NTk4MzI2ODIwNjA6Mzg1fGI0OTU1ZTkzNDlhOWI4NWFhYjU4YzU2ZjIyN2ViMjRhYzRmYzJjMGNkNDU4NDdjZTdlZDIwNmE3NzhlNDc0ODU%3D"
  }
}
