{
  "data":[
    {
      "attribution":null,
      "creator":{
        "url":"https:\/\/www.pinterest.com\/rhall101511\/",
        "first_name":"Reatha",
        "last_name":"Dake Hall",
        "id":"485051959775075104"
      },
      "url":"https:\/\/www.pinterest.com\/pin\/485051822345979364\/",
      "media":{
        "type":"image"
      },
      "created_at":"2015-10-11T01:12:05",
      "original_link":"http:\/\/www.beforeandafterweightlossblog.net\/pin\/791\/",
      "note":" ",
      "color":"#45424b",
      "link":"https:\/\/www.pinterest.com\/r\/pin\/485051822345979364\/4779055074072594921\/45cf693078b1d00e467e052e19261e16e525304fcad7ccd96788a485507f282c",
      "board":{
        "url":"https:\/\/www.pinterest.com\/rhall101511\/before-and-after-weightloss-motivation\/",
        "id":"485051891055621099",
        "name":"Before and After Weightloss Motivation"
      },
      "image":{
        "original":{
          "url":"https:\/\/s-media-cache-ak0.pinimg.com\/originals\/9c\/05\/68\/9c0568b148ff872fdbfd0c5d421196c3.jpg",
          "width":500,
          "height":742
        }
      },
      "counts":{
        "likes":0,
        "comments":0,
        "repins":2
      },
      "id":"485051822345979364",
      "metadata":{
      }
    },
    {
      "attribution":null,
      "creator":{
        "url":"https:\/\/www.pinterest.com\/rhall101511\/",
        "first_name":"Reatha",
        "last_name":"Dake Hall",
        "id":"485051959775075104"
      },
      "url":"https:\/\/www.pinterest.com\/pin\/485051822345979359\/",
      "media":{
        "type":"image"
      },
      "created_at":"2015-10-11T01:11:55",
      "original_link":"http:\/\/fittclub.tumblr.com\/post\/43770426307\/fitspoforever-magrela4life-hope-you-guys",
      "note":"magrela4life: Hope you guys understand my level of commitment to the weight loss community when I post this before pic, I didnt even know I had them anymore so it was quite weird seeing my old body like that. The first pic was 3 years ago, 4 months before I decided to change my lifestyle and lose the weight and the second pic is me now. I know that my after body ain\u2019t perfect but its getting better and I love it would do it all again to get to the point where I am today. I\u2019m ne",
      "color":"#918876",
      "link":"https:\/\/www.pinterest.com\/r\/pin\/485051822345979359\/4779055074072594921\/5b722b0e03bd681dcde2cf286612afb2f33d00de2d1f4882605e07f393795e38",
      "board":{
        "url":"https:\/\/www.pinterest.com\/rhall101511\/before-and-after-weightloss-motivation\/",
        "id":"485051891055621099",
        "name":"Before and After Weightloss Motivation"
      },
      "image":{
        "original":{
          "url":"https:\/\/s-media-cache-ak0.pinimg.com\/originals\/1d\/29\/ba\/1d29baf04ca0e03f05e910f544bc12a2.jpg",
          "width":500,
          "height":624
        }
      },
      "counts":{
        "likes":2,
        "comments":0,
        "repins":0
      },
      "id":"485051822345979359",
      "metadata":{
        "link":{
          "locale":"en",
          "title":"fittclub",
          "site_name":"fittclub.tumblr.com",
          "description":"fitspoforever: \u201c magrela4life: \u201c Hope you guys understand my level of commitment to the weight loss community when I post this before pic, I didnt even know I had them anymore so it was quite weird...",
          "favicon":"https:\/\/s-media-cache-ak0.pinimg.com\/favicons\/255ab9c36b51cfd22ebe6625a2edff57b72f128e1bf4a246cfc226aa.png?95a112b4506a5ac14034c8173dbfb76e"
        }
      }
    },
    {
      "attribution":null,
      "creator":{
        "url":"https:\/\/www.pinterest.com\/rhall101511\/",
        "first_name":"Reatha",
        "last_name":"Dake Hall",
        "id":"485051959775075104"
      },
      "url":"https:\/\/www.pinterest.com\/pin\/485051822345979356\/",
      "media":{
        "type":"image"
      },
      "created_at":"2015-10-11T01:11:44",
      "original_link":"http:\/\/rebloggy.com\/post\/weight-loss-submission-before-and-after-50-5-7\/38175408183",
      "note":"motivation weight loss thinspo before and after weight loss motivation",
      "color":"#42373b",
      "link":"https:\/\/www.pinterest.com\/r\/pin\/485051822345979356\/4779055074072594921\/947a30090176c924e83dc39e944925324a36aae93a4ff109bf784e80d0435f35",
      "board":{
        "url":"https:\/\/www.pinterest.com\/rhall101511\/before-and-after-weightloss-motivation\/",
        "id":"485051891055621099",
        "name":"Before and After Weightloss Motivation"
      },
      "image":{
        "original":{
          "url":"https:\/\/s-media-cache-ak0.pinimg.com\/originals\/43\/0d\/25\/430d25ec755db6ededd2c5c64666401f.jpg",
          "width":250,
          "height":250
        }
      },
      "counts":{
        "likes":0,
        "comments":0,
        "repins":0
      },
      "id":"485051822345979356",
      "metadata":{
      }
    },
    {
      "attribution":null,
      "creator":{
        "url":"https:\/\/www.pinterest.com\/rhall101511\/",
        "first_name":"Reatha",
        "last_name":"Dake Hall",
        "id":"485051959775075104"
      },
      "url":"https:\/\/www.pinterest.com\/pin\/485051822345979353\/",
      "media":{
        "type":"image"
      },
      "created_at":"2015-10-11T01:11:08",
      "original_link":"http:\/\/katiesfightforfitness.tumblr.com\/post\/105712433467\/even-though-i-have-so-much-farther-i-wanna-go",
      "note":"Before and after weight loss",
      "color":"#8f5b52",
      "link":"https:\/\/www.pinterest.com\/r\/pin\/485051822345979353\/4779055074072594921\/0b6a249cd43672a7f191531a12ce6c6ccd962c783d4f4a5b38aea87b7b6b197f",
      "board":{
        "url":"https:\/\/www.pinterest.com\/rhall101511\/before-and-after-weightloss-motivation\/",
        "id":"485051891055621099",
        "name":"Before and After Weightloss Motivation"
      },
      "image":{
        "original":{
          "url":"https:\/\/s-media-cache-ak0.pinimg.com\/originals\/d8\/3d\/4c\/d83d4c782f8e102279c8a9417c1e50b3.jpg",
          "width":640,
          "height":640
        }
      },
      "counts":{
        "likes":0,
        "comments":0,
        "repins":3
      },
      "id":"485051822345979353",
      "metadata":{
        "link":{
          "locale":"en",
          "title":"katiesfightforfitness",
          "site_name":"katiesfightforfitness.tumblr.com",
          "description":"Even though I have so much farther I wanna go, findings like pic on the left remind me just how far I\u2019ve come. Never again will I take my health for granted. Crazy. Thank you God for a second chance...",
          "favicon":"https:\/\/s-media-cache-ak0.pinimg.com\/favicons\/ea580f80b088ab87e727b08a91587337c571a705e5f4ee3e8d0e90f5.png?46332a9a8bddfa5e5fbca13bb90a89dc"
        }
      }
    },
    {
      "attribution":null,
      "creator":{
        "url":"https:\/\/www.pinterest.com\/rhall101511\/",
        "first_name":"Reatha",
        "last_name":"Dake Hall",
        "id":"485051959775075104"
      },
      "url":"https:\/\/www.pinterest.com\/pin\/485051822345964918\/",
      "media":{
        "type":"image"
      },
      "created_at":"2015-10-10T00:59:55",
      "original_link":"http:\/\/www.instructables.com\/id\/How-to-Lose-100-Pounds-and-Keep-it-Off-For-Life\/",
      "note":"How to Lose 100+ Pounds and Keep it Off For Life ---- Instructables",
      "color":"#adb5a7",
      "link":"https:\/\/www.pinterest.com\/r\/pin\/485051822345964918\/4779055074072594921\/c41a060518c4772416d1756393264979369f01b0ee1f71ac3e305e74dd148ac5",
      "board":{
        "url":"https:\/\/www.pinterest.com\/rhall101511\/before-and-after-weightloss-motivation\/",
        "id":"485051891055621099",
        "name":"Before and After Weightloss Motivation"
      },
      "image":{
        "original":{
          "url":"https:\/\/s-media-cache-ak0.pinimg.com\/originals\/80\/64\/32\/8064328f8010ba230b69ba0d9a51f1bf.jpg",
          "width":418,
          "height":560
        }
      },
      "counts":{
        "likes":0,
        "comments":0,
        "repins":1
      },
      "id":"485051822345964918",
      "metadata":{
        "article":{
          "published_at":"2011-07-10T00:00:00",
          "description":"Several years ago, I decided that my life had to change. I was very overweight, completely sedentary, and ashamed of what I had allowed myself to become. I had been on so many diets throughout my life and had always gained the weight back. This time it was worse than ever. 100 pounds to lose. I committed to losing the weight and making this the very last time. I lost 100 pounds and this year makes 3 years of maintaining the weight loss. In this Instructable, I plan to give you an inside look at what it takes to lose a significant amount of weight (100+ pounds) without gimmicks or nonsense, no shakes or pills required. I also plan on telling you what it takes (mentally and physically) to maintain that weight for as long as you are willing to put forth the effort! Take heart, friends! Stop reading diet ...",
          "name":"How to Lose 100+ Pounds and Keep it Off For Life",
          "authors":[
            {
              "name":"Miss_ali1984"
            }
          ]
        },
        "link":{
          "locale":"en",
          "title":"How to Lose 100+ Pounds and Keep it Off For Life",
          "site_name":"Instructables.com",
          "description":"Several years ago, I decided that my life had to change.\u00a0 I was very overweight, completely sedentary, and ashamed of what I had allowed myself to become.\u00a0 I had been on so many diets throughout my life and had always gained the weight back.\u00a0 This time it was worse than ever.\u00a0 100 pounds to lose.\u00a0 I committed to losing the weight and making this the very last time.\u00a0 I lost 100 pounds and this year makes 3 years of maintaining the weight loss. In this Instructable, I plan to give you an inside look at what it takes to lose a significant amount of weight (100+ pounds) without gimmicks or nonsense, no shakes or pills required.\u00a0 I also plan on telling you what it takes (mentally and physically) to maintain that weight for as long as you are willing to put forth the effort!\u00a0 Take heart, friends!\u00a0 Stop reading diet ...",
          "favicon":"https:\/\/s-media-cache-ak0.pinimg.com\/favicons\/8dfb8fb93c31ba7b3d88415b75818811307eb67de008877e8bd3b2f0.ico?7d059e602f34c46f6ae8f51ab1bb1af8"
        }
      }
    },
    {
      "attribution":null,
      "creator":{
        "url":"https:\/\/www.pinterest.com\/rhall101511\/",
        "first_name":"Reatha",
        "last_name":"Dake Hall",
        "id":"485051959775075104"
      },
      "url":"https:\/\/www.pinterest.com\/pin\/485051822345964002\/",
      "media":{
        "type":"image"
      },
      "created_at":"2015-10-09T23:35:01",
      "original_link":"http:\/\/skinnyfiberresults.blogspot.com\/2015\/05\/great-job-kim.html",
      "note":"Healthy, Fast & Easy Weight Loss: Great job, Kim!",
      "color":"#0c0a0e",
      "link":"https:\/\/www.pinterest.com\/r\/pin\/485051822345964002\/4779055074072594921\/c4e13ba2ea51d28967f6c3a58cc5a0f16136eca95f681eb9dfd2861bab6cf622",
      "board":{
        "url":"https:\/\/www.pinterest.com\/rhall101511\/before-and-after-weightloss-motivation\/",
        "id":"485051891055621099",
        "name":"Before and After Weightloss Motivation"
      },
      "image":{
        "original":{
          "url":"https:\/\/s-media-cache-ak0.pinimg.com\/originals\/e1\/80\/b7\/e180b7bd853c5f1f05f24e9f08b119f1.jpg",
          "width":540,
          "height":960
        }
      },
      "counts":{
        "likes":0,
        "comments":0,
        "repins":0
      },
      "id":"485051822345964002",
      "metadata":{
      }
    },
    {
      "attribution":null,
      "creator":{
        "url":"https:\/\/www.pinterest.com\/rhall101511\/",
        "first_name":"Reatha",
        "last_name":"Dake Hall",
        "id":"485051959775075104"
      },
      "url":"https:\/\/www.pinterest.com\/pin\/485051822345964000\/",
      "media":{
        "type":"image"
      },
      "created_at":"2015-10-09T23:34:41",
      "original_link":"http:\/\/skinnyfiberresults.blogspot.com\/",
      "note":"Weight Loss Success Stories",
      "color":"#6e4f32",
      "link":"https:\/\/www.pinterest.com\/r\/pin\/485051822345964000\/4779055074072594921\/da5bdac32e4954e56d769b6659a9daf69b101eb4a1cc5bee0324632bc9632fe4",
      "board":{
        "url":"https:\/\/www.pinterest.com\/rhall101511\/before-and-after-weightloss-motivation\/",
        "id":"485051891055621099",
        "name":"Before and After Weightloss Motivation"
      },
      "image":{
        "original":{
          "url":"https:\/\/s-media-cache-ak0.pinimg.com\/originals\/b7\/6b\/17\/b76b1749f3fa826c949732b6af602433.jpg",
          "width":640,
          "height":960
        }
      },
      "counts":{
        "likes":1,
        "comments":0,
        "repins":3
      },
      "id":"485051822345964000",
      "metadata":{
      }
    },
    {
      "attribution":null,
      "creator":{
        "url":"https:\/\/www.pinterest.com\/rhall101511\/",
        "first_name":"Reatha",
        "last_name":"Dake Hall",
        "id":"485051959775075104"
      },
      "url":"https:\/\/www.pinterest.com\/pin\/485051822345963807\/",
      "media":{
        "type":"image"
      },
      "created_at":"2015-10-09T23:18:02",
      "original_link":"http:\/\/yogatoloseweightme.blogspot.com\/?ID=62",
      "note":"Tips For Losing Weight",
      "color":"#ae8f78",
      "link":"https:\/\/www.pinterest.com\/r\/pin\/485051822345963807\/4779055074072594921\/1e8c3613a5cab8a1764fed5fd3d9c2ea7cd64583a151bc1bf84a8361a0af9149",
      "board":{
        "url":"https:\/\/www.pinterest.com\/rhall101511\/before-and-after-weightloss-motivation\/",
        "id":"485051891055621099",
        "name":"Before and After Weightloss Motivation"
      },
      "image":{
        "original":{
          "url":"https:\/\/s-media-cache-ak0.pinimg.com\/originals\/da\/66\/e4\/da66e4bb98877f53fb5f87c90b3309e5.jpg",
          "width":385,
          "height":401
        }
      },
      "counts":{
        "likes":0,
        "comments":0,
        "repins":0
      },
      "id":"485051822345963807",
      "metadata":{
      }
    },
    {
      "attribution":null,
      "creator":{
        "url":"https:\/\/www.pinterest.com\/rhall101511\/",
        "first_name":"Reatha",
        "last_name":"Dake Hall",
        "id":"485051959775075104"
      },
      "url":"https:\/\/www.pinterest.com\/pin\/485051822345963805\/",
      "media":{
        "type":"image"
      },
      "created_at":"2015-10-09T23:17:58",
      "original_link":"http:\/\/www.youtube.com\/watch?v=IOKasD7ed44&feature=share",
      "note":"What is Customized Fat Loss?  best way to lose weight, healthy recipes for weight loss, diets for quick weight loss, weight loss supplements, best weight loss program, how to lose weight fast, before and after weight loss, weight loss success stories, best foods for weight loss, best weight loss supplement, quick weight loss diets, weight loss meal plans, natural weight loss supplements, weight loss solutions, weight loss diet plan, best exercise for weight loss, weight loss for women",
      "color":"#5a562c",
      "link":"https:\/\/www.pinterest.com\/r\/pin\/485051822345963805\/4779055074072594921\/9b6e4a44d5e23a02bf55400865d30aae9d5152e4ce005ce67816994c80e59a2e",
      "board":{
        "url":"https:\/\/www.pinterest.com\/rhall101511\/before-and-after-weightloss-motivation\/",
        "id":"485051891055621099",
        "name":"Before and After Weightloss Motivation"
      },
      "image":{
        "original":{
          "url":"https:\/\/s-media-cache-ak0.pinimg.com\/originals\/68\/c9\/bb\/68c9bbda664937890f3e184054564fb8.jpg",
          "width":480,
          "height":360
        }
      },
      "counts":{
        "likes":0,
        "comments":0,
        "repins":0
      },
      "id":"485051822345963805",
      "metadata":{
      }
    },
    {
      "attribution":null,
      "creator":{
        "url":"https:\/\/www.pinterest.com\/rhall101511\/",
        "first_name":"Reatha",
        "last_name":"Dake Hall",
        "id":"485051959775075104"
      },
      "url":"https:\/\/www.pinterest.com\/pin\/485051822345963803\/",
      "media":{
        "type":"image"
      },
      "created_at":"2015-10-09T23:17:53",
      "original_link":"",
      "note":"How did I do it? Completely changing my eating habits which has also changed my life, exercise, drinking lots & lots of water daily, motivation, & not skipping meals. I haven't ever posted a before & after picture but...I've kept the weight off completely for a year & a half now so I thought why not? I hope that this will help inspire & motivate others :)",
      "color":"#5a3b3c",
      "link":"",
      "board":{
        "url":"https:\/\/www.pinterest.com\/rhall101511\/before-and-after-weightloss-motivation\/",
        "id":"485051891055621099",
        "name":"Before and After Weightloss Motivation"
      },
      "image":{
        "original":{
          "url":"https:\/\/s-media-cache-ak0.pinimg.com\/originals\/93\/0b\/94\/930b94a26033a6ebc7a6f8fe82121fc5.jpg",
          "width":868,
          "height":1194
        }
      },
      "counts":{
        "likes":0,
        "comments":0,
        "repins":3
      },
      "id":"485051822345963803",
      "metadata":{
      }
    },
    {
      "attribution":null,
      "creator":{
        "url":"https:\/\/www.pinterest.com\/rhall101511\/",
        "first_name":"Reatha",
        "last_name":"Dake Hall",
        "id":"485051959775075104"
      },
      "url":"https:\/\/www.pinterest.com\/pin\/485051822345963802\/",
      "media":{
        "type":"image"
      },
      "created_at":"2015-10-09T23:17:47",
      "original_link":"http:\/\/inspiringpretty.com\/2013\/07\/10\/summer-drinks\/",
      "note":"To boost weight loss (and it's just yummy) - 2L water, 1 medium cucumber, 1 lemon, 10-12 mint leaves. steep overnight in fridge and drink every day. Also great for general detox--including clear skin.",
      "color":"#3b4160",
      "link":"https:\/\/www.pinterest.com\/r\/pin\/485051822345963802\/4779055074072594921\/9076b070796be20fb2860b10e2e18ec80f223ae625b62acd50dfaeffcedfaa0f",
      "board":{
        "url":"https:\/\/www.pinterest.com\/rhall101511\/before-and-after-weightloss-motivation\/",
        "id":"485051891055621099",
        "name":"Before and After Weightloss Motivation"
      },
      "image":{
        "original":{
          "url":"https:\/\/s-media-cache-ak0.pinimg.com\/originals\/0e\/b6\/ef\/0eb6ef3c07584087ad38fb8f65e59dd6.jpg",
          "width":312,
          "height":357
        }
      },
      "counts":{
        "likes":0,
        "comments":0,
        "repins":1
      },
      "id":"485051822345963802",
      "metadata":{
      }
    },
    {
      "attribution":null,
      "creator":{
        "url":"https:\/\/www.pinterest.com\/rhall101511\/",
        "first_name":"Reatha",
        "last_name":"Dake Hall",
        "id":"485051959775075104"
      },
      "url":"https:\/\/www.pinterest.com\/pin\/485051822345963796\/",
      "media":{
        "type":"image"
      },
      "created_at":"2015-10-09T23:17:25",
      "original_link":"http:\/\/stopdrinkingalcoholloseweight12.blogspot.com\/?ID=1390",
      "note":"Tips For Losing Weight",
      "color":"#785e4d",
      "link":"https:\/\/www.pinterest.com\/r\/pin\/485051822345963796\/4779055074072594921\/78ed34b6b4b4244fbbd315bd060ced3b40c0b9c6aedec61aa3c8a116d7b5457e",
      "board":{
        "url":"https:\/\/www.pinterest.com\/rhall101511\/before-and-after-weightloss-motivation\/",
        "id":"485051891055621099",
        "name":"Before and After Weightloss Motivation"
      },
      "image":{
        "original":{
          "url":"https:\/\/s-media-cache-ak0.pinimg.com\/originals\/94\/0f\/18\/940f188b8353b4ed383d99be59eda26b.jpg",
          "width":385,
          "height":401
        }
      },
      "counts":{
        "likes":0,
        "comments":0,
        "repins":0
      },
      "id":"485051822345963796",
      "metadata":{
      }
    },
    {
      "attribution":null,
      "creator":{
        "url":"https:\/\/www.pinterest.com\/rhall101511\/",
        "first_name":"Reatha",
        "last_name":"Dake Hall",
        "id":"485051959775075104"
      },
      "url":"https:\/\/www.pinterest.com\/pin\/485051822345963794\/",
      "media":{
        "type":"image"
      },
      "created_at":"2015-10-09T23:17:16",
      "original_link":"http:\/\/skinnyfiberresults.blogspot.com\/2014\/01\/meet-tricia-54-lbs-gone-and-6-pant.html",
      "note":"Get the Weight Off: Meet Tricia: 54 lbs gone and 6 pant sizes smaller!  The perfect product for both men and women!  To order now go to :http:\/\/DEVINENSKINNY.EatLessFeelFull.com\/",
      "color":"#976853",
      "link":"https:\/\/www.pinterest.com\/r\/pin\/485051822345963794\/4779055074072594921\/869b220cb3b3b865aa4280ad56f481f1f220ee2e5669d05f0be27e907f0e5a56",
      "board":{
        "url":"https:\/\/www.pinterest.com\/rhall101511\/before-and-after-weightloss-motivation\/",
        "id":"485051891055621099",
        "name":"Before and After Weightloss Motivation"
      },
      "image":{
        "original":{
          "url":"https:\/\/s-media-cache-ak0.pinimg.com\/originals\/ba\/11\/a9\/ba11a9efbd4b1e773c315eb340c8469e.jpg",
          "width":640,
          "height":480
        }
      },
      "counts":{
        "likes":0,
        "comments":0,
        "repins":0
      },
      "id":"485051822345963794",
      "metadata":{
      }
    },
    {
      "attribution":null,
      "creator":{
        "url":"https:\/\/www.pinterest.com\/rhall101511\/",
        "first_name":"Reatha",
        "last_name":"Dake Hall",
        "id":"485051959775075104"
      },
      "url":"https:\/\/www.pinterest.com\/pin\/485051822345963792\/",
      "media":{
        "type":"image"
      },
      "created_at":"2015-10-09T23:17:11",
      "original_link":"http:\/\/slimarea.com\/",
      "note":"Ive never felt better about myself, its been an amazing transition. I owe it all to Doctor Oz for the advice!",
      "color":"#97b3aa",
      "link":"https:\/\/www.pinterest.com\/r\/pin\/485051822345963792\/4779055074072594921\/2311ddbb28b8238aca7b92afa5465b48e550fb9d67fea152f48a38d99e0391d6",
      "board":{
        "url":"https:\/\/www.pinterest.com\/rhall101511\/before-and-after-weightloss-motivation\/",
        "id":"485051891055621099",
        "name":"Before and After Weightloss Motivation"
      },
      "image":{
        "original":{
          "url":"https:\/\/s-media-cache-ak0.pinimg.com\/originals\/58\/a3\/c6\/58a3c67c1db95b918e3b54378aaaf563.jpg",
          "width":400,
          "height":500
        }
      },
      "counts":{
        "likes":0,
        "comments":0,
        "repins":1
      },
      "id":"485051822345963792",
      "metadata":{
      }
    },
    {
      "attribution":null,
      "creator":{
        "url":"https:\/\/www.pinterest.com\/rhall101511\/",
        "first_name":"Reatha",
        "last_name":"Dake Hall",
        "id":"485051959775075104"
      },
      "url":"https:\/\/www.pinterest.com\/pin\/485051822345963779\/",
      "media":{
        "type":"image"
      },
      "created_at":"2015-10-09T23:16:10",
      "original_link":"http:\/\/www.shape.com\/weight-loss\/success-stories\/jaw-dropping-and-after-weight-loss-photos\/slide\/6",
      "note":"Hilarie Yerkovitz",
      "color":"#7c5965",
      "link":"https:\/\/www.pinterest.com\/r\/pin\/485051822345963779\/4779055074072594921\/5aebe96936a63b4e8f8b80cfd36015781a65bf1d2059381b738d2a7ae3eb9717",
      "board":{
        "url":"https:\/\/www.pinterest.com\/rhall101511\/before-and-after-weightloss-motivation\/",
        "id":"485051891055621099",
        "name":"Before and After Weightloss Motivation"
      },
      "image":{
        "original":{
          "url":"https:\/\/s-media-cache-ak0.pinimg.com\/originals\/20\/6b\/7a\/206b7a54fb679e3a768f67a7ebb8ca1e.jpg",
          "width":600,
          "height":600
        }
      },
      "counts":{
        "likes":0,
        "comments":0,
        "repins":0
      },
      "id":"485051822345963779",
      "metadata":{
        "article":{
          "published_at":null,
          "description":"SHAPE readers share the weight loss tips that helped them lose 68, 113, even 180 pounds. Plus, check out the astounding before and after weight loss photos.",
          "name":"Jaw-Dropping Before and After Weight Loss Photos",
          "authors":[]
        },
        "link":{
          "locale":"en",
          "title":"Jaw-Dropping Before and After Weight Loss Photos",
          "site_name":"Shape Magazine",
          "description":"SHAPE readers share the weight loss tips that helped them lose 68, 113, even 180 pounds. Plus, check out the astounding before and after weight loss photos.",
          "favicon":"https:\/\/s-media-cache-ak0.pinimg.com\/favicons\/4d7a99dcc6af9e3c32af7c0df714ff3e8f874e266916bb8f82595730.ico?c1df787338bcc8d66767a3e37d8fd55e"
        }
      }
    },
    {
      "attribution":null,
      "creator":{
        "url":"https:\/\/www.pinterest.com\/rhall101511\/",
        "first_name":"Reatha",
        "last_name":"Dake Hall",
        "id":"485051959775075104"
      },
      "url":"https:\/\/www.pinterest.com\/pin\/485051822345963773\/",
      "media":{
        "type":"image"
      },
      "created_at":"2015-10-09T23:15:44",
      "original_link":"http:\/\/www.shape.com\/weight-loss\/success-stories\/jaw-dropping-and-after-weight-loss-photos\/slide\/4",
      "note":"Amy Berkshire",
      "color":"#9e6b67",
      "link":"https:\/\/www.pinterest.com\/r\/pin\/485051822345963773\/4779055074072594921\/29c518f60c86f0f70520292628fc88b7fd7c0a5ac7020932bdc69e8ad0e0e607",
      "board":{
        "url":"https:\/\/www.pinterest.com\/rhall101511\/before-and-after-weightloss-motivation\/",
        "id":"485051891055621099",
        "name":"Before and After Weightloss Motivation"
      },
      "image":{
        "original":{
          "url":"https:\/\/s-media-cache-ak0.pinimg.com\/originals\/b5\/91\/2e\/b5912e9c64000344137cc94750833fa7.jpg",
          "width":600,
          "height":600
        }
      },
      "counts":{
        "likes":0,
        "comments":0,
        "repins":0
      },
      "id":"485051822345963773",
      "metadata":{
        "article":{
          "published_at":null,
          "description":"SHAPE readers share the weight loss tips that helped them lose 68, 113, even 180 pounds. Plus, check out the astounding before and after weight loss photos.",
          "name":"Jaw-Dropping Before and After Weight Loss Photos",
          "authors":[]
        },
        "link":{
          "locale":"en",
          "title":"Jaw-Dropping Before and After Weight Loss Photos",
          "site_name":"Shape Magazine",
          "description":"SHAPE readers share the weight loss tips that helped them lose 68, 113, even 180 pounds. Plus, check out the astounding before and after weight loss photos.",
          "favicon":"https:\/\/s-media-cache-ak0.pinimg.com\/favicons\/4d7a99dcc6af9e3c32af7c0df714ff3e8f874e266916bb8f82595730.ico?c1df787338bcc8d66767a3e37d8fd55e"
        }
      }
    },
    {
      "attribution":null,
      "creator":{
        "url":"https:\/\/www.pinterest.com\/rhall101511\/",
        "first_name":"Reatha",
        "last_name":"Dake Hall",
        "id":"485051959775075104"
      },
      "url":"https:\/\/www.pinterest.com\/pin\/485051822345963769\/",
      "media":{
        "type":"image"
      },
      "created_at":"2015-10-09T23:15:21",
      "original_link":"http:\/\/www.shape.com\/weight-loss\/success-stories\/jaw-dropping-and-after-weight-loss-photos\/slide\/5",
      "note":"Ashley Mitchell",
      "color":"#7c744c",
      "link":"https:\/\/www.pinterest.com\/r\/pin\/485051822345963769\/4779055074072594921\/4789c764f8a8661e2e6545a8a0d5514a4d7ed98cd76cad87ca1ea7aac2551ddc",
      "board":{
        "url":"https:\/\/www.pinterest.com\/rhall101511\/before-and-after-weightloss-motivation\/",
        "id":"485051891055621099",
        "name":"Before and After Weightloss Motivation"
      },
      "image":{
        "original":{
          "url":"https:\/\/s-media-cache-ak0.pinimg.com\/originals\/fa\/d5\/90\/fad590de7070ed87f08f988e931a9803.jpg",
          "width":600,
          "height":600
        }
      },
      "counts":{
        "likes":0,
        "comments":0,
        "repins":0
      },
      "id":"485051822345963769",
      "metadata":{
        "article":{
          "published_at":null,
          "description":"SHAPE readers share the weight loss tips that helped them lose 68, 113, even 180 pounds. Plus, check out the astounding before and after weight loss photos.",
          "name":"Jaw-Dropping Before and After Weight Loss Photos",
          "authors":[]
        },
        "link":{
          "locale":"en",
          "title":"Jaw-Dropping Before and After Weight Loss Photos",
          "site_name":"Shape Magazine",
          "description":"SHAPE readers share the weight loss tips that helped them lose 68, 113, even 180 pounds. Plus, check out the astounding before and after weight loss photos.",
          "favicon":"https:\/\/s-media-cache-ak0.pinimg.com\/favicons\/4d7a99dcc6af9e3c32af7c0df714ff3e8f874e266916bb8f82595730.ico?c1df787338bcc8d66767a3e37d8fd55e"
        }
      }
    },
    {
      "attribution":null,
      "creator":{
        "url":"https:\/\/www.pinterest.com\/rhall101511\/",
        "first_name":"Reatha",
        "last_name":"Dake Hall",
        "id":"485051959775075104"
      },
      "url":"https:\/\/www.pinterest.com\/pin\/485051822345963757\/",
      "media":{
        "type":"image"
      },
      "created_at":"2015-10-09T23:14:30",
      "original_link":"http:\/\/www.shape.com\/weight-loss\/success-stories\/jaw-dropping-and-after-weight-loss-photos?page=3",
      "note":"Kathy Workman lost 80 pounds by carrying a 32-ounce jub of water everywhere!",
      "color":"#8d8b80",
      "link":"https:\/\/www.pinterest.com\/r\/pin\/485051822345963757\/4779055074072594921\/11f361708c5a8a3e21ae3d198dd4a9d57a9fe3c0539f9640184473b99849f3c4",
      "board":{
        "url":"https:\/\/www.pinterest.com\/rhall101511\/before-and-after-weightloss-motivation\/",
        "id":"485051891055621099",
        "name":"Before and After Weightloss Motivation"
      },
      "image":{
        "original":{
          "url":"https:\/\/s-media-cache-ak0.pinimg.com\/originals\/a7\/76\/7f\/a7767fa969c261f2c2616dee01435fbb.jpg",
          "width":420,
          "height":420
        }
      },
      "counts":{
        "likes":0,
        "comments":0,
        "repins":0
      },
      "id":"485051822345963757",
      "metadata":{
        "article":{
          "published_at":null,
          "description":"SHAPE readers share the weight loss tips that helped them lose 68, 113, even 180 pounds. Plus, check out the astounding before and after weight loss photos.",
          "name":"Jaw-Dropping Before and After Weight Loss Photos",
          "authors":[]
        },
        "link":{
          "locale":"en",
          "title":"Jaw-Dropping Before and After Weight Loss Photos",
          "site_name":"Shape Magazine",
          "description":"SHAPE readers share the weight loss tips that helped them lose 68, 113, even 180 pounds. Plus, check out the astounding before and after weight loss photos.",
          "favicon":"https:\/\/s-media-cache-ak0.pinimg.com\/favicons\/4d7a99dcc6af9e3c32af7c0df714ff3e8f874e266916bb8f82595730.ico?c1df787338bcc8d66767a3e37d8fd55e"
        }
      }
    },
    {
      "attribution":null,
      "creator":{
        "url":"https:\/\/www.pinterest.com\/rhall101511\/",
        "first_name":"Reatha",
        "last_name":"Dake Hall",
        "id":"485051959775075104"
      },
      "url":"https:\/\/www.pinterest.com\/pin\/485051822345958795\/",
      "media":{
        "type":"image"
      },
      "created_at":"2015-10-09T15:11:44",
      "original_link":"http:\/\/www.trimmedandtoned.com\/fat-loss-motivation-4-the-most-amazing-female-weight-loss-transformations-30-pics",
      "note":"Fat Loss Motivation 4: The Most Amazing Female Weight Loss Transformations [30 Pics]! - TrimmedAndToned",
      "color":"#866361",
      "link":"https:\/\/www.pinterest.com\/r\/pin\/485051822345958795\/4779055074072594921\/77e49a6243388feee6ddc7be269ec4884674c9564449c28ce71644bbaed5d0ab",
      "board":{
        "url":"https:\/\/www.pinterest.com\/rhall101511\/before-and-after-weightloss-motivation\/",
        "id":"485051891055621099",
        "name":"Before and After Weightloss Motivation"
      },
      "image":{
        "original":{
          "url":"https:\/\/s-media-cache-ak0.pinimg.com\/originals\/9d\/1e\/5f\/9d1e5f1035ba69ce2e5c294547e5cba0.jpg",
          "width":637,
          "height":600
        }
      },
      "counts":{
        "likes":1,
        "comments":0,
        "repins":2
      },
      "id":"485051822345958795",
      "metadata":{
      }
    },
    {
      "attribution":null,
      "creator":{
        "url":"https:\/\/www.pinterest.com\/rhall101511\/",
        "first_name":"Reatha",
        "last_name":"Dake Hall",
        "id":"485051959775075104"
      },
      "url":"https:\/\/www.pinterest.com\/pin\/485051822345958794\/",
      "media":{
        "type":"image"
      },
      "created_at":"2015-10-09T15:11:38",
      "original_link":"",
      "note":"Wow! Amazing weight loss.",
      "color":"#6b6b5c",
      "link":"",
      "board":{
        "url":"https:\/\/www.pinterest.com\/rhall101511\/before-and-after-weightloss-motivation\/",
        "id":"485051891055621099",
        "name":"Before and After Weightloss Motivation"
      },
      "image":{
        "original":{
          "url":"https:\/\/s-media-cache-ak0.pinimg.com\/originals\/74\/39\/70\/7439709f814064b21240908005a8811b.jpg",
          "width":612,
          "height":612
        }
      },
      "counts":{
        "likes":0,
        "comments":0,
        "repins":4
      },
      "id":"485051822345958794",
      "metadata":{
      }
    },
    {
      "attribution":null,
      "creator":{
        "url":"https:\/\/www.pinterest.com\/rhall101511\/",
        "first_name":"Reatha",
        "last_name":"Dake Hall",
        "id":"485051959775075104"
      },
      "url":"https:\/\/www.pinterest.com\/pin\/485051822345958793\/",
      "media":{
        "type":"image"
      },
      "created_at":"2015-10-09T15:11:32",
      "original_link":"http:\/\/beforemyweightloss.com\/99999999739\/8\/1410495122\/",
      "note":"Weight Loss Before and After, Motivation",
      "color":"#7a7366",
      "link":"https:\/\/www.pinterest.com\/r\/pin\/485051822345958793\/4779055074072594921\/adfd49f25453ec61bdc2048fa8b931635959bd9d0ea08d0a274ef1e8c85f7e43",
      "board":{
        "url":"https:\/\/www.pinterest.com\/rhall101511\/before-and-after-weightloss-motivation\/",
        "id":"485051891055621099",
        "name":"Before and After Weightloss Motivation"
      },
      "image":{
        "original":{
          "url":"https:\/\/s-media-cache-ak0.pinimg.com\/originals\/b6\/e8\/46\/b6e846f74605ffafdf9959571bcf0a86.png",
          "width":487,
          "height":484
        }
      },
      "counts":{
        "likes":0,
        "comments":0,
        "repins":0
      },
      "id":"485051822345958793",
      "metadata":{
      }
    },
    {
      "attribution":null,
      "creator":{
        "url":"https:\/\/www.pinterest.com\/rhall101511\/",
        "first_name":"Reatha",
        "last_name":"Dake Hall",
        "id":"485051959775075104"
      },
      "url":"https:\/\/www.pinterest.com\/pin\/485051822345958792\/",
      "media":{
        "type":"image"
      },
      "created_at":"2015-10-09T15:11:26",
      "original_link":"",
      "note":"Before and After Weight Loss Photo",
      "color":"#6a4b38",
      "link":"",
      "board":{
        "url":"https:\/\/www.pinterest.com\/rhall101511\/before-and-after-weightloss-motivation\/",
        "id":"485051891055621099",
        "name":"Before and After Weightloss Motivation"
      },
      "image":{
        "original":{
          "url":"https:\/\/s-media-cache-ak0.pinimg.com\/originals\/73\/ec\/31\/73ec312aae32c453801bbec5dd3e1444.jpg",
          "width":684,
          "height":684
        }
      },
      "counts":{
        "likes":0,
        "comments":0,
        "repins":0
      },
      "id":"485051822345958792",
      "metadata":{
      }
    },
    {
      "attribution":null,
      "creator":{
        "url":"https:\/\/www.pinterest.com\/rhall101511\/",
        "first_name":"Reatha",
        "last_name":"Dake Hall",
        "id":"485051959775075104"
      },
      "url":"https:\/\/www.pinterest.com\/pin\/485051822345958791\/",
      "media":{
        "type":"image"
      },
      "created_at":"2015-10-09T15:11:13",
      "original_link":"http:\/\/themetapicture.com\/amazing-weight-loss-transformation\/",
      "note":"Amazing weight loss transformation",
      "color":"#b89f87",
      "link":"https:\/\/www.pinterest.com\/r\/pin\/485051822345958791\/4779055074072594921\/4c8a787e9137ffaf9e93294d2185be0b9b080026ad70b3d8e25efac0dda873f0",
      "board":{
        "url":"https:\/\/www.pinterest.com\/rhall101511\/before-and-after-weightloss-motivation\/",
        "id":"485051891055621099",
        "name":"Before and After Weightloss Motivation"
      },
      "image":{
        "original":{
          "url":"https:\/\/s-media-cache-ak0.pinimg.com\/originals\/18\/47\/db\/1847db92ceb1055959eccbafb303a20e.jpg",
          "width":450,
          "height":3406
        }
      },
      "counts":{
        "likes":3,
        "comments":0,
        "repins":5
      },
      "id":"485051822345958791",
      "metadata":{
        "article":{
          "published_at":null,
          "description":"Share with your friends...",
          "name":"Amazing weight loss transformation",
          "authors":[]
        },
        "link":{
          "locale":"en_US",
          "title":"Amazing weight loss transformation",
          "site_name":"TheMetaPicture.com",
          "description":"Funny pictures about Amazing weight loss transformation. Oh, and cool pics about Amazing weight loss transformation. Also, Amazing weight loss transformation photos.",
          "favicon":"https:\/\/s-media-cache-ak0.pinimg.com\/favicons\/ce7dce8bbd917601204b38a01a6c9035a92d3381356fdd7e8f2bc9e6.ico?04767e99ab9c88f8853aa150bb46edf4"
        }
      }
    },
    {
      "attribution":null,
      "creator":{
        "url":"https:\/\/www.pinterest.com\/rhall101511\/",
        "first_name":"Reatha",
        "last_name":"Dake Hall",
        "id":"485051959775075104"
      },
      "url":"https:\/\/www.pinterest.com\/pin\/485051822345958789\/",
      "media":{
        "type":"image"
      },
      "created_at":"2015-10-09T15:11:04",
      "original_link":"http:\/\/www.trimmedandtoned.com\/60-weight-loss-transformations-will-make-jaw-drop\/",
      "note":"60 Amazing weight loss transformations that will make your jaw drop! #weightlosstransformation #weightloss",
      "color":"#92728e",
      "link":"https:\/\/www.pinterest.com\/r\/pin\/485051822345958789\/4779055074072594921\/2e22b6c12708de78e65d22eaf8e27cc185c5db88536bf29890ca7458dfc46410",
      "board":{
        "url":"https:\/\/www.pinterest.com\/rhall101511\/before-and-after-weightloss-motivation\/",
        "id":"485051891055621099",
        "name":"Before and After Weightloss Motivation"
      },
      "image":{
        "original":{
          "url":"https:\/\/s-media-cache-ak0.pinimg.com\/originals\/f7\/2c\/ff\/f72cffb13367c1edde2c36b6b4d09489.jpg",
          "width":736,
          "height":736
        }
      },
      "counts":{
        "likes":1,
        "comments":0,
        "repins":2
      },
      "id":"485051822345958789",
      "metadata":{
      }
    },
    {
      "attribution":null,
      "creator":{
        "url":"https:\/\/www.pinterest.com\/rhall101511\/",
        "first_name":"Reatha",
        "last_name":"Dake Hall",
        "id":"485051959775075104"
      },
      "url":"https:\/\/www.pinterest.com\/pin\/485051822345958782\/",
      "media":{
        "type":"image"
      },
      "created_at":"2015-10-09T15:09:15",
      "original_link":"http:\/\/realweightlossprogramsforwomen.blogspot.com\/",
      "note":"Amazing before and after transformation-The right diet and weight lose programs which design only for women\/girl, see how she can make it.",
      "color":"#110808",
      "link":"https:\/\/www.pinterest.com\/r\/pin\/485051822345958782\/4779055074072594921\/4998ed6de8d80218361e5a9f10950df81b03e7f82a4a03eeca5b19b357e91dc9",
      "board":{
        "url":"https:\/\/www.pinterest.com\/rhall101511\/before-and-after-weightloss-motivation\/",
        "id":"485051891055621099",
        "name":"Before and After Weightloss Motivation"
      },
      "image":{
        "original":{
          "url":"https:\/\/s-media-cache-ak0.pinimg.com\/originals\/af\/e0\/1b\/afe01b1b3bd5e576a6a365195ec1fde0.jpg",
          "width":640,
          "height":1136
        }
      },
      "counts":{
        "likes":0,
        "comments":0,
        "repins":4
      },
      "id":"485051822345958782",
      "metadata":{
      }
    }
  ],
  "page":{
    "cursor":"LT40ODUwNTE4MjIzNDU5NTg3ODI6OTd8MThiNDk0ZjMyOThlMzM4NjViMDQ0ZjI5ZWIwZmJkNjJhNjNiZjdkYTQ4ODk3MDBiYWE1MTdmMTI0N2NiNzk4Yg==",
    "next":"https:\/\/api.pinterest.com\/v1\/boards\/rhall101511\/before-and-after-weightloss-motivation\/pins\/?access_token=AZlZE-HOK-Y4205yRft75KyYVaauFCBIs8jxSxdCtrJcomAqbQAAAAA&fields=id%2Clink%2Cnote%2Curl%2Cattribution%2Cmedia%2Cmetadata%2Cboard%2Ccolor%2Ccounts%2Ccreated_at%2Ccreator%2Cimage%2Coriginal_link&cursor=LT40ODUwNTE4MjIzNDU5NTg3ODI6OTd8MThiNDk0ZjMyOThlMzM4NjViMDQ0ZjI5ZWIwZmJkNjJhNjNiZjdkYTQ4ODk3MDBiYWE1MTdmMTI0N2NiNzk4Yg%3D%3D"
  }
}
